"adjid","item1","quantity1","supplier1","item1_unitprice","item1_total","supplier1_quotation_date","supplier1_quotation","supplier2","supplier2_unitprice1","supplier2_total1","supplier2_quotation_date","supplier2_quotation","supplier3","supplier3_unitprice1","supplier3_total1","supplier3_quotation_date","supplier3_quotation","description","specifications","award1","pr_number","date_created","section_code","remarks","direct_purchase1","direct_purchase2","direct_purchase3","direct_purchase4","direct_purchase5","direct_purchase6","direct_purchase7","direct_purchase8","direct_purchase9","direct_purchase10","service_type","ace","ace_spec","proc_ref","region"
"D2111158","5MB Powertel WAN link","1","Powertel","172625.01","172625.01","2021-11-12",,,"0","0","0000-00-00",,,"0","0","0000-00-00",,"Upgrade of BE Server WAN link from 512KB to 5MB
NB: This is an upgrade to existing infrastructure from PowerTel hence its the sole service provider",,"Powertel","10220750","2021-11-15 08:07:53","527001",,"direct_purchases/ZETDC WAYNE ST INTERNET UPGRADE 512Kbps -5 MBPS.pdf",,,,,,,,,,"Direct Purchase",,,"acc473320","harare"
"D21111619","2 course meal , desert drinks and water","100","Golden Conifer","400000.00","40000000.00","2021-11-16","imgs/",,"0","0","0000-00-00","imgs/",,"0","0","0000-00-00","imgs/"," Long Service awards function on 30 November","specs/","Golden Conifer","10220924","2021-11-16 10:50:34","523001",,"direct_purchases/Golden Conifer 30 Nov.pdf",,,,,,,,,,"Direct Purchase",,,"acc473630","harare"
"D21111637","zlg purified water","2","zlg","2100.00","4200.00","2021-11-12","imgs/",,"0","0","0000-00-00","imgs/",,"0","0","0000-00-00","imgs/"," Mineral water for function room water dispensers ","specs/","zlg","10221004","2021-11-16 13:53:29","523001",,"direct_purchases/scan0023.pdf",,,,,,,,,,"Direct Purchase",,,"acc473620","harare"
"D21111657","Accomodation for 3 Mutare ZESA employees","3","Bronte Hotel","439591.00","1318773.00","2021-11-15",,,"0","0","0000-00-00",,,"0","0","0000-00-00",,"Cable Fault Location",,"Bronte Hotel","10220885","2021-11-16 07:09:32","523001",,"direct_purchases/- Bronte Hotel - Copy.pdf","direct_purchases/- Bronte Hotel.pdf",,,,,,,,,"Direct Purchase",,,"acc473620","harare"
"D21111661","Hire of decorated venue, food and drinks for 100 p","1","Golden Conifer","520000.00","520000.00","2021-11-15","imgs/",,"0","0","0000-00-00","imgs/",,"0","0","0000-00-00","imgs/"," Long Service Awards Function at Golden Conifer","specs/","Golden Conifer","10220876","2021-11-16 06:41:45","523001",,"direct_purchases/Golden confer 2.pdf",,,,,,,,,,"Direct Purchase",,,"acc473630","harare"
"D21111682","2 course meal , desert drinks and water","100","Golden Conifer","400000.00","40000000.00","2021-11-16","imgs/",,"0","0","0000-00-00","imgs/",,"0","0","0000-00-00","imgs/"," Long Service awards function","specs/","Golden Conifer","10220925","2021-11-16 10:46:53","523001",,"direct_purchases/Golden Conifer 7 Dec venue.pdf",,,,,,,,,,"Direct Purchase",,,"acc473630","harare"
"D21111687","Hiring of venue and PA System","1","Golden Conifer","222000.00","22200000.00","2021-11-16","imgs/",,"0","0","0000-00-00","imgs/",,"0","0","0000-00-00","imgs/"," Long Service and Awards function on 7 December 2021","specs/","Golden Conifer","10220928","2021-11-16 10:58:58","523001",,"direct_purchases/1637060338Golden Conifer 7 Dec venue.pdf",,,,,,,,,,"Direct Purchase",,,"acc473630","harare"
"D21111688","Hiring of venue and PA System","100","Golden Conifer","222000.00","22200000.00","2021-11-16","imgs/",,"0","0","0000-00-00","imgs/",,"0","0","0000-00-00","imgs/"," Venue and PA System for Long Service awards","specs/","Golden Conifer","10220926","2021-11-16 10:56:11","523001",,"direct_purchases/Golden Conifer 30 Nov Venue.pdf",,,,,,,,,,"Direct Purchase",,,"acc473630","harare"
"D21111879","CCNA Training for 9 I. T. personnel","9","TelOne","29616.67","266550.03","2021-11-12",,,"0","0","0000-00-00",,,"0","0","0000-00-00",,"CCNA Training for 9 I. T. personnel",,"TelOne","10221035","2021-11-18 14:26:46","527001",,"direct_purchases/ZETDC Quote 1.pdf",,,,,,,,,,"Direct Purchase",,,"acc473660","harare"
"D21111938","CCNA Training for 9 I. T. personnel to be done at","9","TelOne","29616.67","266550.03","2021-11-12",,,"0","0","0000-00-00",,,"0","0","0000-00-00",,"CCNA Training for 9 I. T. personnel
NB: Sole supplier of the tailored service",,"TelOne","10221035","2021-11-19 06:42:10","527001",,"direct_purchases/ZETDC Quote 2.pdf",,,,,,,,,,"Direct Purchase",,,"acc473660","harare"
"D21112623","Orange pulp minute maid","24","Pick and Pay","104.99","2519.76","2021-11-26","imgs/",,"0","0","0000-00-00","imgs/",,"0","0","0000-00-00","imgs/"," Tea and refreshments provisions ","specs/","Pick and Pay","10221701","2021-11-26 10:38:49","524401",,"direct_purchases/TM provisions.pdf",,,,,,,,,,"Direct Purchase",,,"acc473700","harare"
"D21112957","ASSORTED SOFT DRINKS 330ML CASE","55","DELTA BEVERAGES","1840.00","101200.00","2021-11-22","imgs/",,"0","0","0000-00-00","imgs/",,"0","0","0000-00-00","imgs/"," SOFT DRINKS FOR LONG SERVICE FUNCTION NUMBER SIX AND EIGHT FOR 20/21","specs/","DELTA BEVERAGES","10221310","2021-11-29 08:11:09","524401",,"direct_purchases/DELTA  BEVERAGES-SOFT DRINKS.pdf",,,,,,,,,,"Direct Purchase",,,"acc473630","harare"
"D21112992","ASSORTED BEERS FOR LONG SERVICE FUNCTION","55","DELTA BEVERAGES","2847.00","156585.00","2021-11-29","imgs/",,"0","0","0000-00-00","imgs/",,"0","0","0000-00-00","imgs/"," ASSORTED BEERS FOR LONG SERVICE FUNCTION NUMBER SIX & EIGHT FOR 20/21
","specs/","DELTA BEVERAGES","10221738","2021-11-29 08:18:08","524401",,"direct_purchases/DELTA- BEERS.pdf",,,,,,,,,,"Direct Purchase",,,"acc473630","harare"
"D2112016","B/Pens Technic Black","50","First Pack","39.01","1950.50","2021-12-01","imgs/",,"0","0","0000-00-00","imgs/",,"0","0","0000-00-00","imgs/"," Procurement Office Stationery","specs/","First Pack","10221407","2021-12-01 07:36:39","524401",,"direct_purchases/STATIONERY OCT 2021.xlsx",,,,,,,,,,"Direct Purchase",,,"acc466605","harare"
"D21121023","WRAPS, REGULAR CHIPS & DELTA CANS","28","MAMBOS CHICKEN","1400.00","39200.00","2021-12-07","imgs/",,"0","0","0000-00-00","imgs/",,"0","0","0000-00-00","imgs/"," LUNCH MEALS FOR FIRST AID TRAINING GROUP 1 DAY 2","specs/","MAMBOS CHICKEN","10222308","2021-12-10 06:51:23","523001",,"direct_purchases/1639119083PRAZ MAMBOS CHICKEN.pdf",,,,,,,,,,"Direct Purchase",,,"acc473700","harare"
"D21121026","Queen Meals and Delta Drinks","15","Mambos Chicken","800.00","12000.00","2021-12-08","imgs/",,"0","0","0000-00-00","imgs/",,"0","0","0000-00-00","imgs/"," To supply lunch for training for IT Staff","specs/","Mambos Chicken","PR10222347","2021-12-10 08:59:28","523001",,"direct_purchases/Scan0006 Mambos 8 December.pdf",,,,,,,,,,"Direct Purchase",,,"acc473660","harare"
"D21121029","QUEEN MEALS & DELTA CANS","30","MAMBOS CHICKEN","1000.00","30000.00","2021-12-08","imgs/",,"0","0","0000-00-00","imgs/",,"0","0","0000-00-00","imgs/"," LUNCH MEALS FOR FIRST AID TRAINING- GROUP 1 DAY 3","specs/","MAMBOS CHICKEN","10222309","2021-12-10 06:44:53","523001",,"direct_purchases/PRAZ MAMBOS CHICKEN.pdf",,,,,,,,,,"Direct Purchase",,,"acc473700","harare"
"D21121060","Snacks and mocktails","200","Golden Conifer","800.00","160000.00","2021-12-07","imgs/",,"0","0","0000-00-00","imgs/",,"0","0","0000-00-00","imgs/"," Supply snacks and mocktails for Long service Awards","specs/","Golden Conifer","10222350","2021-12-10 08:54:54","523001",,"direct_purchases/Scan000 Golden Conifer snacks.pdf",,,,,,,,,,"Direct Purchase",,,"acc473630","harare"
"D21121080","QUEEN MEALS & DELTA CANS","35","MAMBOS CHICKEN","1000.00","30000.00","2021-12-09","imgs/",,"0","0","0000-00-00","imgs/",,"0","0","0000-00-00","imgs/"," LUNCH MEALS FOR FIRST AID TRAINING GROUP 1 DAY 4","specs/","MAMBOS CHICKEN","10222315","2021-12-10 06:48:29","523001",,"direct_purchases/1639118909PRAZ MAMBOS CHICKEN.pdf",,,,,,,,,,"Direct Purchase",,,"acc473700","harare"
"D2112109","1/4 chicken and chips plus drink","15","Mambos Chicken","1200.00","18000.00","2021-12-07","imgs/",,"0","0","0000-00-00","imgs/",,"0","0","0000-00-00","imgs/"," To purchase lunch for training for IT Staff","specs/","Mambos Chicken","10222345","2021-12-10 09:34:11","523001",,"direct_purchases/Scan0001 Mambos 9 December.pdf",,,,,,,,,,"Direct Purchase",,,"acc473660","harare"
"D21122319","FACE MASKS (BOXES)","26","TOPCARE PHARMACY","600.00","15600.00","2021-12-16","imgs/",,"0","0","0000-00-00","imgs/",,"0","0","0000-00-00","imgs/"," COVID PROVISIONS FOR COVID 19 CASES- REF ORDER 4500222879","specs/","TOPCARE PHARMACY","10222526","2021-12-23 07:52:00","523001",,"direct_purchases/1640245920certificate (3).pdf","direct_purchases/1640245920scan0031.pdf","direct_purchases/1640245920TAX CLEARANCE (1).pdf",,,,,,,,"Direct Purchase",,,"acc473640","harare"
"D2112234","fit cluster & calibrate for isuzu kb250","1","High  Profile Motors","172840.00","172840.00","2021-12-16",,,"0","0","0000-00-00",,,"0","0","0000-00-00",,"supply & fit cluster & calibrate isuzu kb250 d hr5074 aba 8352",,"High  Profile Motors","10218767","2021-12-23 08:43:16","524202",,"direct_purchases/IMG_20211223_102938_335.jpg",,,,,,,,,,"Direct Purchase",,,"acc466607","harare"
"D21122343","top over for isuzu kb240","1","High  Profile Motors","260000.00","260000.00","2021-12-16","imgs/",,"0","0","0000-00-00","imgs/",,"0","0","0000-00-00","imgs/"," carry out top overhaul  isuzu kb240 hr5243 adl 3498  (chit)","specs/","High  Profile Motors","10222528","2021-12-23 08:25:37","524202",,"direct_purchases/IMG_20211223_094419_645.jpg",,,,,,,,,,"Direct Purchase",,,"acc466607","harare"
"D21122351","LATEX GLOVES (BOXES)","3","TOPCARE PHARMACY","3000.00","9000.00","2021-12-16","imgs/",,"0","0","0000-00-00","imgs/",,"0","0","0000-00-00","imgs/"," COVID PROVISIONS FOR COVID PATIENTS","specs/","TOPCARE PHARMACY","10222595","2021-12-23 07:39:42","523001",,"direct_purchases/certificate (3).pdf","direct_purchases/scan0031.pdf","direct_purchases/TAX CLEARANCE (1).pdf",,,,,,,,"Direct Purchase",,,"acc473640","harare"
"D21122948","refuse collection","1","clean city","8559.75","8559.75","2021-12-29","imgs/",,"0","0","0000-00-00","imgs/",,"0","0","0000-00-00","imgs/"," general waste collection at Wynne street ","specs/","clean city","10222779","2021-12-29 09:20:14","523001",,"direct_purchases/1640769614scan0002.pdf",,,,,,,,,,"Direct Purchase",,,"acc473620","harare"
"D21122956","daily news ","5","Daily news","79475.98","397379.90","2021-12-29","imgs/",,"0","0","0000-00-00","imgs/",,"0","0","0000-00-00","imgs/"," Daily news for rmt 3 months subs","specs/","Daily news","10222661","2021-12-29 09:16:17","523001",,"direct_purchases/scan0002.pdf",,,,,,,,,,"Direct Purchase",,,"acc473810","harare"
"D21123011","Rent ","1","Guest and Tanner","2499410.00","2499410.00","2021-12-30","imgs/",,"0","0","0000-00-00","imgs/",,"0","0","0000-00-00","imgs/"," Rent Ruwa Depot","specs/","Guest and Tanner","10222811","2021-12-30 07:43:20","523001",,"direct_purchases/scan0008.pdf",,,,,,,,,,"Direct Purchase",,,"acc474010","harare"
"D21123013","Rent ","1","Crusader","125000.00","125000.00","2021-12-30","imgs/",,"0","0","0000-00-00","imgs/",,"0","0","0000-00-00","imgs/"," Rent for Tachiona Network Development Engineer","specs/","Crusader","10222806","2021-12-30 07:47:03","523001",,"direct_purchases/scan0006.pdf",,,,,,,,,,"Direct Purchase",,,"acc474010","harare"
"D21123025","Rent ","1","Stohill","108000.00","108000.00","2021-12-30","imgs/",,"0","0","0000-00-00","imgs/",,"0","0","0000-00-00","imgs/"," Rent for Hwami Kuwadzana Depot","specs/","Stohill","10222807","2021-12-30 07:45:01","523001",,"direct_purchases/scan0007.pdf",,,,,,,,,,"Direct Purchase",,,"acc474010","harare"
"D21123032","Rent ","1","Guest and Tanner","543300.00","543300.00","2021-12-30","imgs/",,"0","0","0000-00-00","imgs/",,"0","0","0000-00-00","imgs/"," Rent to Guest and tanner Mbavarira","specs/","Guest and Tanner","10222810","2021-12-30 07:34:15","523001",,"direct_purchases/scan0013.pdf",,,,,,,,,,"Direct Purchase",,,"acc474015","harare"
"D2112305","Rent ","1","Sandevan","55664.25","55664.25","2021-12-30","imgs/",,"0","0","0000-00-00","imgs/",,"0","0","0000-00-00","imgs/"," Rent for Makove E Warren park depot","specs/","Sandevan","10222815","2021-12-30 07:36:36","523001",,"direct_purchases/scan0011.pdf",,,,,,,,,,"Direct Purchase",,,"acc474015","harare"
"D21123062","Rent ","1","Rodbel","45000.00","45000.00","2021-12-30","imgs/",,"0","0","0000-00-00","imgs/",,"0","0","0000-00-00","imgs/"," Rent Maindidze Waterfall depot","specs/","Rodbel","10222813","2021-12-30 07:41:39","523001",,"direct_purchases/scan0009.pdf",,,,,,,,,,"Direct Purchase",,,"acc474010","harare"
"D21123065","Rent ","1","JJ maintenance","721500.00","721500.00","2021-12-30","imgs/",,"0","0","0000-00-00","imgs/",,"0","0","0000-00-00","imgs/"," Rent for Mwale Glen view depot","specs/","JJ maintenance","10222808","2021-12-30 07:52:16","523001",,"direct_purchases/scan0005.pdf",,,,,,,,,,"Direct Purchase",,,"acc474010","harare"
"D21123087","Adsl bundle","1","Telone","21484.74","21484.74","2021-12-30","imgs/",,"0","0","0000-00-00","imgs/",,"0","0","0000-00-00","imgs/"," Adsl bundle","specs/","Telone","10222780","2021-12-30 07:39:59","523001",,"direct_purchases/scan0010.pdf",,,,,,,,,,"Direct Purchase",,,"acc473330","harare"
"D21123192","Initial Consultation for Deliwe Museba","1","Pioneering Health Group-DR Ncube","16000.00","16000.00","2021-12-15","imgs/",,"0","0","0000-00-00","imgs/",,"0","0","0000-00-00","imgs/"," Consultation for Deliwe Museba","specs/","Pioneering Health Group-DR Ncube","10222879","2021-12-31 07:22:18","523001",,"direct_purchases/scan (3).pdf",,,,,,,,,,"Direct Purchase",,,"acc473640","harare"
"D22010692","Dstv ","1","MULTICHOICE","2268000.00","2268000.00","2022-01-04","imgs/",,"0","0","0000-00-00","imgs/",,"0","0","0000-00-00","imgs/"," satelite dish fix and supply for GM,EM & GM SEC","specs/","MULTICHOICE","10223222","2022-01-06 15:04:30","523001",,"direct_purchases/1641481470scan0013.pdf",,,,,,,,,,"Direct Purchase",,,"acc473620","harare"
"D22011056","Dstv ","1","MULTICHOICE","22680.00","22680.00","2022-01-10","imgs/",,"0","0","0000-00-00","imgs/",,"0","0","0000-00-00","imgs/"," Dstv decorder and accessories for GM,EM and GM Sec","specs/","MULTICHOICE","10223222","2022-01-10 10:31:57","523001",,"direct_purchases/1641810717scan0013.pdf",,,,,,,,,,"Direct Purchase",,,"acc473750","harare"
"D22011110","Table cloths for function room","36","National Carpets and Curtains","3500.00","126000.00","2021-02-11","imgs/",,"0","0","0000-00-00","imgs/",,"0","0","0000-00-00","imgs/"," Supply and sew of 36 table cloths","specs/","National Carpets and Curtains","10223319","2022-01-11 06:45:43","523001",,"direct_purchases/National Carpets.pdf",,,,,,,,,,"Direct Purchase",,,"acc473620","harare"
"D22011122","Fit cluster and calibrate","1","High-Profile","172840.00","172840.00","2022-01-11","imgs/",,"0","0","0000-00-00","imgs/",,"0","0","0000-00-00","imgs/","Fit cluster and calibrate for Isuzu KB250 F/n Hr 5074 Reg no ABA 8352.(AutoWorld) have nothing in Stock)  
 

","specs/","High-Profile","10218767","2022-01-11 10:23:02","524202",,"direct_purchases/cluster.jpg",,,,,,,,,,"Direct Purchase",,,"acc473930","harare"
"D22011143","Top overhaul","1","High-Profile","260000.00","260000.00","2022-01-11",,,"0","0","0000-00-00",,,"0","0","0000-00-00",,"Carry out top overhaul on Isuzu KB240 F/n Hr 5243 Reg NO adl 3498 for  Seke depot ((autoworld have nothing in stock)",,"High-Profile","10222528","2022-01-11 10:36:01","524202",,"direct_purchases/1641897361IMG_20211223_094419_645.jpg",,,,,,,,,,"Direct Purchase",,,"acc473930","harare"
"D22011294","CLUTCH SERVO","1","AM Bus and Truck Accessories","23674.20","23674.20","2022-01-12",,,"0","0","0000-00-00",,,"0","0","0000-00-00",,"Clutch servo for Daf AVM CRANE F/n 2604

(FROM SOLE SUPPLIER)",,"AM Bus and Truck Accessories","10223373","2022-01-12 13:08:46","524202",,"direct_purchases/clutch servo.jpg",,,,,,,,,,"Direct Purchase",,,"acc466607","harare"
"D22011452","Rent ","1","higher dimension","60000.00","60000.00","2022-01-14","imgs/",,"0","0","0000-00-00","imgs/",,"0","0","0000-00-00","imgs/"," Rent for Njenda Southerton depot","specs/","higher dimension","10222812","2022-01-14 08:01:23","523001",,"direct_purchases/scan0017.pdf",,,,,,,,,,"Direct Purchase",,,"acc474015","harare"
"D22011474","Rent ","1","Zoomway","60000.00","60000.00","2022-01-14","imgs/",,"0","0","0000-00-00","imgs/",,"0","0","0000-00-00","imgs/"," rent for Satande depot foreman borrowdale","specs/","Zoomway","10222809","2022-01-14 07:59:51","523001",,"direct_purchases/scan0018.pdf",,,,,,,,,,"Direct Purchase",,,"acc474015","harare"
"D2201149","carry out service","1","Powerstar Zim(IEG)","467504.45","467504.45","2022-01-14",,,"0","0","0000-00-00",,,"0","0","0000-00-00",,"Carry out service on Crane F/n Hr 5284 Powerstar as per quotation numbered Job01056 dated 12/01/2022
(crane truck on warranty)",,"Powerstar Zim(IEG)","10223645","2022-01-14 05:41:58","524202",,"direct_purchases/Fw ZETDC Harare Service and repairs quotation.msg",,,,,,,,,,"Direct Purchase",,,"acc466607","harare"
"D22011944","COVID 19 PCR TESTS (THIRD YEAR APPYS)","10","LORDSLAND MEDICAL LABORATORIES","6000.00","60000.00","2022-01-19","imgs/",,"0","0","0000-00-00","imgs/",,"0","0","0000-00-00","imgs/"," COVID TESTS FOR THIRD YEAR APPYS","specs/","LORDSLAND MEDICAL LABORATORIES","10223933","2022-01-19 08:47:38","523001",,"direct_purchases/ZETDC HARARE QUOTATION FOR PCR TESTS.pdf","direct_purchases/scancovid.pdf",,,,,,,,,"Direct Purchase",,,"acc473640","harare"
"D22011958","Review Consultation for C. Mbovora (Injured on dut","1","GREENWOOD PARK EYE CENTRE","14000.00","14000.00","2022-01-07","imgs/",,"0","0","0000-00-00","imgs/",,"0","0","0000-00-00","imgs/"," Review Consultation for C. Mbovora","specs/","GREENWOOD PARK EYE CENTRE","10223862","2022-01-19 08:30:35","523001",,"direct_purchases/scan0041.pdf",,,,,,,,,,"Direct Purchase",,,"acc473640","harare"
"D22011983","Review Consultation for C. Mbovora (Injured on dut","1","GREENWOOD PARK EYE CENTRE","14000.00","14000.00","2022-01-15","imgs/",,"0","0","0000-00-00","imgs/",,"0","0","0000-00-00","imgs/"," Review Consultation ","specs/","GREENWOOD PARK EYE CENTRE","10223862","2022-01-19 07:09:32","523001",,"direct_purchases/Invoice.pdf",,,,,,,,,,"Direct Purchase",,,"acc473640","harare"
"D2201205","Sanitary services for January 2022","1","CLEARDEAN PROPERTY CLEANERS","77970.31","77970.31","2022-01-18","imgs/",,"0","0","0000-00-00","imgs/",,"0","0","0000-00-00","imgs/"," Sanitary bins and services for Jan 2022","specs/","CLEARDEAN PROPERTY CLEANERS","10223978","2022-01-20 07:28:12","523001",,"direct_purchases/ZETDC Saniary Service January 2022.xlsx",,,,,,,,,,"Direct Purchase",,,"acc473640","harare"
"D2201207","OSHEMAC 1 TRAINING FEES","2","NSSA","50850.00","101700.00","2022-01-20","imgs/",,"0","0","0000-00-00","imgs/",,"0","0","0000-00-00","imgs/"," OSHEMAC TRAINING FOR F. MASENDEKE AND G.GOHODZI","specs/","NSSA","10223977","2022-01-20 07:41:16","523001",,"direct_purchases/ZETDC Proforma Invoice January 2022.pdf",,,,,,,,,,"Direct Purchase",,,"acc473660","harare"
"D22012511","Rent ","1","higher dimension","60000.00","60000.00","2022-01-25","imgs/",,"0","0","0000-00-00","imgs/",,"0","0","0000-00-00","imgs/"," rent for Hwami Southerton depot","specs/","higher dimension","10224318","2022-01-25 12:13:13","523001",,"direct_purchases/1643112793scan0053.pdf",,,,,,,,,,"Direct Purchase",,,"acc474010","harare"
"D22012518","Rent ","1","Guest and Tanner","57260.00","57260.00","2022-01-25","imgs/",,"0","0","0000-00-00","imgs/",,"0","0","0000-00-00","imgs/"," Rent for DM East Mbavarira","specs/","Guest and Tanner","10224328","2022-01-25 12:07:07","523001",,"direct_purchases/scan0050.pdf",,,,,,,,,,"Direct Purchase",,,"acc474010","harare"
"D22012525","Rent ","1","Stohill","10800.00","10800.00","2022-01-25","imgs/",,"0","0","0000-00-00","imgs/",,"0","0","0000-00-00","imgs/"," rent for Hwami Kuwadzana Depot","specs/","Stohill","10224313","2022-01-25 12:08:46","523001",,"direct_purchases/scan0051.pdf",,,,,,,,,,"Direct Purchase",,,"acc474010","harare"
"D22012543","Rent ","1","Sandevan","72800.00","72800.00","2022-01-25","imgs/",,"0","0","0000-00-00","imgs/",,"0","0","0000-00-00","imgs/"," rent for Makove Warren park ","specs/","Sandevan","10224319","2022-01-25 12:15:04","523001",,"direct_purchases/scan0054.pdf",,,,,,,,,,"Direct Purchase",,,"acc474010","harare"
"D22012544","Rent Ruwa Depot","1","Guest and Tanner","263396.00","263396.00","2022-01-25","imgs/",,"0","0","0000-00-00","imgs/",,"0","0","0000-00-00","imgs/"," rent for Ruwa depot","specs/","Guest and Tanner","10224332","2022-01-25 12:05:23","523001",,"direct_purchases/scan0049.pdf",,,,,,,,,,"Direct Purchase",,,"acc474015","harare"
"D22012545","Rent ","1","Rodbel","55500.00","55500.00","2022-01-25","imgs/",,"0","0","0000-00-00","imgs/",,"0","0","0000-00-00","imgs/"," rent for Maindidze Waterfalls","specs/","Rodbel","10224323","2022-01-25 12:16:29","523001",,"direct_purchases/scan0055.pdf",,,,,,,,,,"Direct Purchase",,,"acc474010","harare"
"D22012568","Rent ","1","Crusader","180000.00","180000.00","2022-01-25","imgs/",,"0","0","0000-00-00","imgs/",,"0","0","0000-00-00","imgs/"," rent for Tachina NDE Manager","specs/","Crusader","10224325","2022-01-25 12:18:46","523001",,"direct_purchases/1643113126scan0056.pdf",,,,,,,,,,"Direct Purchase",,,"acc474010","harare"
"D2201257","Removal Plate & screw radius-Deliwe Museba","1","Surgical Accounts-Pioneering Health Group","329000.00","329000.00","2022-01-24","imgs/",,"0","0","0000-00-00","imgs/",,"0","0","0000-00-00","imgs/"," Removal Plate and screw operation for Deliwe Museba","specs/","Surgical Accounts-Pioneering Health Group","10224359","2022-01-25 14:05:36","523001",,"direct_purchases/1643119536D Museba - surgeon asst, anaes.pdf",,,,,,,,,,"Direct Purchase",,,"acc473640","harare"
"D22012571","refuse collection","1","clean city","8559.75","8559.75","2022-01-25","imgs/",,"0","0","0000-00-00","imgs/",,"0","0","0000-00-00","imgs/"," Refuse collection at Wynne street ","specs/","clean city","10224343","2022-01-25 12:00:26","523001",,"direct_purchases/scan0048.pdf",,,,,,,,,,"Direct Purchase",,,"acc474020","harare"
"D22012585","Rent ","1","Zoomway","120000.00","120000.00","2022-01-25","imgs/",,"0","0","0000-00-00","imgs/",,"0","0","0000-00-00","imgs/"," rent for Satande Borrowdale depot","specs/","Zoomway","10224315","2022-01-25 12:10:28","523001",,"direct_purchases/scan0052.pdf",,,,,,,,,,"Direct Purchase",,,"acc474010","harare"
"D22020253","PCR Test","1","GO Path lab","5500.00","5500.00","2022-01-31","imgs/",,"0","0","0000-00-00","imgs/",,"0","0","0000-00-00","imgs/"," PCR test for Deliwe Museba prior to hospital admission","specs/","GO Path lab","10224847","2022-02-02 12:54:24","523001",,"direct_purchases/GOPATH - GM002-2021 (1).pdf","direct_purchases/Document 119.pdf",,,,,,,,,"Direct Purchase",,,"acc473640","harare"
"D22020256","durawall panels and posts for Waterfalls depot par","1","zesa enterprises","94336.62","94336.62","2022-02-02","imgs/",,"0","0","0000-00-00","imgs/",,"0","0","0000-00-00","imgs/"," durawall panels and posts for Waterfalls depot parktown","specs/","zesa enterprises","10223859","2022-02-02 08:49:09","523001",,"direct_purchases/scan0061.pdf",,,,,,,,,,"Direct Purchase",,,"acc475005","harare"
"D22020329","Printer Catridges ","9","First Pack","476815.00","4291335.00","2022-02-03","imgs/",,"0","0","0000-00-00","imgs/",,"0","0","0000-00-00","imgs/"," Purchase of printer catridges for the HRAM and the HRAM's Secretary","specs/","First Pack","10224988","2022-02-03 14:15:52","523001",,"direct_purchases/Scan0010 FIRST PACK.pdf",,,,,,,,,,"Direct Purchase",,,"acc473000","harare"
"D22020352","Teas, refreshments and other provisions (Preferred","1","TM PICK N PAY","128471.00","128471.00","2022-02-03","imgs/","OK THIRD STREET","0","0","0000-00-00","imgs/","FOOD WORLD","0","0","0000-00-00","imgs/"," Purchase of teas, refreshments and stationery for First Aid training","specs/","TM PICK N PAY","10224980","2022-02-03 14:09:22","523001",,"direct_purchases/scan0057.pdf",,,,,,,,,,"Direct Purchase",,,"acc473700","harare"
"D22020415","Ambulance service for Godwin Mapurisa","1","Ambulance Care and Evacuation","15400.00","15400.00","2022-02-03","imgs/",,"0","0","0000-00-00","imgs/",,"0","0","0000-00-00","imgs/"," Ambulance services for Godwin Mapurisa","specs/","Ambulance Care and Evacuation","10225026","2022-02-04 10:40:58","523001",,"direct_purchases/godwin mapurisa (1).xlsx",,,,,,,,,,"Direct Purchase",,,"acc473700","harare"
"D22020434","TRENCHING","80","NIRA & SONS","3.00","240.00","2022-02-04","imgs/",,"0","0","0000-00-00","imgs/",,"0","0","0000-00-00","imgs/"," TRENCHING CB 49 FOURTH STREET 80M","specs/","NIRA & SONS","10224161","2022-02-04 13:32:37","524702",,"direct_purchases/NHIRA & SONS TRENCHING QUOTATION.pdf",,,,,,,,,,"Direct Purchase",,,"acc473620","harare"
"D22020489","Lunch meals for First aid training (5 DAYS-50 Part","1","Mambos Chicken","455400.00","455400.00","2022-02-03","imgs/",,"0","0","0000-00-00","imgs/",,"0","0","0000-00-00","imgs/"," Lunch meals for First Aid training","specs/","Mambos Chicken","10225031","2022-02-04 10:38:55","523001",,"direct_purchases/Quotation for Lunches Mambos ZETDC 03 Feb 2022.pdf",,,,,,,,,,"Direct Purchase",,,"acc473700","harare"
"D22020747","newspapers Newsday","1","alpha media","1.00","1.00","2022-02-07","imgs/",,"0","0","0000-00-00","imgs/",,"0","0","0000-00-00","imgs/"," Payment of newspaper subs for RMT Members ","specs/","alpha media","10225124","2022-02-07 13:07:06","523001",,"direct_purchases/scan0088.pdf",,,,,,,,,,"Direct Purchase",,,"acc473810","harare"
"D22020749","newspapers The Standard","1","alpha media","1.00","1.00","2022-02-07","imgs/",,"0","0","0000-00-00","imgs/",,"0","0","0000-00-00","imgs/"," payment of newspaper subs for RMT members","specs/","alpha media","10225122","2022-02-07 13:05:03","523001",,"direct_purchases/scan0089.pdf",,,,,,,,,,"Direct Purchase",,,"acc473810","harare"
"D22020750","zim independent","1","alpha media","1.00","1.00","2022-02-07","imgs/",,"0","0","0000-00-00","imgs/",,"0","0","0000-00-00","imgs/"," Newspaper subs for RMT members","specs/","alpha media","10225120","2022-02-07 13:03:21","523001",,"direct_purchases/scan0090.pdf",,,,,,,,,,"Direct Purchase",,,"acc473810","harare"
"D22021112","coffee ingredients","1","tsebo servcor","10008960.00","10008960.00","2022-02-11","imgs/",,"0","0","0000-00-00","imgs/",,"0","0","0000-00-00","imgs/"," Coffee ingredients for Wynne street coffee machines","specs/","tsebo servcor","10225490","2022-02-11 14:22:37","523001",,"direct_purchases/ZETDC SAUNGWEME 10.02.22.pdf",,,,,,,,,,"Direct Purchase",,,"acc473690","harare"
"D22021139","SIGNAGE","1","FALCON SIGNAGE SUPPLIES","196534.00","196534.00","2022-02-11","imgs/",,"0","0","0000-00-00","imgs/",,"0","0","0000-00-00","imgs/"," SIGNAGE FOR CBD DEPOT","specs/","FALCON SIGNAGE SUPPLIES","10225473","2022-02-11 14:09:27","524702",,"direct_purchases/FALCON SIGNAGE SUPPLIES DEPOT SIGNAGE.pdf",,,,,,,,,,"Direct Purchase",,,"acc475500","harare"
"D22021556","Security GM Residency","1","Safeguard","2017400.00","2017400.00","2022-02-15","imgs/",,"0","0","0000-00-00","imgs/",,"0","0","0000-00-00","imgs/"," Safaguard security services Dunkeld Residency Feb 2022","specs/","Safeguard","10225657","2022-02-15 13:40:12","523001",,"direct_purchases/ALAINV204153(ALA-EZE016)(Safeguard Alarms Private Limited )(2022-02-01) (1).pdf",,,,,,,,,,"Direct Purchase",,,"acc474030","harare"
"D22022585","Rent ","1","Stohill","120000.00","120000.00","2022-02-25","imgs/",,"0","0","0000-00-00","imgs/",,"0","0","0000-00-00","imgs/"," Payment of rent to Stohill for Hwami K","specs/","Stohill","10226298","2022-02-25 13:11:42","523001",,"direct_purchases/scan0115.pdf",,,,,,,,,,"Direct Purchase",,,"acc474010","harare"
"D22022813","PYTHON PROGRAMMING TRAINING","1","SIRDIC","325000.00","325000.00","2022-02-22","imgs/",,"0","0","0000-00-00","imgs/",,"0","0","0000-00-00","imgs/"," PYTHON / DJANGO TRAINING","specs/","SIRDIC","10226329","2022-02-28 11:07:22","527001",,"direct_purchases/SIRDC INVOICE.pdf",,,,,,,,,,"Direct Purchase",,,"acc473620","harare"
"D22022893","Sanitary services for Feb 2022","1","CLEARDEAN PROPERTY CLEANERS","77970.00","77970.00","2022-02-18","imgs/",,"0","0","0000-00-00","imgs/",,"0","0","0000-00-00","imgs/"," Sanitary Bins and services for Feb 2022","specs/","CLEARDEAN PROPERTY CLEANERS","10226371","2022-02-28 15:02:14","523001",,"direct_purchases/Fiscalised_Invoices.zip",,,,,,,,,,"Direct Purchase",,,"acc473640","harare"
"D22030292","PLAN APPROVAL FEES","1","Chitungwiza Municipality","93317.00","93317.00","2022-02-01","imgs/",,"0","0","0000-00-00","imgs/",,"0","0","0000-00-00","imgs/"," PLAN APPROVAL FEES FOR STAND NUMBER 19637 GARAGE AND STORES MAKONI","specs/","Chitungwiza Municipality","10226467","2022-03-02 09:24:32","524401",,"direct_purchases/PLAN APPROVAL COUNCIL.doc",,,,,,,,,,"Direct Purchase",,,"acc473430","harare"
"D22030440","Herald sunday mail","1","Zimbabwe Newspapers","73710.00","73710.00","2022-03-04","imgs/",,"0","0","0000-00-00","imgs/",,"0","0","0000-00-00","imgs/"," Herald and Sunday mail for Rmt member 3 month Subs","specs/","Zimbabwe Newspapers","10226503","2022-03-04 13:08:48","523001",,"direct_purchases/scan0117.pdf",,,,,,,,,,"Direct Purchase",,,"acc473810","harare"
"D22030496","daily news ","1","Dily news","137903.00","137903.00","2022-03-04","imgs/",,"0","0","0000-00-00","imgs/",,"0","0","0000-00-00","imgs/"," Daily news for Rmt member 3 month Subs","specs/","Dily news","10226504","2022-03-04 13:13:32","523001",,"direct_purchases/1646399612scan0116.pdf",,,,,,,,,,"Direct Purchase",,,"acc473810","harare"
"D22030972","Medical bill for Stephen Mpofu","1","Pioneering Health Group","59400.00","59400.00","2022-03-04","imgs/",,"0","0","0000-00-00","imgs/",,"0","0","0000-00-00","imgs/"," Medical bill for Stephen Mpofu (Injury on duty)","specs/","Pioneering Health Group","10226967","2022-03-09 10:44:41","523001",,"direct_purchases/IMG_20220307_0001.jpg",,,,,,,,,,"Direct Purchase",,,"acc473640","harare"
"D2203102","IPMZ LABOUR TRAINING","1","iNSTITUTE OF PERSONNEL MANAGEMENT","28800.00","28800.00","2022-03-10","imgs/",,"0","0","0000-00-00","imgs/",,"0","0","0000-00-00","imgs/"," IPMZ LABOUR CLASS FOR 2022","specs/","iNSTITUTE OF PERSONNEL MANAGEMENT","10227051","2022-03-10 08:28:33","524401",,"direct_purchases/ipmz labour law.pdf",,,,,,,,,,"Direct Purchase",,,"acc473660","harare"
"D22031413","Adsl bundle","1","Telone","6641250.00","6641250.00","2022-03-14","imgs/",,"0","0","0000-00-00","imgs/",,"0","0","0000-00-00","imgs/"," Adsl bundle for GM,FM & Hr section","specs/","Telone","10227171","2022-03-14 09:15:03","523001",,"direct_purchases/ZETDC UNLIMITED BUNDLES QUOTE (1).pdf",,,,,,,,,,"Direct Purchase",,,"acc473330","harare"
"D2203143","Accommodation for 3 people (NSSA Engineers Worksho","1","Elephant Hills Resort","403200.00","403200.00","2022-03-14","imgs/",,"0","0","0000-00-00","imgs/",,"0","0","0000-00-00","imgs/"," Accommodation for 3 (NSSA Engineers Workshop in Victoria Falls)","specs/","Elephant Hills Resort","10227271","2022-03-14 15:26:08","523001",,"direct_purchases/ZETDC Harare Region EHR Proforma Invoice.pdf",,,,,,,,,,"Direct Purchase",,,"acc473620","harare"
"D22031446","NSSA Engineers Workshop-Conference fees (3 people)","1","NSSA","405000.00","405000.00","2022-03-14","imgs/",,"0","0","0000-00-00","imgs/",,"0","0","0000-00-00","imgs/"," NSSA Engineers Workshop-Conference fees","specs/","NSSA","10227274","2022-03-14 15:17:25","523001",,"direct_purchases/FW__Engineers_Workshop.zip",,,,,,,,,,"Direct Purchase",,,"acc473510","harare"
"D22031467","Under ground water fees","1","Upper Manyame","14987192.00","14987192.00","2022-03-14","imgs/",,"0","0","0000-00-00","imgs/",,"0","0","0000-00-00","imgs/"," Under ground water fees for Makoni, zengeza, wynne st, dunkeld, cbd, mabvuku, warren park and suffolk","specs/","Upper Manyame","10227135","2022-03-14 09:11:33","523001",,"direct_purchases/Zesa invoice.pdf",,,,,,,,,,"Direct Purchase",,,"acc474000","harare"
"D22031471","Accommodation for 3 people (NSSA Engineers Worksho","1",,"0.00","0.00","2022-03-14","imgs/",,"0","0","0000-00-00","imgs/",,"0","0","0000-00-00","imgs/"," Accommodation for 3 (NSSA Engineers Workshop in Victoria Falls)","specs/","Elephant Hills Resort","10227271","2022-03-14 15:26:32","523001",,"direct_purchases/1647271592ZETDC Harare Region EHR Proforma Invoice.pdf",,,,,,,,,,,,,"acc473620","harare"
"D22031484","NSSA Engineers Workshop-Flight fees (3 people)","1","FASTJET","256200.00","256200.00","2022-03-14","imgs/",,"0","0","0000-00-00","imgs/",,"0","0","0000-00-00","imgs/"," Flight fares for 3 people (NSSA Engineers Workshop in Victoria Falls)","specs/","FASTJET","10227275","2022-03-14 15:23:12","523001",,"direct_purchases/scan0101.pdf",,,,,,,,,,"Direct Purchase",,,"acc476300","harare"
"D22031524","NSSA Engineers Workshop-Conference fees (5 people)","5","NSSA","135000.00","675000.00","2022-03-15","imgs/",,"0","0","0000-00-00","imgs/",,"0","0","0000-00-00","imgs/"," NSSA Engineers Workshop-Conference fees","specs/","NSSA","10227334","2022-03-15 11:45:14","523001",,"direct_purchases/1647344714FW__Engineers_Workshop.zip",,,,,,,,,,"Direct Purchase",,,"acc473510","harare"
"D2203156","NSSA Engineers Workshop-Flight fees (5 people)","1","Elephant Hills Resort","673200.00","673200.00","2022-03-15","imgs/",,"0","0","0000-00-00","imgs/",,"0","0","0000-00-00","imgs/"," Accommodation for 5 people (NSSA Engineers workshop)","specs/","Elephant Hills Resort","10227335","2022-03-15 11:43:17","523001",,"direct_purchases/ZETDC Harare Region EHR Proforma Invoice (2).pdf","direct_purchases/African Sun Limited 2022 PRAZ Certificate .pdf",,,,,,,,,"Direct Purchase",,,"acc473620","harare"
"D22031577","everyday Milk","1","servcor Tsepo","4272000.00","4272000.00","2022-03-15","imgs/",,"0","0","0000-00-00","imgs/",,"0","0","0000-00-00","imgs/"," Coffee machine everyday milk 400g","specs/","servcor Tsepo","10227300","2022-03-15 08:53:43","523001",,"direct_purchases/Scan0035 (1).pdf",,,,,,,,,,"Direct Purchase",,,"acc473690","harare"
"D2203158","FLIGHT FARES TO VICTORIA FALLS (INCL RETURN)","1","FASTJET","450501.00","450501.00","2022-03-15","imgs/",,"0","0","0000-00-00","imgs/",,"0","0","0000-00-00","imgs/"," Flight fares (Harare to Victoria Falls and Return)","specs/","FASTJET","10227333","2022-03-15 11:55:41","523001",,"direct_purchases/1647345341BookingReceipt_B82GU2.pdf","direct_purchases/1647345341Fastjet Zimbabwe -PRAZ Bulk & Cargo 2022.pdf","direct_purchases/1647345341Fastjet Zimbabwe PRAZ- Passenger , Transport and Tour.pdf",,,,,,,,"Direct Purchase",,,"acc476300","harare"
"D22032213","Rent ","1","Stohill","12000000.00","12000000.00","2022-03-22","imgs/",,"0","0","0000-00-00","imgs/",,"0","0","0000-00-00","imgs/"," Hwami April rent 2022","specs/","Stohill","10227853","2022-03-22 15:22:25","523001",,"direct_purchases/IMG_0001 (8).jpg",,,,,,,,,,"Direct Purchase",,,"acc474010","harare"
"D22032215","Rent ","1","Guest and Tanner","6704000.00","6704000.00","2022-03-22","imgs/",,"0","0","0000-00-00","imgs/",,"0","0","0000-00-00","imgs/"," Rent Mbavarira April 2022","specs/","Guest and Tanner","10227848","2022-03-22 15:15:10","523001",,"direct_purchases/ZETDC 2032 WESTGATE APRIL RENT ADVICE NOTE.docx",,,,,,,,,,"Direct Purchase",,,"acc474010","harare"
"D22032238","Rent ","1","Zoomway","12000000.00","12000000.00","2022-03-22","imgs/",,"0","0","0000-00-00","imgs/",,"0","0","0000-00-00","imgs/"," Satande April rent 2022","specs/","Zoomway","10227850","2022-03-22 15:13:50","523001",,"direct_purchases/Zetdc April  invoice_2.pdf",,,,,,,,,,"Direct Purchase",,,"acc474010","harare"
"D22032242","Rent ","1","Sandevan","8040000.00","8040000.00","2022-03-22","imgs/",,"0","0","0000-00-00","imgs/",,"0","0","0000-00-00","imgs/"," Makove April rent 2022","specs/","Sandevan","10227852","2022-03-22 15:08:27","523001",,"direct_purchases/MAKOVE March 2022.docx",,,,,,,,,,"Direct Purchase",,,"acc474010","harare"
"D22032260","Rent ","1","Rodbel","5550000.00","5550000.00","2022-03-22","imgs/",,"0","0","0000-00-00","imgs/",,"0","0","0000-00-00","imgs/"," Maindidze April rent 2022","specs/","Rodbel","10227844","2022-03-22 15:19:12","523001",,"direct_purchases/Tax Invoice - Zetdc - April 2022  - 12 Frederick Booth Ave (1).docx",,,,,,,,,,"Direct Purchase",,,"acc474010","harare"
"D22032268","Rent ","1","higher dimension","6000000.00","6000000.00","2022-03-22","imgs/",,"0","0","0000-00-00","imgs/",,"0","0","0000-00-00","imgs/"," Njenda April Rent 2022","specs/","higher dimension","10227842","2022-03-22 15:20:44","523001",,"direct_purchases/19 Dan Judson  April 20220001.pdf",,,,,,,,,,"Direct Purchase",,,"acc474010","harare"
"D22032274","Rent ","1","Guest and Tanner","30809968.00","30809968.00","2022-03-22","imgs/",,"0","0","0000-00-00","imgs/",,"0","0","0000-00-00","imgs/"," Ruwa Depot April 2022","specs/","Guest and Tanner","10227845","2022-03-22 15:16:34","523001",,"direct_purchases/ZETDC RUWA APRIL RENT.docx",,,,,,,,,,"Direct Purchase",,,"acc474010","harare"
"D22032332","water coupons and refill galloons","100","ZLG","94000.00","9400000.00","2022-03-23","imgs/",,"0","0","0000-00-00","imgs/",,"0","0","0000-00-00","imgs/"," ZLG water coupons and bottles","specs/","ZLG","10227877","2022-03-23 06:50:07","524604",,"direct_purchases/ZLG WATER BOTTLES-PROFOMA.docx",,,,,,,,,,"Direct Purchase",,,"acc473700","harare"
"D22032854","Rent ","1","Crusader","20000000.00","20000000.00","2022-03-28","imgs/",,"0","0","0000-00-00","imgs/",,"0","0","0000-00-00","imgs/"," Rent for Tachiona April 2022","specs/","Crusader","10228197","2022-03-28 11:33:16","523001",,"direct_purchases/scan0125.pdf",,,,,,,,,,"Direct Purchase",,,"acc474010","harare"
"D22032893","Rent ","1","JJ maintenance","8700000.00","8700000.00","2022-03-28","imgs/",,"0","0","0000-00-00","imgs/",,"0","0","0000-00-00","imgs/"," Rent for Mwale April 2022","specs/","JJ maintenance","10228199","2022-03-28 11:34:40","523001",,"direct_purchases/scan0124.pdf",,,,,,,,,,"Direct Purchase",,,"acc474010","harare"
"D22032996","refuse collection","1","clean city","6382069.00","6382069.00","2022-03-29","imgs/",,"0","0","0000-00-00","imgs/",,"0","0","0000-00-00","imgs/"," refuse collection for Wynne street","specs/","clean city","10228242","2022-03-29 07:49:21","523001",,"direct_purchases/scan0126.pdf",,,,,,,,,,"Direct Purchase",,,"acc474020","harare"
"D22040899","Lunch and Beverages","1","Mambos","634716.00","634716.00","2022-04-08","imgs/",,"0","0","0000-00-00","imgs/",,"0","0","0000-00-00","imgs/"," Purchasing of Lunch and Beverages for IPMP Training from 4-8 April  2022
","specs/","Mambos","10228797","2022-04-08 07:25:02","523001",,"direct_purchases/scan0035.pdf",,,,,,,,,,"Direct Purchase",,,"acc473510","harare"
"D22041280","Paint ","20","ASTRA PAINTS","12569.00","251380.00","2022-04-12","imgs/",,"0","0","0000-00-00","imgs/",,"0","0","0000-00-00","imgs/"," PAINT FOR CHITUNGWIZA DISTRICT ","specs/","ASTRA PAINTS","10229037","2022-04-12 13:12:09","524402",,"direct_purchases/scan0315.pdf",,,,,,,,,,"Direct Purchase",,,"acc404110","harare"
"D22041933","daily news ","1","Dily news","204750.00","204750.00","2022-04-19","imgs/",,"0","0","0000-00-00","imgs/",,"0","0","0000-00-00","imgs/"," Newspaper subs for Rmt members Daily news","specs/","Dily news","10229263","2022-04-19 13:43:10","523001",,"direct_purchases/ZETDC (MUTAMBIRWA) APRIL.xls",,,,,,,,,,"Direct Purchase",,,"acc473810","harare"
"D22041934","financial gazette","1","Modus media","60000.00","60000.00","2022-04-19","imgs/",,"0","0","0000-00-00","imgs/",,"0","0","0000-00-00","imgs/"," Financial Gazette for Rmt members","specs/","Modus media","10229260","2022-04-19 13:41:14","523001",,"direct_purchases/FINGAZ SUBS INVOICE - ZETDC WYNNE STREET (2).pdf",,,,,,,,,,"Direct Purchase",,,"acc473810","harare"
"D22041948","Adsl bundle","1","Telone","75900.00","75900.00","2022-04-19","imgs/",,"0","0","0000-00-00","imgs/",,"0","0","0000-00-00","imgs/"," PURCHASING OF ADSL BUNDLE FOR GM, FM, HR","specs/","Telone","10229269","2022-04-19 14:00:27","523001",,"direct_purchases/Quotation.pdf",,,,,,,,,,"Direct Purchase",,,"acc473330","harare"
"D22042015","PCR TEST FOR P. CHATO","1","DILON CURIS","11600.00","11600.00","2022-04-20","imgs/",,"0","0","0000-00-00","imgs/",,"0","0","0000-00-00","imgs/"," COVID 19 PCR TEST FOR P. CHATO","specs/","DILON CURIS","10229314","2022-04-20 14:28:29","523001",,"direct_purchases/Invoice zesa Wayne April 2022.pdf",,,,,,,,,,"Direct Purchase",,,"acc473640","harare"
"D22042131","Sanitary services for Apr 2022","1","CLEARDEAN PROPERTY CLEANERS","77970.00","77970.00","2022-04-21","imgs/",,"0","0","0000-00-00","imgs/",,"0","0","0000-00-00","imgs/"," Sanitary bins an services April 2022","specs/","CLEARDEAN PROPERTY CLEANERS","10229365","2022-04-21 13:08:55","523001",,"direct_purchases/1650546534scan0142.pdf",,,,,,,,,,"Direct Purchase",,,"acc473640","harare"
"D22042155","Sanitary services for March 2022","1","CLEARDEAN PROPERTY CLEANERS","77970.00","77970.00","2022-04-21","imgs/",,"0","0","0000-00-00","imgs/",,"0","0","0000-00-00","imgs/"," Sanitary services March 2022","specs/","CLEARDEAN PROPERTY CLEANERS","10229365","2022-04-21 13:06:44","523001",,"direct_purchases/scan0142.pdf",,,,,,,,,,"Direct Purchase",,,"acc473640","harare"
"D22042258","COVID 19 PCR TEST","1","DILON CURIS","11600.00","11600.00","2022-04-20","imgs/",,"0","0","0000-00-00","imgs/",,"0","0","0000-00-00","imgs/"," PCR Test for P. Chato (EAST)","specs/","DILON CURIS","10229314","2022-04-22 09:23:25","523001",,"direct_purchases/1650619405Invoice zesa Wayne April 2022.pdf",,,,,,,,,,"Direct Purchase",,,"acc473640","harare"
"D22042260","OSHEMAC 2 TRAINING FEES","1","NSSA","140000.00","140000.00","2022-04-21","imgs/",,"0","0","0000-00-00","imgs/",,"0","0","0000-00-00","imgs/"," OSHEMAC COURSE PART 2 FOR MASENDEKE & GOHODZI","specs/","NSSA","10229377","2022-04-22 08:23:04","523001",,"direct_purchases/ZETDC Proforma Invoice April 2022.pdf",,,,,,,,,,"Direct Purchase",,,"acc473660","harare"
"D2204265","Filing Cabinet","1","Teecherz Home & Office","174100.00","174100.00","2022-04-19","imgs/",,"0","0","0000-00-00","imgs/",,"0","0","0000-00-00","imgs/"," Furniture for Safety & Health Office","specs/","Teecherz Home & Office","10229582","2022-04-26 10:01:21","523001",,"direct_purchases/1650967281ace.pdf",,,,,,,,,,"Direct Purchase",,,"acc475300","harare"
"D22042680","Visitors Chair","1","Teecherz Home & Office","99000.00","99000.00","2022-04-19","imgs/",,"0","0","0000-00-00","imgs/",,"0","0","0000-00-00","imgs/"," Furniture for Safety & Health Office","specs/","Teecherz Home & Office","10229578","2022-04-26 10:03:30","523001",,"direct_purchases/1650967410ace.pdf",,,,,,,,,,"Direct Purchase",,,"acc475300","harare"
"D22042683","Swivel Chair","1","Teecherz Home & Office","220000.00","220000.00","2022-04-19","imgs/",,"0","0","0000-00-00","imgs/",,"0","0","0000-00-00","imgs/"," Furniture for Safety & Health Office","specs/","Teecherz Home & Office","10229580","2022-04-26 10:05:01","523001",,"direct_purchases/1650967501ace.pdf",,,,,,,,,,"Direct Purchase",,,"acc475300","harare"
"D22042684","Executive desk","1","Teecherz Home & Office","165600.00","165600.00","2022-04-19","imgs/","Lifestyle Centre","0","0","0000-00-00","imgs/","Lyria Investments","0","0","0000-00-00","imgs/"," Furniture for Safety & Health Office","specs/","Teecherz Home & Office","10229587","2022-04-26 09:58:06","523001",,"direct_purchases/ace.pdf",,,,,,,,,,"Direct Purchase",,,"acc475300","harare"
"D22042927","Rent ","1","JJ maintenance","143100.00","143100.00","2022-04-29","imgs/",,"0","0","0000-00-00","imgs/",,"0","0","0000-00-00","imgs/"," Rent for Mwale E MAY 2022","specs/","JJ maintenance","10229787","2022-04-29 14:30:55","523001",,"direct_purchases/Invocie for rent - May 2022 - 13 Campbelton road , bluffhil harare-1.pdf",,,,,,,,,,"Direct Purchase",,,"acc474010","harare"
"D22042975","coffee ingredients","1","servcor Tsepo","245595.00","245595.00","2022-04-29","imgs/",,"0","0","0000-00-00","imgs/",,"0","0","0000-00-00","imgs/"," Purchase of Coffee nescafe for the coffee machines","specs/","servcor Tsepo","10229788","2022-04-29 14:32:57","523001",,"direct_purchases/Tsebo Zimbabwe (Pvt) Ltd QU-000002880_20220429084108.pdf",,,,,,,,,,"Direct Purchase",,,"acc473690","harare"
"D22050437","Flat sheet ceiling 2400x1200x4.5mm","1","Turnal","780517.73","780517.73","2022-05-04","imgs/",,"0","0","0000-00-00","imgs/",,"0","0","0000-00-00","imgs/"," Flat sheet ceiling for Function room 2","specs/","Turnal","10229864","2022-05-04 12:00:42","523001",,"direct_purchases/scan0136.pdf",,,,,,,,,,"Direct Purchase",,,"acc475005","harare"
"D22050510","electrical works","1","electrosales","74799.00","74799.00","2022-05-05","imgs/",,"0","0","0000-00-00","imgs/",,"0","0","0000-00-00","imgs/"," Purchasing of 3 core 2.5mm cable for Dunkeld residency","specs/","electrosales","10229916","2022-05-05 14:05:41","523001",,"direct_purchases/cable.pdf",,,,,,,,,,"Direct Purchase",,,"acc475005","harare"
"D2205054","zimpost bills and handling services","1","zimpost","53277.01","53277.01","2022-05-05","imgs/",,"0","0","0000-00-00","imgs/",,"0","0","0000-00-00","imgs/"," zimpost bills and handling services Chitungwiza District outstanding invoice number 197412","specs/","zimpost","10230014","2022-05-05 14:31:45","523001",,"direct_purchases/scan0022.pdf",,,,,,,,,,"Direct Purchase",,,"acc473340","harare"
"D22050557","Lunch meals for SHE Meeting-20 pple","1","MAMBOS CHICKEN","91800.00","91800.00","2022-05-04","imgs/",,"0","0","0000-00-00","imgs/",,"0","0","0000-00-00","imgs/"," Lunch meals for SHE Meeting","specs/","MAMBOS CHICKEN","10229937","2022-05-05 06:34:43","523001",,"direct_purchases/20220505_083249.jpg",,,,,,,,,,"Direct Purchase",,,"acc473700","harare"
"D22050611","Rent ","1","Guest and Tanner","89995.00","89995.00","2022-05-06","imgs/",,"0","0","0000-00-00","imgs/",,"0","0","0000-00-00","imgs/"," Payment of rent to Guest and Tanner Westgate Mbavarira","specs/","Guest and Tanner","10230061","2022-05-06 12:17:03","523001",,"direct_purchases/ZETDC WESTGATE MAY RENT ADVICE NOTE.docx",,,,,,,,,,"Direct Purchase",,,"acc474010","harare"
"D22050633","Rent ","1","Guest and Tanner","381770.00","381770.00","2022-05-06","imgs/",,"0","0","0000-00-00","imgs/",,"0","0","0000-00-00","imgs/"," Ruwa depot May 2022 ","specs/","Guest and Tanner","10230060","2022-05-06 12:15:24","523001",,"direct_purchases/ZETDC RUWA MAY RENTADVICE NOTE.docx",,,,,,,,,,"Direct Purchase",,,"acc474010","harare"
"D22050651","Rent ","1","higher dimension","60000.00","60000.00","2022-05-06","imgs/",,"0","0","0000-00-00","imgs/",,"0","0","0000-00-00","imgs/"," Njenda May 2022 Rental","specs/","higher dimension","10230064","2022-05-06 13:05:45","523001",,"direct_purchases/19 Dan Judson May rent 5.5.220001_2.pdf",,,,,,,,,,"Direct Purchase",,,"acc474010","harare"
"D22050919","Coffee Nescafe 1kg","24","Tsebo","10228.67","245488.08","2022-05-09","imgs/",,"0","0","0000-00-00","imgs/",,"0","0","0000-00-00","imgs/"," Coffe Nescafe 1kg x 24","specs/","Tsebo","10229297","2022-05-09 09:09:50","523001",,"direct_purchases/1652087390scan0023.pdf",,,,,,,,,,"Direct Purchase",,,"acc473690","harare"
"D22050948","guard rooms ","4","Woodrow","207200.00","828800.00","2022-05-09","imgs/",,"0","0","0000-00-00","imgs/",,"0","0","0000-00-00","imgs/"," Guardroom for seke depot and substations 
4 x 2m rooms with IBR Roof ","specs/","Woodrow","10230147","2022-05-09 13:06:09","524402",,"direct_purchases/ACE- Guardrooms.docx",,,,,,,,,,"Direct Purchase",,,"acc475500","harare"
"D22050960","Zimpost bills and handling services","1","zimpost","196906.00","196906.00","2022-05-09","imgs/",,"0","0","0000-00-00","imgs/",,"0","0","0000-00-00","imgs/"," Zimpost bills and handling invoice number 197410 East District","specs/","zimpost","10230015","2022-05-09 09:26:30","523001",,"direct_purchases/scan0021.pdf",,,,,,,,,,"Direct Purchase",,,"acc473340","harare"
"D22050975","Zimpost bills and handling services","1","zimpost","202361.00","202361.00","2022-05-09","imgs/",,"0","0","0000-00-00","imgs/",,"0","0","0000-00-00","imgs/"," Zimpost bills and handling North Distict invoice number 197409","specs/","zimpost","10230126","2022-05-09 09:52:29","523001",,"direct_purchases/scan0024.pdf",,,,,,,,,,"Direct Purchase",,,"acc473340","harare"
"D22050978","Zimpost bills and handling services ","1","zimpost","150983.00","150983.00","2022-05-09","imgs/",,"0","0","0000-00-00","imgs/",,"0","0","0000-00-00","imgs/"," Zimpost bills and handling services invoice number 197411","specs/","zimpost","10230016","2022-05-09 09:21:33","523001",,"direct_purchases/scan0019.pdf",,,,,,,,,,"Direct Purchase",,,"acc473340","harare"
"D22051211","Adv Certificate in Company Direction Fees ","1","Institute of Directors of Zimbabwe","128384.24","128384.24","2022-05-12","imgs/",,"0","0","0000-00-00","imgs/",,"0","0","0000-00-00","imgs/"," Advanced Certificate  in Company Direction fees for Eng. P. Mundenda","specs/","Institute of Directors of Zimbabwe","10230375","2022-05-12 14:54:00","523001",,"direct_purchases/P Mundenda ACCD Invoice (1) RTGS.pdf",,,,,,,,,,"Direct Purchase",,,"acc473440","harare"
"D22051218","refuse collection","1","clean city","64921.00","64921.00","2022-05-12","imgs/",,"0","0","0000-00-00","imgs/",,"0","0","0000-00-00","imgs/"," refuse collection Wynne street offices","specs/","clean city","10230313","2022-05-12 09:59:49","523001",,"direct_purchases/Econet Services Tax Clearance 2022 (1).pdf",,,,,,,,,,"Direct Purchase",,,"acc473440","harare"
"D22051272","Rent ","1","Sandevan","150000.00","150000.00","2022-05-12","imgs/",,"0","0","0000-00-00","imgs/",,"0","0","0000-00-00","imgs/"," Rent payment for Makove E May 2022","specs/","Sandevan","10230283","2022-05-12 08:01:34","523001",,"direct_purchases/MAKOVE MaY 2022.docx",,,,,,,,,,"Direct Purchase",,,"acc474015","harare"
"D22051299","membership fees","1","Institute of Directors of Zimbabwe","8471616.00","8471616.00","2022-05-12","imgs/",,"0","0","0000-00-00","imgs/",,"0","0","0000-00-00","imgs/"," Institute of Directors of Zimbabwe Membership fees for Eng. P. Mundenda","specs/","Institute of Directors of Zimbabwe","10230376","2022-05-12 14:49:25","523001",,"direct_purchases/membership rtgs.pdf",,,,,,,,,,"Direct Purchase",,,"acc473440","harare"
"D22051383","upper manyame","1","Upper Manyame","22261541.00","22261541.00","2022-05-13","imgs/",,"0","0","0000-00-00","imgs/",,"0","0","0000-00-00","imgs/"," payment of ground water levies","specs/","Upper Manyame","10230450","2022-05-13 14:40:44","523001",,"direct_purchases/Zetdc invoice.pdf",,,,,,,,,,"Direct Purchase",,,"acc473440","harare"
"D22051769","RENTAL FOR THE MONTH OF MAY 2022 FOR G SATANDE BOR","1","Zoomway","240000.00","240000.00","2022-05-17","imgs/",,"0","0","0000-00-00","imgs/",,"0","0","0000-00-00","imgs/"," May 2022 rental for Mr Satande SCSO Borowdale depot","specs/","Zoomway","10230565","2022-05-17 12:44:19","523001",,"direct_purchases/scan0029.pdf",,,,,,,,,,"Direct Purchase",,,"acc474010","harare"
"D22051782","EMA LICENSES","1","ENVIRONMENTAL MANAGEMENT AGENCY","322014.00","322014.00","2022-05-17","imgs/",,"0","0","0000-00-00","imgs/",,"0","0","0000-00-00","imgs/"," Renewal of EMA Licenses. Hazardous ","specs/","ENVIRONMENTAL MANAGEMENT AGENCY","10230567","2022-05-17 14:23:00","523001",,"direct_purchases/scan0004.pdf",,,,,,,,,,"Direct Purchase",,,"acc473640","harare"
"D22051861","Glasses","1","city glass","50075.00","50075.00","2022-05-18","imgs/",,"0","0","0000-00-00","imgs/",,"0","0","0000-00-00","imgs/"," Old waterfalls depot renovations","specs/","city glass","10230660","2022-05-18 14:14:54","523001",,"direct_purchases/scan0156.pdf",,,,,,,,,,"Direct Purchase",,,"acc47570","harare"
"D22051873","repair works Commercial toilet first floor Wynne s","1","builders home","134040.00","134040.00","2022-05-18","imgs/",,"0","0","0000-00-00","imgs/",,"0","0","0000-00-00","imgs/"," Wynne street 1st floor toilet material repairs","specs/","builders home","10230294","2022-05-18 13:47:59","523001",,"direct_purchases/scan0025.pdf",,,,,,,,,,"Direct Purchase",,,"acc47570","harare"
"D22051880","Telone","1","Telone","75900.00","75900.00","2022-05-18","imgs/",,"0","0","0000-00-00","imgs/",,"0","0","0000-00-00","imgs/"," ADSL Bundle for GM, FM and HR mANAGER","specs/","Telone","10230564","2022-05-18 10:54:45","523001",,"direct_purchases/scan0032.pdf",,,,,,,,,,"Direct Purchase",,,"acc473330","harare"
"D22051887","Safeguard rapid response","1","Safeguard Rapid Response","1.00","1.00","2022-05-18","imgs/",,"0","0","0000-00-00","imgs/",,"0","0","0000-00-00","imgs/"," SAFEGUARD Security service","specs/","Safeguard Rapid Response","10230476","2022-05-18 11:00:19","523001",,"direct_purchases/scan0028.pdf",,,,,,,,,,"Direct Purchase",,,"acc474030","harare"
"D22051967","INTERNATIONAL SYMPOSIUM ON RISK AND SAFETY MANAGEM","1","Global Renaissance Investment","720000.00","720000.00","2022-05-19","imgs/",,"0","0","0000-00-00","imgs/",,"0","0","0000-00-00","imgs/"," INTERNATIONAL SYMPOSIUM ON RISK AND SAFETY MANAGEMENT 2022.","specs/","Global Renaissance Investment","10230732","2022-05-19 14:42:53","526001",,"direct_purchases/Aurhtorisation for Risk Symposium.pdf","direct_purchases/1652971373ZETDC VIC FALLS 2.pdf","direct_purchases/International Risk Symposium - Invitation.pdf","direct_purchases/International Risk Symposium.pdf",,,,,,,"Direct Purchase",,,"acc473660","harare"
"D22051980","INTERNATIONAL SYMPOSIUM ON RISK AND SAFETY MANAGEM","1","Global Renaissance Investment","720000.00","720000.00","2022-05-19",,,"0","0","0000-00-00",,,"0","0","0000-00-00",,"INTERNATIONAL SYMPOSIUM ON RISK AND SAFETY MANAGEMENT 2022.",,"Global Renaissance Investment","10230732","2022-05-19 13:13:24","526001",,"direct_purchases/ZETDC VIC FALLS 2.pdf",,,,,,,,,,"Direct Purchase",,,"acc473660","harare"
"D22052722","June 2022 rental","1","Sandevan","150000.00","150000.00","2022-05-27","imgs/",,"0","0","0000-00-00","imgs/",,"0","0","0000-00-00","imgs/"," Rental for SCSO Makove Warren Park Depot June 2022","specs/","Sandevan","10231083","2022-05-27 13:28:19","523001",,"direct_purchases/scan0059.pdf",,,,,,,,,,"Direct Purchase",,,"acc474010","harare"
"D22052737","June 2022 rental","1","Rodbell","1.00","1.00","2022-05-27","imgs/",,"0","0","0000-00-00","imgs/",,"0","0","0000-00-00","imgs/"," Rental for June 2022 for SCSO Maindidze  Waterfalls depot","specs/","Rodbell","10231081","2022-05-27 13:55:48","523001",,"direct_purchases/1653659748scan0058.pdf",,,,,,,,,,"Direct Purchase",,,"acc474010","harare"
"D22052745","May 2022 rental for Eng Mbavarira DM East","1","Guest and Tanner","360540.00","360540.00","2022-05-27","imgs/",,"0","0","0000-00-00","imgs/",,"0","0","0000-00-00","imgs/"," May 2022 rental for Eng Mavarira DM East","specs/","Guest and Tanner","10231082","2022-05-27 13:02:32","523001",,"direct_purchases/scan0063.pdf",,,,,,,,,,"Direct Purchase",,,"acc474010","harare"
"D22052750","May 2022 rental for Ruwa Depot","1","Guest and Tanner","1529056.00","1529056.00","2022-05-27","imgs/",,"0","0","0000-00-00","imgs/",,"0","0","0000-00-00","imgs/"," May 2022 rental for Ruwa Depot","specs/","Guest and Tanner","10231086","2022-05-27 13:06:06","523001",,"direct_purchases/scan0062.pdf",,,,,,,,,,"Direct Purchase",,,"acc474010","harare"
"D2205276","Rental may and june 2022 for Eng Mbavarira DM East","1","Guest and Tanner","360540.00","360540.00","2022-05-27","imgs/",,"0","0","0000-00-00","imgs/",,"0","0","0000-00-00","imgs/"," RENTAL FOR GUEST AND TANNER","specs/","Guest and Tanner","10231082","2022-05-27 13:37:19","523001",,"direct_purchases/1653658639scan0063.pdf",,,,,,,,,,"Direct Purchase",,,"acc474010","harare"
"D22052761","rental for ruwa depot ","1","Guest and Tanner","1529056.00","1529056.00","2022-05-27","imgs/",,"0","0","0000-00-00","imgs/",,"0","0","0000-00-00","imgs/"," Guest and Tanner may balance and June rental for Ruwa Depot","specs/","Guest and Tanner","10231086","2022-05-27 13:33:06","523001",,"direct_purchases/1653658386scan0062.pdf",,,,,,,,,,"Direct Purchase",,,"acc474010","harare"
"D22052770","June 2022 rental","1","JJ Maintenance","261000.00","261000.00","2022-05-27","imgs/",,"0","0","0000-00-00","imgs/",,"0","0","0000-00-00","imgs/"," Rental for June 2022 for SCSO Mwale Glen View depot","specs/","JJ Maintenance","10231078","2022-05-27 14:00:19","523001",,"direct_purchases/1653660019scan0057.pdf",,,,,,,,,,"Direct Purchase",,,"acc474010","harare"
"D22052780","June 2022 rental","1","Stohill","240000.00","240000.00","2022-05-27","imgs/",,"0","0","0000-00-00","imgs/",,"0","0","0000-00-00","imgs/"," Rental for June 2022  for SCSO Hwami Kuwadzana depot","specs/","Stohill","10231091","2022-05-27 13:40:56","523001",,"direct_purchases/1653658856scan0060.pdf",,,,,,,,,,"Direct Purchase",,,"acc474010","harare"
"D22052798"," May 2022 rent","1","Stohill","240000.00","240000.00","2022-05-27","imgs/",,"0","0","0000-00-00","imgs/",,"0","0","0000-00-00","imgs/"," May rental for SCSO Hwami - Kuwadzana Depot","specs/","Stohill","10231091","2022-05-27 13:12:59","523001",,"direct_purchases/scan0060.pdf",,,,,,,,,,"Direct Purchase",,,"acc474010","harare"
"D22053016","Rent ","1","Guest and Tanner","479505.00","479505.00","2022-05-30","imgs/",,"0","0","0000-00-00","imgs/",,"0","0","0000-00-00","imgs/"," Ruwa depot May balance","specs/","Guest and Tanner","10231148","2022-05-30 13:12:59","523001",,"direct_purchases/RUWA MAY BALANCE.docx",,,,,,,,,,"Direct Purchase",,,"acc474010","harare"
"D22053040","Rent ","1","Guest and Tanner","1049551.00","1049551.00","2022-05-30","imgs/",,"0","0","0000-00-00","imgs/",,"0","0","0000-00-00","imgs/"," Rent for ruwa depot","specs/","Guest and Tanner","10231146","2022-05-30 13:11:10","523001",,"direct_purchases/ZETDC RUWA JUNE RENTADVICE NOTE (1).docx",,,,,,,,,,"Direct Purchase",,,"acc474010","harare"
"D22053054","Rent ","1","Guest and Tanner","221767.00","221767.00","2022-05-30","imgs/",,"0","0","0000-00-00","imgs/",,"0","0","0000-00-00","imgs/"," Rent for Mbavarira jUNE 2022","specs/","Guest and Tanner","10231149","2022-05-30 13:10:00","523001",,"direct_purchases/ZETDC WESTGATE JUNE  RENT ADVICE NOTE (1).docx",,,,,,,,,,"Direct Purchase",,,"acc474010","harare"
"D22053071","Rent ","1","Guest and Tanner","13877250.00","13877250.00","2022-05-30","imgs/",,"0","0","0000-00-00","imgs/",,"0","0","0000-00-00","imgs/"," May rent balance for Mbavarira ","specs/","Guest and Tanner","10231151","2022-05-30 13:07:45","523001",,"direct_purchases/1653916065WESTGATE MAY BALANCE.docx",,,,,,,,,,"Direct Purchase",,,"acc474010","harare"
"D22053076","Rent ","1","Guest and Tanner","47950500.00","47950500.00","2022-05-30","imgs/",,"0","0","0000-00-00","imgs/",,"0","0","0000-00-00","imgs/"," Rent may balance Mbavarira","specs/","Guest and Tanner","10231148","2022-05-30 13:00:17","523001",,"direct_purchases/WESTGATE MAY BALANCE.docx",,,,,,,,,,"Direct Purchase",,,"acc474010","harare"
"D22053080","Rent ","1","higher dimension","60000.00","60000.00","2022-05-30","imgs/",,"0","0","0000-00-00","imgs/",,"0","0","0000-00-00","imgs/"," Rent for Njenda June 2022","specs/","higher dimension","10231153","2022-05-30 13:25:35","523001",,"direct_purchases/ACFrOgAv4tcez3arWqETPw13zOMXVcODtIdObznLb6cqkaUUaBHynriTQY1YSjWXNme6-gaZJhvGzedUK0mINRbzq3f28ZP8S0_h-vCMD4krokQ6qlSGvur9TUlJR5A=.pdf",,,,,,,,,,"Direct Purchase",,,"acc474010","harare"
"D22053098","Rent ","1","Crusader","36000000.00","36000000.00","2022-05-30","imgs/",,"0","0","0000-00-00","imgs/",,"0","0","0000-00-00","imgs/"," Rent for Tachiona June 2022","specs/","Crusader","10231155","2022-05-30 13:22:36","523001",,"direct_purchases/ACFrOgCkPEECb0pdDfvpiRivgCznUoE0F-tD-8C5g1I7lQI3USqHyyxfwXpVFtCiAzJhDq37pLlDcRdRrS2QsBD04looZ3x4CG3BC25fKVc54mzOO_OvoRPPaaPXbDg=.pdf",,,,,,,,,,"Direct Purchase",,,"acc474010","harare"
"D22060281","tea","1","tsebo servcor","30560778.00","30560778.00","2022-06-02","imgs/",,"0","0","0000-00-00","imgs/",,"0","0","0000-00-00","imgs/"," Coffee machine ingredients","specs/","tsebo servcor","10231316","2022-06-02 10:17:52","523001",,"direct_purchases/Tsebo Zimbabwe (Pvt) Ltd QU-000002967_20220602111349.pdf",,,,,,,,,,"Direct Purchase",,,"acc473690","harare"
"D22060323","Medical bills for Tendayi Marumisa","1","Dr T. Machiridza","247500.00","247500.00","2022-05-31","imgs/",,"0","0","0000-00-00","imgs/",,"0","0","0000-00-00","imgs/"," Hospital consultation and follow up for Tendayi Marumisa","specs/","Dr T. Machiridza","10231411","2022-06-03 13:32:45","523001",,"direct_purchases/20220603_153113.jpg",,,,,,,,,,"Direct Purchase",,,"acc473670","harare"
"D22060994","Canteen License","1","City of Harare","170040.00","170040.00","2022-06-08","imgs/",,"0","0","0000-00-00","imgs/",,"0","0","0000-00-00","imgs/"," Canteen License for ZETDC Harare Region","specs/","City of Harare","10231602","2022-06-09 09:16:59","523001",,"direct_purchases/20220609_111349.jpg",,,,,,,,,,"Direct Purchase",,,"acc473640","harare"
"D22061366","Rent ","1","Zoomway","240000.00","240000.00","2022-06-13","imgs/",,"0","0","0000-00-00","imgs/",,"0","0","0000-00-00","imgs/"," Rent for Satande June 2022","specs/","Zoomway","10231788","2022-06-13 12:51:44","523001",,"direct_purchases/ACFrOgAxmX0lQsjSIU19Huy9OwkP3zkQIQ4VAFUh6owDznOrcLh5A7i-4-g8zRADZ1AQaxA8ZJ1rWOKyTCzDz2o1RQElIMxPOGDSpXJ2nbs6KHjv9JLmzEQmAlUISZI=",,,,,,,,,,"Direct Purchase",,,"acc474010","harare"
"D22061624","Initial Consultation","1","Pioneering Health Group","48000.00","48000.00","2022-06-13","imgs/",,"0","0","0000-00-00","imgs/",,"0","0","0000-00-00","imgs/"," Medical costs for Elliot Mupariwa","specs/","Pioneering Health Group","10231951","2022-06-16 06:42:03","523001",,"direct_purchases/Elliot Mupariwa Invoice- ZESA-DR NCUBE  13.06.22.pdf",,,,,,,,,,"Direct Purchase",,,"acc473640","harare"
"D22062112","Standard newspapers","27","Zimind Publishers","14300.00","386100.00","2022-06-21","imgs/",,"0","0","0000-00-00","imgs/",,"0","0","0000-00-00","imgs/"," Standard newspapers","specs/","Zimind Publishers","10232240","2022-06-21 14:42:15","523001",,"direct_purchases/scan0085.pdf",,,,,,,,,,"Direct Purchase",,,"acc473810","harare"
"D22062121","Rent ","1","Guest and Tanner","13291266.00","13291266.00","2022-06-21","imgs/",,"0","0","0000-00-00","imgs/",,"0","0","0000-00-00","imgs/"," Payment of rent balance for Ruwa depot May 2022","specs/","Guest and Tanner","10232180","2022-06-21 09:27:15","523001",,"direct_purchases/scan0199.pdf",,,,,,,,,,"Direct Purchase",,,"acc474010","harare"
"D22062122","Newsday newspapers","27","Zimind Publishers","85800.00","2316600.00","2022-06-21","imgs/",,"0","0","0000-00-00","imgs/",,"0","0","0000-00-00","imgs/"," News newspapers","specs/","Zimind Publishers","10232238","2022-06-21 14:35:06","523001",,"direct_purchases/scan0084.pdf",,,,,,,,,,"Direct Purchase",,,"acc473810","harare"
"D22062190","Zimbabwe Independent newspapers","27","Zimind Publishers","27300.00","737100.00","2022-06-21","imgs/",,"0","0","0000-00-00","imgs/",,"0","0","0000-00-00","imgs/"," 27 copies Zimbabwe Independent","specs/","Zimind Publishers","10232241","2022-06-21 14:38:59","523001",,"direct_purchases/scan0083.pdf",,,,,,,,,,"Direct Purchase",,,"acc473810","harare"
"D22062370","COMPUTER SOCIETY WINTER SCHOOL","1","BRAVO TOURS","144000.00","144000.00","2022-06-20","imgs/",,"0","0","0000-00-00","imgs/",,"0","0","0000-00-00","imgs/"," CSZ WINTER SCHOOL","specs/","BRAVO TOURS","10232431","2022-06-23 12:40:23","527001",,"direct_purchases/bravo.pdf",,,,,,,,,,"Direct Purchase",,,"acc473900","harare"
"D22062373","COMPUTER SOCIETY WINTER SCHOOL","1",,"0.00","0.00","2022-06-20","imgs/",,"0","0","0000-00-00","imgs/",,"0","0","0000-00-00","imgs/"," CSZ WINTER SCHOOL","specs/","BRAVO TOURS","10232431","2022-06-23 12:43:02","527001",,"direct_purchases/1655988182bravo.pdf",,,,,,,,,,,,,"acc473900","harare"
"D2206241","Rent ","1","Sandevan","150000.00","150000.00","2022-06-24","imgs/",,"0","0","0000-00-00","imgs/",,"0","0","0000-00-00","imgs/"," Rent for Makove July","specs/","Sandevan","10232517","2022-06-24 10:47:26","523001",,"direct_purchases/1656067646MAKOVE MaY 2022.docx",,,,,,,,,,"Direct Purchase",,,"acc474010","harare"
"D22062477","Rent ","1","Rodbel","70000.00","70000.00","2022-06-24","imgs/",,"0","0","0000-00-00","imgs/",,"0","0","0000-00-00","imgs/"," Rent for Maindidze July 2022","specs/","Rodbel","10232493","2022-06-24 10:52:54","523001",,"direct_purchases/Invoice - Zetdc - July 2022 - 12 Frederick Booth Ave., Hillside.docx",,,,,,,,,,"Direct Purchase",,,"acc474010","harare"
"D22062715","Rent ","1","Guest and Tanner","281568.00","281568.00","2022-06-27","imgs/",,"0","0","0000-00-00","imgs/",,"0","0","0000-00-00","imgs/"," Rent for Mbavarira July 2022","specs/","Guest and Tanner","10232626","2022-06-27 13:58:34","523001",,"direct_purchases/ZETDC 2032 WESTGATE JULY RENT ADVICE.docx",,,,,,,,,,"Direct Purchase",,,"acc474010","harare"
"D22062783","Rent ","1","Guest and Tanner","945062.00","945062.00","2022-06-27","imgs/",,"0","0","0000-00-00","imgs/",,"0","0","0000-00-00","imgs/"," Rent Ruwa depot July","specs/","Guest and Tanner","10232625","2022-06-27 13:57:21","523001",,"direct_purchases/ZETDC RUWA SHUMBA CLOSE JULY RENT ADVICE NOTE.docx",,,,,,,,,,"Direct Purchase",,,"acc474010","harare"
"D22062785","Rent ","1","higher dimension","60000.00","60000.00","2022-06-27","imgs/",,"0","0","0000-00-00","imgs/",,"0","0","0000-00-00","imgs/"," Rent for Njenda July 2022","specs/","higher dimension","10232624","2022-06-27 13:59:39","523001",,"direct_purchases/19 Dan Judson July rent0001.pdf",,,,,,,,,,"Direct Purchase",,,"acc474010","harare"
"D22062837","bricks","1","Willdale","2384120.00","2384120.00","2022-06-28","imgs/",,"0","0","0000-00-00","imgs/",,"0","0","0000-00-00","imgs/"," Ruwa depot bricks difference","specs/","Willdale","10232664","2022-06-28 11:11:42","523001",,"direct_purchases/Willdale Limited ta WILLDALE BRICKS QU-000005294_20220628105532.pdf",,,,,,,,,,"Direct Purchase",,,"acc475005","harare"
"D22062973","Hot chocolate","1","tsebo servcor","39433800.00","39433800.00","2022-06-29","imgs/",,"0","0","0000-00-00","imgs/",,"0","0","0000-00-00","imgs/"," Hot chocolate coffee machines Wynne street","specs/","tsebo servcor","10232726","2022-06-29 11:21:42","523001",,"direct_purchases/ZETDC WYNNE 29.06.22.pdf",,,,,,,,,,"Direct Purchase",,,"acc473690","harare"
"D22070152","Sanitary services for May 2022","1","CLEARDEAN PROPERTY CLEANERS","116954.00","116954.00","2022-05-31","imgs/",,"0","0","0000-00-00","imgs/",,"0","0","0000-00-00","imgs/"," Sanitary services May 2022","specs/","CLEARDEAN PROPERTY CLEANERS","10232806","2022-07-01 10:53:06","523001",,"direct_purchases/ZETDC Salary increment May 2022 (1).pdf",,,,,,,,,,"Direct Purchase",,,"acc473640","harare"
"D22070175","Sanitary services for June 2022","1","CLEARDEAN PROPERTY CLEANERS","116954.00","116954.00","2022-06-30","imgs/",,"0","0","0000-00-00","imgs/",,"0","0","0000-00-00","imgs/"," Sanitary services June 2022","specs/","CLEARDEAN PROPERTY CLEANERS","10232807","2022-07-01 10:51:36","523001",,"direct_purchases/ZETDC Sanitary Service June 2022 inv (2).xlsx",,,,,,,,,,"Direct Purchase",,,"acc473640","harare"
"D22070479","July 2022 Rental for Scso Mwale Gv depot","1","JJ Maintenance","323749.00","323749.00","2022-07-04","imgs/",,"0","0","0000-00-00","imgs/",,"0","0","0000-00-00","imgs/"," July rental for scso Mwale Glen view depot 2022","specs/","JJ Maintenance","10232850","2022-07-04 11:27:13","523001",,"direct_purchases/Invocie for rent - July 2022 - 13 Campbelton road , bluffhil harare-3.pdf",,,,,,,,,,"Direct Purchase",,,"acc474010","harare"
"D22070550","Review Consultation","1","Dr Dari","22500.00","22500.00","2022-07-05","imgs/",,"0","0","0000-00-00","imgs/",,"0","0","0000-00-00","imgs/"," review consultation for Takudzwa Shumba","specs/","Dr Dari","10232929","2022-07-05 10:11:21","523001",,"direct_purchases/1657015881scan0011.pdf",,,,,,,,,,"Direct Purchase",,,"acc473640","harare"
"D22070716","transport","1","Harare Quarry","207060.00","207060.00","2022-07-07","imgs/",,"0","0","0000-00-00","imgs/",,"0","0","0000-00-00","imgs/","Difference of 19mm stones to Ruwa dep","specs/","Harare Quarry","10232986","2022-07-07 07:59:44","523001",,"direct_purchases/ZETDC ALEX 02 (1).pdf",,,,,,,,,,"Direct Purchase",,,"acc475500","harare"
"D2207076","transport","1","Harare Quarry","315000.00","315000.00","2022-07-07","imgs/",,"0","0","0000-00-00","imgs/",,"0","0","0000-00-00","imgs/"," Transportation of 19mm to Ruwa depot","specs/","Harare Quarry","10232990","2022-07-07 08:10:01","523001",,"direct_purchases/ZETDC 03 (1).pdf",,,,,,,,,,"Direct Purchase",,,"acc475500","harare"
"D22070774","river sand and pit sand","1","Harare Quarry","2674000.00","2674000.00","2022-07-07","imgs/",,"0","0","0000-00-00","imgs/",,"0","0","0000-00-00","imgs/"," Purchasing of River sand and Pit sand for Ruwa depot project","specs/","Harare Quarry","10232984","2022-07-07 08:13:18","523001",,"direct_purchases/ZETDC ALEX (1).pdf",,,,,,,,,,"Direct Purchase",,,"acc475500","harare"
"D22070828","Oshemac","1","NSSA","663649.00","663649.00","2022-07-08","imgs/",,"0","0","0000-00-00","imgs/",,"0","0","0000-00-00","imgs/"," Oshemac Training for Mapepeta, Tenga, Munyeki, Mushaurwa and Gannie","specs/","NSSA","10233011","2022-07-08 09:47:39","523001",,"direct_purchases/scan.pdf",,,,,,,,,,"Direct Purchase",,,"acc473660","harare"
"D22070842","Telone","1","Telone","96000.00","96000.00","2022-07-08","imgs/",,"0","0","0000-00-00","imgs/",,"0","0","0000-00-00","imgs/"," broadband internet","specs/","Telone","10233113","2022-07-08 09:43:52","523001",,"direct_purchases/1657273432scan0090.pdf",,,,,,,,,,"Direct Purchase",,,"acc473330","harare"
"D22072535","Rent deposit","1","Zimbabwe Agricultural Society","70639508.00","70639508.00","2022-07-25","imgs/",,"0","0","0000-00-00","imgs/",,"0","0","0000-00-00","imgs/"," Rental Deposit to ZAS July 2022","specs/","Zimbabwe Agricultural Society","10233960","2022-07-25 14:19:26","523001",,"direct_purchases/1658758766ZETDC JULY INVOICE_3.pdf",,,,,,,,,,"Direct Purchase",,,"acc474015","harare"
"D22072596","Rent ","1","Zimbabwe Agricultural Society","80882237.00","80882237.00","2022-07-25","imgs/",,"0","0","0000-00-00","imgs/",,"0","0","0000-00-00","imgs/"," Payment of rent to ZAS ","specs/","Zimbabwe Agricultural Society","10233958","2022-07-25 14:18:06","523001",,"direct_purchases/ZETDC JULY INVOICE_3.pdf",,,,,,,,,,"Direct Purchase",,,"acc474010","harare"
"D22080147","Rent ","1","Crusader","720000.00","720000.00","2022-08-01","imgs/",,"0","0","0000-00-00","imgs/",,"0","0","0000-00-00","imgs/"," Rent for Tachiona August 2022","specs/","Crusader","10234312","2022-08-01 06:55:42","523001",,"direct_purchases/Scan (3).pdf",,,,,,,,,,"Direct Purchase",,,"acc474010","harare"
"D22080183","Rent ","1","Zoomway","490000.00","490000.00","2022-08-01","imgs/",,"0","0","0000-00-00","imgs/",,"0","0","0000-00-00","imgs/"," payment of rent to Zoomway July 2022","specs/","Zoomway","10234310","2022-08-01 06:54:39","523001",,"direct_purchases/Zetdc July invoice.pdf",,,,,,,,,,"Direct Purchase",,,"acc474010","harare"
"D22080197","lawn","1","choice","260000.00","260000.00","2022-08-01","imgs/",,"0","0","0000-00-00","imgs/",,"0","0","0000-00-00","imgs/"," purchasing of lawn for Show ground","specs/","choice","10234290","2022-08-01 07:08:46","523001",,"direct_purchases/scan0092.pdf",,,,,,,,,,"Direct Purchase",,,"acc475800","harare"
"D22080211","Spectacles","1","Dr Mathias Mukona","90000.00","90000.00","2022-07-25","imgs/",,"0","0","0000-00-00","imgs/",,"0","0","0000-00-00","imgs/"," Spectacles for V. Kudiwapfava","specs/","Dr Mathias Mukona","10234378","2022-08-02 08:38:07","523001",,"direct_purchases/1659429487scan0094.pdf","direct_purchases/1659429487scan0093.pdf",,,,,,,,,"Direct Purchase",,,"acc473640","harare"
"D22080251","Medical bill for V. Kudiwapfava-Injury on duty","1","Dr Mathias Mukona","845000.00","845000.00","2022-07-25","imgs/",,"0","0","0000-00-00","imgs/",,"0","0","0000-00-00","imgs/"," Opthalmic services and consultation for V. Kudiwapfava","specs/","Dr Mathias Mukona","10234377","2022-08-02 08:36:20","523001",,"direct_purchases/scan0094.pdf","direct_purchases/scan0093.pdf",,,,,,,,,"Direct Purchase",,,"acc473640","harare"
"D2208042","Rent ","1","Guest and Tanner","99999999.99","99999999.99","2022-08-04","imgs/",,"0","0","0000-00-00","imgs/",,"0","0","0000-00-00","imgs/"," Rent for Ruwa Depot August 2022","specs/","Guest and Tanner","10234565","2022-08-04 07:13:53","523001",,"direct_purchases/ZETDC RUWA AUGUST RENT ADVICE NOTE.docx",,,,,,,,,,"Direct Purchase",,,"acc474010","harare"
"D22080429","Lunch meals for first aid training 8 days","1","Simbisa brands","933100.00","933100.00","2022-08-03","imgs/",,"0","0","0000-00-00","imgs/",,"0","0","0000-00-00","imgs/"," Lunch meals for first aid training (8 days)","specs/","Simbisa brands","10234566","2022-08-04 08:19:53","523001",,"direct_purchases/scan0096.pdf",,,,,,,,,,"Direct Purchase",,,"acc473700","harare"
"D22080443","Teas, refreshments and other provisions (Preferred","1","TM PICK N PAY","1162853.00","1162853.00","2022-08-03","imgs/",,"0","0","0000-00-00","imgs/",,"0","0","0000-00-00","imgs/"," Teas, refreshments, stationery and ingredients for lunch meals for First Aid training 6 days","specs/","TM PICK N PAY","10234583","2022-08-04 08:23:07","523001",,"direct_purchases/QUOTATION 1.xlsx",,,,,,,,,,"Direct Purchase",,,"acc473700","harare"
"D22081030","sugar","1","servcor Tsepo","1989400.00","1989400.00","2022-08-10","imgs/",,"0","0","0000-00-00","imgs/",,"0","0","0000-00-00","imgs/"," white sugar coffee machines","specs/","servcor Tsepo","10234752","2022-08-10 13:34:03","523001",,"direct_purchases/scan0001.pdf",,,,,,,,,,"Direct Purchase",,,"acc473690","harare"
"D22081047","detergents","1","nemchem","70680000.00","70680000.00","2022-08-10","imgs/",,"0","0","0000-00-00","imgs/",,"0","0","0000-00-00","imgs/"," Detergents for Wynne street use","specs/","nemchem","10234765","2022-08-10 14:05:39","523001",,"direct_purchases/Zetdc Quotation_20220810_114821.pdf",,,,,,,,,,"Direct Purchase",,,"acc474020","harare"
"D22081056","detergents","1","nemchem","84000000.00","84000000.00","2022-08-10","imgs/",,"0","0","0000-00-00","imgs/",,"0","0","0000-00-00","imgs/"," Tiles and toilet detergents Wynne street use","specs/","nemchem","10234759","2022-08-10 14:06:54","523001",,"direct_purchases/Zetdc 2 Quotation_20220810_114928.pdf",,,,,,,,,,"Direct Purchase",,,"acc474020","harare"
"D2208109","Hot chocolate","1","servcor Tsepo","39900026.00","39900026.00","2022-08-10","imgs/",,"0","0","0000-00-00","imgs/",,"0","0","0000-00-00","imgs/"," Hot chocolate ","specs/","servcor Tsepo","10234738","2022-08-10 13:32:20","523001",,"direct_purchases/scan0003.pdf",,,,,,,,,,"Direct Purchase",,,"acc473690","harare"
"D22081099","milk","1","servcor Tsepo","22133376.00","22133376.00","2022-08-10","imgs/",,"0","0","0000-00-00","imgs/",,"0","0","0000-00-00","imgs/"," Everyday Milk for coffee machines ","specs/","servcor Tsepo","10234739","2022-08-10 13:35:18","523001",,"direct_purchases/1660138518scan0002.pdf",,,,,,,,,,"Direct Purchase",,,"acc473690","harare"
"D22081118","Rent ","1","higher dimension","60000.00","60000.00","2022-08-11","imgs/",,"0","0","0000-00-00","imgs/",,"0","0","0000-00-00","imgs/"," Payment of rent for Njenda August 2022","specs/","higher dimension","10234291","2022-08-11 07:24:02","523001",,"direct_purchases/1660202642scan0004.pdf",,,,,,,,,,"Direct Purchase",,,"acc474010","harare"
"D22081151","Adsl bundle","1","Telone","11350500.00","11350500.00","2022-08-11","imgs/",,"0","0","0000-00-00","imgs/",,"0","0","0000-00-00","imgs/"," ADSL Bundle for GM,FM AND HR","specs/","Telone","10234825","2022-08-11 10:31:54","523001",,"direct_purchases/ZETDC QUOTE.pdf",,,,,,,,,,"Direct Purchase",,,"acc473440","harare"
"D22081156","safeguard","1","Safeguard","12540000.00","12540000.00","2022-08-11","imgs/",,"0","0","0000-00-00","imgs/",,"0","0","0000-00-00","imgs/"," Security fees for Dunkeld 50 Mt Pleasant","specs/","Safeguard","10234822","2022-08-11 10:33:22","523001",,"direct_purchases/ALAINV237575(ALA-EZE016)(Safeguard Alarms Private Limited )(2022-08-03) (2).pdf",,,,,,,,,,"Direct Purchase",,,"acc474030","harare"
"D22081667","motor spares","1","Quest motors","1597152.00","1597152.00","2022-08-16","imgs/",,"0","0","0000-00-00","imgs/",,"0","0","0000-00-00","imgs/"," Hr 5185 additional cost to Quest ","specs/","Quest motors","10235072","2022-08-16 08:16:25","523001",,"direct_purchases/1660637785scan0008.pdf",,,,,,,,,,"Direct Purchase",,,"acc466607","harare"
"D22081686","refuse collection","1","Ladgen","50000.00","50000.00","2022-08-16","imgs/",,"0","0","0000-00-00","imgs/",,"0","0","0000-00-00","imgs/"," refuse collection for Wynne street ","specs/","Ladgen","10235064","2022-08-16 08:12:19","523001",,"direct_purchases/1660637539scan0009.pdf",,,,,,,,,,"Direct Purchase",,,"acc474020","harare"
"D22081930","Prepaid tickets & parking discs","110","ZAS","1200000.00","99999999.99","2022-08-19","imgs/",,"0","0","0000-00-00","imgs/",,"0","0","0000-00-00","imgs/"," Procurement of tickets for Harare Agricultural show ","specs/","ZAS","10235338","2022-08-19 07:57:41","525000",,"direct_purchases/New Document(25)1660895788962.pdf",,,,,,,,,,"Direct Purchase",,,"acc473500","harare"
"D22082513","sept 2022 rental for  Eng Tachiona Network Develop","1","Crusader","720000.00","720000.00","2022-08-25","imgs/",,"0","0","0000-00-00","imgs/",,"0","0","0000-00-00","imgs/"," September 2022 rental","specs/","Crusader","10235707","2022-08-25 14:40:23","523001",,"direct_purchases/1661438423scan0003.pdf",,,,,,,,,,"Direct Purchase",,,"acc474010","harare"
"D22082564","rental for the month of sept 2022 SCSO Maindidze  ","1","Rodbell","250000.00","250000.00","2022-08-25","imgs/",,"0","0","0000-00-00","imgs/",,"0","0","0000-00-00","imgs/"," September 2022 rental","specs/","Rodbell","10235706","2022-08-25 14:34:56","523001",,"direct_purchases/1661438096scan.pdf",,,,,,,,,,"Direct Purchase",,,"acc474010","harare"
"D22082568","Sept 2022 rental for ruwa depot ","1","Guest and Tanner","2686255.00","2686255.00","2022-08-25","imgs/",,"0","0","0000-00-00","imgs/",,"0","0","0000-00-00","imgs/"," September 2022 rental","specs/","Guest and Tanner","10235708","2022-08-25 14:37:37","523001",,"direct_purchases/1661438257scan0002.pdf",,,,,,,,,,"Direct Purchase",,,"acc474010","harare"
"D22082588","Rental for the month of sept 2022 for Eng Mbavarir","1","Guest and Tanner","4170800.00","4170800.00","2022-08-25","imgs/",,"0","0","0000-00-00","imgs/",,"0","0","0000-00-00","imgs/"," September 2022 rentals","specs/","Guest and Tanner","10235709","2022-08-25 14:29:11","523001",,"direct_purchases/1661437751scan0001.pdf",,,,,,,,,,"Direct Purchase",,,"acc474010","harare"
"D22082686","JJ Maintenance","1","JJ Maintenance","469800.00","469800.00","2022-08-26","imgs/",,"0","0","0000-00-00","imgs/",,"0","0","0000-00-00","imgs/"," September rental for SCSO Mwale Glen view depot","specs/","JJ Maintenance","10235757","2022-08-26 14:43:56","523001",,"direct_purchases/1661525036scan0005.pdf",,,,,,,,,,"Direct Purchase",,,"acc474010","harare"
"D22082695","rental","1","JJ Maintenance","1357200.00","1357200.00","2022-08-26","imgs/",,"0","0","0000-00-00","imgs/",,"0","0","0000-00-00","imgs/"," September 2022 rental for SCSO Njenda  Southerton depot","specs/","JJ Maintenance","10235756","2022-08-26 14:47:48","523001",,"direct_purchases/1661525268scan0006.pdf",,,,,,,,,,"Direct Purchase",,,"acc474010","harare"
"D22083083","Just Pure Services Waste collection services","1","Just Pure","150000.00","150000.00","2022-08-30","imgs/",,"0","0","0000-00-00","imgs/",,"0","0","0000-00-00","imgs/"," WASTE COLLECTION SERVICES","specs/","Just Pure","10235875","2022-08-30 11:23:35","523001",,"direct_purchases/1661858615scan.pdf",,,,,,,,,,"Direct Purchase",,,"acc474020","harare"
"D22090142","repairs at Dunkled","1","Mount Sinai","1431000.00","1431000.00","2022-09-01","imgs/",,"0","0","0000-00-00","imgs/",,"0","0","0000-00-00","imgs/"," mount sinai plumbing repairs","specs/","Mount Sinai","10235997","2022-09-01 09:36:00","523001",,"direct_purchases/1662024960scan0001.pdf",,,,,,,,,,"Direct Purchase",,,"acc475100","harare"
"D22090147","REFUSE COLLECTION","1","Ladgen","50000.00","50000.00","2022-09-01","imgs/",,"0","0","0000-00-00","imgs/",,"0","0","0000-00-00","imgs/"," REFUSE COLLECTION","specs/","Ladgen","10236000","2022-09-01 09:30:27","523001",,"direct_purchases/1662024627scan0002.pdf",,,,,,,,,,"Direct Purchase",,,"acc474020","harare"
"D22090167","repairs at Dunkled","1",,"0.00","0.00","2022-09-01","imgs/",,"0","0","0000-00-00","imgs/",,"0","0","0000-00-00","imgs/"," mount sinai plumbing repairs","specs/","Mount Sinai","10235997","2022-09-01 10:43:52","523001",,"direct_purchases/1662029032scan0001.pdf",,,,,,,,,,,,,"acc475100","harare"
"D22090188","storage and handling fees for Eng Chigumira","1","Biddulphs Removals","462400.00","462400.00","2022-09-01","imgs/",,"0","0","0000-00-00","imgs/",,"0","0","0000-00-00","imgs/"," storage and handling fees for Eng Chigumira","specs/","Biddulphs Removals","10235996","2022-09-01 09:33:35","523001",,"direct_purchases/1662024815scan0003.pdf",,,,,,,,,,"Direct Purchase",,,"acc473600","harare"
"D22090582","Telone","1","Telone","182742.00","182742.00","2022-09-05","imgs/",,"0","0","0000-00-00","imgs/",,"0","0","0000-00-00","imgs/"," ADSL BROADBAND INTERNET FOR GM, HR & FM","specs/","Telone","10236149","2022-09-05 14:33:58","523001",,"direct_purchases/1662388438scan0007.pdf",,,,,,,,,,"Direct Purchase",,,"acc473330","harare"
"D22090621","Performance Review Motivational Presentation","1","Aurthur Marara","400000.00","400000.00","2022-09-05","imgs/",,"0","0","0000-00-00","imgs/",,"0","0","0000-00-00","imgs/"," Performance Review Motivational Presentation","specs/","Aurthur Marara","10236129","2022-09-06 06:40:35","523001",,,,,,,,,,,,"Direct Purchase",,,"acc473620","harare"
"D22090628","SHAW CONFERENCE FEES","1","NSSA","3025000.00","3025000.00","2022-09-06","imgs/",,"0","0","0000-00-00","imgs/",,"0","0","0000-00-00","imgs/"," NSSA SHAW CONFERENCE FEES","specs/","NSSA","10236250","2022-09-06 10:40:05","523001",,"direct_purchases/ZETDC SHAW CONFERENCE INVOICE.pdf",,,,,,,,,,"Direct Purchase",,,"acc473510","harare"
"D22090911","Accommodation for 5 people (NSSA SHAW Conference i","1","Kingdom Hotel","672000.00","672000.00","2022-09-08","imgs/",,"0","0","0000-00-00","imgs/",,"0","0","0000-00-00","imgs/"," Accommodation for 5- NSSA SHAW Conference","specs/","Kingdom Hotel","10236619","2022-09-09 10:24:17","523001",,"direct_purchases/ZETDC 2-6 October 2022.pdf",,,,,,,,,,"Direct Purchase",,,"acc473620","harare"
"D22090916","Medical bills for Blessing Chakuzira","1","Pioneering Health Group","76000.00","76000.00","2022-08-28","imgs/",,"0","0","0000-00-00","imgs/",,"0","0","0000-00-00","imgs/"," Consultation for Blessing Chakuzira","specs/","Pioneering Health Group","10236585","2022-09-09 10:21:50","523001",,"direct_purchases/BLESSING CHAKAZIRA INVOICE 29 .08.2022.pdf",,,,,,,,,,"Direct Purchase",,,"acc473670","harare"
"D22090919","August 2022 Rental - Satande","1","Zoomway","665000.00","665000.00","2022-09-09","imgs/",,"0","0","0000-00-00","imgs/",,"0","0","0000-00-00","imgs/"," Zoomway rental for SCSO Satande for the Aug 2022","specs/","Zoomway","10236603","2022-09-09 12:17:18","523001",,"direct_purchases/scan0012.pdf",,,,,,,,,,"Direct Purchase",,,"acc474010","harare"
"D22090942","August 2022 Rental - Satande","1",,"0.00","0.00","2022-09-09","imgs/",,"0","0","0000-00-00","imgs/",,"0","0","0000-00-00","imgs/"," Zoomway rental for SCSO Satande for the Aug 2022","specs/","Zoomway","10236603","2022-09-09 12:27:55","523001",,"direct_purchases/1662726475scan0012.pdf",,,,,,,,,,,,,"acc474010","harare"
"D2209096","Consultation for Kudzanai Kawere","1","Pioneering Health Group","76000.00","76000.00","2022-08-29","imgs/",,"0","0","0000-00-00","imgs/",,"0","0","0000-00-00","imgs/"," Consultation for Kudzanai Kawere","specs/","Pioneering Health Group","10236583","2022-09-09 10:15:57","523001",,"direct_purchases/KUDZZAI KAWERE INVOICE 29 .08.2022.pdf",,,,,,,,,,"Direct Purchase",,,"acc473670","harare"
"D22090978","Accommodation  for DM South Mr Chigumira","1","Cresta Lodge","758000.00","758000.00","2022-09-09","imgs/",,"0","0","0000-00-00","imgs/",,"0","0","0000-00-00","imgs/"," Accommodation for DM South Mr Chigumira","specs/","Cresta Lodge","10236638","2022-09-09 12:08:30","523001",,"direct_purchases/1662725310scan0013.pdf",,,,,,,,,,"Direct Purchase",,,"acc473620","harare"
"D22090989","zoomway sep 2022  rental","1","Zoomway","665000.00","665000.00","2022-09-09","imgs/",,"0","0","0000-00-00","imgs/",,"0","0","0000-00-00","imgs/"," September 2022 rental for SCSO Satande","specs/","Zoomway","10236605","2022-09-09 12:13:56","523001",,"direct_purchases/1662725636scan0011.pdf",,,,,,,,,,"Direct Purchase",,,"acc474010","harare"
"D22091218","Medical bills for Rosemary Makuwe","1","PSMI Westend Hospital","18055.00","18055.00","2022-09-12","imgs/",,"0","0","0000-00-00","imgs/",,"0","0","0000-00-00","imgs/"," Medical bill for Rosemary Makuwe","specs/","PSMI Westend Hospital","10236746","2022-09-12 15:36:27","523001",,"direct_purchases/1662996987CLIENTS_BILLS (1).zip",,,,,,,,,,"Direct Purchase",,,"acc473670","harare"
"D22091224","Medical bills for Kudzanai Kawere","1","PSMI Westend Hospital","35886.00","35886.00","2022-09-12","imgs/",,"0","0","0000-00-00","imgs/",,"0","0","0000-00-00","imgs/"," Medical bill for Kudzanai Kawere","specs/","PSMI Westend Hospital","10236749","2022-09-12 15:34:53","523001",,"direct_purchases/CLIENTS_BILLS (1).zip",,,,,,,,,,"Direct Purchase",,,"acc473670","harare"
"D22091250","Medical bills for Blessing Chakuzira","1","PSMI Westend Hospital","61501.00","61501.00","2022-09-12","imgs/",,"0","0","0000-00-00","imgs/",,"0","0","0000-00-00","imgs/"," Medical bills","specs/","PSMI Westend Hospital","10236744","2022-09-12 15:38:41","523001",,"direct_purchases/1662997121CLIENTS_BILLS (1).zip",,,,,,,,,,"Direct Purchase",,,"acc473670","harare"
"D22091492","Sanitary services for Aug 2022","1","CLEARDEAN PROPERTY CLEANERS","199000.00","199000.00","2022-08-17","imgs/",,"0","0","0000-00-00","imgs/",,"0","0","0000-00-00","imgs/"," Sanitary services for August 2022","specs/","CLEARDEAN PROPERTY CLEANERS","10236982","2022-09-14 10:43:16","523001",,"direct_purchases/ZETDC Sanitary Service August 2022 inv.xlsx",,,,,,,,,,"Direct Purchase",,,"acc473640","harare"
"D22091613","Almin  materials","1","Almin Metal Industry","1302435.00","1302435.00","2022-09-16","imgs/",,"0","0","0000-00-00","imgs/",,"0","0","0000-00-00","imgs/"," Aluminum materials for partitioning finance section","specs/","Almin Metal Industry","10237185","2022-09-16 10:38:30","523001",,"direct_purchases/scan0020.pdf",,,,,,,,,,"Direct Purchase",,,"acc475005","harare"
"D22091680","upper manyame","1","Upper Manyame","1.00","1.00","2022-09-16","imgs/",,"0","0","0000-00-00","imgs/",,"0","0","0000-00-00","imgs/"," Upper Manyame Sub catchment ","specs/","Upper Manyame","10237172","2022-09-16 10:48:12","523001",,"direct_purchases/1663325292scan0017.pdf",,,,,,,,,,"Direct Purchase",,,"acc473440","harare"
"D22091955","FLIGHT FARES TO VICTORIA FALLS (INCL RETURN)","1","FASTJET","1719997.00","1719997.00","2022-09-19","imgs/",,"0","0","0000-00-00","imgs/",,"0","0","0000-00-00","imgs/"," Flight fares to Victoria Falls-NSSA SHAW CONFERENCE","specs/","FASTJET","10237333","2022-09-19 11:51:26","523001",,"direct_purchases/BookingReceipt_FXOJ0E.pdf",,,,,,,,,,"Direct Purchase",,,"acc473510","harare"
"D22092610","Sanavan September 2022 rental","1","Sandevan","1500000.00","1500000.00","2022-09-26","imgs/",,"0","0","0000-00-00","imgs/",,"0","0","0000-00-00","imgs/"," Sandavan September 2022 rental for SCSO Makove","specs/","Sandevan","10237698","2022-09-26 07:55:08","523001",,"direct_purchases/scan0027.pdf",,,,,,,,,,"Direct Purchase",,,"acc474010","harare"
"D22092623","Standard newspapers","5","ALPHA MEDIA Holdings","14300.00","71500.00","2022-09-26","imgs/",,"0","0","0000-00-00","imgs/",,"0","0","0000-00-00","imgs/"," Standard newspapers for RMT Harare region  5 copies","specs/","ALPHA MEDIA Holdings","10237769","2022-09-26 12:50:44","523001",,"direct_purchases/1664196644scan0032.pdf",,,,,,,,,,"Direct Purchase",,,"acc473810","harare"
"D22092640","herald newspapers","7","Zimbabwe Newspapers Herald","53300.00","373100.00","2022-09-26","imgs/",,"0","0","0000-00-00","imgs/",,"0","0","0000-00-00","imgs/"," Herald for Harare Region 7 copies","specs/","Zimbabwe Newspapers Herald","10237762","2022-09-26 12:54:13","523001",,"direct_purchases/scan0033.pdf",,,,,,,,,,"Direct Purchase",,,"acc473810","harare"
"D22092643","Crusader October 2022 Rental","1","Crusader","760000.00","760000.00","2022-09-26","imgs/",,"0","0","0000-00-00","imgs/",,"0","0","0000-00-00","imgs/"," Crusader October 2022 rental for Eng Tachiona ","specs/","Crusader","10237753","2022-09-26 09:24:06","523001",,"direct_purchases/crusader 1.pdf",,,,,,,,,,"Direct Purchase",,,"acc474010","harare"
"D22092652","Rodbell October rental for SCSO Maindidze Southert","1","Rodbell","250000.00","250000.00","2022-09-26","imgs/",,"0","0","0000-00-00","imgs/",,"0","0","0000-00-00","imgs/"," Rodbell October 2022 rental for SCSO Maindidze Southerton Depot","specs/","Rodbell","10237693","2022-09-26 07:45:26","523001",,"direct_purchases/1664178326scan0024.pdf",,,,,,,,,,"Direct Purchase",,,"acc474010","harare"
"D22092657","Zimbabwe Independent newspapers","5","ALPHA MEDIA Holdings","27300.00","136500.00","2022-09-26","imgs/",,"0","0","0000-00-00","imgs/",,"0","0","0000-00-00","imgs/"," Zimbabwe Independent newspapers for RMT members","specs/","ALPHA MEDIA Holdings","10237766","2022-09-26 13:03:48","523001",,"direct_purchases/scan0036.pdf",,,,,,,,,,"Direct Purchase",,,"acc473810","harare"
"D22092665","October 2022 rental","1","Zoomway","665000.00","665000.00","2022-09-26","imgs/",,"0","0","0000-00-00","imgs/",,"0","0","0000-00-00","imgs/"," Zoomway  Investments October 2022 rental for SCSO Satande","specs/","Zoomway","10237674","2022-09-26 07:51:32","523001",,"direct_purchases/scan0026.pdf",,,,,,,,,,"Direct Purchase",,,"acc474010","harare"
"D22092667","Dailynews for RMT","5","Associated Newspaper of Zimbabwe","109200.00","546000.00","2022-09-26","imgs/",,"0","0","0000-00-00","imgs/",,"0","0","0000-00-00","imgs/"," Dailynews for RMT Harare Region 5 copies","specs/","Associated Newspaper of Zimbabwe","10237764","2022-09-26 13:01:06","523001",,"direct_purchases/1664197266scan0035.pdf",,,,,,,,,,"Direct Purchase",,,"acc473810","harare"
"D22092668","October 2022 rental","1","Guest and Tanner","3165026.00","3165026.00","2022-09-26","imgs/",,"0","0","0000-00-00","imgs/",,"0","0","0000-00-00","imgs/"," Guest and Tanner October rental for Ruwa Depot","specs/","Guest and Tanner","10237692","2022-09-26 07:47:58","523001",,"direct_purchases/1664178478scan0025.pdf",,,,,,,,,,"Direct Purchase",,,"acc474010","harare"
"D22092674","JJ Maintenance rental","1","JJ Maintenance","1.00","1.00","2022-09-26","imgs/",,"0","0","0000-00-00","imgs/",,"0","0","0000-00-00","imgs/"," October 2022 rental for SCSO Mwale Waterfalls depot","specs/","JJ Maintenance","10237695","2022-09-26 07:37:41","523001",,"direct_purchases/1664177861scan0022.pdf",,,,,,,,,,"Direct Purchase",,,"acc474010","harare"
"D22092675","Financial Gazette","5","Financial Gazette","3000.00","15000.00","2022-09-26","imgs/",,"0","0","0000-00-00","imgs/",,"0","0","0000-00-00","imgs/"," Financial Gazette  for RMT members 5 copies","specs/","Financial Gazette","10237758","2022-09-26 12:47:07","523001",,"direct_purchases/1664196427scan0031.pdf",,,,,,,,,,"Direct Purchase",,,"acc473810","harare"
"D22092683","JJ Maintenance October 2022  rental for SCSO Njend","1","JJ Maintenance","1.00","1.00","2022-09-26","imgs/",,"0","0","0000-00-00","imgs/",,"0","0","0000-00-00","imgs/"," JJ Maintenance October rental for scso Njenda Glen view depot","specs/","JJ Maintenance","10237694","2022-09-26 07:41:37","523001",,"direct_purchases/1664178097scan0023.pdf",,,,,,,,,,"Direct Purchase",,,"acc474010","harare"
"D22092693","Newsday newspapers","5","ALPHA MEDIA Holdings","85800.00","429000.00","2022-09-26","imgs/",,"0","0","0000-00-00","imgs/",,"0","0","0000-00-00","imgs/"," Newsday Mon - Sat for 3months","specs/","ALPHA MEDIA Holdings","10237765","2022-09-26 12:57:25","523001",,"direct_purchases/scan0034.pdf",,,,,,,,,,"Direct Purchase",,,"acc473810","harare"
"D22092710","Blood tests for Kudzai Maposa","1","DILON CURIS","48000.00","48000.00","2022-09-26","imgs/",,"0","0","0000-00-00","imgs/",,"0","0","0000-00-00","imgs/"," Blood tests for Kudzai Maposa","specs/","DILON CURIS","10237833","2022-09-27 08:18:01","523001",,"direct_purchases/ZETDC SEPTEMBER INVOICE.pdf",,,,,,,,,,"Direct Purchase",,,"acc473670","harare"
"D2209277","Emergency Hospital Consultation for I. Kativhu","1","Pioneering Health Group","36000.00","36000.00","2022-09-19","imgs/",,"0","0","0000-00-00","imgs/",,"0","0","0000-00-00","imgs/"," Emergency Hospital Consultation for Ignatius Kativhu","specs/","Pioneering Health Group","10237834","2022-09-27 08:16:14","523001",,"direct_purchases/KATIVHU IGNATIUS pdf.pdf",,,,,,,,,,"Direct Purchase",,,"acc473670","harare"
"D22100498","October 2022 rental","1","Sandevan","521900.00","521900.00","2022-10-04","imgs/",,"0","0","0000-00-00","imgs/",,"0","0","0000-00-00","imgs/"," October Rental for Mr Makove - Sandavan Holdings","specs/","Sandevan","10238184","2022-10-04 08:48:13","523001",,"direct_purchases/October 2022 Rental Invoice.docx",,,,,,,,,,"Direct Purchase",,,"acc474010","harare"
"D2210102","Rental for the month of October 2022 for Eng Mbava","1","Guest and Tanner","501728.00","501728.00","2022-10-10","imgs/",,"0","0","0000-00-00","imgs/",,"0","0","0000-00-00","imgs/"," October Rental for Eng Mbavarira","specs/","Guest and Tanner","10238518","2022-10-10 13:35:51","523001",,"direct_purchases/1665408951scan0011.pdf",,,,,,,,,,"Direct Purchase",,,"acc474010","harare"
"D22101029","REFUSE COLLECTION","1","Ladgen","200000.00","200000.00","2022-10-10","imgs/",,"0","0","0000-00-00","imgs/",,"0","0","0000-00-00","imgs/"," Ladgen refuse collection for the month of September 2022 invoice 01","specs/","Ladgen","10238507","2022-10-10 13:52:02","523001",,"direct_purchases/scan0014.pdf",,,,,,,,,,"Direct Purchase",,,"acc474020","harare"
"D22101094","Safeguard rapid response","1","Safeguard Rapid Response","22438.00","22438.00","2022-10-10","imgs/",,"0","0","0000-00-00","imgs/",,"0","0","0000-00-00","imgs/"," safeguard security service for no. 50 Dunkled","specs/","Safeguard Rapid Response","10238506","2022-10-10 13:46:40","523001",,"direct_purchases/1665409600scan0012.pdf",,,,,,,,,,"Direct Purchase",,,"acc474030","harare"
"D22101095","REFUSE COLLECTION","1",,"0.00","0.00","2022-10-10","imgs/",,"0","0","0000-00-00","imgs/",,"0","0","0000-00-00","imgs/"," Ladgen refuse collection for the month of September 2022 invoice 01","specs/","Ladgen","10238507","2022-10-10 13:52:46","523001",,"direct_purchases/1665409966scan0014.pdf",,,,,,,,,,,,,"acc474020","harare"
"D22101829","Medical bills for Blessing Chakuzira","1","Pioneering Health Group","40000.00","40000.00","2022-10-11","imgs/",,"0","0","0000-00-00","imgs/",,"0","0","0000-00-00","imgs/"," Medical review for Blessing Chakuzira","specs/","Pioneering Health Group","10238784","2022-10-18 15:18:41","523001",,"direct_purchases/BLESSING CHAKUZIRA ZEDTC 14.10.22pdf.pdf",,,,,,,,,,"Direct Purchase",,,"acc473640","harare"
"D22101833","Medical review","1","Pioneering Health Group","64000.00","64000.00","2022-10-11","imgs/",,"0","0","0000-00-00","imgs/",,"0","0","0000-00-00","imgs/"," Medical review for SHackmore Bvume Mudzudza","specs/","Pioneering Health Group","10238786","2022-10-18 15:20:23","523001",,"direct_purchases/SHACKMORE BVUME MUDZUDZA 04.10.22.pdf",,,,,,,,,,"Direct Purchase",,,"acc473640","harare"
"D22101871","Medical review","1","Pioneering Health Group","40000.00","40000.00","2022-10-14","imgs/",,"0","0","0000-00-00","imgs/",,"0","0","0000-00-00","imgs/"," Medical review for Stan karimatsenga","specs/","Pioneering Health Group","10238788","2022-10-18 15:17:04","523001",,"direct_purchases/STAN KARIMATSENGA.pdf",,,,,,,,,,"Direct Purchase",,,"acc473640","harare"
"D22101956","Medication for 5 employees","1","TOPCARE PHARMACY","103700.00","103700.00","2022-10-15","imgs/",,"0","0","0000-00-00","imgs/",,"0","0","0000-00-00","imgs/"," Medication for 5 employee-Injury on duty","specs/","TOPCARE PHARMACY","10239054","2022-10-19 07:49:42","523001",,"direct_purchases/Pro Forma Invoice ZETDC (1).pdf",,,,,,,,,,"Direct Purchase",,,"acc473670","harare"
"D22102115","Ambulance services ","1","Ace Ambulance","160000.00","160000.00","2022-10-21","imgs/",,"0","0","0000-00-00","imgs/",,"0","0","0000-00-00","imgs/"," Ambulance services for Raphael Chitsaka (Emergency at work)","specs/","Ace Ambulance","10239303","2022-10-21 11:31:38","523001",,"direct_purchases/ITF 263 Ace Air & Ambulance (1).pdf",,,,,,,,,,"Direct Purchase",,,"acc473670","harare"
"D22102525","NOV 2022 RENTAL ","1","JJ MAINTENANCE","1.00","1.00","2022-10-25","imgs/",,"0","0","0000-00-00","imgs/",,"0","0","0000-00-00","imgs/"," JJ MAINTENANCE RENTAL NOV 2022 PLUS DEPOSIT FOR SCSO MAORERA MABVUKU","specs/","JJ MAINTENANCE","10239445","2022-10-25 13:48:56","523001",,"direct_purchases/1666705736scan0055.pdf",,,,,,,,,,"Direct Purchase",,,"acc474010","harare"
"D22102545","COFFE MACHINE INGRIDIENTS FOR MEETINGS ","1","tsepo zim","1437955.00","1437955.00","2022-10-25","imgs/",,"0","0","0000-00-00","imgs/",,"0","0","0000-00-00","imgs/"," TSEPO ZIM COFFEE MACHINE INGRIDIENTS FOR HARARE REGION MEETINGS","specs/","tsepo zim","10239469","2022-10-25 14:03:40","523001",,"direct_purchases/1666706620scan0048.pdf",,,,,,,,,,"Direct Purchase",,,"acc473690","harare"
"D22102549","NOV 2022 RENTAL ","1","JJ MAINTENANCE","845000.00","845000.00","2022-10-25","imgs/",,"0","0","0000-00-00","imgs/",,"0","0","0000-00-00","imgs/"," JJ MAINTENANCE NOV 2022 RENTAL FOR SCSO NJENDA  GLENVIEW DEPOT","specs/","JJ MAINTENANCE","10239446","2022-10-25 13:52:36","523001",,"direct_purchases/1666705956scan0054.pdf",,,,,,,,,,"Direct Purchase",,,"acc474010","harare"
"D22102550","NOV 2022 RENTAL ","1","Rod Bell Real Estate","325000.00","325000.00","2022-10-25","imgs/",,"0","0","0000-00-00","imgs/",,"0","0","0000-00-00","imgs/"," Rod Bell Real Estate Nov2022 rental for SCSO Maindidze Waterfalls depot","specs/","Rod Bell Real Estate","10239454","2022-10-25 14:18:52","523001",,"direct_purchases/1666707532scan0052.pdf",,,,,,,,,,"Direct Purchase",,,"acc474010","harare"
"D22102565","NOV 2022 RENTAL ","1","Guest and Tanner","503944.00","503944.00","2022-10-25","imgs/",,"0","0","0000-00-00","imgs/",,"0","0","0000-00-00","imgs/"," GUEST AND TANNER NOV 2022 RENTAL FOR ENG MBAVARIRA DM EAST","specs/","Guest and Tanner","10239461","2022-10-25 14:07:21","523001",,"direct_purchases/1666706841scan0049.pdf",,,,,,,,,,"Direct Purchase",,,"acc474010","harare"
"D22102570","NOV 2022 RENTAL ","1","JJ MAINTENANCE","780000.00","780000.00","2022-10-25","imgs/",,"0","0","0000-00-00","imgs/",,"0","0","0000-00-00","imgs/"," JJ MAINTENANCE NOV 2022 RENATL FOR SCSO MWALE WATERFALLS DEPOT","specs/","JJ MAINTENANCE","10239449","2022-10-25 13:55:26","523001",,"direct_purchases/1666706126scan0053.pdf",,,,,,,,,,"Direct Purchase",,,"acc474010","harare"
"D22102579","NOV 2022 RENTAL ","1","Crusader Real Estate","760000.00","760000.00","2022-10-25","imgs/",,"0","0","0000-00-00","imgs/",,"0","0","0000-00-00","imgs/"," CRUSDER REAL ESTATE NOV 2022 FOR NETWORK DEV. ENGINEER","specs/","Crusader Real Estate","10239457","2022-10-25 14:15:20","523001",,"direct_purchases/1666707320scan0051.pdf",,,,,,,,,,"Direct Purchase",,,"acc474010","harare"
"D2210258","NOV 2022 RENTAL ","1","Guest and Tanner","3245714.00","3245714.00","2022-10-25","imgs/",,"0","0","0000-00-00","imgs/",,"0","0","0000-00-00","imgs/"," GUEST AND TANNER NOV 2022 RENTAL 2022 RUWA DEPOT","specs/","Guest and Tanner","10239459","2022-10-25 14:11:15","523001",,"direct_purchases/1666707075scan0050.pdf",,,,,,,,,,"Direct Purchase",,,"acc474010","harare"
"D22102644","NOV 2022 RENTAL ","1","Sandeven","521900.00","521900.00","2022-10-26","imgs/",,"0","0","0000-00-00","imgs/",,"0","0","0000-00-00","imgs/"," Sandevan  Nov2022 rental for Mr Makove Projects","specs/","Sandeven","10239556","2022-10-26 09:43:01","523001",,"direct_purchases/Sandvevan  nov 2022 Rental Invoice.docx",,,,,,,,,,"Direct Purchase",,,"acc474010","harare"
"D22103199","NOV 2022 RENTAL ","1","STOHILL","1877426.00","1877426.00","2022-10-31","imgs/",,"0","0","0000-00-00","imgs/",,"0","0","0000-00-00","imgs/"," STOHLL RENTAL FOR NOV, DEC 2022 AND JAN 2023","specs/","STOHILL","10239746","2022-10-31 08:30:15","523001",,"direct_purchases/1667205015scan0012.pdf",,,,,,,,,,"Direct Purchase",,,"acc474010","harare"
"D22110135","Accomodation","1","Cresta Lodge","625600.00","625600.00","2022-11-01","imgs/",,"0","0","0000-00-00","imgs/",,"0","0","0000-00-00","imgs/"," CRESTA LODGE ACCOMMODATION FOR J MAORERA","specs/","Cresta Lodge","10239854","2022-11-01 10:18:41","523001",,"direct_purchases/ZETDC-Maorera 01 Nov.pdf",,,,,,,,,,"Direct Purchase",,,"acc473620","harare"
"D22111816","lunch for hearing","1","Simbisa Brand","1.00","1.00","2022-11-18","imgs/",,"0","0","0000-00-00","imgs/",,"0","0","0000-00-00","imgs/"," Lunch for hearing Mr Mugwara and Mr Kamoto","specs/","Simbisa Brand","10240781","2022-11-18 08:11:37","523001",,"direct_purchases/1668759097scan0031.pdf",,,,,,,,,,"Direct Purchase",,,"acc473700","harare"
"D22111840","refreshments for hearing","1","TM Pick n Pay","4638728.00","4638728.00","2022-11-18","imgs/",,"0","0","0000-00-00","imgs/",,"0","0","0000-00-00","imgs/"," Lunches for hearing Mr Mugwara and Kamoto","specs/","TM Pick n Pay","10240783","2022-11-18 08:05:01","523001",,"direct_purchases/scan0030.pdf",,,,,,,,,,"Direct Purchase",,,"acc473700","harare"
"D2211188","Plan","1","Building Information Management","18900.00","18900.00","2022-11-18","imgs/",,"0","0","0000-00-00","imgs/",,"0","0","0000-00-00","imgs/"," A1 PLAN PLOTTING","specs/","Building Information Management","10240650","2022-11-18 08:17:21","523001",,"direct_purchases/1668759441scan0028.pdf",,,,,,,,,,"Direct Purchase",,,"acc473020","harare"
"D22112120","Dec 2022 rental","1","zoomway","665000.00","665000.00","2022-11-21","imgs/",,"0","0","0000-00-00","imgs/",,"0","0","0000-00-00","imgs/"," Zoomway December 2022 rental SCSO Satande ","specs/","zoomway","10240881","2022-11-21 10:24:54","523001",,"direct_purchases/Zetdc December invoice zoomway.pdf",,,,,,,,,,"Direct Purchase",,,"acc474010","harare"
"D22112122","NOV 2022 RENTAL ","1","JJ MAINTENANCE","780000.00","780000.00","2022-11-21","imgs/",,"0","0","0000-00-00","imgs/",,"0","0","0000-00-00","imgs/"," JJ Maintenance Dec 2022 rental for SCSO Mwale Glen view depot","specs/","JJ MAINTENANCE","10240883","2022-11-21 10:33:49","523001",,"direct_purchases/Invocie for rent - December2022 - 13 Campbelton road , bluffhil harare.pdf",,,,,,,,,,"Direct Purchase",,,"acc474010","harare"
"D22112168","Dec 2022 rental","1","JJ MAINTENANCE","1.00","1.00","2022-11-21","imgs/",,"0","0","0000-00-00","imgs/",,"0","0","0000-00-00","imgs/"," JJ Maintance  invoice 004 SCSO Njenda","specs/","JJ MAINTENANCE","10240882","2022-11-21 10:28:00","523001",,"direct_purchases/Invocie for rent - December 2022- 2365 Mt Pleasant , harare.pdf",,,,,,,,,,"Direct Purchase",,,"acc474010","harare"
"D22112173","Dec 2022 rental","1","JJ MAINTENANCE","695500.00","695500.00","2022-11-21","imgs/",,"0","0","0000-00-00","imgs/",,"0","0","0000-00-00","imgs/"," JJ Maintenance Dec 2022 rental for Maorera Mabvuku depot","specs/","JJ MAINTENANCE","10240884","2022-11-21 10:30:58","523001",,"direct_purchases/Invocie for rent - December 2022- 213 Fidelity , Manresa , harare.pdf",,,,,,,,,,"Direct Purchase",,,"acc474010","harare"
"D22112231","Dec 2022 rental","1","Guest and Tanner","640640.00","640640.00","2022-11-22","imgs/",,"0","0","0000-00-00","imgs/",,"0","0","0000-00-00","imgs/"," Guest and Tanner Dec 2022 rental for DM Mbavarira","specs/","Guest and Tanner","10240927","2022-11-22 08:32:58","523001",,"direct_purchases/2032 WESTGATE DECEMBER RENT ADVICE .pdf",,,,,,,,,,"Direct Purchase",,,"acc474010","harare"
"D22112266","Dec 2022 rental","1","Sandeven","521900.00","521900.00","2022-11-21","imgs/",,"0","0","0000-00-00","imgs/",,"0","0","0000-00-00","imgs/"," Sandavan Holdings Dec 2022 rental for Mr Makove PROJECTS","specs/","Sandeven","10240897","2022-11-22 08:42:01","523001",,"direct_purchases/Sandvevan  Dec 2022 Rental Invoice.pdf",,,,,,,,,,"Direct Purchase",,,"acc474010","harare"
"D22112278","Dec 2022 rental","1","Rod Bell Real Estate","325000.00","325000.00","2022-11-21","imgs/",,"0","0","0000-00-00","imgs/",,"0","0","0000-00-00","imgs/"," Rod Bell Real Estate ","specs/","Rod Bell Real Estate","10240879","2022-11-22 08:38:48","523001",,"direct_purchases/Rodbell Invoice - Zetdc - December 2022 - 12 Frederick Booth Ave..pdf",,,,,,,,,,"Direct Purchase",,,"acc474010","harare"
"D22112279","Dec 2022 rental","1","Guest and Tanner","3300897.00","3300897.00","2022-11-22","imgs/",,"0","0","0000-00-00","imgs/",,"0","0","0000-00-00","imgs/"," Guest and Tanner Dec 2022 rent for Ruwa Depot","specs/","Guest and Tanner","10240929","2022-11-22 08:29:52","523001",,"direct_purchases/SHUMBA CLOSE RUWA DECEMBER RENT ADVICE NOTE .pdf",,,,,,,,,,"Direct Purchase",,,"acc474010","harare"
"D22112591","data bundle","1","Telone","111474.00","111474.00","2022-11-25","imgs/",,"0","0","0000-00-00","imgs/",,"0","0","0000-00-00","imgs/"," Telone data bundle top up","specs/","Telone","10241009","2022-11-25 07:56:10","523001",,"direct_purchases/ZETDC TOP UP QUOTE.pdf",,,,,,,,,,"Direct Purchase",,,"acc473330","harare"
"D22120125","Dec 2022 rental","1","Crusader Real Estate","760000.00","760000.00","2022-12-01","imgs/",,"0","0","0000-00-00","imgs/",,"0","0","0000-00-00","imgs/"," Dec 2022 rent for Eng Tachiona","specs/","Crusader Real Estate","10241377","2022-12-01 08:56:50","523001",,"direct_purchases/ZETDC DECEMBER INVOICE CRUSADER.pdf",,,,,,,,,,"Direct Purchase",,,"acc474010","harare"
"D2212013","Ground water levies","1","Upper Manyame","105.00","105.00","2022-12-01","imgs/",,"0","0","0000-00-00","imgs/",,"0","0","0000-00-00","imgs/"," Upper Mamyame  ground water levies","specs/","Upper Manyame","10241281","2022-12-01 12:25:49","523001",,"direct_purchases/1669897549scan0006.pdf",,,,,,,,,,"Direct Purchase",,,"acc474000","harare"
"D22120142","Ground water levies","1","Upper Manyame","105.00","105.00","2022-12-01","imgs/",,"0","0","0000-00-00","imgs/",,"0","0","0000-00-00","imgs/"," Upper Manyame UNDERGROUND WATER LEVIES","specs/","Upper Manyame","10241275","2022-12-01 12:12:15","523001",,"direct_purchases/1669896735scan0002.pdf",,,,,,,,,,"Direct Purchase",,,"acc474000","harare"
"D22120145","ground water  levies ","1","Upper Manyame","105.00","105.00","2022-12-01","imgs/",,"0","0","0000-00-00","imgs/",,"0","0","0000-00-00","imgs/"," Upper Manyame  Borrowdale ground levies  Nov 2021 to Jan 2022","specs/","Upper Manyame","10241276","2022-12-01 12:21:37","523001",,"direct_purchases/1669897297scan0004.pdf",,,,,,,,,,"Direct Purchase",,,"acc474000","harare"
"D22120150","Ground water levies","1","Upper Manyame","105.00","105.00","2022-12-01","imgs/",,"0","0","0000-00-00","imgs/",,"0","0","0000-00-00","imgs/"," upper manyame ground water levies ","specs/","Upper Manyame","10241283","2022-12-01 12:29:46","523001",,"direct_purchases/1669897786scan0008.pdf",,,,,,,,,,"Direct Purchase",,,"acc474000","harare"
"D22120174","undergound water levies for zetdc","1","Upper Manyame","1021726.00","1021726.00","2022-12-01","imgs/",,"0","0","0000-00-00","imgs/",,"0","0","0000-00-00","imgs/"," Upper Manyame underground levies for zetdc  Harare","specs/","Upper Manyame","10241285","2022-12-01 12:18:16","523001",,"direct_purchases/1669897096scan0003.pdf",,,,,,,,,,"Direct Purchase",,,"acc474000","harare"
"D22120180","Ground water levies","1","Upper Manyame","105.00","105.00","2022-12-01","imgs/",,"0","0","0000-00-00","imgs/",,"0","0","0000-00-00","imgs/"," \Upper Manyame ground water levies ","specs/","Upper Manyame","10241282","2022-12-01 12:27:53","523001",,"direct_purchases/1669897673scan0007.pdf",,,,,,,,,,"Direct Purchase",,,"acc474000","harare"
"D22120181","Ground water levies","1","Upper Manyame","105.00","105.00","2022-12-01","imgs/",,"0","0","0000-00-00","imgs/",,"0","0","0000-00-00","imgs/"," Upper Manyame ground water levies","specs/","Upper Manyame","10241277","2022-12-01 12:23:47","523001",,"direct_purchases/1669897427scan0005.pdf",,,,,,,,,,"Direct Purchase",,,"acc474000","harare"
"D22120713","Dec 2022 rental","1","Z.A.S.","1616027.00","1616027.00","2022-12-07","imgs/",,"0","0","0000-00-00","imgs/",,"0","0","0000-00-00","imgs/"," Z.A.S. Dec 2022 rent for Showground offices","specs/","Z.A.S.","10241600","2022-12-07 11:21:15","523001",,"direct_purchases/1670412075scan0009.pdf",,,,,,,,,,"Direct Purchase",,,"acc474010","harare"
"D22121313","keys","1","KB LOCKSMITH","89250.00","89250.00","2022-12-13","imgs/",,"0","0","0000-00-00","imgs/",,"0","0","0000-00-00","imgs/"," key rplacement for banking hall entrance car park side","specs/","KB LOCKSMITH","10241860","2022-12-13 12:31:45","523001",,"direct_purchases/1670934705scan0019.pdf",,,,,,,,,,"Direct Purchase",,,"acc475005","harare"
"D22121321","Lunch","1","Simbisa Brands","134400.00","134400.00","2022-12-13","imgs/",,"0","0","0000-00-00","imgs/",,"0","0","0000-00-00","imgs/"," Lunch for Engineering Productivity meeting","specs/","Simbisa Brands","10241871","2022-12-13 13:32:27","524601",,"direct_purchases/1670938347scan0023.pdf",,,,,,,,,,"Direct Purchase",,,"acc473700","harare"
"D22121332","security services","1","safeguard","125400.00","125400.00","2022-12-13","imgs/",,"0","0","0000-00-00","imgs/",,"0","0","0000-00-00","imgs/"," safeguard security services 50Dunkled ","specs/","safeguard","10241864","2022-12-13 12:37:20","523001",,"direct_purchases/1670935040scan0018.pdf",,,,,,,,,,"Direct Purchase",,,"acc474030","harare"
"D22121335"," Refuse collection  services for the month of Octo","1","Ladgen","2000000.00","2000000.00","2022-12-13","imgs/",,"0","0","0000-00-00","imgs/",,"0","0","0000-00-00","imgs/"," Ladgen refuse collection for the month of October 2022","specs/","Ladgen","10241833","2022-12-13 08:16:21","523001",,"direct_purchases/scan0016.pdf",,,,,,,,,,"Direct Purchase",,,"acc473620","harare"
"D22121348","Refreshments","1","TM Pick n Pay","29489.00","29489.00","2022-12-13","imgs/",,"0","0","0000-00-00","imgs/",,"0","0","0000-00-00","imgs/"," Refreshments for Engineering Productivity meeting","specs/","TM Pick n Pay","10241873","2022-12-13 13:36:30","524601",,"direct_purchases/1670938590scan0024.pdf",,,,,,,,,,"Direct Purchase",,,"acc473700","harare"
"D22121366","Teas","1","Simbisa Brands","50400.00","50400.00","2022-12-13","imgs/",,"0","0","0000-00-00","imgs/",,"0","0","0000-00-00","imgs/"," Teas for Engineering Productivity Meeting","specs/","Simbisa Brands","10241869","2022-12-13 13:26:35","524601",,"direct_purchases/1670937995scan0022.pdf",,,,,,,,,,"Direct Purchase",,,"acc473690","harare"
"D22121372","Ladgen Refuse collection for the month of Septembe","1","Ladgen","1.00","1.00","2022-12-13","imgs/",,"0","0","0000-00-00","imgs/",,"0","0","0000-00-00","imgs/"," Ladgen refuse services for the month of September 2022","specs/","Ladgen","10241832","2022-12-13 08:05:33","523001",,"direct_purchases/1670918733scan0012.pdf",,,,,,,,,,"Direct Purchase",,,"acc473620","harare"
"D22121375","Tiles","1","Open House","1837485.00","1837485.00","2022-12-13","imgs/",,"0","0","0000-00-00","imgs/",,"0","0","0000-00-00","imgs/"," Materials for tiling second floor","specs/","Open House","10241799","2022-12-13 13:43:07","524601",,"direct_purchases/1670938987scan0010.pdf",,,,,,,,,,"Direct Purchase",,,"acc475005","harare"
"D22121376","KEYS BANKING HALL","1","KB LOCKSMITH","53250.00","53250.00","2022-12-13","imgs/",,"0","0","0000-00-00","imgs/",,"0","0","0000-00-00","imgs/"," KEYS FOR BANKING HALL ENTANCE","specs/","KB LOCKSMITH","10241859","2022-12-13 12:34:43","523001",,"direct_purchases/1670934883scan0020.pdf",,,,,,,,,,"Direct Purchase",,,"acc475005","harare"
"D22121394","Ladgen Refuse collection for the month of November","1","Ladgen","200000.00","200000.00","2022-12-13","imgs/",,"0","0","0000-00-00","imgs/",,"0","0","0000-00-00","imgs/"," Ladgen Refuse collection","specs/","Ladgen","10241836","2022-12-13 08:22:49","523001",,"direct_purchases/scan0015.pdf",,,,,,,,,,"Direct Purchase",,,"acc473620","harare"
"D23012051"," Guest and Tanner jan 2023 rent shortfall","1","Guest and Tanner","220542.00","220542.00","2023-01-20","imgs/",,"0","0","0000-00-00","imgs/",,"0","0","0000-00-00","imgs/"," Guest and Tanner January 2023 rent balance","specs/","Guest and Tanner","10243383","2023-01-20 14:12:01","523001",,"direct_purchases/JANUARY BALANCE   RENT ADVICE.docx",,,,,,,,,,"Direct Purchase",,,"acc474010","harare"
"D23012083","data bundle","3","Telone","99691.00","299073.00","2023-01-20","imgs/",,"0","0","0000-00-00","imgs/",,"0","0","0000-00-00","imgs/"," ADSL DATA BUNDLE FOR GM, FM AND HRAM","specs/","Telone","10243381","2023-01-20 14:05:35","523001",,"direct_purchases/ZETDC INTENSE X3 QUOTE.pdf",,,,,,,,,,"Direct Purchase",,,"acc473300","harare"
"D23012412","rent","1",,"0.00","0.00","2023-01-24","imgs/",,"0","0","0000-00-00","imgs/",,"0","0","0000-00-00","imgs/"," ZAS Jan 2023 rental for Showground Offices","specs/","ZAS","10243556","2023-01-24 12:09:27","523001",,"direct_purchases/1674562167SAZ.jpeg",,,,,,,,,,,,,"acc474010","harare"
"D23012439","rent","1",,"0.00","0.00","2023-01-24","imgs/",,"0","0","0000-00-00","imgs/",,"0","0","0000-00-00","imgs/"," ZAS Jan 2023 rental for Showground Offices","specs/","ZAS","10243556","2023-01-24 12:09:34","523001",,"direct_purchases/1674562174SAZ.jpeg",,,,,,,,,,,,,"acc474010","harare"
"D2301245","rent","1","ZAS","1679756.00","1679756.00","2023-01-24","imgs/",,"0","0","0000-00-00","imgs/",,"0","0","0000-00-00","imgs/"," ZAS Jan 2023 rental for Showground Offices","specs/","ZAS","10243556","2023-01-24 12:09:22","523001",,"direct_purchases/SAZ.jpeg",,,,,,,,,,"Direct Purchase",,,"acc474010","harare"
"D23012487","feb rent","1","ZAS","1813462.00","1813462.00","2023-01-24","imgs/",,"0","0","0000-00-00","imgs/",,"0","0","0000-00-00","imgs/"," ZAS Feb 2023 rental for Showground ","specs/","ZAS","10243558","2023-01-24 12:17:16","523001",,"direct_purchases/SAZ2.jpeg",,,,,,,,,,"Direct Purchase",,,"acc474010","harare"
"D23013019","rent feb 2023","1","STOHILL","2313630.00","2313630.00","2023-01-30","imgs/",,"0","0","0000-00-00","imgs/",,"0","0","0000-00-00","imgs/"," Stohill properties rental for Feb, March and April 2023 DM South Eng Chigumira","specs/","STOHILL","10243874","2023-01-30 11:49:00","523001",,"direct_purchases/stohill invoice.jpg",,,,,,,,,,"Direct Purchase",,,"acc474010","harare"
"D2301309","feb rent","1","Guest and Tanner","764550.00","764550.00","2023-01-30","imgs/",,"0","0","0000-00-00","imgs/",,"0","0","0000-00-00","imgs/"," GUEST AND TANNER   FEB 2023 RENTAL FOR  DM EAST ENG MBAVARIRA","specs/","Guest and Tanner","10243874","2023-01-30 11:08:27","523001",,"direct_purchases/2032 WESTGATE FEBRUARY RENT.docx",,,,,,,,,,"Direct Purchase",,,"acc474010","harare"
"D23013097","Ruwa depot feb rent","1","Guest and Tanner","3956546.00","3956546.00","2023-01-30","imgs/",,"0","0","0000-00-00","imgs/",,"0","0","0000-00-00","imgs/"," guest and tanner February 2023 rental","specs/","Guest and Tanner","10243875","2023-01-30 11:00:40","523001",,"direct_purchases/SHUMBA CLOSE RUWA FEBRUARY RENT.docx",,,,,,,,,,"Direct Purchase",,,"acc474010","harare"
"D2302022","feb rent","1","Crusader Real Estate","850000.00","850000.00","2023-02-02","imgs/",,"0","0","0000-00-00","imgs/",,"0","0","0000-00-00","imgs/"," Crusader ","specs/","Crusader Real Estate","10244155","2023-02-02 07:43:31","523001",,"direct_purchases/crus.jpeg",,,,,,,,,,"Direct Purchase",,,"acc474010","harare"
"D23020240","feb rent","1","JJ MAINTENANCE","960000.00","960000.00","2023-02-02","imgs/",,"0","0","0000-00-00","imgs/",,"0","0","0000-00-00","imgs/"," February rent for SCSO Mwale","specs/","JJ MAINTENANCE","10244146","2023-02-02 06:18:04","523001",,"direct_purchases/Invocie for rent - Febuary 2023 - 13 Campbelton road , bluffhil harare.pdf",,,,,,,,,,"Direct Purchase",,,"acc474010","harare"
"D2302027","feb rent","1","JJ MAINTENANCE","104000.00","104000.00","2023-02-02","imgs/",,"0","0","0000-00-00","imgs/",,"0","0","0000-00-00","imgs/"," February 2023 rent for SCSO Njenda","specs/","JJ MAINTENANCE","10244147","2023-02-02 06:20:13","523001",,"direct_purchases/Invocie for rent - February 2023- 2365 Mt Pleasant , harare (1).pdf",,,,,,,,,,"Direct Purchase",,,"acc474010","harare"
"D23020289","feb rent","1","JJ MAINTENANCE","856000.00","856000.00","2023-02-02","imgs/",,"0","0","0000-00-00","imgs/",,"0","0","0000-00-00","imgs/"," February 2023 rent for SCSO Maorera","specs/","JJ MAINTENANCE","10244148","2023-02-02 06:21:48","523001",,"direct_purchases/Invocie for rent - February 2023- 213 Fidelity , Manresa , harare (1).pdf",,,,,,,,,,"Direct Purchase",,,"acc474010","harare"
"D23020668","feb rent","1","zoomway","665000.00","665000.00","2023-02-06","imgs/",,"0","0","0000-00-00","imgs/",,"0","0","0000-00-00","imgs/"," ZOOMWAY RENTAL FOR FEBRUARY 2023 - SCSO SATANDE BORROWDALE DEPOT","specs/","zoomway","10244272","2023-02-06 06:45:22","523001",,"direct_purchases/Zetdc February 2023  invoice.pdf",,,,,,,,,,"Direct Purchase",,,"acc474010","harare"
"D23020846","herald and Sunday mail","1","Zimbabwe Newspapers","1950.00","1950.00","2023-02-08","imgs/",,"0","0","0000-00-00","imgs/",,"0","0","0000-00-00","imgs/"," 7copies a week Herald and Sunday Mail for 6 months - Management","specs/","Zimbabwe Newspapers","10244430","2023-02-08 08:04:20","523001",,"direct_purchases/WhatsApp Image 2023-02-08 at 10.02.47.jpeg",,,,,,,,,,"Direct Purchase",,,"acc473810","harare"
"D23022295","Refuse collection","1","Ladgen","200000.00","200000.00","2023-02-22","imgs/",,"0","0","0000-00-00","imgs/",,"0","0","0000-00-00","imgs/"," Refuse collection","specs/","Ladgen","10245139","2023-02-22 14:54:31","523001",,"direct_purchases/WhatsApp Image 2023-02-22 at 16.53.42.jpeg",,,,,,,,,,"Direct Purchase",,,"acc473620","harare"
"D23022321","Rent arrears  Sept 2022 to Oct 2022","1","Fly Path","1600.00","1600.00","2023-02-22","imgs/",,"0","0","0000-00-00","imgs/",,"0","0","0000-00-00","imgs/"," Fly path pvt limited renatl arrears for no. 40 of stand number 347 prospect for Ms J Masaire","specs/","Fly Path","10245138","2023-02-23 10:40:32","523001",,"direct_purchases/Invoice Mail - ZETDC 2022  ARREARS.xlsx",,,,,,,,,,"Direct Purchase",,,"acc474010","harare"
"D23022722","March 2023 rent","1","JJ MAINTENANCE","1235000.00","1235000.00","2023-02-27","imgs/",,"0","0","0000-00-00","imgs/",,"0","0","0000-00-00","imgs/"," JJ MAINTENANCE MARCH 2023 RENTAL FOR SCSO MWALE","specs/","JJ MAINTENANCE","10245375","2023-02-27 14:15:59","523001",,"direct_purchases/Invoice - ZETDC - Mt pleasant.pdf",,,,,,,,,,"Direct Purchase",,,"acc474010","harare"
"D23022728","March 2023 rent","1","Crusader Real Estate","850000.00","850000.00","2023-02-27","imgs/",,"0","0","0000-00-00","imgs/",,"0","0","0000-00-00","imgs/"," Crusader, March rental for Eng. Tachiona Network Development","specs/","Crusader Real Estate","10245369","2023-02-27 14:21:42","523001",,"direct_purchases/Crusader mar invoice.pdf",,,,,,,,,,"Direct Purchase",,,"acc474010","harare"
"D23022757","March 2023 rent","1","Guest and Tanner","875610.00","875610.00","2023-02-27","imgs/",,"0","0","0000-00-00","imgs/",,"0","0","0000-00-00","imgs/"," Guest and Tanner , March 2023 rental for DM Mbavarira","specs/","Guest and Tanner","10245377","2023-02-27 14:08:49","523001",,"direct_purchases/2032 WESTGATE MARCH RENT ADVICE NOTE.docx",,,,,,,,,,"Direct Purchase",,,"acc474010","harare"
"D2302276","March 2023 rent","1","JJ MAINTENANCE","1140000.00","1140000.00","2023-02-27","imgs/",,"0","0","0000-00-00","imgs/",,"0","0","0000-00-00","imgs/"," JJ MAINTENANCE, MARCH 2023 RENTAL FOR SCSO MWALE","specs/","JJ MAINTENANCE","10245374","2023-02-27 14:18:36","523001",,"direct_purchases/Invoice - ZETDC - BLUFFHILL.pdf",,,,,,,,,,"Direct Purchase",,,"acc474010","harare"
"D23022774","March 2023 rent","1","Guest and Tanner","4531281.00","4531281.00","2023-02-27","imgs/",,"0","0","0000-00-00","imgs/",,"0","0","0000-00-00","imgs/"," Guest and Tanner March 2023 rent for Ruwa Depot","specs/","Guest and Tanner","10245378","2023-02-27 13:59:33","523001",,"direct_purchases/SHUMBA CLOSE MARCH RENT ADVICE NOTE.docx",,,,,,,,,,"Direct Purchase",,,"acc474010","harare"
"D2302278","March 2023 rent","1","zoomway","1050000.00","1050000.00","2023-02-27","imgs/",,"0","0","0000-00-00","imgs/",,"0","0","0000-00-00","imgs/"," ZOOMWAY, MARCH 2023 RENTAL FOR SCSO SATANDE","specs/","zoomway","10245388","2023-02-27 14:31:08","523001",,"direct_purchases/ZOOMWAY  March 2023  invoice.pdf",,,,,,,,,,"Direct Purchase",,,"acc474010","harare"
"D23022784","March 2023 rent","1","JJ MAINTENANCE","1140000.00","1140000.00","2023-02-27","imgs/",,"0","0","0000-00-00","imgs/",,"0","0","0000-00-00","imgs/"," JJ MAINTENANCE MARCH 2023 RENTAL FOR SCSO MAORERA","specs/","JJ MAINTENANCE","10245376","2023-02-27 14:11:09","523001",,"direct_purchases/Invoice - ZETDC -  MANDRESA.pdf",,,,,,,,,,"Direct Purchase",,,"acc474010","harare"
"D23022890","March 2023 rent","1","Rod Bell Real Estate","450000.00","450000.00","2023-02-28","imgs/",,"0","0","0000-00-00","imgs/",,"0","0","0000-00-00","imgs/"," Rodbll Real Estate, March 2023 rental  Hwami","specs/","Rod Bell Real Estate","10245430","2023-02-28 12:14:38","523001",,"direct_purchases/Rodbell - March 2023 - 12 Frederick Booth Ave..docx",,,,,,,,,,"Direct Purchase",,,"acc474010","harare"
"D23030197","March 2023 rent","1","Z.A.S.","2762013.00","2762013.00","2023-03-01","imgs/",,"0","0","0000-00-00","imgs/",,"0","0","0000-00-00","imgs/"," ZAS March 2023 rental for ZETDC Showground offices","specs/","Z.A.S.","10245491","2023-03-01 12:19:06","523001",,"direct_purchases/ZAS March Invoice_20230301_111937.pdf",,,,,,,,,,"Direct Purchase",,,"acc474010","harare"
"D23030217","data bundle","3","Telone","149537.00","448611.00","2023-03-02","imgs/",,"0","0","0000-00-00","imgs/",,"0","0","0000-00-00","imgs/"," ADSL DATA BUNDLE FOR HR, GM AND FM","specs/","Telone","10245569","2023-03-02 13:02:15","523001",,"direct_purchases/TELONE ZETDC MARCH 2023 QUOTE.pdf",,,,,,,,,,"Direct Purchase",,,"acc473310","harare"
"D23032143","transport for 30000 pavers to waterfalls depot","3","Histride Investiment","313043.00","939129.00","2023-03-21","imgs/",,"0","0","0000-00-00","imgs/",,"0","0","0000-00-00","imgs/"," transport for 30000 pavers to waterfalls depot","specs/","Histride Investiment","10246603","2023-03-21 10:24:09","523001",,"direct_purchases/Est_22132_from_HISTRIDE_INVESTMENTS_PVT_LTD_9448.pdf",,,,,,,,,,"Direct Purchase",,,"acc473600","harare"
"D23032193","ribbons for asset lablers","50","Solution Centre","32500.00","1625000.00","2023-03-21","imgs/",,"0","0","0000-00-00","imgs/",,"0","0","0000-00-00","imgs/"," Ribbons for Asset lablers","specs/","Solution Centre","10246585","2023-03-21 08:37:01","523001",,"direct_purchases/WhatsApp Image 2023-03-21 at 10.32.34 (1).jpeg",,,,,,,,,,"Direct Purchase",,,"acc466605","harare"
"D23032414","april 2023 rent","1","JJ MAINTENANCE","1320000.00","1320000.00","2023-03-24","imgs/",,"0","0","0000-00-00","imgs/",,"0","0","0000-00-00","imgs/"," JJ Maintenance April rental for SCSO Mwale","specs/","JJ MAINTENANCE","10246851","2023-03-24 14:48:57","523001",,"direct_purchases/1679669337WhatsApp Image 2023-03-24 at 16.44.36.jpeg",,,,,,,,,,"Direct Purchase",,,"acc474010","harare"
"D23032425","april 2023 rent","1","JJ MAINTENANCE","1320000.00","1320000.00","2023-03-24","imgs/",,"0","0","0000-00-00","imgs/",,"0","0","0000-00-00","imgs/"," JJ Maintenance april 2023 rent for SCSO Maorera Mabvuk DEPOT","specs/","JJ MAINTENANCE","10246850","2023-03-24 14:45:45","523001",,"direct_purchases/WhatsApp Image 2023-03-24 at 16.44.36.jpeg",,,,,,,,,,"Direct Purchase",,,"acc474010","harare"
"D23032452","security services","1","safeguard","145200.00","145200.00","2023-03-24","imgs/",,"0","0","0000-00-00","imgs/",,"0","0","0000-00-00","imgs/"," Safeguard security service for no. 50 Dunkled  for the period of March, April,  and May 2023","specs/","safeguard","10246845","2023-03-24 14:52:12","523001",,"direct_purchases/WhatsApp Image 2023-03-24 at 16.51.42.jpeg",,,,,,,,,,"Direct Purchase",,,"acc474030","harare"
"D23032465","april 2023 rent","1","Guest and Tanner","4734890.00","4734890.00","2023-03-24","imgs/",,"0","0","0000-00-00","imgs/",,"0","0","0000-00-00","imgs/"," Guest and tanner Ruwa depot April 2023 rent ","specs/","Guest and Tanner","10246846","2023-03-24 14:31:22","523001",,"direct_purchases/1679668282WhatsApp Image 2023-03-24 at 16.26.20.jpeg",,,,,,,,,,"Direct Purchase",,,"acc474010","harare"
"D23032470","april 2023 rent","1","JJ MAINTENANCE","1430000.00","1430000.00","2023-03-24","imgs/",,"0","0","0000-00-00","imgs/",,"0","0","0000-00-00","imgs/"," JJ Maintenance for scso Njenda","specs/","JJ MAINTENANCE","10246852","2023-03-24 14:42:56","523001",,"direct_purchases/WhatsApp Image 2023-03-24 at 16.41.22.jpeg",,,,,,,,,,"Direct Purchase",,,"acc474010","harare"
"D23032476","rent","1","Guest and Tanner","914954.00","914954.00","2023-03-24","imgs/",,"0","0","0000-00-00","imgs/",,"0","0","0000-00-00","imgs/"," Guest and Tanner rent for Westgate","specs/","Guest and Tanner","10246849","2023-03-24 14:27:09","523001",,"direct_purchases/WhatsApp Image 2023-03-24 at 16.26.20.jpeg",,,,,,,,,,"Direct Purchase",,,"acc474010","harare"
"D23032478","data bundle","3","Telone","149537.00","448611.00","2023-03-24","imgs/",,"0","0","0000-00-00","imgs/",,"0","0","0000-00-00","imgs/"," telone  INTENSE * 3 ADSL data bundle for FM GM AND HRAM","specs/","Telone","10246848","2023-03-24 14:35:48","523001",,"direct_purchases/WhatsApp Image 2023-03-24 at 16.30.50.jpeg",,,,,,,,,,"Direct Purchase",,,"acc473330","harare"
"D23032481","april 2023 rent","1","Z.A.S.","2296162.00","2296162.00","2023-03-24","imgs/",,"0","0","0000-00-00","imgs/",,"0","0","0000-00-00","imgs/"," ZAS SHOW GROUND BANKING HALL RENTAL APRIL 2023","specs/","Z.A.S.","10246847","2023-03-24 14:39:46","523001",,"direct_purchases/WhatsApp Image 2023-03-24 at 16.38.37.jpeg",,,,,,,,,,"Direct Purchase",,,"acc474010","harare"
"D2304052","april 2023 rent","1","Rod Bell Real Estate","450000.00","450000.00","2023-04-05","imgs/",,"0","0","0000-00-00","imgs/",,"0","0","0000-00-00","imgs/"," Rodbell April 2023 rental for SCSO Maindidze","specs/","Rod Bell Real Estate","10247327","2023-04-05 11:41:44","523001",,"direct_purchases/WhatsApp Image 2023-04-05 at 12.47.02.jpeg",,,,,,,,,,"Direct Purchase",,,"acc474010","harare"
"D23040577","april 2023 rent","1","Sandeven","764065.00","764065.00","2023-04-05","imgs/",,"0","0","0000-00-00","imgs/",,"0","0","0000-00-00","imgs/"," Sandavan  April  2023 rental for Makove Project","specs/","Sandeven","10247322","2023-04-05 11:38:33","523001",,"direct_purchases/Sandavan April  inv. 2023.docx",,,,,,,,,,"Direct Purchase",,,"acc474010","harare"
"D23042620","may 2023 rent","1","STOHILL","3032370.00","3032370.00","2023-04-26","imgs/",,"0","0","0000-00-00","imgs/",,"0","0","0000-00-00","imgs/"," stohill  May 2023 rent","specs/","STOHILL","10248205","2023-04-26 14:48:34","523001",,"direct_purchases/WhatsApp Image 2023-04-26 at 16.47.10.jpeg",,,,,,,,,,"Direct Purchase",,,"acc474010","harare"
"D23042629","may 2023 rent","1","JJ MAINTENANCE","1560000.00","1560000.00","2023-04-26","imgs/",,"0","0","0000-00-00","imgs/",,"0","0","0000-00-00","imgs/"," JJ Maintenance May rent for SCSO Maorera","specs/","JJ MAINTENANCE","10248169","2023-04-26 14:57:06","523001",,"direct_purchases/Invocie for rent - May 2023- 213 Fidelity , Manresa , harare (1).pdf",,,,,,,,,,"Direct Purchase",,,"acc474010","harare"
"D23042637","may 2023 rent","1","Guest and Tanner","983108.00","983108.00","2023-04-26","imgs/",,"0","0","0000-00-00","imgs/",,"0","0","0000-00-00","imgs/"," Guest and Tanner May 2023 rent for DM East Eng Mbavarira","specs/","Guest and Tanner","10248174","2023-04-26 15:03:49","523001",,"direct_purchases/2032 WESTGATE MAY RENT ADVICE NOTE (00000002).docx",,,,,,,,,,"Direct Purchase",,,"acc474010","harare"
"D23042640","may 2023 rent","1","Z.A.S.","2510971.00","2510971.00","2023-04-26","imgs/",,"0","0","0000-00-00","imgs/",,"0","0","0000-00-00","imgs/"," ZAS May 2023","specs/","Z.A.S.","10248209","2023-04-26 14:39:06","523001",,"direct_purchases/ZAS May 2023 Invoice.pdf",,,,,,,,,,"Direct Purchase",,,"acc474010","harare"
"D23042646","undergound water levies for zetdc feb, mar and apr","1","Upper Manyame","1561336.00","1561336.00","2023-04-26","imgs/",,"0","0","0000-00-00","imgs/",,"0","0","0000-00-00","imgs/"," Upper Manyame underground water levies","specs/","Upper Manyame","10248233","2023-04-26 14:52:26","523001",,"direct_purchases/ZESA RTGS INVOICE (1).pdf",,,,,,,,,,"Direct Purchase",,,"acc474000","harare"
"D23042648","may 2023 rent","1","Rod Bell Real Estate","550000.00","550000.00","2023-04-26","imgs/",,"0","0","0000-00-00","imgs/",,"0","0","0000-00-00","imgs/"," Rodbell May 2023 rent scso Maindidze","specs/","Rod Bell Real Estate","10248207","2023-04-26 14:42:51","523001",,"direct_purchases/Rodbell May 2023 - 12 Frederick Booth Ave..docx",,,,,,,,,,"Direct Purchase",,,"acc474010","harare"
"D23042661","may 2023 rent","1","JJ MAINTENANCE","1690000.00","1690000.00","2023-04-26","imgs/",,"0","0","0000-00-00","imgs/",,"0","0","0000-00-00","imgs/"," JJ Maintenance May 2023 rent for SCSO Njenda","specs/","JJ MAINTENANCE","10248170","2023-04-26 14:59:37","523001",,"direct_purchases/Invocie for rent - May 2023- 2365 Mt Pleasant , harare.pdf",,,,,,,,,,"Direct Purchase",,,"acc474010","harare"
"D23042663","may 2023 rent","1","JJ MAINTENANCE","1560000.00","1560000.00","2023-04-26","imgs/",,"0","0","0000-00-00","imgs/",,"0","0","0000-00-00","imgs/"," JJ Maintenance May 2023 rent Mwale","specs/","JJ MAINTENANCE","10248163","2023-04-26 14:55:09","523001",,"direct_purchases/Invocie for rent - april 2023 - 13 Campbelton road , bluffhil harare (2).pdf",,,,,,,,,,"Direct Purchase",,,"acc474010","harare"
"D23042671","may rent","1","Crusader Real Estate","1190000.00","1190000.00","2023-04-26","imgs/",,"0","0","0000-00-00","imgs/",,"0","0","0000-00-00","imgs/"," May 2023 rent for Eng Tachiona ","specs/","Crusader Real Estate","10248228","2023-04-26 14:34:53","523001",,"direct_purchases/Crusader  May 2023 INVOICE.pdf",,,,,,,,,,"Direct Purchase",,,"acc474010","harare"
"D23042694","may 2023 rent","1","Guest and Tanner","5087587.00","5087587.00","2023-04-26","imgs/",,"0","0","0000-00-00","imgs/",,"0","0","0000-00-00","imgs/"," Guest and Tanner May 2023 rent for Ruwa Depot","specs/","Guest and Tanner","10248175","2023-04-26 15:05:52","523001",,"direct_purchases/SHUMBA CLOSE MAY RENT ADVICE NOTE.docx",,,,,,,,,,"Direct Purchase",,,"acc474010","harare"
"D23050293","may 2023 rent","1","Sandeven","854267.00","854267.00","2023-05-02","imgs/",,"0","0","0000-00-00","imgs/",,"0","0","0000-00-00","imgs/"," Sandavan holdings May 2023 rent for Mr Makove, Projects","specs/","Sandeven","10248404","2023-05-02 14:19:40","523001",,"direct_purchases/Sandavan May  inv. 2023.docx",,,,,,,,,,"Direct Purchase",,,"acc474010","harare"
"D23050296","may 2023 rent","1","zoomway","1050000.00","1050000.00","2023-05-02","imgs/",,"0","0","0000-00-00","imgs/",,"0","0","0000-00-00","imgs/"," Zoomway May 2023 for SCSO Satande","specs/","zoomway","10248403","2023-05-02 14:15:23","523001",,"direct_purchases/Zetdc May 2023  invoice.pdf",,,,,,,,,,"Direct Purchase",,,"acc474010","harare"
"D23051870","rabbles removal","1","Chenesa Nyika waste removal","200.00","200.00","2023-05-18","imgs/",,"0","0","0000-00-00","imgs/",,"0","0","0000-00-00","imgs/"," RABBLES REMOVAL","specs/","Chenesa Nyika waste removal","10249175","2023-05-18 08:12:30","523001",,"direct_purchases/(QUOTATION) ZETDC-2.pdf",,,,,,,,,,"Direct Purchase",,,"acc474020","harare"
"D23051871","June 2023 rent","1","Rod Bell Real Estate","550000.00","550000.00","2023-05-18","imgs/",,"0","0","0000-00-00","imgs/",,"0","0","0000-00-00","imgs/"," Rodbell rental for the month of June 2023 for SCSO Maindidze Waterfalls depot","specs/","Rod Bell Real Estate","10249179","2023-05-18 08:20:53","523001",,"direct_purchases/Rodbell June 2023 -13 campbelton road , blufhill ,harare-1.docx",,,,,,,,,,"Direct Purchase",,,"acc474010","harare"
"D23051991","June 2023 rent","1",,"0.00","0.00","2023-05-18","imgs/",,"0","0","0000-00-00","imgs/",,"0","0","0000-00-00","imgs/"," Rodbell rental for the month of June 2023 for SCSO Maindidze Waterfalls depot","specs/","Rod Bell Real Estate","10249179","2023-05-19 08:07:16","523001",,"direct_purchases/1684483636Rodbell June 2023 -13 campbelton road , blufhill ,harare-1.docx",,,,,,,,,,,,,"acc474010","harare"
"D2305224","June 2023 rent","1","JJ MAINTENANCE","2100000.00","2100000.00","2023-05-22","imgs/",,"0","0","0000-00-00","imgs/",,"0","0","0000-00-00","imgs/"," JJ Maintenance June 2023 rental for SCSO Mwale","specs/","JJ MAINTENANCE","10249330","2023-05-22 10:17:03","523001",,"direct_purchases/Invocie for rent - June 2023 - 13 Campbelton road , bluffhil harare (1).pdf",,,,,,,,,,"Direct Purchase",,,"acc474010","harare"
"D23052254","June 2023 rent","1","JJ MAINTENANCE","2240000.00","2240000.00","2023-05-22","imgs/",,"0","0","0000-00-00","imgs/",,"0","0","0000-00-00","imgs/"," JJ Maintenance for SCSO Njenda ","specs/","JJ MAINTENANCE","10249335","2023-05-22 10:12:16","523001",,"direct_purchases/Invocie for rent -  june 2023- 2365 Mt Pleasant , harare.pdf",,,,,,,,,,"Direct Purchase",,,"acc474010","harare"
"D23052295","June 2023 rent","1","JJ MAINTENANCE","1680000.00","1680000.00","2023-05-22","imgs/",,"0","0","0000-00-00","imgs/",,"0","0","0000-00-00","imgs/"," JJ Maintenance June 2023 rental for SCSO Maorera Mabvuku depot","specs/","JJ MAINTENANCE","10249333","2023-05-22 10:14:59","523001",,"direct_purchases/Invocie for rent - June 2023- 213 Fidelity , Manresa , harare.pdf",,,,,,,,,,"Direct Purchase",,,"acc474010","harare"
"D23052932","borehore repairs","1","Findtech trading","3000000.00","3000000.00","2023-05-28","imgs/",,"0","0","0000-00-00","imgs/",,"0","0","0000-00-00","imgs/"," fishout submissible pump 150meters","specs/","Findtech trading","10249508","2023-05-29 09:18:56","523001",,"direct_purchases/WhatsApp Image 2023-05-29 at 10.00.14.jpeg",,,,,,,,,,"Direct Purchase",,,"acc473620","harare"
"D23053194","COFFE MACHINE INGRIDIENTS ","1","Refresh Beverage","804.00","804.00","2023-05-31","imgs/",,"0","0","0000-00-00","imgs/",,"0","0","0000-00-00","imgs/"," coffe machine ingredients ","specs/","Refresh Beverage","10249720","2023-05-31 12:28:28","523001",,"direct_purchases/ZETDC WAYNE STREET .pdf",,,,,,,,,,"Direct Purchase",,,"acc473690","harare"
"D23060174","May 2023 refuse collection","1","Chenesa Nyika waste removal","320.00","320.00","2023-06-01","imgs/",,"0","0","0000-00-00","imgs/",,"0","0","0000-00-00","imgs/"," May 2023 refuse collection Projects","specs/","Chenesa Nyika waste removal","10249775","2023-06-01 10:09:19","523001",,"direct_purchases/WhatsApp Image 2023-06-01 at 12.07.49.jpeg",,,,,,,,,,"Direct Purchase",,,"acc474010","harare"
"D23060190","June 2023 rent","1","Sandeven","2190492.00","2190492.00","2023-06-01","imgs/",,"0","0","0000-00-00","imgs/",,"0","0","0000-00-00","imgs/"," 2023 June Rentals for E Makove Projects ","specs/","Sandeven","10249780","2023-06-01 09:55:48","523001",,"direct_purchases/Sandavan June  inv. 2023.docx",,,,,,,,,,"Direct Purchase",,,"acc474010","harare"
"D2306054","water delivery","2","borehole clinic","215000.00","430000.00","2023-06-05","imgs/",,"0","0","0000-00-00","imgs/",,"0","0","0000-00-00","imgs/"," Bulk water delivery for EM's residence Dorset","specs/","borehole clinic","10249893","2023-06-05 14:17:19","523001",,"direct_purchases/WhatsApp Image 2023-06-05 at 16.16.35 (1).jpeg",,,,,,,,,,"Direct Purchase",,,"acc473620","harare"
"D2306056","newsday monday -saturday","1","Alpha Media Holdings","483600.00","483600.00","2023-06-05","imgs/",,"0","0","0000-00-00","imgs/",,"0","0","0000-00-00","imgs/"," Newsday 5 copies per week for 6 months for the period from 10 June-December 2023","specs/","Alpha Media Holdings","10249811","2023-06-05 14:27:42","523001",,"direct_purchases/WhatsApp Image 2023-06-05 at 16.23.48.jpeg",,,,,,,,,,"Direct Purchase",,,"acc473810","harare"
"D23060566","Newspaper the standard","1","Alpha Media Holdings","80600.00","80600.00","2023-06-05","imgs/",,"0","0","0000-00-00","imgs/",,"0","0","0000-00-00","imgs/"," The Standard 5 copies per week for 6 months start 11 June-December 2023","specs/","Alpha Media Holdings","10249900","2023-06-05 14:30:00","523001",,"direct_purchases/WhatsApp Image 2023-06-05 at 16.23.20.jpeg",,,,,,,,,,"Direct Purchase",,,"acc473810","harare"
"D23060583","Zimbabwe Independent","1","Alpha Media Holdings","158600.00","158600.00","2023-06-05","imgs/",,"0","0","0000-00-00","imgs/",,"0","0","0000-00-00","imgs/"," Zimbabwe independent : 5 copies per week for 6 months from 9 June-December 2023","specs/","Alpha Media Holdings","10249899","2023-06-05 14:23:51","523001",,"direct_purchases/WhatsApp Image 2023-06-05 at 16.23.16.jpeg",,,,,,,,,,"Direct Purchase",,,"acc473810","harare"
"D23060597","security services","1","safeguard","459130.00","459130.00","2023-06-05","imgs/",,"0","0","0000-00-00","imgs/",,"0","0","0000-00-00","imgs/"," Safeguard security service for 50 Dunkeld road for the period of June,July ,August 2023
","specs/","safeguard","10249888","2023-06-05 14:08:37","523001",,"direct_purchases/safeguard june july august 2023.pdf",,,,,,,,,,"Direct Purchase",,,"acc474030","harare"
"D23060669","rentals for Satande","1","zoomway","3850000.00","3850000.00","2023-06-06","imgs/",,"0","0","0000-00-00","imgs/",,"0","0","0000-00-00","imgs/"," June 2023 rentals for senior customer services Satande borrowdale depot","specs/","zoomway","10249945","2023-06-06 09:56:50","523001",,"direct_purchases/Zetdc June 2023  invoice.pdf",,,,,,,,,,"Direct Purchase",,,"acc474010","harare"
"D23060674","Newspaper the standard","1",,"0.00","0.00","2023-06-05","imgs/",,"0","0","0000-00-00","imgs/",,"0","0","0000-00-00","imgs/"," The Standard 5 copies per week for 6 months start 11 June-December 2023","specs/","Alpha Media Holdings","10249900","2023-06-06 07:15:14","523001",,"direct_purchases/1686035714WhatsApp Image 2023-06-05 at 16.23.20.jpeg",,,,,,,,,,,,,"acc473810","harare"
"D23061263","Netone bill","1","Netone","870734.00","870734.00","2023-06-12","imgs/",,"0","0","0000-00-00","imgs/",,"0","0","0000-00-00","imgs/"," Netone account number 4662051 postpaid for statistical metering for Harare region invoice number 42700137 invoice period 01/04/2023 to 30/04/2023","specs/","Netone","10250182","2023-06-12 10:51:46","523001",,"direct_purchases/WhatsApp Image 2023-06-12 at 12.47.44.jpeg",,,,,,,,,,"Direct Purchase",,,"acc473310","harare"
"D23061389","June 2023 rent variance rate on the date of paymen","1","Crusader Real Estate","2123165.00","2123165.00","2023-06-13","imgs/",,"0","0","0000-00-00","imgs/",,"0","0","0000-00-00","imgs/"," Crusader June rent variance rate","specs/","Crusader Real Estate","10250248","2023-06-13 13:48:23","523001",,"direct_purchases/ZETDC JUNE 2023 VARIENCE INVOICE.pdf",,,,,,,,,,"Direct Purchase",,,"acc474010","harare"
"D23061916","July 2023 rent","1","Rod Bell Real Estate","550000.00","550000.00","2023-06-19","imgs/",,"0","0","0000-00-00","imgs/",,"0","0","0000-00-00","imgs/"," Rodbell July 2023 rental for SCSO Maindidze Waterfalls depot","specs/","Rod Bell Real Estate","10250419","2023-06-19 10:12:56","523001",,"direct_purchases/WhatsApp Image 2023-06-19 at 11.27.34.jpeg",,,,,,,,,,"Direct Purchase",,,"acc474010","harare"
"D23061970","June 2023 rent","1","Rod Bell Real Estate","550000.00","550000.00","2023-06-19","imgs/",,"0","0","0000-00-00","imgs/",,"0","0","0000-00-00","imgs/"," Rodbell June 2023 rental for SCSO Maindidze Waterfalls depot","specs/","Rod Bell Real Estate","10250411","2023-06-19 10:10:26","523001",,"direct_purchases/WhatsApp Image 2023-06-16 at 15.35.53.jpeg",,,,,,,,,,"Direct Purchase",,,"acc474010","harare"
"D23062326","July 2023 rent","1","JJ MAINTENANCE","11700000.00","11700000.00","2023-06-23","imgs/",,"0","0","0000-00-00","imgs/",,"0","0","0000-00-00","imgs/"," JJ Maintenance July rent for SCSO Mwale Southerton depot","specs/","JJ MAINTENANCE","10250714","2023-06-23 14:54:00","523001",,"direct_purchases/Invocie for rent - July 2023 - 13 Campbelton road , bluffhil harare.pdf",,,,,,,,,,"Direct Purchase",,,"acc474010","harare"
"D23062335","July 2023 rent","1","Guest and Tanner","4500.00","4500.00","2023-06-23","imgs/",,"0","0","0000-00-00","imgs/",,"0","0","0000-00-00","imgs/"," GUEST AND TANNER JULY RENT RUWA DEPOT","specs/","Guest and Tanner","10250960","2023-06-23 14:47:23","523001",,"direct_purchases/July  Rent Invoice - ZETDC - 654 SHUMBA CLOSE RUWA.pdf",,,,,,,,,,"Direct Purchase",,,"acc474010","harare"
"D23062368","July 2023 rent","1","JJ MAINTENANCE","12480000.00","12480000.00","2023-06-23","imgs/",,"0","0","0000-00-00","imgs/",,"0","0","0000-00-00","imgs/"," JJ Maintanence July rent for SCSO Njenda Glenview depot","specs/","JJ MAINTENANCE","10250713","2023-06-23 14:51:34","523001",,"direct_purchases/Invocie for rent -  july 2023- 2365 Mt Pleasant , harare.pdf",,,,,,,,,,"Direct Purchase",,,"acc474010","harare"
"D23062390","July 2023 rent","1","Guest and Tanner","1000000.00","1000000.00","2023-06-23","imgs/",,"0","0","0000-00-00","imgs/",,"0","0","0000-00-00","imgs/"," Guest and tanner july 2023 rent for DM Mbavarira  East ","specs/","Guest and Tanner","10250689","2023-06-23 14:44:39","523001",,"direct_purchases/2032 WESTGATE JULY 2023 RENT ADVICE NOTE.pdf",,,,,,,,,,"Direct Purchase",,,"acc474010","harare"
"D23062395","July 2023 rent","1","JJ MAINTENANCE","9240000.00","9240000.00","2023-06-23","imgs/",,"0","0","0000-00-00","imgs/",,"0","0","0000-00-00","imgs/"," JJ Maintanance July rent for scso Maorera","specs/","JJ MAINTENANCE","10250694","2023-06-23 14:49:26","523001",,"direct_purchases/Invocie for rent - July 2023- 213 Fidelity , Manresa , harare.pdf",,,,,,,,,,"Direct Purchase",,,"acc474010","harare"
"D23062870","July 2023 rent","1","Z.A.S.","2510.00","2510.00","2023-06-28","imgs/",,"0","0","0000-00-00","imgs/",,"0","0","0000-00-00","imgs/"," ZAS July 2023 rent for ZETDC Showground offices","specs/","Z.A.S.","10250897","2023-06-28 14:25:16","523001",,"direct_purchases/ZAS JULY INVOICE.pdf",,,,,,,,,,"Direct Purchase",,,"acc474010","harare"
"D23070546","July 2023 rent","1","Sandeven","5377601.00","5377601.00","2023-07-05","imgs/",,"0","0","0000-00-00","imgs/",,"0","0","0000-00-00","imgs/"," Sandavan July 2023 rent for E. Makove","specs/","Sandeven","10251118","2023-07-05 08:28:06","523001",,"direct_purchases/Sandavan July  inv. 2023.docx",,,,,,,,,,"Direct Purchase",,,"acc474010","harare"
"D23071133","newspapaer for RMT","1","Alpha Media Holdings","100.00","100.00","2023-07-11","imgs/",,"0","0","0000-00-00","imgs/",,"0","0","0000-00-00","imgs/"," Alpha Media  Holdings for RMT members  for 6 months
NEWSDAY   mon - fr
independent  5 copies per week
standard 5 copies per week","specs/","Alpha Media Holdings","10251396","2023-07-11 14:22:50","523001",,"direct_purchases/WhatsApp Image 2023-07-11 at 16.21.49.jpeg",,,,,,,,,,"Direct Purchase",,,"acc473810","harare"
"D23071141","August 2023 rent","1","STOHILL","6336000.00","6336000.00","2023-07-11","imgs/",,"0","0","0000-00-00","imgs/",,"0","0","0000-00-00","imgs/"," Stohill August 2023 rent for Eng Chigumira DM - South","specs/","STOHILL","10251351","2023-07-11 08:12:14","523001",,"direct_purchases/WhatsApp Image 2023-07-11 at 10.11.31.jpeg",,,,,,,,,,"Direct Purchase",,,"acc474010","harare"
"D2307187","July 2023 rent","1","zoomway","7000000.00","7000000.00","2023-07-18","imgs/",,"0","0","0000-00-00","imgs/",,"0","0","0000-00-00","imgs/"," ZOOMWAY JULY RENT FOR SCSO SATANDE","specs/","zoomway","10251780","2023-07-18 13:31:21","523001",,"direct_purchases/ZOOMWAY July 2023  invoice.pdf",,,,,,,,,,"Direct Purchase",,,"acc474010","harare"
"D23071891","ADSL DATA BUNLDE","3","Telone","80109.00","240327.00","2023-07-18","imgs/",,"0","0","0000-00-00","imgs/",,"0","0","0000-00-00","imgs/"," ADSL INTENSE DATA BUNDLE FOR GM, FM, &HRAM","specs/","Telone","10251778","2023-07-18 13:28:05","523001",,"direct_purchases/Quotation for Intense x3 JULY.pdf",,,,,,,,,,"Direct Purchase",,,"acc473330","harare"
"D23072523","August 2023 rent","1","zoomway","9600000.00","9600000.00","2023-07-25","imgs/",,"0","0","0000-00-00","imgs/",,"0","0","0000-00-00","imgs/"," JJ Maintenance Aug 2023  SCSO Njenda Glen view depot","specs/","zoomway","10252071","2023-07-25 11:38:54","523001",,"direct_purchases/1690285134WhatsApp Image 2023-07-25 at 13.21.39.jpeg",,,,,,,,,,"Direct Purchase",,,"acc474010","harare"
"D2307253","August 2023 rent","1","JJ MAINTENANCE","9000000.00","9000000.00","2023-07-25","imgs/",,"0","0","0000-00-00","imgs/",,"0","0","0000-00-00","imgs/"," JJ Maintenance Aug 2023 rent for SCSO Mwale ","specs/","JJ MAINTENANCE","10252064","2023-07-25 11:24:16","523001",,"direct_purchases/WhatsApp Image 2023-07-25 at 13.21.39.jpeg",,,,,,,,,,"Direct Purchase",,,"acc474010","harare"
"D23072532","August 2023 rent","1","zoomway","7000000.00","7000000.00","2023-07-25","imgs/",,"0","0","0000-00-00","imgs/",,"0","0","0000-00-00","imgs/"," zoomway Aug rent for SCSO Satande Borrowdale depot","specs/","zoomway","10252105","2023-07-25 11:17:52","523001",,"direct_purchases/Zetdc August 2023  invoice.pdf",,,,,,,,,,"Direct Purchase",,,"acc474010","harare"
"D23072552","July 2023 rent","1","zoomway","7000000.00","7000000.00","2023-07-25","imgs/",,"0","0","0000-00-00","imgs/",,"0","0","0000-00-00","imgs/"," Zoomway July rent 2023 for SCSO Satande","specs/","zoomway","10251780","2023-07-25 11:13:31","523001",,"direct_purchases/WhatsApp Image 2023-07-25 at 13.12.58.jpeg",,,,,,,,,,"Direct Purchase",,,"acc474010","harare"
"D23072574","August 2023 rent","1","JJ MAINTENANCE","7150000.00","7150000.00","2023-07-25","imgs/",,"0","0","0000-00-00","imgs/",,"0","0","0000-00-00","imgs/"," JJ Maintenance Aug 2023 for SCSO Maorera","specs/","JJ MAINTENANCE","10252068","2023-07-25 11:27:19","523001",,"direct_purchases/1690284439WhatsApp Image 2023-07-25 at 13.21.39.jpeg",,,,,,,,,,"Direct Purchase",,,"acc474010","harare"
"D23072577","August 2023 rent","1","Guest and Tanner","5175.00","5175.00","2023-07-25","imgs/",,"0","0","0000-00-00","imgs/",,"0","0","0000-00-00","imgs/"," Guest and Tanner Aug rent for Ruwa depot","specs/","Guest and Tanner","10252060","2023-07-25 11:20:40","523001",,"direct_purchases/August Rent Invoice - ZETDC - 654 SHUMBA CLOSE RUWA.pdf",,,,,,,,,,"Direct Purchase",,,"acc474010","harare"
"D23072693","August 2023 rent","1","Crusader Real Estate","7342195.00","7342195.00","2023-07-26","imgs/",,"0","0","0000-00-00","imgs/",,"0","0","0000-00-00","imgs/"," crudader August rent for Eng Tachiona NDE","specs/","Crusader Real Estate","10252240","2023-07-26 13:44:19","523001",,"direct_purchases/Crusader AUGUST 2023 INVOICE.pdf",,,,,,,,,,"Direct Purchase",,,"acc474010","harare"
"D23082958","coffee machine ingredients","1","REFRESH BEVERAGES","5338025.00","5338025.00","2023-08-29","imgs/",,"0","0","0000-00-00","imgs/",,"0","0","0000-00-00","imgs/"," COFFEE MACHINE INGREDIENTS

","specs/","REFRESH BEVERAGES","10253783","2023-08-29 13:54:10","523001",,"direct_purchases/QTN-ZWL-23-0016 ZETDC HARARE REGION.pdf",,,,,,,,,,"Direct Purchase",,,"acc473690","harare"
"D23082967","September 2023 rental","1","Crusader Real Estate","1100.00","1100.00","2023-08-29","imgs/",,"0","0","0000-00-00","imgs/",,"0","0","0000-00-00","imgs/"," crusader real estate ","specs/","Crusader Real Estate","10253744","2023-08-29 13:59:17","523001",,"direct_purchases/ZETDC SEPTEMBER 2023 INVOICE.pdf",,,,,,,,,,"Direct Purchase",,,"acc474010","harare"
"D23083183","September 2023 rental","1","Sandeven","850.00","850.00","2023-08-31","imgs/",,"0","0","0000-00-00","imgs/",,"0","0","0000-00-00","imgs/"," Sandevan september 2023 rentals for mr makove projects","specs/","Sandeven","10254204","2023-08-31 13:38:23","523001",,"direct_purchases/Sandavan sept inv. 2023.docx",,,,,,,,,,"Direct Purchase",,,"acc474010","harare"
"D23122035","Newspaper subscriptions","1","Zimbabwe Newspapers","1268800.00","1268800.00","2023-12-14","imgs/",,"0","0","0000-00-00","imgs/",,"0","0","0000-00-00","imgs/"," Herald (mon-sat) and Sunday Mail subscription for DM & Snr Eng for 3 months","specs/","Zimbabwe Newspapers","10261070","2023-12-20 13:59:42","524601",,"direct_purchases/Zimpapers Invoice.pdf",,,,,,,,,,"Direct Purchase",,,"acc473810","harare"
"D24022346","Institute of People Management of Zimbabwe Members","1","IPMZ","29935500.00","29935500.00","2024-02-23","imgs/",,"0","0","0000-00-00","imgs/",,"0","0","0000-00-00","imgs/"," IPMZ Membership Fees
","specs/","IPMZ","10264755","2024-02-23 07:21:47","524601",,"direct_purchases/ZWL invoice  2024-418.pdf",,,,,,,,,,"Direct Purchase",,,"acc473820","harare"
"D24032167","TRENCHING","20","MOUNT SINAI","50.00","1000.00","2024-03-21","imgs/",,"0","0","0000-00-00","imgs/",,"0","0","0000-00-00","imgs/","  TRENCHING","specs/","MOUNT SINAI","10265150","2024-03-21 10:25:57","522301",,"direct_purchases/24046 ZETDC COVENTRY TANK CONVERSION & CLEANING, QUOTATION (USD). Revised - 19.03.2024 (1).pdf",,,,,,,,,,"Direct Purchase",,,"acc404088","harare"
"D24032776","CONDUCTOR SCA 100MM2 NEW BARE / DOG","1500","CAFCA","8261.43","12392145.00","2024-03-15","imgs/",,"0","0","0000-00-00","imgs/",,"0","0","0000-00-00","imgs/"," CONDUCTOR SCA 100MM2 NEW/BARE DOG","specs/","CAFCA","10265130","2024-03-27 10:42:20","522301",,"direct_purchases/Xerox Scan_26032024101246.PDF",,,,,,,,,,"Direct Purchase",,,"acc404087","harare"
"D24032829","refuse collection","1","Family Kraal","480.00","480.00","2024-03-28","imgs/",,"0","0","0000-00-00","imgs/",,"0","0","0000-00-00","imgs/"," refuse collection","specs/","Family Kraal","10266948","2024-03-28 07:05:09","523001",,"direct_purchases/MARCH 2024 INVOICE (2).pdf",,,,,,,,,,"Direct Purchase",,,"acc474020","harare"
"D24032836","LUNCH","50","Barcelos","840000.00","42000000.00","2024-03-21","imgs/",,"0","0","0000-00-00","imgs/",,"0","0","0000-00-00","imgs/"," REQUEST FOR LUNCH MEALS FOR THE COPPER HARVEST TEAMS AT BORROWDALE CSC
","specs/","Barcelos","10266767","2024-03-28 09:52:39","522301",,"direct_purchases/Xerox Scan_28032024091247.PDF",,,,,,,,,,"Direct Purchase",,,"acc473330","harare"
"D24032857","drain inspection fees","1","Ruwa Local board","15.00","15.00","2024-03-28","imgs/",,"0","0","0000-00-00","imgs/",,"0","0","0000-00-00","imgs/"," Ruwa Drain inspection","specs/","Ruwa Local board","10266944","2024-03-28 07:12:25","523001",,"direct_purchases/WhatsApp Image 2024-03-28 at 9.10.18 AM.jpeg",,,,,,,,,,"Direct Purchase",,,"acc473440","harare"
"D24032894","LUNCH","50","SIMBISA BRANDS","840000.00","42000000.00","2024-03-21","imgs/",,"0","0","0000-00-00","imgs/",,"0","0","0000-00-00","imgs/"," REQUEST FOR LUNCH MEALS FOR THE COPPER HARVEST TEAMS AT BORROWDALE CSC
","specs/","SIMBISA BRANDS","10266769","2024-03-28 09:54:47","522301",,"direct_purchases/Xerox Scan_28032024091312.PDF",,,,,,,,,,"Direct Purchase",,,"acc404110","harare"
"D24040251","TRUCK HIRE toyota hino  ranger AFZ3793","1","Wonder Jongwe","3270.00","3270.00","2024-04-02","imgs/",,"0","0","0000-00-00","imgs/",,"0","0","0000-00-00","imgs/"," hired vehicle","specs/","Wonder Jongwe","10267031","2024-04-02 10:43:09","523001",,"direct_purchases/WhatsApp Image 2024-04-02 at 12.42.12 PM.jpeg",,,,,,,,,,"Direct Purchase",,,"acc473600","harare"
"D24041928","test","1","test","15.00","15.00","2024-04-18","imgs/",,"0","0","0000-00-00","imgs/",,"0","0","0000-00-00","imgs/"," test","specs/","test","12345678","2024-04-19 09:13:05","527001",,"direct_purchases/Curriculum vitae for ashley mugwambi (django).pdf",,,,,,,,,,"Direct Purchase",,,"acc403500","harare"
