,document_id,item_id,sup_id,status,message
0,TD18100313,Item181003732,SUP76,FAILED,Schedule Not Found
1,TD18100313,Item1810031,SUP76,FAILED,Schedule Not Found
2,TD18100313,Item181003346,SUP76,FAILED,Schedule Not Found
3,TD18100313,Item181003732,SUP286,FAILED,Schedule Not Found
4,TD18100313,Item1810031,SUP286,FAILED,Schedule Not Found
5,TD18100313,Item181003346,SUP286,FAILED,Schedule Not Found
6,TD18100313,Item181003732,SUP299,FAILED,Schedule Not Found
7,TD18100313,Item1810031,SUP299,FAILED,Schedule Not Found
8,TD18100313,Item181003346,SUP299,FAILED,Schedule Not Found
9,TD18100313,Item181003732,SUP577,FAILED,Schedule Not Found
10,TD18100313,Item1810031,SUP577,FAILED,Schedule Not Found
11,TD18100313,Item181003346,SUP577,FAILED,Schedule Not Found
12,TD18100413,Item181004975,SUP76,FAILED,Schedule Not Found
13,TD18100413,Item181004975,SUP299,FAILED,Schedule Not Found
14,TD18100413,Item181004975,SUP286,FAILED,Schedule Not Found
15,TD18100413,Item181004975,SUP577,FAILED,Schedule Not Found
16,TD18100414,Item181004429,SUP863,FAILED,Schedule Not Found
17,TD18100414,Item181004429,SUP73,FAILED,Schedule Not Found
18,TD18100415,Item181004955,SUP755,FAILED,Schedule Not Found
19,TD18100415,Item181004955,SUP73,FAILED,Schedule Not Found
20,TD18100416,Item181004766,SUP755,FAILED,Schedule Not Found
21,TD18100416,Item181004766,SUP73,FAILED,Schedule Not Found
22,TD18100417,Item181004924,SUP919,FAILED,Schedule Not Found
23,TD18100417,Item181004924,SUP48,FAILED,Schedule Not Found
24,TD18100417,Item181004924,SUP971,FAILED,Schedule Not Found
25,TD18100417,Item181004924,SUP886,FAILED,Schedule Not Found
26,TD18100417,Item181004924,SUP391,FAILED,Schedule Not Found
27,TD18100417,Item181004924,SUP152,FAILED,Schedule Not Found
28,TD18100813,Item181008830,SUP755,FAILED,Schedule Not Found
29,TD18100813,Item181008830,SUP73,FAILED,Schedule Not Found
30,TD18100816,Item181008899,SUP755,FAILED,Schedule Not Found
31,TD18100816,Item181008899,SUP73,FAILED,Schedule Not Found
32,TD18100819,Item181008930,SUP285,FAILED,Schedule Not Found
33,TD18100819,Item181008930,SUP152,FAILED,Schedule Not Found
34,TD18100820,Item181008769,SUP285,FAILED,Schedule Not Found
35,TD18100820,Item181008769,SUP152,FAILED,Schedule Not Found
36,TD18102446,Item18102448,SUP755,FAILED,Schedule Not Found
37,TD18102479,Item181024519,SUP611,FAILED,Schedule Not Found
38,TD18102410,Item181024916,SUP611,FAILED,Schedule Not Found
39,TD18102599,Item181025242,SUP832,FAILED,Schedule Not Found
40,TD18102599,Item181025242,SUP76,FAILED,Schedule Not Found
41,TD18102595,Item181025675,SUP832,FAILED,Schedule Not Found
42,TD18102560,Item181025312,SUP832,FAILED,Schedule Not Found
43,TD18102560,Item181025312,SUP76,FAILED,Schedule Not Found
44,TD18102560,Item181025312,SUP158,FAILED,Schedule Not Found
45,TD18102532,Item181025183,SUP197,FAILED,Schedule Not Found
46,TD18102532,Item181025183,SUP709,FAILED,Schedule Not Found
47,TD18102532,Item181025183,SUP602,FAILED,Schedule Not Found
48,TD18102532,Item181025183,SUP292,FAILED,Schedule Not Found
49,TD18102532,Item181025183,SUP337,FAILED,Schedule Not Found
50,TD18102532,Item181025183,SUP886,FAILED,Schedule Not Found
51,TD18102532,Item181025183,SUP944,FAILED,Schedule Not Found
52,TD18102532,Item181025183,SUP617,FAILED,Schedule Not Found
53,TD18102564,Item181025630,SUP886,FAILED,Schedule Not Found
54,TD18102564,Item181025630,SUP324,FAILED,Schedule Not Found
55,TD18102564,Item181025630,SUP611,FAILED,Schedule Not Found
56,TD18102556,Item181025698,SUP886,FAILED,Schedule Not Found
57,TD18102556,Item181025698,SUP324,FAILED,Schedule Not Found
58,TD18102537,Item181025280,SUP292,FAILED,Schedule Not Found
59,TD18102537,Item181025280,SUP709,FAILED,Schedule Not Found
60,TD18102537,Item181025280,SUP602,FAILED,Schedule Not Found
61,TD18102537,Item181025280,SUP886,FAILED,Schedule Not Found
62,TD18102537,Item181025280,SUP197,FAILED,Schedule Not Found
63,TD18102554,Item181025804,SUP886,FAILED,Schedule Not Found
64,TD18102518,Item181025407,SUP886,FAILED,Schedule Not Found
65,TD18102551,Item181025483,SUP151,FAILED,Schedule Not Found
66,TD18102551,Item181025483,SUP790,FAILED,Schedule Not Found
67,TD18102551,Item181025483,SUP16,FAILED,Schedule Not Found
68,TD18102551,Item181025483,SUP944,FAILED,Schedule Not Found
69,TD18102597,Item181025760,SUP944,FAILED,Schedule Not Found
70,TD18102597,Item181025760,SUP790,FAILED,Schedule Not Found
71,TD18102597,Item181025760,SUP151,FAILED,Schedule Not Found
72,TD18102917,Item181029298,SUP299,FAILED,Schedule Not Found
73,TD18103130,Item181031527,SUP908,FAILED,Schedule Not Found
74,TD18103130,Item181031949,SUP908,FAILED,Schedule Not Found
75,TD18103194,Item181031696,SUP192,FAILED,Schedule Not Found
76,TD18103194,Item181031288,SUP192,FAILED,Schedule Not Found
77,TD18103194,Item181031696,SUP789,FAILED,Schedule Not Found
78,TD18111242,Item181112981,SUP96,FAILED,Schedule Not Found
79,TD18111242,Item181112981,SUP579,FAILED,Schedule Not Found
80,TD18111242,Item181112981,SUP671,FAILED,Schedule Not Found
81,TD18111242,Item181112981,SUP232,FAILED,Schedule Not Found
82,TD18111242,Item181112981,SUP152,FAILED,Schedule Not Found
83,TD18111295,Item18111236,SUP96,FAILED,Schedule Not Found
84,TD18111295,Item18111236,SUP671,FAILED,Schedule Not Found
85,TD18111295,Item18111236,SUP579,FAILED,Schedule Not Found
86,TD18111295,Item18111236,SUP152,FAILED,Schedule Not Found
87,TD18111295,Item18111236,SUP232,FAILED,Schedule Not Found
88,TD18111293,Item181112914,SUP96,FAILED,Schedule Not Found
89,TD18111293,Item181112914,SUP579,FAILED,Schedule Not Found
90,TD18111293,Item181112914,SUP152,FAILED,Schedule Not Found
91,TD18111293,Item181112914,SUP232,FAILED,Schedule Not Found
92,TD18111293,Item181112914,SUP671,FAILED,Schedule Not Found
93,TD1811122,Item181112809,SUP232,FAILED,Schedule Not Found
94,TD1811122,Item181112809,SUP152,FAILED,Schedule Not Found
95,TD1811122,Item181112809,SUP96,FAILED,Schedule Not Found
96,TD18111239,Item181112997,SUP671,FAILED,Schedule Not Found
97,TD18111239,Item181112997,SUP181,FAILED,Schedule Not Found
98,TD18111239,Item181112997,SUP857,FAILED,Schedule Not Found
99,TD18111239,Item181112997,SUP338,FAILED,Schedule Not Found
100,TD18111239,Item181112997,SUP734,FAILED,Schedule Not Found
101,TD18111239,Item181112997,SUP734,FAILED,Schedule Not Found
102,TD18111225,Item181112766,SUP432,FAILED,Schedule Not Found
103,TD18111283,Item181112729,SUP432,FAILED,Schedule Not Found
104,TD18111263,Item181112412,SUP432,FAILED,Schedule Not Found
105,TD18111298,Item181112866,SUP338,FAILED,Schedule Not Found
106,TD18111298,Item181112866,SUP398,FAILED,Schedule Not Found
107,TD18111289,Item181112593,SUP181,FAILED,Schedule Not Found
108,TD18111289,Item181112593,SUP436,FAILED,Schedule Not Found
109,TD1811134,Item181113302,SUP861,FAILED,Schedule Not Found
110,TD18111316,Item181113958,SUP574,FAILED,Schedule Not Found
111,TD18111316,Item181113113,SUP574,FAILED,Schedule Not Found
112,TD18111316,Item181113958,SUP861,FAILED,Schedule Not Found
113,TD18111316,Item181113113,SUP861,FAILED,Schedule Not Found
114,TD18111440,Item181114638,SUP152,FAILED,Schedule Not Found
115,TD18111440,Item181114638,SUP671,FAILED,Schedule Not Found
116,TD18111440,Item181114638,SUP338,FAILED,Schedule Not Found
117,TD18111440,Item181114638,SUP232,FAILED,Schedule Not Found
118,TD18111440,Item181114638,SUP96,FAILED,Schedule Not Found
119,TD18111440,Item181114638,SUP579,FAILED,Schedule Not Found
120,TD18111410,Item181114581,SUP232,FAILED,Schedule Not Found
121,TD18111410,Item181114581,SUP579,FAILED,Schedule Not Found
122,TD18111410,Item181114581,SUP338,FAILED,Schedule Not Found
123,TD18111410,Item181114581,SUP671,FAILED,Schedule Not Found
124,TD18111410,Item181114581,SUP96,FAILED,Schedule Not Found
125,TD18111410,Item181114581,SUP152,FAILED,Schedule Not Found
126,TD1811163,Item181116211,SUP446,FAILED,Schedule Not Found
127,TD1811163,Item181116910,SUP446,FAILED,Schedule Not Found
128,TD1811163,Item181116211,SUP442,FAILED,Schedule Not Found
129,TD1811163,Item181116910,SUP442,FAILED,Schedule Not Found
130,TD18111977,Item181119897,SUP73,FAILED,Schedule Not Found
131,TD18111916,Item181119703,SUP73,FAILED,Schedule Not Found
132,TD18111936,Item181119516,SUP73,FAILED,Schedule Not Found
133,TD18111974,Item181119474,SUP73,FAILED,Schedule Not Found
134,TD1811199,Item181119597,SUP73,FAILED,Schedule Not Found
135,TD18111969,Item181119764,SUP647,FAILED,Schedule Not Found
136,TD18111957,Item181119428,SUP531,FAILED,Schedule Not Found
137,TD18111957,Item181119144,SUP531,FAILED,Schedule Not Found
138,TD18111980,Item181119425,SUP531,FAILED,Schedule Not Found
139,TD18111980,Item1811191,SUP531,FAILED,Schedule Not Found
140,TD18111980,Item181116211,SUP446,FAILED,Schedule Not Found
141,TD18111980,Item181116910,SUP446,FAILED,Schedule Not Found
142,TD18111980,Item181119428,SUP446,FAILED,Schedule Not Found
143,TD18111980,Item181119144,SUP446,FAILED,Schedule Not Found
144,TD18111980,Item181119425,SUP446,FAILED,Schedule Not Found
145,TD18111980,Item1811191,SUP446,FAILED,Schedule Not Found
146,TD18111928,Item181119592,SUP339,FAILED,Schedule Not Found
147,TD18111928,Item181119592,SUP392,FAILED,Schedule Not Found
148,TD18111928,Item181119592,SUP899,FAILED,Schedule Not Found
149,TD18111928,Item181119592,SUP476,FAILED,Schedule Not Found
150,TD18111928,Item181119592,SUP471,FAILED,Schedule Not Found
151,TD18111979,Item181119931,SUP872,FAILED,Schedule Not Found
152,TD18111979,Item181119931,SUP617,FAILED,Schedule Not Found
153,TD18111979,Item181119931,SUP602,FAILED,Schedule Not Found
154,TD18111979,Item181119931,SUP886,FAILED,Schedule Not Found
155,TD18111979,Item181119931,SUP709,FAILED,Schedule Not Found
156,TD18111952,Item181119982,SUP617,FAILED,Schedule Not Found
157,TD18111952,Item181119982,SUP886,FAILED,Schedule Not Found
158,TD18111952,Item181119982,SUP709,FAILED,Schedule Not Found
159,TD18111952,Item181119982,SUP602,FAILED,Schedule Not Found
160,TD18111952,Item181119982,SUP872,FAILED,Schedule Not Found
161,TD1811201,Item18112041,SUP718,FAILED,Schedule Not Found
162,TD18112133,Item181121410,SUP531,FAILED,Schedule Not Found
163,TD18112133,Item18112174,SUP531,FAILED,Schedule Not Found
164,TD18112133,Item181121410,SUP446,FAILED,Schedule Not Found
165,TD18112133,Item18112174,SUP446,FAILED,Schedule Not Found
166,TD18112696,Item181126400,SUP152,FAILED,Schedule Not Found
167,TD18112696,Item181126400,SUP181,FAILED,Schedule Not Found
168,TD18112696,Item181126400,SUP935,FAILED,Schedule Not Found
169,TD18112696,Item181126400,SUP460,FAILED,Schedule Not Found
170,TD18112628,Item181126964,SUP857,FAILED,Schedule Not Found
171,TD18112628,Item18112682,SUP857,FAILED,Schedule Not Found
172,TD18112628,Item181126473,SUP857,FAILED,Schedule Not Found
173,TD18112628,Item181126523,SUP857,FAILED,Schedule Not Found
174,TD18112628,Item18112677,SUP857,FAILED,Schedule Not Found
175,TD18112641,Item181126906,SUP181,FAILED,Schedule Not Found
176,TD18112641,Item181126123,SUP181,FAILED,Schedule Not Found
177,TD18112641,Item181126847,SUP181,FAILED,Schedule Not Found
178,TD18112641,Item181126472,SUP181,FAILED,Schedule Not Found
179,TD18112641,Item181126906,SUP91,FAILED,Schedule Not Found
180,TD18112641,Item181126123,SUP91,FAILED,Schedule Not Found
181,TD18112641,Item181126847,SUP91,FAILED,Schedule Not Found
182,TD18112641,Item181126472,SUP91,FAILED,Schedule Not Found
183,TD18112657,Item181126425,SUP91,FAILED,Schedule Not Found
184,TD18112657,Item181126425,SUP181,FAILED,Schedule Not Found
185,TD18112657,Item181126425,SUP460,FAILED,Schedule Not Found
186,TD18112689,Item18112642,SUP861,FAILED,Schedule Not Found
187,TD18112684,Item18112621,SUP861,FAILED,Schedule Not Found
188,TD18112672,Item181126187,SUP181,FAILED,Schedule Not Found
189,TD18112672,Item181126187,SUP41,FAILED,Schedule Not Found
190,TD18112687,Item18112665,SUP495,FAILED,Schedule Not Found
191,TD18112687,Item18112665,SUP41,FAILED,Schedule Not Found
192,TD18112687,Item18112665,SUP181,FAILED,Schedule Not Found
193,TD1811269,Item181126690,SUP181,FAILED,Schedule Not Found
194,TD1811269,Item181126690,SUP41,FAILED,Schedule Not Found
195,TD1811269,Item181126690,SUP495,FAILED,Schedule Not Found
196,TD18112697,Item181126362,SUP41,FAILED,Schedule Not Found
197,TD18112697,Item181126362,SUP181,FAILED,Schedule Not Found
198,TD18112697,Item181126362,SUP495,FAILED,Schedule Not Found
199,TD1811265,Item18112665,SUP879,FAILED,Schedule Not Found
200,TD18120437,Item181204453,SUP77,FAILED,Schedule Not Found
201,TD18120437,Item181204453,SUP338,FAILED,Schedule Not Found
202,TD18120437,Item181204453,SUP990,FAILED,Schedule Not Found
203,TD18120437,Item181204453,SUP386,FAILED,Schedule Not Found
204,TD18120437,Item181204453,SUP35,FAILED,Schedule Not Found
205,TD18120437,Item181204453,SUP560,FAILED,Schedule Not Found
206,TD18120437,Item181204453,SUP313,FAILED,Schedule Not Found
207,TD18120437,Item181204453,SUP502,FAILED,Schedule Not Found
208,TD18120437,Item181204453,SUP971,FAILED,Schedule Not Found
209,TD18120437,Item181204453,SUP486,FAILED,Schedule Not Found
210,TD18120437,Item181204453,SUP265,FAILED,Schedule Not Found
211,TD1812041,Item181204508,SUP313,FAILED,Schedule Not Found
212,TD1812041,Item181204508,SUP486,FAILED,Schedule Not Found
213,TD1812041,Item181204508,SUP502,FAILED,Schedule Not Found
214,TD1812041,Item181204508,SUP265,FAILED,Schedule Not Found
215,TD1812041,Item181204508,SUP35,FAILED,Schedule Not Found
216,TD1812041,Item181204508,SUP386,FAILED,Schedule Not Found
217,TD1812041,Item181204508,SUP338,FAILED,Schedule Not Found
218,TD1812041,Item181204508,SUP560,FAILED,Schedule Not Found
219,TD1812041,Item181204508,SUP990,FAILED,Schedule Not Found
220,TD1812041,Item181204508,SUP77,FAILED,Schedule Not Found
221,TD1812041,Item181204508,SUP971,FAILED,Schedule Not Found
222,TD18120495,Item181204814,SUP971,FAILED,Schedule Not Found
223,TD18120495,Item181204814,SUP313,FAILED,Schedule Not Found
224,TD18120495,Item181204814,SUP486,FAILED,Schedule Not Found
225,TD18120495,Item181204814,SUP502,FAILED,Schedule Not Found
226,TD18120495,Item181204814,SUP386,FAILED,Schedule Not Found
227,TD18120495,Item181204814,SUP35,FAILED,Schedule Not Found
228,TD18120495,Item181204814,SUP265,FAILED,Schedule Not Found
229,TD18120495,Item181204814,SUP990,FAILED,Schedule Not Found
230,TD18120495,Item181204814,SUP274,FAILED,Schedule Not Found
231,TD18120495,Item181204814,SUP77,FAILED,Schedule Not Found
232,TD18120427,Item181204349,SUP35,FAILED,Schedule Not Found
233,TD18120427,Item181204349,SUP486,FAILED,Schedule Not Found
234,TD18120427,Item181204349,SUP313,FAILED,Schedule Not Found
235,TD18120427,Item181204349,SUP386,FAILED,Schedule Not Found
236,TD18120427,Item181204349,SUP971,FAILED,Schedule Not Found
237,TD18120427,Item181204349,SUP502,FAILED,Schedule Not Found
238,TD18120427,Item181204349,SUP265,FAILED,Schedule Not Found
239,TD18120427,Item181204349,SUP990,FAILED,Schedule Not Found
240,TD18120427,Item181204349,SUP77,FAILED,Schedule Not Found
241,TD18120474,Item181204249,SUP486,FAILED,Schedule Not Found
242,TD18120474,Item181204249,SUP560,FAILED,Schedule Not Found
243,TD18120474,Item181204249,SUP274,FAILED,Schedule Not Found
244,TD18120474,Item181204249,SUP386,FAILED,Schedule Not Found
245,TD18120474,Item181204249,SUP855,FAILED,Schedule Not Found
246,TD18120474,Item181204249,SUP313,FAILED,Schedule Not Found
247,TD18120474,Item181204249,SUP971,FAILED,Schedule Not Found
248,TD18120474,Item181204249,SUP77,FAILED,Schedule Not Found
249,TD18120474,Item181204249,SUP35,FAILED,Schedule Not Found
250,TD18120474,Item181204249,SUP265,FAILED,Schedule Not Found
251,TD18120474,Item181204249,SUP502,FAILED,Schedule Not Found
252,TD18120474,Item181204249,SUP990,FAILED,Schedule Not Found
253,TD18120485,Item181204930,SUP560,FAILED,Schedule Not Found
254,TD18120485,Item181204930,SUP77,FAILED,Schedule Not Found
255,TD18120485,Item181204930,SUP971,FAILED,Schedule Not Found
256,TD18120485,Item181204930,SUP502,FAILED,Schedule Not Found
257,TD18120485,Item181204930,SUP265,FAILED,Schedule Not Found
258,TD18120485,Item181204930,SUP990,FAILED,Schedule Not Found
259,TD18120485,Item181204930,SUP386,FAILED,Schedule Not Found
260,TD18120486,Item181204893,SUP615,FAILED,Schedule Not Found
261,TD18120486,Item181204893,SUP319,FAILED,Schedule Not Found
262,TD18120486,Item181204893,SUP990,FAILED,Schedule Not Found
263,TD18120486,Item181204893,SUP857,FAILED,Schedule Not Found
264,TD18120486,Item181204893,SUP473,FAILED,Schedule Not Found
265,TD18120493,Item181204412,SUP857,FAILED,Schedule Not Found
266,TD18120493,Item181204412,SUP375,FAILED,Schedule Not Found
267,TD18120493,Item181204412,SUP990,FAILED,Schedule Not Found
268,TD18120424,Item181204412,SUP931,FAILED,Schedule Not Found
269,TD18120424,Item181204412,SUP674,FAILED,Schedule Not Found
270,TD18120451,Item181204608,SUP615,FAILED,Schedule Not Found
271,TD18120451,Item181204608,SUP473,FAILED,Schedule Not Found
272,TD18120450,Item181204744,SUP931,FAILED,Schedule Not Found
273,TD18120450,Item181204744,SUP674,FAILED,Schedule Not Found
274,TD18120496,Item181204346,SUP931,FAILED,Schedule Not Found
275,TD18120496,Item181204346,SUP674,FAILED,Schedule Not Found
276,TD18120460,Item181204900,SUP931,FAILED,Schedule Not Found
277,TD18120460,Item181204900,SUP674,FAILED,Schedule Not Found
278,TD18120468,Item181204931,SUP931,FAILED,Schedule Not Found
279,TD18120468,Item181204931,SUP674,FAILED,Schedule Not Found
280,TD1812042,Item181204133,SUP931,FAILED,Schedule Not Found
281,TD1812042,Item181204133,SUP674,FAILED,Schedule Not Found
282,TD18120494,Item18120460,SUP931,FAILED,Schedule Not Found
283,TD18120494,Item18120460,SUP674,FAILED,Schedule Not Found
284,TD18120436,Item181204328,SUP931,FAILED,Schedule Not Found
285,TD18120436,Item181204328,SUP674,FAILED,Schedule Not Found
286,TD18120461,Item181204551,SUP931,FAILED,Schedule Not Found
287,TD18120461,Item181204551,SUP674,FAILED,Schedule Not Found
288,TD18120464,Item181204554,SUP931,FAILED,Schedule Not Found
289,TD18120464,Item181204554,SUP674,FAILED,Schedule Not Found
290,TD18120441,Item181204217,SUP931,FAILED,Schedule Not Found
291,TD18120514,Item181205592,SUP405,FAILED,Schedule Not Found
292,TD18120514,Item181205592,SUP77,FAILED,Schedule Not Found
293,TD18120589,Item181205473,SUP931,FAILED,Schedule Not Found
294,TD18120589,Item181205473,SUP674,FAILED,Schedule Not Found
295,TD18120559,Item18120528,SUP931,FAILED,Schedule Not Found
296,TD18120559,Item18120528,SUP674,FAILED,Schedule Not Found
297,TD18120539,Item181205835,SUP931,FAILED,Schedule Not Found
298,TD18120539,Item181205835,SUP674,FAILED,Schedule Not Found
299,TD18120558,Item181205165,SUP931,FAILED,Schedule Not Found
300,TD18120558,Item181205165,SUP674,FAILED,Schedule Not Found
301,TD18120583,Item181205329,SUP931,FAILED,Schedule Not Found
302,TD18120583,Item181205329,SUP674,FAILED,Schedule Not Found
303,TD18120584,Item18120571,SUP931,FAILED,Schedule Not Found
304,TD18120584,Item18120571,SUP674,FAILED,Schedule Not Found
305,TD18120547,Item181205280,SUP931,FAILED,Schedule Not Found
306,TD18120547,Item181205280,SUP674,FAILED,Schedule Not Found
307,TD18120518,Item181205228,SUP931,FAILED,Schedule Not Found
308,TD18120518,Item181205228,SUP674,FAILED,Schedule Not Found
309,TD18120541,Item181205795,SUP931,FAILED,Schedule Not Found
310,TD18120541,Item181205795,SUP674,FAILED,Schedule Not Found
311,TD18120551,Item181205226,SUP931,FAILED,Schedule Not Found
312,TD18120551,Item181205226,SUP674,FAILED,Schedule Not Found
313,TD1812053,Item181205403,SUP931,FAILED,Schedule Not Found
314,TD1812053,Item181205403,SUP674,FAILED,Schedule Not Found
315,TD18120562,Item181205886,SUP931,FAILED,Schedule Not Found
316,TD18120562,Item181205886,SUP674,FAILED,Schedule Not Found
317,TD1812054,Item181205385,SUP931,FAILED,Schedule Not Found
318,TD1812054,Item181205385,SUP674,FAILED,Schedule Not Found
319,TD18120560,Item181205791,SUP931,FAILED,Schedule Not Found
320,TD18120560,Item181205791,SUP674,FAILED,Schedule Not Found
321,TD1812059,Item181205770,SUP931,FAILED,Schedule Not Found
322,TD1812059,Item181205770,SUP674,FAILED,Schedule Not Found
323,TD18120528,Item181205148,SUP931,FAILED,Schedule Not Found
324,TD18120528,Item181205148,SUP674,FAILED,Schedule Not Found
325,TD18120572,Item181205350,SUP931,FAILED,Schedule Not Found
326,TD18120572,Item181205350,SUP674,FAILED,Schedule Not Found
327,TD1812051,Item181205130,SUP931,FAILED,Schedule Not Found
328,TD1812051,Item181205130,SUP674,FAILED,Schedule Not Found
329,TD18120571,Item181205235,SUP931,FAILED,Schedule Not Found
330,TD18120571,Item181205235,SUP674,FAILED,Schedule Not Found
331,TD18120563,Item181205219,SUP931,FAILED,Schedule Not Found
332,TD18120563,Item181205219,SUP674,FAILED,Schedule Not Found
333,TD18120586,Item181205375,SUP931,FAILED,Schedule Not Found
334,TD18120586,Item181205375,SUP674,FAILED,Schedule Not Found
335,TD1812058,Item181205799,SUP931,FAILED,Schedule Not Found
336,TD1812058,Item181205799,SUP674,FAILED,Schedule Not Found
337,TD18120557,Item181205941,SUP931,FAILED,Schedule Not Found
338,TD18120557,Item181205941,SUP674,FAILED,Schedule Not Found
339,TD18120590,Item181205498,SUP502,FAILED,Schedule Not Found
340,TD18120590,Item181205498,SUP77,FAILED,Schedule Not Found
341,TD18120590,Item181205498,SUP990,FAILED,Schedule Not Found
342,TD18120590,Item181205498,SUP386,FAILED,Schedule Not Found
343,TD18120590,Item181205498,SUP971,FAILED,Schedule Not Found
344,TD18120590,Item181205498,SUP855,FAILED,Schedule Not Found
345,TD18120590,Item181205498,SUP486,FAILED,Schedule Not Found
346,TD18120585,Item181205679,SUP857,FAILED,Schedule Not Found
347,TD18120585,Item181205679,SUP615,FAILED,Schedule Not Found
348,TD18120585,Item181205679,SUP473,FAILED,Schedule Not Found
349,TD18120585,Item181205679,SUP319,FAILED,Schedule Not Found
350,TD18120585,Item181205679,SUP990,FAILED,Schedule Not Found
351,TD18120587,Item181205178,SUP857,FAILED,Schedule Not Found
352,TD18120587,Item181205178,SUP990,FAILED,Schedule Not Found
353,TD18120587,Item181205178,SUP375,FAILED,Schedule Not Found
354,TD18120513,Item181205201,SUP192,FAILED,Schedule Not Found
355,TD18120513,Item181205201,SUP967,FAILED,Schedule Not Found
356,TD18120526,Item181205361,SUP746,FAILED,Schedule Not Found
357,TD18120526,Item181205361,SUP647,FAILED,Schedule Not Found
358,TD18120526,Item181205361,SUP912,FAILED,Schedule Not Found
359,TD18120546,Item181205270,SUP836,FAILED,Schedule Not Found
360,TD18120546,Item181205413,SUP836,FAILED,Schedule Not Found
361,TD18120546,Item18120531,SUP836,FAILED,Schedule Not Found
362,TD18120546,Item181205743,SUP836,FAILED,Schedule Not Found
363,TD18120546,Item181205270,SUP794,FAILED,Schedule Not Found
364,TD18120546,Item181205413,SUP794,FAILED,Schedule Not Found
365,TD18120546,Item18120531,SUP794,FAILED,Schedule Not Found
366,TD18120546,Item181205743,SUP794,FAILED,Schedule Not Found
367,TD18120546,Item181205270,SUP366,FAILED,Schedule Not Found
368,TD18120546,Item181205413,SUP366,FAILED,Schedule Not Found
369,TD18120546,Item18120531,SUP366,FAILED,Schedule Not Found
370,TD18120546,Item181205743,SUP366,FAILED,Schedule Not Found
371,TD18120546,Item181205270,SUP87,FAILED,Schedule Not Found
372,TD18120546,Item181205413,SUP87,FAILED,Schedule Not Found
373,TD18120546,Item18120531,SUP87,FAILED,Schedule Not Found
374,TD18120546,Item181205743,SUP87,FAILED,Schedule Not Found
375,TD18120546,Item181205270,SUP251,FAILED,Schedule Not Found
376,TD18120546,Item181205413,SUP251,FAILED,Schedule Not Found
377,TD18120546,Item18120531,SUP251,FAILED,Schedule Not Found
378,TD18120546,Item181205743,SUP251,FAILED,Schedule Not Found
379,TD18120578,Item181205949,SUP486,FAILED,Schedule Not Found
380,TD18120578,Item181205949,SUP366,FAILED,Schedule Not Found
381,TD18120578,Item181205949,SUP87,FAILED,Schedule Not Found
382,TD18120578,Item181205949,SUP251,FAILED,Schedule Not Found
383,TD18120578,Item181205949,SUP794,FAILED,Schedule Not Found
384,TD18120578,Item181205949,SUP836,FAILED,Schedule Not Found
385,TD18120749,Item181207546,SUP857,FAILED,Schedule Not Found
386,TD18120738,Item181207650,SUP857,FAILED,Schedule Not Found
387,TD18120738,Item181207650,SUP49,FAILED,Schedule Not Found
388,TD18120738,Item181207650,SUP251,FAILED,Schedule Not Found
389,TD18120738,Item181207650,SUP872,FAILED,Schedule Not Found
390,TD18120738,Item181207650,SUP617,FAILED,Schedule Not Found
391,TD18120738,Item181207650,SUP87,FAILED,Schedule Not Found
392,TD18120738,Item181207650,SUP62,FAILED,Schedule Not Found
393,TD18120731,Item181207114,SUP229,FAILED,Schedule Not Found
394,TD18120791,Item181207988,SUP229,FAILED,Schedule Not Found
395,TD18120791,Item18120710,SUP229,FAILED,Schedule Not Found
396,TD18120791,Item181207386,SUP229,FAILED,Schedule Not Found
397,TD18120791,Item18120769,SUP229,FAILED,Schedule Not Found
398,TD18120791,Item181207217,SUP229,FAILED,Schedule Not Found
399,TD18120791,Item181207711,SUP229,FAILED,Schedule Not Found
400,TD18120791,Item181207487,SUP229,FAILED,Schedule Not Found
401,TD18120791,Item181207958,SUP229,FAILED,Schedule Not Found
402,TD18120791,Item181207649,SUP229,FAILED,Schedule Not Found
403,TD18120791,Item181207348,SUP229,FAILED,Schedule Not Found
404,TD18120791,Item181207486,SUP229,FAILED,Schedule Not Found
405,TD18120791,Item181207508,SUP229,FAILED,Schedule Not Found
406,TD18120791,Item181207543,SUP229,FAILED,Schedule Not Found
407,TD18120791,Item181207313,SUP229,FAILED,Schedule Not Found
408,TD18120791,Item181207988,SUP96,FAILED,Schedule Not Found
409,TD18120791,Item18120710,SUP96,FAILED,Schedule Not Found
410,TD18120791,Item181207386,SUP96,FAILED,Schedule Not Found
411,TD18120791,Item18120769,SUP96,FAILED,Schedule Not Found
412,TD18120791,Item181207217,SUP96,FAILED,Schedule Not Found
413,TD18120791,Item181207711,SUP96,FAILED,Schedule Not Found
414,TD18120791,Item181207487,SUP96,FAILED,Schedule Not Found
415,TD18120791,Item181207958,SUP96,FAILED,Schedule Not Found
416,TD18120791,Item181207649,SUP96,FAILED,Schedule Not Found
417,TD18120791,Item181207348,SUP96,FAILED,Schedule Not Found
418,TD18120791,Item181207486,SUP96,FAILED,Schedule Not Found
419,TD18120791,Item181207508,SUP96,FAILED,Schedule Not Found
420,TD18120791,Item181207543,SUP96,FAILED,Schedule Not Found
421,TD18120791,Item181207313,SUP96,FAILED,Schedule Not Found
422,TD18120791,Item181207988,SUP671,FAILED,Schedule Not Found
423,TD18120791,Item18120710,SUP671,FAILED,Schedule Not Found
424,TD18120791,Item181207386,SUP671,FAILED,Schedule Not Found
425,TD18120791,Item18120769,SUP671,FAILED,Schedule Not Found
426,TD18120791,Item181207217,SUP671,FAILED,Schedule Not Found
427,TD18120791,Item181207711,SUP671,FAILED,Schedule Not Found
428,TD18120791,Item181207487,SUP671,FAILED,Schedule Not Found
429,TD18120791,Item181207958,SUP671,FAILED,Schedule Not Found
430,TD18120791,Item181207649,SUP671,FAILED,Schedule Not Found
431,TD18120791,Item181207348,SUP671,FAILED,Schedule Not Found
432,TD18120791,Item181207486,SUP671,FAILED,Schedule Not Found
433,TD18120791,Item181207508,SUP671,FAILED,Schedule Not Found
434,TD18120791,Item181207543,SUP671,FAILED,Schedule Not Found
435,TD18120791,Item181207313,SUP671,FAILED,Schedule Not Found
436,TD18120748,Item18120787,SUP560,FAILED,Schedule Not Found
437,TD18120748,Item181207777,SUP560,FAILED,Schedule Not Found
438,TD18120748,Item181207896,SUP560,FAILED,Schedule Not Found
439,TD18120748,Item18120742,SUP560,FAILED,Schedule Not Found
440,TD18120748,Item18120716,SUP560,FAILED,Schedule Not Found
441,TD18120748,Item18120787,SUP229,FAILED,Schedule Not Found
442,TD18120748,Item181207777,SUP229,FAILED,Schedule Not Found
443,TD18120748,Item181207896,SUP229,FAILED,Schedule Not Found
444,TD18120748,Item18120742,SUP229,FAILED,Schedule Not Found
445,TD18120748,Item18120716,SUP229,FAILED,Schedule Not Found
446,TD18120748,Item18120787,SUP671,FAILED,Schedule Not Found
447,TD18120748,Item181207777,SUP671,FAILED,Schedule Not Found
448,TD18120748,Item181207896,SUP671,FAILED,Schedule Not Found
449,TD18120748,Item18120742,SUP671,FAILED,Schedule Not Found
450,TD18120748,Item18120716,SUP671,FAILED,Schedule Not Found
451,TD18120748,Item18120787,SUP274,FAILED,Schedule Not Found
452,TD18120748,Item181207777,SUP274,FAILED,Schedule Not Found
453,TD18120748,Item181207896,SUP274,FAILED,Schedule Not Found
454,TD18120748,Item18120742,SUP274,FAILED,Schedule Not Found
455,TD18120748,Item18120716,SUP274,FAILED,Schedule Not Found
456,TD18120748,Item18120787,SUP990,FAILED,Schedule Not Found
457,TD18120748,Item181207777,SUP990,FAILED,Schedule Not Found
458,TD18120748,Item181207896,SUP990,FAILED,Schedule Not Found
459,TD18120748,Item18120742,SUP990,FAILED,Schedule Not Found
460,TD18120748,Item18120716,SUP990,FAILED,Schedule Not Found
461,TD18120748,Item18120787,SUP857,FAILED,Schedule Not Found
462,TD18120748,Item181207777,SUP857,FAILED,Schedule Not Found
463,TD18120748,Item181207896,SUP857,FAILED,Schedule Not Found
464,TD18120748,Item18120742,SUP857,FAILED,Schedule Not Found
465,TD18120748,Item18120716,SUP857,FAILED,Schedule Not Found
466,TD18120717,Item1812072,SUP955,FAILED,Schedule Not Found
467,TD18120717,Item181207539,SUP955,FAILED,Schedule Not Found
468,TD18120717,Item181207542,SUP955,FAILED,Schedule Not Found
469,TD18120717,Item181207831,SUP955,FAILED,Schedule Not Found
470,TD18120717,Item181207460,SUP955,FAILED,Schedule Not Found
471,TD18120717,Item1812072,SUP560,FAILED,Schedule Not Found
472,TD18120717,Item181207539,SUP560,FAILED,Schedule Not Found
473,TD18120717,Item181207542,SUP560,FAILED,Schedule Not Found
474,TD18120717,Item181207831,SUP560,FAILED,Schedule Not Found
475,TD18120717,Item181207460,SUP560,FAILED,Schedule Not Found
476,TD18120717,Item1812072,SUP229,FAILED,Schedule Not Found
477,TD18120717,Item181207539,SUP229,FAILED,Schedule Not Found
478,TD18120717,Item181207542,SUP229,FAILED,Schedule Not Found
479,TD18120717,Item181207831,SUP229,FAILED,Schedule Not Found
480,TD18120717,Item181207460,SUP229,FAILED,Schedule Not Found
481,TD18120717,Item1812072,SUP671,FAILED,Schedule Not Found
482,TD18120717,Item181207539,SUP671,FAILED,Schedule Not Found
483,TD18120717,Item181207542,SUP671,FAILED,Schedule Not Found
484,TD18120717,Item181207831,SUP671,FAILED,Schedule Not Found
485,TD18120717,Item181207460,SUP671,FAILED,Schedule Not Found
486,TD18120717,Item1812072,SUP274,FAILED,Schedule Not Found
487,TD18120717,Item181207539,SUP274,FAILED,Schedule Not Found
488,TD18120717,Item181207542,SUP274,FAILED,Schedule Not Found
489,TD18120717,Item181207831,SUP274,FAILED,Schedule Not Found
490,TD18120717,Item181207460,SUP274,FAILED,Schedule Not Found
491,TD18120717,Item1812072,SUP990,FAILED,Schedule Not Found
492,TD18120717,Item181207539,SUP990,FAILED,Schedule Not Found
493,TD18120717,Item181207542,SUP990,FAILED,Schedule Not Found
494,TD18120717,Item181207831,SUP990,FAILED,Schedule Not Found
495,TD18120717,Item181207460,SUP990,FAILED,Schedule Not Found
496,TD18120717,Item1812072,SUP857,FAILED,Schedule Not Found
497,TD18120717,Item181207539,SUP857,FAILED,Schedule Not Found
498,TD18120717,Item181207542,SUP857,FAILED,Schedule Not Found
499,TD18120717,Item181207831,SUP857,FAILED,Schedule Not Found
500,TD18120717,Item181207460,SUP857,FAILED,Schedule Not Found
501,TD18121120,Item181211481,SUP229,FAILED,Schedule Not Found
502,TD18121161,Item181211888,SUP366,FAILED,Schedule Not Found
503,TD18121161,Item181211187,SUP366,FAILED,Schedule Not Found
504,TD18121161,Item181211760,SUP366,FAILED,Schedule Not Found
505,TD18121161,Item181211489,SUP366,FAILED,Schedule Not Found
506,TD18121161,Item181211888,SUP197,FAILED,Schedule Not Found
507,TD18121161,Item181211187,SUP197,FAILED,Schedule Not Found
508,TD18121161,Item181211760,SUP197,FAILED,Schedule Not Found
509,TD18121161,Item181211489,SUP197,FAILED,Schedule Not Found
510,TD18121161,Item181211888,SUP251,FAILED,Schedule Not Found
511,TD18121161,Item181211187,SUP251,FAILED,Schedule Not Found
512,TD18121161,Item181211760,SUP251,FAILED,Schedule Not Found
513,TD18121161,Item181211489,SUP251,FAILED,Schedule Not Found
514,TD18121161,Item181211888,SUP229,FAILED,Schedule Not Found
515,TD18121161,Item181211187,SUP229,FAILED,Schedule Not Found
516,TD18121161,Item181211760,SUP229,FAILED,Schedule Not Found
517,TD18121161,Item181211888,SUP990,FAILED,Schedule Not Found
518,TD18121161,Item181211187,SUP990,FAILED,Schedule Not Found
519,TD18121161,Item181211760,SUP990,FAILED,Schedule Not Found
520,TD18121161,Item181211489,SUP990,FAILED,Schedule Not Found
521,TD18121161,Item181211888,SUP794,FAILED,Schedule Not Found
522,TD18121161,Item181211187,SUP794,FAILED,Schedule Not Found
523,TD18121161,Item181211760,SUP794,FAILED,Schedule Not Found
524,TD18121161,Item181211489,SUP794,FAILED,Schedule Not Found
525,TD18121134,Item181211834,SUP990,FAILED,Schedule Not Found
526,TD18121134,Item181211834,SUP274,FAILED,Schedule Not Found
527,TD18121134,Item181211834,SUP671,FAILED,Schedule Not Found
528,TD18121134,Item181211834,SUP229,FAILED,Schedule Not Found
529,TD18121134,Item181211834,SUP836,FAILED,Schedule Not Found
530,TD18121168,Item181211136,SUP197,FAILED,Schedule Not Found
531,TD18121168,Item181211136,SUP836,FAILED,Schedule Not Found
532,TD18121168,Item181211136,SUP366,FAILED,Schedule Not Found
533,TD18121168,Item181211136,SUP990,FAILED,Schedule Not Found
534,TD18121168,Item181211136,SUP794,FAILED,Schedule Not Found
535,TD18121168,Item181211136,SUP602,FAILED,Schedule Not Found
536,TD18121148,Item181211637,SUP857,FAILED,Schedule Not Found
537,TD18121148,Item181211637,SUP617,FAILED,Schedule Not Found
538,TD18121138,Item181211193,SUP857,FAILED,Schedule Not Found
539,TD18121138,Item181211193,SUP617,FAILED,Schedule Not Found
540,TD18121433,Item181214771,SUP990,FAILED,Schedule Not Found
541,TD18121433,Item181214771,SUP256,FAILED,Schedule Not Found
542,TD18121484,Item181214357,SUP990,FAILED,Schedule Not Found
543,TD18121484,Item181214357,SUP256,FAILED,Schedule Not Found
544,TD18121493,Item181214151,SUP746,FAILED,Schedule Not Found
545,TD18121493,Item181214151,SUP58,FAILED,Schedule Not Found
546,TD18121493,Item181214151,SUP504,FAILED,Schedule Not Found
547,TD18121481,Item181214558,SUP80,FAILED,Schedule Not Found
548,TD18121481,Item181214558,SUP661,FAILED,Schedule Not Found
549,TD18121481,Item181214558,SUP636,FAILED,Schedule Not Found
550,TD18121481,Item181214558,SUP560,FAILED,Schedule Not Found
551,TD18121456,Item181214224,SUP58,FAILED,Schedule Not Found
552,TD18121456,Item181214224,SUP661,FAILED,Schedule Not Found
553,TD18121456,Item181214224,SUP80,FAILED,Schedule Not Found
554,TD18121456,Item181214224,SUP636,FAILED,Schedule Not Found
555,TD18121456,Item181214224,SUP560,FAILED,Schedule Not Found
556,TD18121479,Item181214216,SUP58,FAILED,Schedule Not Found
557,TD18121479,Item181214216,SUP661,FAILED,Schedule Not Found
558,TD18121479,Item181214216,SUP80,FAILED,Schedule Not Found
559,TD18121479,Item181214216,SUP560,FAILED,Schedule Not Found
560,TD18121479,Item181214216,SUP636,FAILED,Schedule Not Found
561,TD18121465,Item181214329,SUP58,FAILED,Schedule Not Found
562,TD18121465,Item181214329,SUP661,FAILED,Schedule Not Found
563,TD18121465,Item181214329,SUP80,FAILED,Schedule Not Found
564,TD18121465,Item181214329,SUP636,FAILED,Schedule Not Found
565,TD18121465,Item181214329,SUP560,FAILED,Schedule Not Found
566,TD18121495,Item181214698,SUP597,FAILED,Schedule Not Found
567,TD18121495,Item181214698,SUP636,FAILED,Schedule Not Found
568,TD18121472,Item181214855,SUP636,FAILED,Schedule Not Found
569,TD18121472,Item181214855,SUP990,FAILED,Schedule Not Found
570,TD18121472,Item181214855,SUP80,FAILED,Schedule Not Found
571,TD18121472,Item181214855,SUP313,FAILED,Schedule Not Found
572,TD18121440,Item181214992,SUP990,FAILED,Schedule Not Found
573,TD18121460,Item18121461,SUP990,FAILED,Schedule Not Found
574,TD18121431,Item181214981,SUP313,FAILED,Schedule Not Found
575,TD18121431,Item181214981,SUP990,FAILED,Schedule Not Found
576,TD18121431,Item181214981,SUP661,FAILED,Schedule Not Found
577,TD18121431,Item181214981,SUP597,FAILED,Schedule Not Found
578,TD18121431,Item181214981,SUP636,FAILED,Schedule Not Found
579,TD18121431,Item181214981,SUP560,FAILED,Schedule Not Found
580,TD18121431,Item181214981,SUP80,FAILED,Schedule Not Found
581,TD18121431,Item181214981,SUP162,FAILED,Schedule Not Found
582,TD18121431,Item181214981,SUP274,FAILED,Schedule Not Found
583,TD18121468,Item181214998,SUP80,FAILED,Schedule Not Found
584,TD18121468,Item181214998,SUP313,FAILED,Schedule Not Found
585,TD18121468,Item181214998,SUP855,FAILED,Schedule Not Found
586,TD18121468,Item181214998,SUP636,FAILED,Schedule Not Found
587,TD18121468,Item181214998,SUP990,FAILED,Schedule Not Found
588,TD18121453,Item181214314,SUP853,FAILED,Schedule Not Found
589,TD18121453,Item181214314,SUP274,FAILED,Schedule Not Found
590,TD18121793,Item181217476,SUP56,FAILED,Schedule Not Found
591,TD18121793,Item181217476,SUP533,FAILED,Schedule Not Found
592,TD18121793,Item181217476,SUP206,FAILED,Schedule Not Found
593,TD18121769,Item181217195,SUP504,FAILED,Schedule Not Found
594,TD18121769,Item181217195,SUP774,FAILED,Schedule Not Found
595,TD18121712,Item181217940,SUP650,FAILED,Schedule Not Found
596,TD18121712,Item181217935,SUP650,FAILED,Schedule Not Found
597,TD18121712,Item181217598,SUP650,FAILED,Schedule Not Found
598,TD18121712,Item181217852,SUP650,FAILED,Schedule Not Found
599,TD18121712,Item181217842,SUP650,FAILED,Schedule Not Found
600,TD18121712,Item181217318,SUP650,FAILED,Schedule Not Found
601,TD18121712,Item181217714,SUP650,FAILED,Schedule Not Found
602,TD18121712,Item181217317,SUP650,FAILED,Schedule Not Found
603,TD18121712,Item181217865,SUP650,FAILED,Schedule Not Found
604,TD18121712,Item181217859,SUP650,FAILED,Schedule Not Found
605,TD18121712,Item181217844,SUP650,FAILED,Schedule Not Found
606,TD18121712,Item181217706,SUP650,FAILED,Schedule Not Found
607,TD18121712,Item181217940,SUP58,FAILED,Schedule Not Found
608,TD18121712,Item181217935,SUP58,FAILED,Schedule Not Found
609,TD18121712,Item181217598,SUP58,FAILED,Schedule Not Found
610,TD18121712,Item181217852,SUP58,FAILED,Schedule Not Found
611,TD18121712,Item181217842,SUP58,FAILED,Schedule Not Found
612,TD18121712,Item181217318,SUP58,FAILED,Schedule Not Found
613,TD18121712,Item181217714,SUP58,FAILED,Schedule Not Found
614,TD18121712,Item181217317,SUP58,FAILED,Schedule Not Found
615,TD18121712,Item181217865,SUP58,FAILED,Schedule Not Found
616,TD18121712,Item181217859,SUP58,FAILED,Schedule Not Found
617,TD18121712,Item181217844,SUP58,FAILED,Schedule Not Found
618,TD18121712,Item181217706,SUP58,FAILED,Schedule Not Found
619,TD18121712,Item181217940,SUP297,FAILED,Schedule Not Found
620,TD18121712,Item181217935,SUP297,FAILED,Schedule Not Found
621,TD18121712,Item181217598,SUP297,FAILED,Schedule Not Found
622,TD18121712,Item181217852,SUP297,FAILED,Schedule Not Found
623,TD18121712,Item181217842,SUP297,FAILED,Schedule Not Found
624,TD18121712,Item181217318,SUP297,FAILED,Schedule Not Found
625,TD18121712,Item181217714,SUP297,FAILED,Schedule Not Found
626,TD18121712,Item181217317,SUP297,FAILED,Schedule Not Found
627,TD18121712,Item181217865,SUP297,FAILED,Schedule Not Found
628,TD18121712,Item181217859,SUP297,FAILED,Schedule Not Found
629,TD18121712,Item181217844,SUP297,FAILED,Schedule Not Found
630,TD18121712,Item181217706,SUP297,FAILED,Schedule Not Found
631,TD18121712,Item181217940,SUP288,FAILED,Schedule Not Found
632,TD18121712,Item181217935,SUP288,FAILED,Schedule Not Found
633,TD18121712,Item181217598,SUP288,FAILED,Schedule Not Found
634,TD18121712,Item181217852,SUP288,FAILED,Schedule Not Found
635,TD18121712,Item181217842,SUP288,FAILED,Schedule Not Found
636,TD18121712,Item181217318,SUP288,FAILED,Schedule Not Found
637,TD18121712,Item181217714,SUP288,FAILED,Schedule Not Found
638,TD18121712,Item181217317,SUP288,FAILED,Schedule Not Found
639,TD18121712,Item181217865,SUP288,FAILED,Schedule Not Found
640,TD18121712,Item181217859,SUP288,FAILED,Schedule Not Found
641,TD18121712,Item181217844,SUP288,FAILED,Schedule Not Found
642,TD18121712,Item181217706,SUP288,FAILED,Schedule Not Found
643,TD1812179,Item181217563,SUP617,FAILED,Schedule Not Found
644,TD1812179,Item181217563,SUP634,FAILED,Schedule Not Found
645,TD1812179,Item181217563,SUP45,FAILED,Schedule Not Found
646,TD18121766,Item181217249,SUP229,FAILED,Schedule Not Found
647,TD18121789,Item181217268,SUP574,FAILED,Schedule Not Found
648,TD18121794,Item181217311,SUP372,FAILED,Schedule Not Found
649,TD18121715,Item181217280,SUP372,FAILED,Schedule Not Found
650,TD18121719,Item181217151,SUP372,FAILED,Schedule Not Found
651,TD18121782,Item181217510,SUP634,FAILED,Schedule Not Found
652,TD18121782,Item181217510,SUP45,FAILED,Schedule Not Found
653,TD18121795,Item181217189,SUP560,FAILED,Schedule Not Found
654,TD18121795,Item181217611,SUP560,FAILED,Schedule Not Found
655,TD18121795,Item18121767,SUP560,FAILED,Schedule Not Found
656,TD18121795,Item181217701,SUP560,FAILED,Schedule Not Found
657,TD18121795,Item181217829,SUP560,FAILED,Schedule Not Found
658,TD18121795,Item181217921,SUP560,FAILED,Schedule Not Found
659,TD18121795,Item181217851,SUP560,FAILED,Schedule Not Found
660,TD18121795,Item181217735,SUP560,FAILED,Schedule Not Found
661,TD18121795,Item181217251,SUP560,FAILED,Schedule Not Found
662,TD18121795,Item181217189,SUP45,FAILED,Schedule Not Found
663,TD18121795,Item181217611,SUP45,FAILED,Schedule Not Found
664,TD18121795,Item18121767,SUP45,FAILED,Schedule Not Found
665,TD18121795,Item181217701,SUP45,FAILED,Schedule Not Found
666,TD18121795,Item181217829,SUP45,FAILED,Schedule Not Found
667,TD18121795,Item181217921,SUP45,FAILED,Schedule Not Found
668,TD18121795,Item181217851,SUP45,FAILED,Schedule Not Found
669,TD18121795,Item181217735,SUP45,FAILED,Schedule Not Found
670,TD18121795,Item181217251,SUP45,FAILED,Schedule Not Found
671,TD18121795,Item181217189,SUP451,FAILED,Schedule Not Found
672,TD18121795,Item181217611,SUP451,FAILED,Schedule Not Found
673,TD18121795,Item18121767,SUP451,FAILED,Schedule Not Found
674,TD18121795,Item181217701,SUP451,FAILED,Schedule Not Found
675,TD18121795,Item181217829,SUP451,FAILED,Schedule Not Found
676,TD18121795,Item181217921,SUP451,FAILED,Schedule Not Found
677,TD18121795,Item181217851,SUP451,FAILED,Schedule Not Found
678,TD18121795,Item181217735,SUP451,FAILED,Schedule Not Found
679,TD18121795,Item181217251,SUP451,FAILED,Schedule Not Found
680,TD1812177,Item181217232,SUP80,FAILED,Schedule Not Found
681,TD1812177,Item181217266,SUP80,FAILED,Schedule Not Found
682,TD1812177,Item181217707,SUP80,FAILED,Schedule Not Found
683,TD1812177,Item18121762,SUP80,FAILED,Schedule Not Found
684,TD1812177,Item181217232,SUP661,FAILED,Schedule Not Found
685,TD1812177,Item181217266,SUP661,FAILED,Schedule Not Found
686,TD1812177,Item181217707,SUP661,FAILED,Schedule Not Found
687,TD1812177,Item18121762,SUP661,FAILED,Schedule Not Found
688,TD1812177,Item181217232,SUP757,FAILED,Schedule Not Found
689,TD1812177,Item181217266,SUP757,FAILED,Schedule Not Found
690,TD1812177,Item181217707,SUP757,FAILED,Schedule Not Found
691,TD1812177,Item18121762,SUP757,FAILED,Schedule Not Found
692,TD1812177,Item181217232,SUP340,FAILED,Schedule Not Found
693,TD1812177,Item181217266,SUP340,FAILED,Schedule Not Found
694,TD1812177,Item181217707,SUP340,FAILED,Schedule Not Found
695,TD1812177,Item18121762,SUP340,FAILED,Schedule Not Found
696,TD18121747,Item181217937,SUP80,FAILED,Schedule Not Found
697,TD18121747,Item181217937,SUP661,FAILED,Schedule Not Found
698,TD18121747,Item181217937,SUP750,FAILED,Schedule Not Found
699,TD18121747,Item181217937,SUP990,FAILED,Schedule Not Found
700,TD18121747,Item181217937,SUP121,FAILED,Schedule Not Found
701,TD18121778,Item181217784,SUP45,FAILED,Schedule Not Found
702,TD18121713,Item181217325,SUP45,FAILED,Schedule Not Found
703,TD18121763,Item181217408,SUP45,FAILED,Schedule Not Found
704,TD18121730,Item181217990,SUP45,FAILED,Schedule Not Found
705,TD18121730,Item181217952,SUP45,FAILED,Schedule Not Found
706,TD18121730,Item181217668,SUP45,FAILED,Schedule Not Found
707,TD1812173,Item181217742,SUP80,FAILED,Schedule Not Found
708,TD18121717,Item181217927,SUP80,FAILED,Schedule Not Found
709,TD18121717,Item181217927,SUP560,FAILED,Schedule Not Found
710,TD18121717,Item181217927,SUP121,FAILED,Schedule Not Found
711,TD18121770,Item181217980,SUP560,FAILED,Schedule Not Found
712,TD18121770,Item181217980,SUP80,FAILED,Schedule Not Found
713,TD18121770,Item181217980,SUP121,FAILED,Schedule Not Found
714,TD18121773,Item181217323,SUP661,FAILED,Schedule Not Found
715,TD18121790,Item181217152,SUP872,FAILED,Schedule Not Found
716,TD18121790,Item181217152,SUP661,FAILED,Schedule Not Found
717,TD18121790,Item181217152,SUP617,FAILED,Schedule Not Found
718,TD19011494,Item190114699,SUP746,FAILED,DB Supplier Not Found
719,TD19021387,Item190213406,SUP447,FAILED,DB Supplier Not Found
720,TD19021387,Item190213199,SUP447,FAILED,DB Supplier Not Found
721,TD19021330,Item190213395,SUP447,FAILED,DB Supplier Not Found
722,TD19021440,Item190214399,SUP971,FAILED,DB Supplier Not Found
723,TD19021440,Item190214399,SUP103,FAILED,DB Supplier Not Found
724,TD19021443,Item190214683,SUP971,FAILED,DB Supplier Not Found
725,TD19021443,Item190214683,SUP103,FAILED,DB Supplier Not Found
726,TD1902153,Item190215382,SUP103,FAILED,DB Supplier Not Found
727,TD1902153,Item190215382,SUP853,FAILED,DB Supplier Not Found
728,TD1902153,,SUP853,FAILED,DB Supplier Not Found
729,TD1902153,Item190215382,SUP971,FAILED,DB Supplier Not Found
730,TD19021845,Item190218851,SUP366,FAILED,DB Supplier Not Found
731,TD19021845,Item190218851,SUP205,FAILED,DB Supplier Not Found
732,TD19021845,Item190218851,SUP235,FAILED,DB Supplier Not Found
733,TD19021845,Item190218851,SUP734,FAILED,DB Supplier Not Found
734,TD19021845,Item190218851,SUP836,FAILED,DB Supplier Not Found
735,TD19021832,Item190218132,SUP366,FAILED,DB Supplier Not Found
736,TD19021832,Item190218132,SUP403,FAILED,DB Supplier Not Found
737,TD19021832,Item190218132,SUP734,FAILED,DB Supplier Not Found
738,TD19021832,Item190218132,SUP205,FAILED,DB Supplier Not Found
739,TD19021832,Item190218132,SUP836,FAILED,DB Supplier Not Found
740,TD19021899,Item190218638,SUP409,FAILED,DB Supplier Not Found
741,TD19021821,Item190218813,SUP409,FAILED,DB Supplier Not Found
742,TD19021886,Item190218565,SUP409,FAILED,DB Supplier Not Found
743,TD19022037,Item190220604,SUP403,FAILED,DB Supplier Not Found
744,TD19022037,Item190220604,SUP486,FAILED,DB Supplier Not Found
745,TD19022037,Item190220604,SUP90,FAILED,DB Supplier Not Found
746,TD19022037,Item190220604,SUP235,FAILED,DB Supplier Not Found
747,TD19022037,Item190220604,SUP571,FAILED,DB Supplier Not Found
748,TD19022099,Item19022062,SUP103,FAILED,DB Supplier Not Found
749,TD19022099,Item1902209,SUP103,FAILED,DB Supplier Not Found
750,TD19022099,Item19022062,SUP919,FAILED,DB Supplier Not Found
751,TD19022099,Item1902209,SUP919,FAILED,DB Supplier Not Found
752,TD1902205,Item190220320,SUP205,FAILED,DB Supplier Not Found
753,TD1902205,Item190220320,SUP235,FAILED,DB Supplier Not Found
754,TD1902205,Item190220320,SUP366,FAILED,DB Supplier Not Found
755,TD1902205,Item190220320,SUP734,FAILED,DB Supplier Not Found
756,TD19022022,Item190220368,SUP366,FAILED,DB Supplier Not Found
757,TD19022022,Item190220368,SUP836,FAILED,DB Supplier Not Found
758,TD19022022,Item190220368,SUP235,FAILED,DB Supplier Not Found
759,TD19022022,Item190220368,SUP205,FAILED,DB Supplier Not Found
760,TD19022022,Item190220368,SUP734,FAILED,DB Supplier Not Found
761,TD19022054,Item190220210,SUP366,FAILED,DB Supplier Not Found
762,TD19022054,Item190220210,SUP235,FAILED,DB Supplier Not Found
763,TD19022054,Item190220210,SUP836,FAILED,DB Supplier Not Found
764,TD19022054,Item190220210,SUP205,FAILED,DB Supplier Not Found
765,TD19022097,Item190220259,SUP836,FAILED,DB Supplier Not Found
766,TD19022097,Item190220259,SUP235,FAILED,DB Supplier Not Found
767,TD19022097,Item190220259,SUP734,FAILED,DB Supplier Not Found
768,TD19022097,Item190220259,SUP366,FAILED,DB Supplier Not Found
769,TD19022097,Item190220259,SUP205,FAILED,DB Supplier Not Found
770,TD19022046,Item190220949,SUP734,FAILED,DB Supplier Not Found
771,TD19022046,Item190220949,SUP366,FAILED,DB Supplier Not Found
772,TD19022046,Item190220949,SUP235,FAILED,DB Supplier Not Found
773,TD19022046,Item190220949,SUP836,FAILED,DB Supplier Not Found
774,TD19022046,Item190220949,SUP205,FAILED,DB Supplier Not Found
775,TD19022224,Item190222324,SUP836,FAILED,DB Supplier Not Found
776,TD19022224,Item190222324,SUP366,FAILED,DB Supplier Not Found
777,TD19022224,Item190222324,SUP403,FAILED,DB Supplier Not Found
778,TD19022224,Item190222324,SUP205,FAILED,DB Supplier Not Found
779,TD19022224,Item190222324,SUP734,FAILED,DB Supplier Not Found
780,TD19022252,Item190222413,SUP235,FAILED,DB Supplier Not Found
781,TD19022252,Item190222413,SUP836,FAILED,DB Supplier Not Found
782,TD19022252,Item190222413,SUP366,FAILED,DB Supplier Not Found
783,TD19022252,Item190222413,SUP205,FAILED,DB Supplier Not Found
784,TD19022252,Item190222413,SUP734,FAILED,DB Supplier Not Found
785,TD19022537,Item190225238,SUP746,FAILED,DB Supplier Not Found
786,TD19022524,Item190225904,SUP205,FAILED,DB Supplier Not Found
787,TD19022524,Item190225904,SUP321,FAILED,DB Supplier Not Found
788,TD19022524,Item190225904,SUP271,FAILED,DB Supplier Not Found
789,TD19022514,Item190225511,SUP762,FAILED,DB Supplier Not Found
790,TD19022514,Item19022574,SUP762,FAILED,DB Supplier Not Found
791,TD19022514,Item190225511,SUP299,FAILED,DB Supplier Not Found
792,TD19022514,Item19022574,SUP299,FAILED,DB Supplier Not Found
793,TD19022514,Item190225511,SUP381,FAILED,DB Supplier Not Found
794,TD19022514,Item19022574,SUP381,FAILED,DB Supplier Not Found
795,TD19022514,Item190225511,SUP617,FAILED,DB Supplier Not Found
796,TD19022514,Item19022574,SUP617,FAILED,DB Supplier Not Found
797,TD19022514,Item190225511,SUP235,FAILED,DB Supplier Not Found
798,TD19022514,Item19022574,SUP235,FAILED,DB Supplier Not Found
799,TD19022516,Item190225695,SUP762,FAILED,DB Supplier Not Found
800,TD19022516,Item190225695,SUP41,FAILED,DB Supplier Not Found
801,TD19022516,Item190225695,SUP90,FAILED,DB Supplier Not Found
802,TD19022516,Item190225695,SUP403,FAILED,DB Supplier Not Found
803,TD19022516,Item190225695,SUP205,FAILED,DB Supplier Not Found
804,TD19022516,Item190225695,SUP80,FAILED,DB Supplier Not Found
805,TD19022516,Item190225695,SUP971,FAILED,DB Supplier Not Found
806,TD19022516,Item190225695,SUP366,FAILED,DB Supplier Not Found
807,TD19022516,Item190225695,SUP486,FAILED,DB Supplier Not Found
808,TD19022516,Item190225695,SUP611,FAILED,DB Supplier Not Found
809,TD19022561,Item190225193,SUP80,FAILED,DB Supplier Not Found
810,TD19022561,Item190225193,SUP486,FAILED,DB Supplier Not Found
811,TD19022561,Item190225193,SUP611,FAILED,DB Supplier Not Found
812,TD19022561,Item190225193,SUP636,FAILED,DB Supplier Not Found
813,TD19022561,Item190225193,SUP205,FAILED,DB Supplier Not Found
814,TD19022512,Item190225838,SUP205,FAILED,DB Supplier Not Found
815,TD19022512,Item190225838,SUP481,FAILED,DB Supplier Not Found
816,TD19022512,Item190225838,SUP265,FAILED,DB Supplier Not Found
817,TD19022512,Item190225838,SUP80,FAILED,DB Supplier Not Found
818,TD19022512,Item190225838,SUP35,FAILED,DB Supplier Not Found
819,TD19022512,Item190225838,SUP35,FAILED,DB Supplier Not Found
820,TD19022512,Item190225838,SUP486,FAILED,DB Supplier Not Found
821,TD19022512,Item190225838,SUP611,FAILED,DB Supplier Not Found
822,TD19022512,Item190225838,SUP636,FAILED,DB Supplier Not Found
823,TD19022512,Item190225838,SUP971,FAILED,DB Supplier Not Found
824,TD19022644,Item190226316,SUP746,FAILED,DB Supplier Not Found
825,TD19022646,Item190226590,SUP91,FAILED,DB Supplier Not Found
826,TD19022646,Item190226597,SUP91,FAILED,DB Supplier Not Found
827,TD19022646,Item190226581,SUP91,FAILED,DB Supplier Not Found
828,TD19022646,Item190226438,SUP91,FAILED,DB Supplier Not Found
829,TD19022682,Item190226621,SUP348,FAILED,DB Supplier Not Found
830,TD19022682,Item190226214,SUP348,FAILED,DB Supplier Not Found
831,TD19022682,Item190226621,SUP832,FAILED,DB Supplier Not Found
832,TD19022682,Item190226214,SUP832,FAILED,DB Supplier Not Found
833,TD1902261,Item190226548,SUP348,FAILED,DB Supplier Not Found
834,TD1902261,Item190226548,SUP832,FAILED,DB Supplier Not Found
835,TD19022616,Item190226905,SUP971,FAILED,DB Supplier Not Found
836,TD19022616,Item190226905,SUP232,FAILED,DB Supplier Not Found
837,TD19022616,Item190226905,SUP152,FAILED,DB Supplier Not Found
838,TD19022616,Item190226905,SUP205,FAILED,DB Supplier Not Found
839,TD19022616,Item190226905,SUP636,FAILED,DB Supplier Not Found
840,TD19022616,Item190226905,SUP611,FAILED,DB Supplier Not Found
841,TD19022616,Item190226905,SUP579,FAILED,DB Supplier Not Found
842,TD19022616,Item190226905,SUP486,FAILED,DB Supplier Not Found
843,TD19022683,Item190226377,SUP35,FAILED,DB Supplier Not Found
844,TD19022683,Item190226377,SUP205,FAILED,DB Supplier Not Found
845,TD19022683,Item190226377,SUP971,FAILED,DB Supplier Not Found
846,TD19022683,Item190226377,SUP636,FAILED,DB Supplier Not Found
847,TD19022683,Item190226377,SUP145,FAILED,DB Supplier Not Found
848,TD19022683,Item190226377,SUP265,FAILED,DB Supplier Not Found
849,TD19022683,Item190226377,SUP611,FAILED,DB Supplier Not Found
850,TD19022683,Item190226377,SUP451,FAILED,DB Supplier Not Found
851,TD19022611,Item190226180,SUP35,FAILED,DB Supplier Not Found
852,TD19022611,Item190226180,SUP611,FAILED,DB Supplier Not Found
853,TD19022611,Item190226180,SUP205,FAILED,DB Supplier Not Found
854,TD19022611,Item190226180,SUP636,FAILED,DB Supplier Not Found
855,TD19022611,Item190226180,SUP145,FAILED,DB Supplier Not Found
856,TD19022611,Item190226180,SUP265,FAILED,DB Supplier Not Found
857,TD19022611,Item190226180,SUP486,FAILED,DB Supplier Not Found
858,TD19022611,Item190226180,SUP451,FAILED,DB Supplier Not Found
859,TD19022639,Item190226449,SUP486,FAILED,DB Supplier Not Found
860,TD19022639,Item190226449,SUP205,FAILED,DB Supplier Not Found
861,TD19022639,Item190226449,SUP611,FAILED,DB Supplier Not Found
862,TD19022639,Item190226449,SUP451,FAILED,DB Supplier Not Found
863,TD19022639,Item190226449,SUP486,FAILED,DB Supplier Not Found
864,TD19022639,Item190226449,SUP299,FAILED,DB Supplier Not Found
865,TD19022639,Item190226449,SUP971,FAILED,DB Supplier Not Found
866,TD19022639,Item190226449,SUP35,FAILED,DB Supplier Not Found
867,TD1902263,Item190226524,SUP80,FAILED,DB Supplier Not Found
868,TD1902263,Item190226524,SUP35,FAILED,DB Supplier Not Found
869,TD1902263,Item190226524,SUP205,FAILED,DB Supplier Not Found
870,TD1902263,Item190226524,SUP971,FAILED,DB Supplier Not Found
871,TD1902263,Item190226524,SUP486,FAILED,DB Supplier Not Found
872,TD1902263,Item190226524,SUP265,FAILED,DB Supplier Not Found
873,TD1902263,Item190226524,SUP145,FAILED,DB Supplier Not Found
874,TD1902263,Item190226524,SUP611,FAILED,DB Supplier Not Found
875,TD19022743,Item190227303,SUP265,FAILED,DB Supplier Not Found
876,TD19022743,Item190227754,SUP265,FAILED,DB Supplier Not Found
877,TD19022743,Item190227303,SUP205,FAILED,DB Supplier Not Found
878,TD19022743,Item190227754,SUP205,FAILED,DB Supplier Not Found
879,TD19022743,Item190227303,SUP451,FAILED,DB Supplier Not Found
880,TD19022743,Item190227754,SUP451,FAILED,DB Supplier Not Found
881,TD19022743,Item190227303,SUP611,FAILED,DB Supplier Not Found
882,TD19022743,Item190227754,SUP611,FAILED,DB Supplier Not Found
883,TD19022743,Item190227303,SUP486,FAILED,DB Supplier Not Found
884,TD19022743,Item190227754,SUP486,FAILED,DB Supplier Not Found
885,TD19022743,Item190227303,SUP145,FAILED,DB Supplier Not Found
886,TD19022743,Item190227754,SUP145,FAILED,DB Supplier Not Found
887,TD19022743,Item190227303,SUP971,FAILED,DB Supplier Not Found
888,TD19022743,Item190227754,SUP971,FAILED,DB Supplier Not Found
889,TD19022743,Item190227303,SUP35,FAILED,DB Supplier Not Found
890,TD19022743,Item190227754,SUP35,FAILED,DB Supplier Not Found
891,TD19022885,Item190228115,SUP971,FAILED,DB Supplier Not Found
892,TD19022885,Item190228115,SUP103,FAILED,DB Supplier Not Found
893,TD19022837,Item190228586,SUP762,FAILED,DB Supplier Not Found
894,TD19022837,Item190228824,SUP762,FAILED,DB Supplier Not Found
895,TD19022837,Item190228586,SUP636,FAILED,DB Supplier Not Found
896,TD19022837,Item190228824,SUP636,FAILED,DB Supplier Not Found
897,TD19022837,Item190228586,SUP381,FAILED,DB Supplier Not Found
898,TD19022837,Item190228824,SUP381,FAILED,DB Supplier Not Found
899,TD19022837,Item190228586,SUP617,FAILED,DB Supplier Not Found
900,TD19022837,Item190228586,SUP235,FAILED,DB Supplier Not Found
901,TD19022837,Item190228824,SUP235,FAILED,DB Supplier Not Found
902,TD19030571,Item19030553,SUP762,FAILED,Schedule Not Found
903,TD19030571,Item190305942,SUP762,FAILED,Schedule Not Found
904,TD19030571,Item19030553,SUP299,FAILED,Schedule Not Found
905,TD19030571,Item190305942,SUP299,FAILED,Schedule Not Found
906,TD19030564,Item190305403,SUP381,FAILED,DB Supplier Not Found
907,TD19030564,Item190305547,SUP381,FAILED,DB Supplier Not Found
908,TD19030564,Item190305403,SUP762,FAILED,DB Supplier Not Found
909,TD19030564,Item190305547,SUP762,FAILED,DB Supplier Not Found
910,TD19030564,Item190305403,SUP636,FAILED,DB Supplier Not Found
911,TD19030564,Item190305547,SUP636,FAILED,DB Supplier Not Found
912,TD19030564,Item190305403,SUP617,FAILED,DB Supplier Not Found
913,TD19030564,Item190305403,SUP235,FAILED,DB Supplier Not Found
914,TD19030564,Item190305547,SUP235,FAILED,DB Supplier Not Found
915,TD19030555,Item190305389,SUP205,FAILED,DB Supplier Not Found
916,TD19030555,Item190305389,SUP481,FAILED,DB Supplier Not Found
917,TD19030555,Item190305389,SUP152,FAILED,DB Supplier Not Found
918,TD19030555,Item190305389,SUP80,FAILED,DB Supplier Not Found
919,TD19030555,Item190305389,SUP35,FAILED,DB Supplier Not Found
920,TD19030555,Item190305389,SUP486,FAILED,DB Supplier Not Found
921,TD19030555,Item190305389,SUP611,FAILED,DB Supplier Not Found
922,TD19030555,Item190305389,SUP636,FAILED,DB Supplier Not Found
923,TD19030555,Item190305389,SUP971,FAILED,DB Supplier Not Found
924,TD19030513,Item190305870,SUP971,FAILED,DB Supplier Not Found
925,TD19030513,Item190305870,SUP103,FAILED,DB Supplier Not Found
926,TD19030528,Item190305112,SUP734,FAILED,DB Supplier Not Found
927,TD19030528,Item190305112,SUP366,FAILED,DB Supplier Not Found
928,TD19030528,Item190305112,SUP235,FAILED,DB Supplier Not Found
929,TD19030528,Item190305112,SUP836,FAILED,DB Supplier Not Found
930,TD19030528,Item190305112,SUP205,FAILED,DB Supplier Not Found
931,TD19030575,Item190305436,SUP205,FAILED,Schedule Not Found
932,TD19030575,Item190305436,SUP235,FAILED,Schedule Not Found
933,TD19030587,Item190305927,SUP205,FAILED,DB Supplier Not Found
934,TD19030587,Item190305927,SUP235,FAILED,DB Supplier Not Found
935,TD19030587,Item190305927,SUP366,FAILED,DB Supplier Not Found
936,TD19030587,Item190305927,SUP734,FAILED,DB Supplier Not Found
937,TD19030523,Item190305931,SUP348,FAILED,DB Supplier Not Found
938,TD19030523,Item190305836,SUP348,FAILED,DB Supplier Not Found
939,TD19030523,Item190305931,SUP832,FAILED,DB Supplier Not Found
940,TD19030523,Item190305836,SUP832,FAILED,DB Supplier Not Found
941,TD19030568,Item190305576,SUP971,FAILED,DB Supplier Not Found
942,TD19030568,Item190305576,SUP232,FAILED,DB Supplier Not Found
943,TD19030568,Item190305576,SUP265,FAILED,DB Supplier Not Found
944,TD19030568,Item190305576,SUP205,FAILED,DB Supplier Not Found
945,TD19030568,Item190305576,SUP636,FAILED,DB Supplier Not Found
946,TD19030568,Item190305576,SUP611,FAILED,DB Supplier Not Found
947,TD19030568,Item190305576,SUP35,FAILED,DB Supplier Not Found
948,TD19030568,Item190305576,SUP486,FAILED,DB Supplier Not Found
949,TD19031183,Item190311103,SUP560,FAILED,DB Supplier Not Found
950,TD19031183,Item190311103,SUP611,FAILED,DB Supplier Not Found
951,TD19031183,Item190311103,SUP451,FAILED,DB Supplier Not Found
952,TD19031183,Item190311103,SUP464,FAILED,DB Supplier Not Found
953,TD19031183,Item190311103,SUP41,FAILED,DB Supplier Not Found
954,TD19031183,Item190311103,SUP235,FAILED,DB Supplier Not Found
955,TD19031125,Item190311289,SUP235,FAILED,DB Supplier Not Found
956,TD19031125,Item190311289,SUP80,FAILED,DB Supplier Not Found
957,TD19031125,Item190311289,SUP279,FAILED,DB Supplier Not Found
958,TD19031125,Item190311289,SUP41,FAILED,DB Supplier Not Found
959,TD19031125,Item190311289,SUP451,FAILED,DB Supplier Not Found
960,TD19031125,Item190311289,SUP464,FAILED,DB Supplier Not Found
961,TD19031151,Item190311873,SUP41,FAILED,DB Supplier Not Found
962,TD19031151,Item190311873,SUP464,FAILED,DB Supplier Not Found
963,TD19031151,Item190311873,SUP80,FAILED,DB Supplier Not Found
964,TD19031151,Item190311873,SUP611,FAILED,DB Supplier Not Found
965,TD19031151,Item190311873,SUP451,FAILED,DB Supplier Not Found
966,TD19031151,Item190311873,SUP205,FAILED,DB Supplier Not Found
967,TD19031151,Item190311873,SUP235,FAILED,DB Supplier Not Found
968,TD19031144,Item190311469,SUP41,FAILED,DB Supplier Not Found
969,TD19031144,Item190311469,SUP611,FAILED,DB Supplier Not Found
970,TD19031144,Item190311469,SUP235,FAILED,DB Supplier Not Found
971,TD19031144,Item190311469,SUP80,FAILED,DB Supplier Not Found
972,TD19031144,Item190311469,SUP451,FAILED,DB Supplier Not Found
973,TD19031170,Item190311558,SUP80,FAILED,DB Supplier Not Found
974,TD19031170,Item190311558,SUP205,FAILED,DB Supplier Not Found
975,TD19031170,Item190311558,SUP451,FAILED,DB Supplier Not Found
976,TD19031170,Item190311558,SUP235,FAILED,DB Supplier Not Found
977,TD19031117,Item190311613,SUP279,FAILED,DB Supplier Not Found
978,TD19031117,Item190311613,SUP41,FAILED,DB Supplier Not Found
979,TD19031117,Item190311613,SUP451,FAILED,DB Supplier Not Found
980,TD19031117,Item190311613,SUP235,FAILED,DB Supplier Not Found
981,TD19031117,Item190311613,SUP80,FAILED,DB Supplier Not Found
982,TD19031117,Item190311613,SUP205,FAILED,DB Supplier Not Found
983,TD19031134,Item190311748,SUP464,FAILED,DB Supplier Not Found
984,TD19031134,Item190311748,SUP560,FAILED,DB Supplier Not Found
985,TD19031134,Item190311748,SUP80,FAILED,DB Supplier Not Found
986,TD19031134,Item190311748,SUP611,FAILED,DB Supplier Not Found
987,TD19031134,Item190311748,SUP235,FAILED,DB Supplier Not Found
988,TD19031134,Item190311748,SUP41,FAILED,DB Supplier Not Found
989,TD19031123,Item190311872,SUP464,FAILED,DB Supplier Not Found
990,TD19031123,Item190311872,SUP41,FAILED,DB Supplier Not Found
991,TD19031123,Item190311872,SUP235,FAILED,DB Supplier Not Found
992,TD19031123,Item190311872,SUP80,FAILED,DB Supplier Not Found
993,TD19031123,Item190311872,SUP451,FAILED,DB Supplier Not Found
994,TD19031180,Item190311181,SUP611,FAILED,DB Supplier Not Found
995,TD19031180,Item190311181,SUP464,FAILED,DB Supplier Not Found
996,TD19031180,Item190311181,SUP560,FAILED,DB Supplier Not Found
997,TD19031180,Item190311181,SUP41,FAILED,DB Supplier Not Found
998,TD19031180,Item190311181,SUP80,FAILED,DB Supplier Not Found
999,TD19031180,Item190311181,SUP235,FAILED,DB Supplier Not Found
1000,TD1903111,Item190311594,SUP560,FAILED,DB Supplier Not Found
1001,TD1903111,Item190311594,SUP41,FAILED,DB Supplier Not Found
1002,TD1903111,Item190311594,SUP80,FAILED,DB Supplier Not Found
1003,TD1903111,Item190311594,SUP235,FAILED,DB Supplier Not Found
1004,TD19031197,Item19031180,SUP80,FAILED,DB Supplier Not Found
1005,TD19031197,Item19031180,SUP235,FAILED,DB Supplier Not Found
1006,TD19031197,Item19031180,SUP205,FAILED,DB Supplier Not Found
1007,TD19031197,Item19031180,SUP611,FAILED,DB Supplier Not Found
1008,TD19031197,Item19031180,SUP560,FAILED,DB Supplier Not Found
1009,TD19031197,Item19031180,SUP41,FAILED,DB Supplier Not Found
1010,TD19031122,Item190311108,SUP235,FAILED,DB Supplier Not Found
1011,TD19031122,Item190311108,SUP80,FAILED,DB Supplier Not Found
1012,TD19031122,Item190311108,SUP464,FAILED,DB Supplier Not Found
1013,TD19031122,Item190311108,SUP611,FAILED,DB Supplier Not Found
1014,TD19031122,Item190311108,SUP560,FAILED,DB Supplier Not Found
1015,TD19031122,Item190311108,SUP41,FAILED,DB Supplier Not Found
1016,TD19031189,Item190311429,SUP560,FAILED,DB Supplier Not Found
1017,TD19031189,Item190311429,SUP205,FAILED,DB Supplier Not Found
1018,TD19031189,Item190311429,SUP41,FAILED,DB Supplier Not Found
1019,TD19031189,Item190311429,SUP235,FAILED,DB Supplier Not Found
1020,TD19031189,Item190311429,SUP451,FAILED,DB Supplier Not Found
1021,TD19031191,Item190311643,SUP279,FAILED,DB Supplier Not Found
1022,TD19031191,Item190311643,SUP80,FAILED,DB Supplier Not Found
1023,TD19031191,Item190311643,SUP41,FAILED,DB Supplier Not Found
1024,TD19031191,Item190311643,SUP235,FAILED,DB Supplier Not Found
1025,TD19031191,Item190311643,SUP451,FAILED,DB Supplier Not Found
1026,TD19031196,Item190311212,SUP451,FAILED,DB Supplier Not Found
1027,TD19031196,Item190311212,SUP560,FAILED,DB Supplier Not Found
1028,TD19031196,Item190311212,SUP235,FAILED,DB Supplier Not Found
1029,TD19031135,Item190311500,SUP560,FAILED,DB Supplier Not Found
1030,TD19031135,Item190311500,SUP464,FAILED,DB Supplier Not Found
1031,TD19031135,Item190311500,SUP611,FAILED,DB Supplier Not Found
1032,TD19031135,Item190311500,SUP235,FAILED,DB Supplier Not Found
1033,TD19031135,Item190311500,SUP41,FAILED,DB Supplier Not Found
1034,TD19031213,Item190312978,SUP989,FAILED,DB Supplier Not Found
1035,TD19031213,Item19031287,SUP989,FAILED,DB Supplier Not Found
1036,TD19031213,Item190312618,SUP989,FAILED,DB Supplier Not Found
1037,TD19031213,Item190312938,SUP989,FAILED,DB Supplier Not Found
1038,TD19031213,Item190312416,SUP989,FAILED,DB Supplier Not Found
1039,TD19031213,Item190312978,SUP90,FAILED,DB Supplier Not Found
1040,TD19031213,Item19031287,SUP90,FAILED,DB Supplier Not Found
1041,TD19031213,Item190312618,SUP90,FAILED,DB Supplier Not Found
1042,TD19031213,Item190312938,SUP90,FAILED,DB Supplier Not Found
1043,TD19031213,Item190312416,SUP90,FAILED,DB Supplier Not Found
1044,TD19031213,Item190312978,SUP251,FAILED,DB Supplier Not Found
1045,TD19031213,Item19031287,SUP251,FAILED,DB Supplier Not Found
1046,TD19031213,Item190312618,SUP251,FAILED,DB Supplier Not Found
1047,TD19031213,Item190312938,SUP251,FAILED,DB Supplier Not Found
1048,TD19031213,Item190312416,SUP251,FAILED,DB Supplier Not Found
1049,TD19031213,Item190312978,SUP879,FAILED,DB Supplier Not Found
1050,TD19031213,Item19031287,SUP879,FAILED,DB Supplier Not Found
1051,TD19031213,Item190312618,SUP879,FAILED,DB Supplier Not Found
1052,TD19031213,Item190312938,SUP879,FAILED,DB Supplier Not Found
1053,TD19031213,Item190312416,SUP879,FAILED,DB Supplier Not Found
1054,TD19031213,Item190312978,SUP235,FAILED,DB Supplier Not Found
1055,TD19031213,Item19031287,SUP235,FAILED,DB Supplier Not Found
1056,TD19031213,Item190312618,SUP235,FAILED,DB Supplier Not Found
1057,TD19031213,Item190312938,SUP235,FAILED,DB Supplier Not Found
1058,TD19031213,Item190312416,SUP235,FAILED,DB Supplier Not Found
1059,TD19031213,Item190312978,SUP709,FAILED,DB Supplier Not Found
1060,TD19031213,Item19031287,SUP709,FAILED,DB Supplier Not Found
1061,TD19031213,Item190312618,SUP709,FAILED,DB Supplier Not Found
1062,TD19031213,Item190312938,SUP709,FAILED,DB Supplier Not Found
1063,TD19031213,Item190312416,SUP709,FAILED,DB Supplier Not Found
1064,TD19031274,Item190312716,SUP879,FAILED,DB Supplier Not Found
1065,TD19031274,Item190312251,SUP879,FAILED,DB Supplier Not Found
1066,TD19031274,Item190312301,SUP879,FAILED,DB Supplier Not Found
1067,TD19031274,Item190312390,SUP879,FAILED,DB Supplier Not Found
1068,TD19031274,Item190312397,SUP879,FAILED,DB Supplier Not Found
1069,TD19031274,Item190312794,SUP879,FAILED,DB Supplier Not Found
1070,TD19031274,Item190312975,SUP879,FAILED,DB Supplier Not Found
1071,TD19031274,Item190312990,SUP879,FAILED,DB Supplier Not Found
1072,TD19031274,Item190312332,SUP879,FAILED,DB Supplier Not Found
1073,TD19031274,Item190312228,SUP879,FAILED,DB Supplier Not Found
1074,TD19031274,Item190312716,SUP251,FAILED,DB Supplier Not Found
1075,TD19031274,Item190312251,SUP251,FAILED,DB Supplier Not Found
1076,TD19031274,Item190312301,SUP251,FAILED,DB Supplier Not Found
1077,TD19031274,Item190312390,SUP251,FAILED,DB Supplier Not Found
1078,TD19031274,Item190312397,SUP251,FAILED,DB Supplier Not Found
1079,TD19031274,Item190312794,SUP251,FAILED,DB Supplier Not Found
1080,TD19031274,Item190312975,SUP251,FAILED,DB Supplier Not Found
1081,TD19031274,Item190312990,SUP251,FAILED,DB Supplier Not Found
1082,TD19031274,Item190312332,SUP251,FAILED,DB Supplier Not Found
1083,TD19031274,Item190312228,SUP251,FAILED,DB Supplier Not Found
1084,TD19031274,Item190312716,SUP989,FAILED,DB Supplier Not Found
1085,TD19031274,Item190312251,SUP989,FAILED,DB Supplier Not Found
1086,TD19031274,Item190312301,SUP989,FAILED,DB Supplier Not Found
1087,TD19031274,Item190312390,SUP989,FAILED,DB Supplier Not Found
1088,TD19031274,Item190312397,SUP989,FAILED,DB Supplier Not Found
1089,TD19031274,Item190312794,SUP989,FAILED,DB Supplier Not Found
1090,TD19031274,Item190312975,SUP989,FAILED,DB Supplier Not Found
1091,TD19031274,Item190312990,SUP989,FAILED,DB Supplier Not Found
1092,TD19031274,Item190312332,SUP989,FAILED,DB Supplier Not Found
1093,TD19031274,Item190312228,SUP989,FAILED,DB Supplier Not Found
1094,TD19031274,Item190312716,SUP917,FAILED,DB Supplier Not Found
1095,TD19031274,Item190312251,SUP917,FAILED,DB Supplier Not Found
1096,TD19031274,Item190312301,SUP917,FAILED,DB Supplier Not Found
1097,TD19031274,Item190312390,SUP917,FAILED,DB Supplier Not Found
1098,TD19031274,Item190312397,SUP917,FAILED,DB Supplier Not Found
1099,TD19031274,Item190312794,SUP917,FAILED,DB Supplier Not Found
1100,TD19031274,Item190312975,SUP917,FAILED,DB Supplier Not Found
1101,TD19031274,Item190312990,SUP917,FAILED,DB Supplier Not Found
1102,TD19031274,Item190312332,SUP917,FAILED,DB Supplier Not Found
1103,TD19031274,Item190312228,SUP917,FAILED,DB Supplier Not Found
1104,TD19031274,Item190312716,SUP179,FAILED,DB Supplier Not Found
1105,TD19031274,Item190312251,SUP179,FAILED,DB Supplier Not Found
1106,TD19031274,Item190312301,SUP179,FAILED,DB Supplier Not Found
1107,TD19031274,Item190312390,SUP179,FAILED,DB Supplier Not Found
1108,TD19031274,Item190312397,SUP179,FAILED,DB Supplier Not Found
1109,TD19031274,Item190312794,SUP179,FAILED,DB Supplier Not Found
1110,TD19031274,Item190312975,SUP179,FAILED,DB Supplier Not Found
1111,TD19031274,Item190312990,SUP179,FAILED,DB Supplier Not Found
1112,TD19031274,Item190312332,SUP179,FAILED,DB Supplier Not Found
1113,TD19031274,Item190312228,SUP179,FAILED,DB Supplier Not Found
1114,TD19031495,Item190314546,SUP127,FAILED,Schedule Not Found
1115,TD19031495,Item190314777,SUP127,FAILED,Schedule Not Found
1116,TD19031495,Item190314546,SUP52,FAILED,Schedule Not Found
1117,TD19031495,Item190314777,SUP52,FAILED,Schedule Not Found
1118,TD19031495,Item190314546,SUP919,FAILED,Schedule Not Found
1119,TD19031495,Item190314777,SUP919,FAILED,Schedule Not Found
1120,TD19031495,Item190314546,SUP666,FAILED,Schedule Not Found
1121,TD19031495,Item190314777,SUP666,FAILED,Schedule Not Found
1122,TD19031447,Item190314634,SUP127,FAILED,DB Supplier Not Found
1123,TD19031447,Item190314807,SUP127,FAILED,DB Supplier Not Found
1124,TD19031447,Item190314634,SUP52,FAILED,DB Supplier Not Found
1125,TD19031447,Item190314807,SUP52,FAILED,DB Supplier Not Found
1126,TD19031447,Item190314634,SUP919,FAILED,DB Supplier Not Found
1127,TD19031447,Item190314807,SUP919,FAILED,DB Supplier Not Found
1128,TD19031447,Item190314634,SUP617,FAILED,DB Supplier Not Found
1129,TD19031447,Item190314807,SUP617,FAILED,DB Supplier Not Found
1130,TD19031447,Item190314634,SUP103,FAILED,DB Supplier Not Found
1131,TD19031447,Item190314807,SUP103,FAILED,DB Supplier Not Found
1132,TD19031447,Item190314634,SUP307,FAILED,DB Supplier Not Found
1133,TD19031447,Item190314807,SUP307,FAILED,DB Supplier Not Found
1134,TD19031447,Item190314634,SUP634,FAILED,DB Supplier Not Found
1135,TD19031447,Item190314807,SUP634,FAILED,DB Supplier Not Found
1136,TD19031446,Item190314290,SUP989,FAILED,DB Supplier Not Found
1137,TD19031446,Item190314290,SUP917,FAILED,DB Supplier Not Found
1138,TD19031446,Item190314290,SUP251,FAILED,DB Supplier Not Found
1139,TD19031474,Item190314299,SUP917,FAILED,DB Supplier Not Found
1140,TD19031474,Item190314299,SUP989,FAILED,DB Supplier Not Found
1141,TD19031474,Item190314299,SUP251,FAILED,DB Supplier Not Found
1142,TD19031432,Item190314731,SUP27,FAILED,DB Supplier Not Found
1143,TD19031432,Item190314731,SUP71,FAILED,DB Supplier Not Found
1144,TD19031432,Item190314731,SUP226,FAILED,DB Supplier Not Found
1145,TD19031432,Item190314731,SUP112,FAILED,DB Supplier Not Found
1146,TD1903148,Item19031479,SUP554,FAILED,DB Supplier Not Found
1147,TD19031439,Item19031486,SUP7,FAILED,DB Supplier Not Found
1148,TD1903142,Item190314787,SUP240,FAILED,DB Supplier Not Found
1149,TD19031568,Item190315663,SUP661,FAILED,DB Supplier Not Found
1150,TD19031568,Item190315663,SUP251,FAILED,DB Supplier Not Found
1151,TD19031568,Item190315663,SUP989,FAILED,DB Supplier Not Found
1152,TD19031568,Item190315663,SUP222,FAILED,DB Supplier Not Found
1153,TD19031512,Item190315827,SUP661,FAILED,DB Supplier Not Found
1154,TD19031512,Item190315827,SUP917,FAILED,DB Supplier Not Found
1155,TD19031512,Item190315827,SUP251,FAILED,DB Supplier Not Found
1156,TD19031512,Item190315827,SUP989,FAILED,DB Supplier Not Found
1157,TD19031531,Item19031547,SUP94,FAILED,DB Supplier Not Found
1158,TD19031531,Item19031547,SUP313,FAILED,DB Supplier Not Found
1159,TD19031531,Item19031547,SUP451,FAILED,DB Supplier Not Found
1160,TD19031553,Item190315765,SUP94,FAILED,DB Supplier Not Found
1161,TD19031553,Item190315765,SUP313,FAILED,DB Supplier Not Found
1162,TD19031553,Item190315765,SUP451,FAILED,DB Supplier Not Found
1163,TD19031553,Item190315765,SUP80,FAILED,DB Supplier Not Found
1164,TD19031553,Item190315765,SUP279,FAILED,DB Supplier Not Found
1165,TD19031546,Item190315750,SUP94,FAILED,DB Supplier Not Found
1166,TD19031546,Item190315750,SUP560,FAILED,DB Supplier Not Found
1167,TD19031546,Item190315750,SUP313,FAILED,DB Supplier Not Found
1168,TD19031546,Item190315750,SUP235,FAILED,DB Supplier Not Found
1169,TD19031578,Item190315365,SUP313,FAILED,DB Supplier Not Found
1170,TD19031578,Item190315365,SUP279,FAILED,DB Supplier Not Found
1171,TD1903159,Item190315343,SUP94,FAILED,DB Supplier Not Found
1172,TD1903159,Item190315343,SUP313,FAILED,DB Supplier Not Found
1173,TD19031528,Item190315784,SUP313,FAILED,DB Supplier Not Found
1174,TD19031528,Item190315784,SUP94,FAILED,DB Supplier Not Found
1175,TD19031536,Item190315766,SUP94,FAILED,DB Supplier Not Found
1176,TD19031536,Item190315766,SUP313,FAILED,DB Supplier Not Found
1177,TD19031536,Item190315766,SUP560,FAILED,DB Supplier Not Found
1178,TD19031536,Item190315766,SUP235,FAILED,DB Supplier Not Found
1179,TD19031540,Item190315116,SUP94,FAILED,DB Supplier Not Found
1180,TD19031540,Item190315116,SUP313,FAILED,DB Supplier Not Found
1181,TD19031540,Item190315116,SUP451,FAILED,DB Supplier Not Found
1182,TD19031524,Item19031594,SUP313,FAILED,DB Supplier Not Found
1183,TD19031524,Item19031594,SUP80,FAILED,DB Supplier Not Found
1184,TD19031524,Item19031594,SUP279,FAILED,DB Supplier Not Found
1185,TD19031565,Item190315229,SUP94,FAILED,DB Supplier Not Found
1186,TD19031565,Item190315229,SUP313,FAILED,DB Supplier Not Found
1187,TD19031565,Item190315229,SUP80,FAILED,DB Supplier Not Found
1188,TD19031565,Item190315229,SUP451,FAILED,DB Supplier Not Found
1189,TD19031565,Item190315229,SUP560,FAILED,DB Supplier Not Found
1190,TD19031513,Item190315448,SUP80,FAILED,DB Supplier Not Found
1191,TD19031513,Item190315448,SUP313,FAILED,DB Supplier Not Found
1192,TD19031513,Item190315448,SUP451,FAILED,DB Supplier Not Found
1193,TD19031513,Item190315448,SUP560,FAILED,DB Supplier Not Found
1194,TD19031513,Item190315448,SUP611,FAILED,DB Supplier Not Found
1195,TD1903153,Item190315971,SUP611,FAILED,DB Supplier Not Found
1196,TD1903153,Item190315971,SUP235,FAILED,DB Supplier Not Found
1197,TD1903153,Item190315971,SUP451,FAILED,DB Supplier Not Found
1198,TD1903153,Item190315971,SUP279,FAILED,DB Supplier Not Found
1199,TD19031558,Item190315772,SUP313,FAILED,DB Supplier Not Found
1200,TD19031558,Item190315772,SUP279,FAILED,DB Supplier Not Found
1201,TD19031543,Item190315486,SUP94,FAILED,DB Supplier Not Found
1202,TD19031543,Item190315486,SUP313,FAILED,DB Supplier Not Found
1203,TD19031543,Item190315486,SUP451,FAILED,DB Supplier Not Found
1204,TD19031543,Item190315486,SUP611,FAILED,DB Supplier Not Found
1205,TD19031543,Item190315486,SUP235,FAILED,DB Supplier Not Found
1206,TD19031511,Item190315371,SUP94,FAILED,DB Supplier Not Found
1207,TD19031511,Item190315371,SUP313,FAILED,DB Supplier Not Found
1208,TD19031511,Item190315371,SUP451,FAILED,DB Supplier Not Found
1209,TD1903157,Item190315401,SUP94,FAILED,DB Supplier Not Found
1210,TD1903157,Item190315401,SUP313,FAILED,DB Supplier Not Found
1211,TD1903157,Item190315401,SUP611,FAILED,DB Supplier Not Found
1212,TD19031518,Item190315366,SUP94,FAILED,DB Supplier Not Found
1213,TD19031518,Item190315366,SUP313,FAILED,DB Supplier Not Found
1214,TD19031518,Item190315366,SUP611,FAILED,DB Supplier Not Found
1215,TD19031559,Item190315468,SUP94,FAILED,DB Supplier Not Found
1216,TD19031559,Item190315468,SUP313,FAILED,DB Supplier Not Found
1217,TD19031559,Item190315468,SUP451,FAILED,DB Supplier Not Found
1218,TD19031559,Item190315468,SUP611,FAILED,DB Supplier Not Found
1219,TD19031569,Item190315316,SUP94,FAILED,DB Supplier Not Found
1220,TD19031569,Item190315316,SUP313,FAILED,DB Supplier Not Found
1221,TD19031569,Item190315316,SUP451,FAILED,DB Supplier Not Found
1222,TD19031597,Item190315979,SUP313,FAILED,DB Supplier Not Found
1223,TD19031597,Item190315979,SUP611,FAILED,DB Supplier Not Found
1224,TD19031597,Item190315979,SUP80,FAILED,DB Supplier Not Found
1225,TD1903156,Item190315975,SUP94,FAILED,DB Supplier Not Found
1226,TD1903156,Item190315975,SUP313,FAILED,DB Supplier Not Found
1227,TD1903156,Item190315975,SUP451,FAILED,DB Supplier Not Found
1228,TD1903156,Item190315975,SUP560,FAILED,DB Supplier Not Found
1229,TD1903156,Item190315975,SUP80,FAILED,DB Supplier Not Found
1230,TD19031570,Item190315740,SUP94,FAILED,DB Supplier Not Found
1231,TD19031570,Item190315740,SUP313,FAILED,DB Supplier Not Found
1232,TD19031579,Item190315445,SUP94,FAILED,DB Supplier Not Found
1233,TD19031579,Item190315445,SUP313,FAILED,DB Supplier Not Found
1234,TD19031572,Item19031582,SUP313,FAILED,DB Supplier Not Found
1235,TD19031572,Item19031582,SUP80,FAILED,DB Supplier Not Found
1236,TD19031572,Item19031582,SUP560,FAILED,DB Supplier Not Found
1237,TD19031814,Item190318471,SUP94,FAILED,DB Supplier Not Found
1238,TD19031814,Item190318471,SUP313,FAILED,DB Supplier Not Found
1239,TD19031867,Item19031859,SUP313,FAILED,DB Supplier Not Found
1240,TD19031867,Item19031859,SUP80,FAILED,DB Supplier Not Found
1241,TD19031867,Item19031859,SUP560,FAILED,DB Supplier Not Found
1242,TD19031899,Item190318669,SUP560,FAILED,DB Supplier Not Found
1243,TD19031899,Item190318669,SUP451,FAILED,DB Supplier Not Found
1244,TD19031899,Item190318669,SUP94,FAILED,DB Supplier Not Found
1245,TD19031899,Item190318669,SUP313,FAILED,DB Supplier Not Found
1246,TD19031899,Item190318669,SUP80,FAILED,DB Supplier Not Found
1247,TD19031862,Item190318956,SUP94,FAILED,DB Supplier Not Found
1248,TD19031862,Item190318956,SUP560,FAILED,DB Supplier Not Found
1249,TD19031862,Item190318956,SUP313,FAILED,DB Supplier Not Found
1250,TD19031862,Item190318956,SUP235,FAILED,DB Supplier Not Found
1251,TD19031831,Item190318270,SUP313,FAILED,DB Supplier Not Found
1252,TD19031831,Item190318270,SUP279,FAILED,DB Supplier Not Found
1253,TD19031818,Item190318871,SUP94,FAILED,DB Supplier Not Found
1254,TD19031818,Item190318871,SUP313,FAILED,DB Supplier Not Found
1255,TD19031854,Item190318804,SUP94,FAILED,DB Supplier Not Found
1256,TD19031854,Item190318804,SUP313,FAILED,DB Supplier Not Found
1257,TD19031891,Item190318753,SUP94,FAILED,DB Supplier Not Found
1258,TD19031891,Item190318753,SUP313,FAILED,DB Supplier Not Found
1259,TD19031891,Item190318753,SUP560,FAILED,DB Supplier Not Found
1260,TD19031891,Item190318753,SUP235,FAILED,DB Supplier Not Found
1261,TD19031832,Item190318771,SUP94,FAILED,DB Supplier Not Found
1262,TD19031832,Item190318771,SUP313,FAILED,DB Supplier Not Found
1263,TD19031832,Item190318771,SUP451,FAILED,DB Supplier Not Found
1264,TD19031834,Item190318327,SUP80,FAILED,DB Supplier Not Found
1265,TD19031834,Item190318327,SUP313,FAILED,DB Supplier Not Found
1266,TD19031834,Item190318327,SUP451,FAILED,DB Supplier Not Found
1267,TD19031834,Item190318327,SUP560,FAILED,DB Supplier Not Found
1268,TD19031834,Item190318327,SUP611,FAILED,DB Supplier Not Found
1269,TD19031870,Item190318753,SUP94,FAILED,DB Supplier Not Found
1270,TD19031870,Item190318753,SUP313,FAILED,DB Supplier Not Found
1271,TD19031870,Item190318753,SUP611,FAILED,DB Supplier Not Found
1272,TD19031859,Item190318791,SUP94,FAILED,DB Supplier Not Found
1273,TD19031859,Item190318791,SUP313,FAILED,DB Supplier Not Found
1274,TD19031859,Item190318791,SUP611,FAILED,DB Supplier Not Found
1275,TD19031858,Item190318355,SUP94,FAILED,DB Supplier Not Found
1276,TD19031858,Item190318355,SUP451,FAILED,DB Supplier Not Found
1277,TD19031858,Item190318355,SUP313,FAILED,DB Supplier Not Found
1278,TD19031830,Item190318449,SUP94,FAILED,DB Supplier Not Found
1279,TD19031830,Item190318449,SUP313,FAILED,DB Supplier Not Found
1280,TD19031830,Item190318449,SUP451,FAILED,DB Supplier Not Found
1281,TD19031830,Item190318449,SUP560,FAILED,DB Supplier Not Found
1282,TD19031830,Item190318449,SUP80,FAILED,DB Supplier Not Found
1283,TD19031927,Item190319448,SUP41,FAILED,DB Supplier Not Found
1284,TD19031927,Item190319448,SUP235,FAILED,DB Supplier Not Found
1285,TD19031927,Item190319448,SUP560,FAILED,DB Supplier Not Found
1286,TD19031927,Item190319448,SUP464,FAILED,DB Supplier Not Found
1287,TD19031927,Item190319448,SUP611,FAILED,DB Supplier Not Found
1288,TD19031932,Item190319751,SUP235,FAILED,DB Supplier Not Found
1289,TD19031932,Item190319751,SUP451,FAILED,DB Supplier Not Found
1290,TD19031932,Item190319751,SUP560,FAILED,DB Supplier Not Found
1291,TD19031932,Item190319751,SUP205,FAILED,DB Supplier Not Found
1292,TD19031932,Item190319751,SUP41,FAILED,DB Supplier Not Found
1293,TD19031911,Item19031989,SUP235,FAILED,DB Supplier Not Found
1294,TD19031911,Item19031989,SUP41,FAILED,DB Supplier Not Found
1295,TD19031911,Item19031989,SUP560,FAILED,DB Supplier Not Found
1296,TD19031911,Item19031989,SUP611,FAILED,DB Supplier Not Found
1297,TD19031911,Item19031989,SUP464,FAILED,DB Supplier Not Found
1298,TD19031911,Item19031989,SUP451,FAILED,DB Supplier Not Found
1299,TD19031931,Item190319448,SUP464,FAILED,DB Supplier Not Found
1300,TD19031931,Item190319448,SUP451,FAILED,DB Supplier Not Found
1301,TD19031931,Item190319448,SUP41,FAILED,DB Supplier Not Found
1302,TD19031931,Item190319448,SUP235,FAILED,DB Supplier Not Found
1303,TD19031931,Item190319448,SUP80,FAILED,DB Supplier Not Found
1304,TD19031931,Item190319448,SUP279,FAILED,DB Supplier Not Found
1305,TD19032024,Item190320407,SUP313,FAILED,DB Supplier Not Found
1306,TD19032024,Item190320407,SUP279,FAILED,DB Supplier Not Found
1307,TD19032055,Item190320614,SUP313,FAILED,DB Supplier Not Found
1308,TD19032055,Item190320614,SUP279,FAILED,DB Supplier Not Found
1309,TD19032072,Item190320107,SUP313,FAILED,DB Supplier Not Found
1310,TD19032072,Item190320107,SUP94,FAILED,DB Supplier Not Found
1311,TD19032072,Item190320107,SUP235,FAILED,DB Supplier Not Found
1312,TD19032097,Item190320523,SUP560,FAILED,DB Supplier Not Found
1313,TD19032097,Item190320523,SUP80,FAILED,DB Supplier Not Found
1314,TD19032097,Item190320523,SUP313,FAILED,DB Supplier Not Found
1315,TD19032022,Item190320770,SUP235,FAILED,DB Supplier Not Found
1316,TD19032022,Item190320770,SUP94,FAILED,DB Supplier Not Found
1317,TD19032022,Item190320770,SUP611,FAILED,DB Supplier Not Found
1318,TD19032022,Item190320770,SUP560,FAILED,DB Supplier Not Found
1319,TD19032224,Item190322608,SUP617,FAILED,DB Supplier Not Found
1320,TD19032224,Item190322302,SUP617,FAILED,DB Supplier Not Found
1321,TD19032224,Item190322608,SUP742,FAILED,DB Supplier Not Found
1322,TD19032224,Item190322302,SUP742,FAILED,DB Supplier Not Found
1323,TD19032224,Item190322608,SUP943,FAILED,DB Supplier Not Found
1324,TD19032224,Item190322302,SUP943,FAILED,DB Supplier Not Found
1325,TD19032221,Item190322645,SUP281,FAILED,DB Supplier Not Found
1326,TD19032229,Item190322855,SUP617,FAILED,DB Supplier Not Found
1327,TD19032698,Item190326995,SUP251,FAILED,DB Supplier Not Found
1328,TD19032698,Item190326995,SUP989,FAILED,DB Supplier Not Found
1329,TD19032698,Item190326995,SUP917,FAILED,DB Supplier Not Found
1330,TD19032678,Item190326388,SUP879,FAILED,DB Supplier Not Found
1331,TD19032678,Item190326388,SUP611,FAILED,DB Supplier Not Found
1332,TD19032647,Item190326957,SUP879,FAILED,DB Supplier Not Found
1333,TD19032647,Item190326957,SUP989,FAILED,DB Supplier Not Found
1334,TD19032647,Item190326957,SUP90,FAILED,DB Supplier Not Found
1335,TD19032647,Item190326957,SUP917,FAILED,DB Supplier Not Found
1336,TD19032647,Item190326957,SUP602,FAILED,DB Supplier Not Found
1337,TD19032647,Item190326957,SUP611,FAILED,DB Supplier Not Found
1338,TD19032669,Item19032623,SUP977,FAILED,DB Supplier Not Found
1339,TD19032669,Item19032623,SUP41,FAILED,DB Supplier Not Found
1340,TD19032623,Item190326332,SUP977,FAILED,DB Supplier Not Found
1341,TD19032623,Item190326332,SUP41,FAILED,DB Supplier Not Found
1342,TD19032614,Item190326678,SUP41,FAILED,DB Supplier Not Found
1343,TD19032614,Item190326678,SUP977,FAILED,DB Supplier Not Found
1344,TD19032659,Item190326129,SUP41,FAILED,DB Supplier Not Found
1345,TD19032659,Item190326129,SUP977,FAILED,DB Supplier Not Found
1346,TD19032628,Item190326570,SUP41,FAILED,DB Supplier Not Found
1347,TD19032628,Item190326570,SUP977,FAILED,DB Supplier Not Found
1348,TD19032611,Item190326336,SUP41,FAILED,DB Supplier Not Found
1349,TD19032611,Item190326336,SUP977,FAILED,DB Supplier Not Found
1350,TD19032660,Item190326790,SUP41,FAILED,DB Supplier Not Found
1351,TD19032660,Item190326790,SUP977,FAILED,DB Supplier Not Found
1352,TD19032694,Item190326102,SUP41,FAILED,DB Supplier Not Found
1353,TD19032694,Item190326102,SUP977,FAILED,DB Supplier Not Found
1354,TD19032631,Item190326997,SUP41,FAILED,DB Supplier Not Found
1355,TD19032629,Item190326652,SUP41,FAILED,DB Supplier Not Found
1356,TD19032689,Item190326193,SUP41,FAILED,DB Supplier Not Found
1357,TD19032686,Item190326848,SUP41,FAILED,DB Supplier Not Found
1358,TD19032730,Item190327186,SUP313,FAILED,DB Supplier Not Found
1359,TD19032730,Item190327186,SUP325,FAILED,DB Supplier Not Found
1360,TD19032730,Item190327186,SUP265,FAILED,DB Supplier Not Found
1361,TD19032730,Item190327186,SUP94,FAILED,DB Supplier Not Found
1362,TD19032730,Item190327186,SUP464,FAILED,DB Supplier Not Found
1363,TD19032730,Item190327186,SUP35,FAILED,DB Supplier Not Found
1364,TD19032730,Item190327186,SUP515,FAILED,DB Supplier Not Found
1365,TD19032730,Item190327186,SUP481,FAILED,DB Supplier Not Found
1366,TD1903273,Item190327621,SUP80,FAILED,DB Supplier Not Found
1367,TD1903273,Item190327621,SUP636,FAILED,DB Supplier Not Found
1368,TD1903273,Item190327621,SUP35,FAILED,DB Supplier Not Found
1369,TD1903273,Item190327621,SUP464,FAILED,DB Supplier Not Found
1370,TD1903273,Item190327621,SUP313,FAILED,DB Supplier Not Found
1371,TD1903273,Item190327621,SUP94,FAILED,DB Supplier Not Found
1372,TD19032712,Item190327995,SUP313,FAILED,DB Supplier Not Found
1373,TD19032712,Item190327995,SUP35,FAILED,DB Supplier Not Found
1374,TD19032712,Item190327995,SUP94,FAILED,DB Supplier Not Found
1375,TD19032712,Item190327995,SUP636,FAILED,DB Supplier Not Found
1376,TD19032712,Item190327995,SUP222,FAILED,DB Supplier Not Found
1377,TD19032712,Item190327995,SUP451,FAILED,DB Supplier Not Found
1378,TD1903271,Item190327540,SUP235,FAILED,DB Supplier Not Found
1379,TD1903271,Item190327540,SUP636,FAILED,DB Supplier Not Found
1380,TD1903271,Item190327540,SUP464,FAILED,DB Supplier Not Found
1381,TD1903271,Item190327540,SUP325,FAILED,DB Supplier Not Found
1382,TD1903271,Item190327540,SUP313,FAILED,DB Supplier Not Found
1383,TD1903271,Item190327540,SUP94,FAILED,DB Supplier Not Found
1384,TD1903271,Item190327540,SUP222,FAILED,DB Supplier Not Found
1385,TD1903271,Item190327540,SUP35,FAILED,DB Supplier Not Found
1386,TD1903271,Item190327540,SUP265,FAILED,DB Supplier Not Found
1387,TD1903277,Item190327245,SUP451,FAILED,DB Supplier Not Found
1388,TD1903277,Item190327925,SUP451,FAILED,DB Supplier Not Found
1389,TD1903277,Item190327372,SUP451,FAILED,DB Supplier Not Found
1390,TD1903277,Item190327245,SUP313,FAILED,DB Supplier Not Found
1391,TD1903277,Item190327925,SUP313,FAILED,DB Supplier Not Found
1392,TD1903277,Item190327372,SUP313,FAILED,DB Supplier Not Found
1393,TD1903277,Item190327245,SUP611,FAILED,DB Supplier Not Found
1394,TD1903277,Item190327925,SUP611,FAILED,DB Supplier Not Found
1395,TD1903277,Item190327372,SUP611,FAILED,DB Supplier Not Found
1396,TD1903277,Item190327245,SUP94,FAILED,DB Supplier Not Found
1397,TD1903277,Item190327925,SUP94,FAILED,DB Supplier Not Found
1398,TD1903277,Item190327372,SUP94,FAILED,DB Supplier Not Found
1399,TD1903277,Item190327245,SUP464,FAILED,DB Supplier Not Found
1400,TD1903277,Item190327925,SUP464,FAILED,DB Supplier Not Found
1401,TD1903277,Item190327372,SUP464,FAILED,DB Supplier Not Found
1402,TD1903277,Item190327245,SUP222,FAILED,DB Supplier Not Found
1403,TD1903277,Item190327925,SUP222,FAILED,DB Supplier Not Found
1404,TD1903277,Item190327372,SUP222,FAILED,DB Supplier Not Found
1405,TD19032765,Item190327685,SUP265,FAILED,DB Supplier Not Found
1406,TD19032765,Item190327685,SUP464,FAILED,DB Supplier Not Found
1407,TD19032765,Item190327685,SUP222,FAILED,DB Supplier Not Found
1408,TD19032765,Item190327685,SUP481,FAILED,DB Supplier Not Found
1409,TD19032765,Item190327685,SUP313,FAILED,DB Supplier Not Found
1410,TD19032765,Item190327685,SUP636,FAILED,DB Supplier Not Found
1411,TD19032765,Item190327685,SUP35,FAILED,DB Supplier Not Found
1412,TD19032765,Item190327685,SUP94,FAILED,DB Supplier Not Found
1413,TD19032765,Item190327685,SUP515,FAILED,DB Supplier Not Found
1414,TD19032760,Item19032748,SUP222,FAILED,DB Supplier Not Found
1415,TD19032760,Item19032748,SUP636,FAILED,DB Supplier Not Found
1416,TD19032760,Item19032748,SUP451,FAILED,DB Supplier Not Found
1417,TD19032760,Item19032748,SUP94,FAILED,DB Supplier Not Found
1418,TD19032760,Item19032748,SUP464,FAILED,DB Supplier Not Found
1419,TD19032760,Item19032748,SUP35,FAILED,DB Supplier Not Found
1420,TD19032760,Item19032748,SUP313,FAILED,DB Supplier Not Found
1421,TD19032716,Item19032720,SUP611,FAILED,DB Supplier Not Found
1422,TD19032716,Item19032720,SUP313,FAILED,DB Supplier Not Found
1423,TD1903272,Item190327895,SUP636,FAILED,DB Supplier Not Found
1424,TD1903272,Item190327895,SUP35,FAILED,DB Supplier Not Found
1425,TD1903272,Item190327895,SUP222,FAILED,DB Supplier Not Found
1426,TD1903272,Item190327895,SUP451,FAILED,DB Supplier Not Found
1427,TD1903272,Item190327895,SUP94,FAILED,DB Supplier Not Found
1428,TD1903272,Item190327895,SUP313,FAILED,DB Supplier Not Found
1429,TD19032726,Item190327294,SUP94,FAILED,DB Supplier Not Found
1430,TD19032726,Item190327294,SUP313,FAILED,DB Supplier Not Found
1431,TD19032726,Item190327294,SUP451,FAILED,DB Supplier Not Found
1432,TD19032726,Item190327294,SUP265,FAILED,DB Supplier Not Found
1433,TD19032748,Item190327851,SUP636,FAILED,DB Supplier Not Found
1434,TD19032748,Item190327851,SUP94,FAILED,DB Supplier Not Found
1435,TD19032748,Item190327851,SUP222,FAILED,DB Supplier Not Found
1436,TD19032748,Item190327851,SUP265,FAILED,DB Supplier Not Found
1437,TD19032748,Item190327851,SUP35,FAILED,DB Supplier Not Found
1438,TD19032748,Item190327851,SUP313,FAILED,DB Supplier Not Found
1439,TD19032797,Item190327302,SUP44,FAILED,DB Supplier Not Found
1440,TD19032797,Item190327937,SUP44,FAILED,DB Supplier Not Found
1441,TD1903274,Item190327350,SUP94,FAILED,DB Supplier Not Found
1442,TD1903274,Item190327350,SUP35,FAILED,DB Supplier Not Found
1443,TD1903274,Item190327350,SUP451,FAILED,DB Supplier Not Found
1444,TD1903274,Item190327350,SUP636,FAILED,DB Supplier Not Found
1445,TD1903274,Item190327350,SUP222,FAILED,DB Supplier Not Found
1446,TD1903274,Item190327350,SUP313,FAILED,DB Supplier Not Found
1447,TD19041380,Item190413225,SUP999,FAILED,DB Supplier Not Found
1448,TD19041380,Item190413772,SUP999,FAILED,DB Supplier Not Found
1449,TD19041380,Item190413469,SUP999,FAILED,DB Supplier Not Found
1450,TD19041380,Item190413951,SUP999,FAILED,DB Supplier Not Found
1451,TD19041380,Item190413225,SUP853,FAILED,DB Supplier Not Found
1452,TD19041380,Item190413772,SUP853,FAILED,DB Supplier Not Found
1453,TD19041380,Item190413469,SUP853,FAILED,DB Supplier Not Found
1454,TD19041380,Item190413951,SUP853,FAILED,DB Supplier Not Found
1455,TD19041380,Item190413225,SUP321,FAILED,DB Supplier Not Found
1456,TD19041380,Item190413772,SUP321,FAILED,DB Supplier Not Found
1457,TD19041380,Item190413469,SUP321,FAILED,DB Supplier Not Found
1458,TD19041380,Item190413225,SUP857,FAILED,DB Supplier Not Found
1459,TD19041380,Item190413772,SUP857,FAILED,DB Supplier Not Found
1460,TD19041380,Item190413469,SUP857,FAILED,DB Supplier Not Found
1461,TD19041380,Item190413951,SUP857,FAILED,DB Supplier Not Found
1462,TD19041380,Item190413225,SUP103,FAILED,DB Supplier Not Found
1463,TD19041380,Item190413772,SUP103,FAILED,DB Supplier Not Found
1464,TD19041380,Item190413225,SUP971,FAILED,DB Supplier Not Found
1465,TD19041380,Item190413772,SUP971,FAILED,DB Supplier Not Found
1466,TD19041364,Item190413549,SUP4,FAILED,DB Supplier Not Found
1467,TD19041364,Item190413549,SUP912,FAILED,DB Supplier Not Found
1468,TD19041364,Item190413549,SUP91,FAILED,DB Supplier Not Found
1469,TD19041364,Item190413549,SUP76,FAILED,DB Supplier Not Found
1470,TD19041364,Item190413549,SUP432,FAILED,DB Supplier Not Found
1471,TD19041369,Item190413209,SUP91,FAILED,Schedule Not Found
1472,TD19041369,Item190413209,SUP76,FAILED,Schedule Not Found
1473,TD19041369,Item190413209,SUP4,FAILED,Schedule Not Found
1474,TD19041369,Item190413209,SUP432,FAILED,Schedule Not Found
1475,TD19042418,Item190424228,SUP325,FAILED,DB Supplier Not Found
1476,TD19042418,Item190424228,SUP94,FAILED,DB Supplier Not Found
1477,TD19042418,Item190424228,SUP222,FAILED,DB Supplier Not Found
1478,TD19042418,Item190424228,SUP734,FAILED,DB Supplier Not Found
1479,TD19042420,Item190424477,SUP243,FAILED,DB Supplier Not Found
1480,TD19042420,Item190424477,SUP857,FAILED,DB Supplier Not Found
1481,TD19042420,Item190424477,SUP853,FAILED,DB Supplier Not Found
1482,TD19042420,Item190424477,SUP919,FAILED,DB Supplier Not Found
1483,TD19042491,Item190424183,SUP243,FAILED,DB Supplier Not Found
1484,TD19042491,Item190424183,SUP857,FAILED,DB Supplier Not Found
1485,TD19042491,Item190424183,SUP919,FAILED,DB Supplier Not Found
1486,TD19042469,Item19042480,SUP192,FAILED,DB Supplier Not Found
1487,TD19042469,Item19042480,SUP611,FAILED,DB Supplier Not Found
1488,TD19042467,Item190424486,SUP989,FAILED,DB Supplier Not Found
1489,TD19042467,Item190424486,SUP611,FAILED,DB Supplier Not Found
1490,TD19042467,Item190424486,SUP709,FAILED,DB Supplier Not Found
1491,TD19042467,Item190424486,SUP251,FAILED,DB Supplier Not Found
1492,TD19042841,Item190428168,SUP857,FAILED,DB Supplier Not Found
1493,TD19042841,Item190428871,SUP857,FAILED,DB Supplier Not Found
1494,TD19042841,Item190428563,SUP857,FAILED,DB Supplier Not Found
1495,TD19042841,Item190428241,SUP857,FAILED,DB Supplier Not Found
1496,TD19042841,Item190428168,SUP197,FAILED,DB Supplier Not Found
1497,TD19042841,Item190428871,SUP197,FAILED,DB Supplier Not Found
1498,TD19042841,Item190428563,SUP197,FAILED,DB Supplier Not Found
1499,TD19042841,Item190428241,SUP197,FAILED,DB Supplier Not Found
1500,TD19042841,Item190428168,SUP853,FAILED,DB Supplier Not Found
1501,TD19042841,Item190428871,SUP853,FAILED,DB Supplier Not Found
1502,TD19042841,Item190428563,SUP853,FAILED,DB Supplier Not Found
1503,TD19042841,Item190428241,SUP853,FAILED,DB Supplier Not Found
1504,TD19042841,Item190428168,SUP321,FAILED,DB Supplier Not Found
1505,TD19042841,Item190428871,SUP321,FAILED,DB Supplier Not Found
1506,TD19042841,Item190428563,SUP321,FAILED,DB Supplier Not Found
1507,TD19042841,Item190428168,SUP103,FAILED,DB Supplier Not Found
1508,TD19042841,Item190428871,SUP103,FAILED,DB Supplier Not Found
1509,TD19042841,Item190428563,SUP103,FAILED,DB Supplier Not Found
1510,TD19042841,Item190428241,SUP103,FAILED,DB Supplier Not Found
1511,TD19042841,Item190428168,SUP971,FAILED,DB Supplier Not Found
1512,TD19042841,Item190428871,SUP971,FAILED,DB Supplier Not Found
1513,TD19042841,Item190428563,SUP971,FAILED,DB Supplier Not Found
1514,TD19042841,Item190428241,SUP971,FAILED,DB Supplier Not Found
1515,TD19042986,Item190429540,SUP45,FAILED,DB Supplier Not Found
1516,TD19042986,Item190429140,SUP45,FAILED,DB Supplier Not Found
1517,TD19042986,Item190429737,SUP45,FAILED,DB Supplier Not Found
1518,TD19042986,Item190429792,SUP45,FAILED,DB Supplier Not Found
1519,TD19042986,Item190429140,SUP45,FAILED,DB Supplier Not Found
1520,TD19042986,Item190429724,SUP45,FAILED,DB Supplier Not Found
1521,TD19042986,Item190429675,SUP45,FAILED,DB Supplier Not Found
1522,TD19042986,Item190429540,SUP321,FAILED,DB Supplier Not Found
1523,TD19042986,Item190429140,SUP321,FAILED,DB Supplier Not Found
1524,TD19042986,Item190429737,SUP321,FAILED,DB Supplier Not Found
1525,TD19042986,Item190429792,SUP321,FAILED,DB Supplier Not Found
1526,TD19042986,Item190429140,SUP321,FAILED,DB Supplier Not Found
1527,TD19042986,Item190429724,SUP321,FAILED,DB Supplier Not Found
1528,TD19042986,Item190429675,SUP321,FAILED,DB Supplier Not Found
1529,TD19042986,Item190429540,SUP103,FAILED,DB Supplier Not Found
1530,TD19042986,Item190429140,SUP103,FAILED,DB Supplier Not Found
1531,TD19042986,Item190429737,SUP103,FAILED,DB Supplier Not Found
1532,TD19042986,Item190429792,SUP103,FAILED,DB Supplier Not Found
1533,TD19042986,Item190429140,SUP103,FAILED,DB Supplier Not Found
1534,TD19042986,Item190429724,SUP103,FAILED,DB Supplier Not Found
1535,TD19042986,Item190429675,SUP103,FAILED,DB Supplier Not Found
1536,TD19042986,Item190429540,SUP853,FAILED,DB Supplier Not Found
1537,TD19042986,Item190429140,SUP853,FAILED,DB Supplier Not Found
1538,TD19042986,Item190429737,SUP853,FAILED,DB Supplier Not Found
1539,TD19042986,Item190429792,SUP853,FAILED,DB Supplier Not Found
1540,TD19042986,Item190429140,SUP853,FAILED,DB Supplier Not Found
1541,TD19042986,Item190429724,SUP853,FAILED,DB Supplier Not Found
1542,TD19042986,Item190429675,SUP853,FAILED,DB Supplier Not Found
1543,TD19042967,Item190429978,SUP45,FAILED,DB Supplier Not Found
1544,TD19042967,Item190429647,SUP45,FAILED,DB Supplier Not Found
1545,TD19042967,Item190429117,SUP45,FAILED,DB Supplier Not Found
1546,TD19042967,Item190429975,SUP45,FAILED,DB Supplier Not Found
1547,TD19042967,Item190429460,SUP45,FAILED,DB Supplier Not Found
1548,TD19042967,Item190429703,SUP45,FAILED,DB Supplier Not Found
1549,TD19042967,Item190429986,SUP45,FAILED,DB Supplier Not Found
1550,TD19042967,Item190429938,SUP45,FAILED,DB Supplier Not Found
1551,TD19042967,Item190429651,SUP45,FAILED,DB Supplier Not Found
1552,TD19042967,Item190429775,SUP45,FAILED,DB Supplier Not Found
1553,TD19042970,Item190429931,SUP971,FAILED,DB Supplier Not Found
1554,TD19042970,Item190429579,SUP971,FAILED,DB Supplier Not Found
1555,TD19042970,Item190429693,SUP971,FAILED,DB Supplier Not Found
1556,TD19042970,Item190429444,SUP971,FAILED,DB Supplier Not Found
1557,TD19042970,Item190429304,SUP971,FAILED,DB Supplier Not Found
1558,TD19042970,Item190429328,SUP971,FAILED,DB Supplier Not Found
1559,TD19042970,Item190429578,SUP971,FAILED,DB Supplier Not Found
1560,TD19042970,Item190429196,SUP971,FAILED,DB Supplier Not Found
1561,TD19042970,Item190429666,SUP971,FAILED,DB Supplier Not Found
1562,TD19042970,Item190429497,SUP971,FAILED,DB Supplier Not Found
1563,TD19042970,Item190429328,SUP971,FAILED,DB Supplier Not Found
1564,TD19042970,Item190429931,SUP197,FAILED,DB Supplier Not Found
1565,TD19042970,Item190429579,SUP197,FAILED,DB Supplier Not Found
1566,TD19042970,Item190429693,SUP197,FAILED,DB Supplier Not Found
1567,TD19042970,Item190429444,SUP197,FAILED,DB Supplier Not Found
1568,TD19042970,Item190429304,SUP197,FAILED,DB Supplier Not Found
1569,TD19042970,Item190429328,SUP197,FAILED,DB Supplier Not Found
1570,TD19042970,Item190429578,SUP197,FAILED,DB Supplier Not Found
1571,TD19042970,Item190429196,SUP197,FAILED,DB Supplier Not Found
1572,TD19042970,Item190429666,SUP197,FAILED,DB Supplier Not Found
1573,TD19042970,Item190429497,SUP197,FAILED,DB Supplier Not Found
1574,TD19042970,Item190429328,SUP197,FAILED,DB Supplier Not Found
1575,TD19042970,Item190429931,SUP103,FAILED,DB Supplier Not Found
1576,TD19042970,Item190429579,SUP103,FAILED,DB Supplier Not Found
1577,TD19042970,Item190429693,SUP103,FAILED,DB Supplier Not Found
1578,TD19042970,Item190429444,SUP103,FAILED,DB Supplier Not Found
1579,TD19042970,Item190429304,SUP103,FAILED,DB Supplier Not Found
1580,TD19042970,Item190429328,SUP103,FAILED,DB Supplier Not Found
1581,TD19042970,Item190429578,SUP103,FAILED,DB Supplier Not Found
1582,TD19042970,Item190429196,SUP103,FAILED,DB Supplier Not Found
1583,TD19042970,Item190429666,SUP103,FAILED,DB Supplier Not Found
1584,TD19042970,Item190429497,SUP103,FAILED,DB Supplier Not Found
1585,TD19042970,Item190429328,SUP103,FAILED,DB Supplier Not Found
1586,TD19042970,Item190429931,SUP853,FAILED,DB Supplier Not Found
1587,TD19042970,Item190429579,SUP853,FAILED,DB Supplier Not Found
1588,TD19042970,Item190429693,SUP853,FAILED,DB Supplier Not Found
1589,TD19042970,Item190429444,SUP853,FAILED,DB Supplier Not Found
1590,TD19042970,Item190429304,SUP853,FAILED,DB Supplier Not Found
1591,TD19042970,Item190429328,SUP853,FAILED,DB Supplier Not Found
1592,TD19042970,Item190429578,SUP853,FAILED,DB Supplier Not Found
1593,TD19042970,Item190429196,SUP853,FAILED,DB Supplier Not Found
1594,TD19042970,Item190429666,SUP853,FAILED,DB Supplier Not Found
1595,TD19042970,Item190429497,SUP853,FAILED,DB Supplier Not Found
1596,TD19042970,Item190429328,SUP853,FAILED,DB Supplier Not Found
1597,TD19042970,Item190429931,SUP45,FAILED,DB Supplier Not Found
1598,TD19042970,Item190429579,SUP45,FAILED,DB Supplier Not Found
1599,TD19042970,Item190429693,SUP45,FAILED,DB Supplier Not Found
1600,TD19042970,Item190429444,SUP45,FAILED,DB Supplier Not Found
1601,TD19042970,Item190429304,SUP45,FAILED,DB Supplier Not Found
1602,TD19042970,Item190429328,SUP45,FAILED,DB Supplier Not Found
1603,TD19042970,Item190429578,SUP45,FAILED,DB Supplier Not Found
1604,TD19042970,Item190429196,SUP45,FAILED,DB Supplier Not Found
1605,TD19042970,Item190429666,SUP45,FAILED,DB Supplier Not Found
1606,TD19042970,Item190429497,SUP45,FAILED,DB Supplier Not Found
1607,TD19042970,Item190429328,SUP45,FAILED,DB Supplier Not Found
1608,TD19051994,Item190519548,SUP486,FAILED,DB Supplier Not Found
1609,TD19051994,Item190519548,SUP41,FAILED,DB Supplier Not Found
1610,TD19051994,Item190519548,SUP803,FAILED,DB Supplier Not Found
1611,TD19051994,Item190519548,SUP91,FAILED,DB Supplier Not Found
1612,TD19051994,Item190519548,SUP205,FAILED,DB Supplier Not Found
1613,TD19051994,Item190519548,SUP45,FAILED,DB Supplier Not Found
1614,TD19051915,Item190519437,SUP91,FAILED,DB Supplier Not Found
1615,TD19051915,Item190519437,SUP205,FAILED,DB Supplier Not Found
1616,TD19051915,Item190519437,SUP686,FAILED,DB Supplier Not Found
1617,TD1905192,Item19051917,SUP611,FAILED,DB Supplier Not Found
1618,TD1905193,Item190519862,SUP746,FAILED,DB Supplier Not Found
1619,TD1905193,Item190519862,SUP4,FAILED,DB Supplier Not Found
1620,TD19051961,Item190519845,SUP372,FAILED,DB Supplier Not Found
1621,TD19051978,Item190519407,SUP372,FAILED,DB Supplier Not Found
1622,TD19051957,Item190519464,SUP372,FAILED,DB Supplier Not Found
1623,TD19051917,Item19051993,SUP637,FAILED,DB Supplier Not Found
1624,TD19051917,Item19051993,SUP587,FAILED,DB Supplier Not Found
1625,TD19051917,Item19051993,SUP611,FAILED,DB Supplier Not Found
1626,TD19051996,Item190519570,SUP103,FAILED,DB Supplier Not Found
1627,TD19051996,Item190519470,SUP103,FAILED,DB Supplier Not Found
1628,TD19051996,Item190519430,SUP103,FAILED,DB Supplier Not Found
1629,TD19051996,Item190519410,SUP103,FAILED,DB Supplier Not Found
1630,TD19051996,Item190519821,SUP103,FAILED,DB Supplier Not Found
1631,TD19051996,Item190519637,SUP103,FAILED,DB Supplier Not Found
1632,TD19051996,Item190519854,SUP103,FAILED,DB Supplier Not Found
1633,TD19051996,Item190519543,SUP103,FAILED,DB Supplier Not Found
1634,TD19051996,Item190519751,SUP103,FAILED,DB Supplier Not Found
1635,TD19051996,Item190519614,SUP103,FAILED,DB Supplier Not Found
1636,TD19051996,Item190519570,SUP408,FAILED,DB Supplier Not Found
1637,TD19051996,Item190519470,SUP408,FAILED,DB Supplier Not Found
1638,TD19051996,Item190519430,SUP408,FAILED,DB Supplier Not Found
1639,TD19051996,Item190519410,SUP408,FAILED,DB Supplier Not Found
1640,TD19051996,Item190519821,SUP408,FAILED,DB Supplier Not Found
1641,TD19051996,Item190519637,SUP408,FAILED,DB Supplier Not Found
1642,TD19051996,Item190519854,SUP408,FAILED,DB Supplier Not Found
1643,TD19051996,Item190519543,SUP408,FAILED,DB Supplier Not Found
1644,TD19051996,Item190519751,SUP408,FAILED,DB Supplier Not Found
1645,TD19051996,Item190519614,SUP408,FAILED,DB Supplier Not Found
1646,TD19052175,Item190521261,SUP103,FAILED,Schedule Not Found
1647,TD19052175,Item190521640,SUP103,FAILED,Schedule Not Found
1648,TD19052175,Item190521963,SUP103,FAILED,Schedule Not Found
1649,TD19052149,Item190521373,SUP103,FAILED,DB Supplier Not Found
1650,TD19052149,Item190521683,SUP103,FAILED,DB Supplier Not Found
1651,TD19052149,Item190521614,SUP103,FAILED,DB Supplier Not Found
1652,TD19052149,Item190521373,SUP983,FAILED,DB Supplier Not Found
1653,TD19052149,Item190521683,SUP983,FAILED,DB Supplier Not Found
1654,TD19052149,Item190521614,SUP983,FAILED,DB Supplier Not Found
1655,TD19052195,Item190521533,SUP103,FAILED,DB Supplier Not Found
1656,TD19052195,Item190521666,SUP103,FAILED,DB Supplier Not Found
1657,TD19052195,Item190521238,SUP103,FAILED,DB Supplier Not Found
1658,TD19052195,Item190521289,SUP103,FAILED,DB Supplier Not Found
1659,TD19052195,Item190521311,SUP103,FAILED,DB Supplier Not Found
1660,TD19052195,Item190521643,SUP103,FAILED,DB Supplier Not Found
1661,TD19052195,Item190521180,SUP103,FAILED,DB Supplier Not Found
1662,TD19052195,Item190521525,SUP103,FAILED,DB Supplier Not Found
1663,TD19052195,Item190521818,SUP103,FAILED,DB Supplier Not Found
1664,TD19052162,Item190521360,SUP103,FAILED,DB Supplier Not Found
1665,TD19052162,Item190521720,SUP103,FAILED,DB Supplier Not Found
1666,TD19052162,Item190521817,SUP103,FAILED,DB Supplier Not Found
1667,TD19052162,Item190521445,SUP103,FAILED,DB Supplier Not Found
1668,TD19052162,Item190521214,SUP103,FAILED,DB Supplier Not Found
1669,TD19052162,Item19052170,SUP103,FAILED,DB Supplier Not Found
1670,TD19052162,Item190521965,SUP103,FAILED,DB Supplier Not Found
1671,TD19052162,Item190521657,SUP103,FAILED,DB Supplier Not Found
1672,TD19052162,Item190521692,SUP103,FAILED,DB Supplier Not Found
1673,TD19052162,Item190521248,SUP103,FAILED,DB Supplier Not Found
1674,TD19052162,Item190521360,SUP983,FAILED,DB Supplier Not Found
1675,TD19052162,Item190521720,SUP983,FAILED,DB Supplier Not Found
1676,TD19052162,Item190521817,SUP983,FAILED,DB Supplier Not Found
1677,TD19052162,Item190521445,SUP983,FAILED,DB Supplier Not Found
1678,TD19052162,Item190521214,SUP983,FAILED,DB Supplier Not Found
1679,TD19052162,Item19052170,SUP983,FAILED,DB Supplier Not Found
1680,TD19052162,Item190521965,SUP983,FAILED,DB Supplier Not Found
1681,TD19052162,Item190521657,SUP983,FAILED,DB Supplier Not Found
1682,TD19052162,Item190521692,SUP983,FAILED,DB Supplier Not Found
1683,TD19052162,Item190521248,SUP983,FAILED,DB Supplier Not Found
1684,TD19052123,Item19052184,SUP408,FAILED,DB Supplier Not Found
1685,TD19052123,Item190521732,SUP408,FAILED,DB Supplier Not Found
1686,TD19052123,Item190521456,SUP408,FAILED,DB Supplier Not Found
1687,TD19052123,Item1905211,SUP408,FAILED,DB Supplier Not Found
1688,TD19052123,Item19052184,SUP983,FAILED,DB Supplier Not Found
1689,TD19052123,Item190521732,SUP983,FAILED,DB Supplier Not Found
1690,TD19052123,Item190521456,SUP983,FAILED,DB Supplier Not Found
1691,TD19052123,Item1905211,SUP983,FAILED,DB Supplier Not Found
1692,TD19052121,Item190521430,SUP325,FAILED,DB Supplier Not Found
1693,TD19052121,Item190521430,SUP611,FAILED,DB Supplier Not Found
1694,TD19052121,Item190521430,SUP367,FAILED,DB Supplier Not Found
1695,TD19052395,Item190523179,SUP601,FAILED,DB Supplier Not Found
1696,TD19052360,Item19052316,SUP601,FAILED,Schedule Not Found
1697,TD19052313,Item190523470,SUP601,FAILED,DB Supplier Not Found
1698,TD19052365,Item19052312,SUP601,FAILED,DB Supplier Not Found
1699,TD19052383,Item190523858,SUP601,FAILED,DB Supplier Not Found
1700,TD19052378,Item190523577,SUP601,FAILED,DB Supplier Not Found
1701,TD19052319,Item190523701,SUP601,FAILED,DB Supplier Not Found
1702,TD19052314,Item190523535,SUP601,FAILED,DB Supplier Not Found
1703,TD19052343,Item190523937,SUP601,FAILED,DB Supplier Not Found
1704,TD19052338,Item190523420,SUP601,FAILED,DB Supplier Not Found
1705,TD19052367,Item190523894,SUP601,FAILED,DB Supplier Not Found
1706,TD19052346,Item190523671,SUP601,FAILED,DB Supplier Not Found
1707,TD19061310,Item190613244,SUP45,FAILED,DB Supplier Not Found
1708,TD19061358,Item190613779,SUP372,FAILED,DB Supplier Not Found
1709,TD19061385,Item190613357,SUP45,FAILED,DB Supplier Not Found
1710,TD19061385,Item190613357,SUP865,FAILED,DB Supplier Not Found
1711,TD19061385,Item190613357,SUP358,FAILED,DB Supplier Not Found
1712,TD19061385,Item190613357,SUP258,FAILED,DB Supplier Not Found
1713,TD19061363,Item190613588,SUP372,FAILED,DB Supplier Not Found
1714,TD19061432,Item19061481,SUP311,FAILED,Schedule Not Found
1715,TD19061427,Item19061421,SUP45,FAILED,DB Supplier Not Found
1716,TD19061427,Item19061421,SUP611,FAILED,DB Supplier Not Found
1717,TD19061427,Item19061421,SUP103,FAILED,DB Supplier Not Found
1718,TD1906144,Item190614272,SUP983,FAILED,DB Supplier Not Found
1719,TD1906144,Item1906149,SUP983,FAILED,DB Supplier Not Found
1720,TD1906144,Item190614450,SUP983,FAILED,DB Supplier Not Found
1721,TD1906144,Item190614269,SUP983,FAILED,DB Supplier Not Found
1722,TD1906144,Item190614272,SUP408,FAILED,DB Supplier Not Found
1723,TD1906144,Item1906149,SUP408,FAILED,DB Supplier Not Found
1724,TD1906144,Item190614450,SUP408,FAILED,DB Supplier Not Found
1725,TD1906144,Item190614269,SUP408,FAILED,DB Supplier Not Found
1726,TD19061493,Item190614688,SUP611,FAILED,DB Supplier Not Found
1727,TD19061493,Item190614747,SUP611,FAILED,DB Supplier Not Found
1728,TD19061493,Item190614596,SUP611,FAILED,DB Supplier Not Found
1729,TD19061493,Item190614151,SUP611,FAILED,DB Supplier Not Found
1730,TD19061493,Item190614667,SUP611,FAILED,DB Supplier Not Found
1731,TD19061493,Item190614484,SUP611,FAILED,DB Supplier Not Found
1732,TD19061493,Item190614126,SUP611,FAILED,DB Supplier Not Found
1733,TD19061493,Item190614647,SUP611,FAILED,DB Supplier Not Found
1734,TD19061493,Item190614230,SUP611,FAILED,DB Supplier Not Found
1735,TD19061493,Item190614994,SUP611,FAILED,DB Supplier Not Found
1736,TD19061493,Item190614447,SUP611,FAILED,DB Supplier Not Found
1737,TD19061493,Item19061451,SUP611,FAILED,DB Supplier Not Found
1738,TD19061493,Item190614143,SUP611,FAILED,DB Supplier Not Found
1739,TD19061493,Item190614963,SUP611,FAILED,DB Supplier Not Found
1740,TD19061493,Item190614892,SUP611,FAILED,DB Supplier Not Found
1741,TD19061493,Item190614688,SUP103,FAILED,DB Supplier Not Found
1742,TD19061493,Item190614747,SUP103,FAILED,DB Supplier Not Found
1743,TD19061493,Item190614596,SUP103,FAILED,DB Supplier Not Found
1744,TD19061493,Item190614151,SUP103,FAILED,DB Supplier Not Found
1745,TD19061493,Item190614667,SUP103,FAILED,DB Supplier Not Found
1746,TD19061493,Item190614484,SUP103,FAILED,DB Supplier Not Found
1747,TD19061493,Item190614126,SUP103,FAILED,DB Supplier Not Found
1748,TD19061493,Item190614647,SUP103,FAILED,DB Supplier Not Found
1749,TD19061493,Item190614230,SUP103,FAILED,DB Supplier Not Found
1750,TD19061493,Item190614994,SUP103,FAILED,DB Supplier Not Found
1751,TD19061493,Item190614447,SUP103,FAILED,DB Supplier Not Found
1752,TD19061493,Item19061451,SUP103,FAILED,DB Supplier Not Found
1753,TD19061493,Item190614143,SUP103,FAILED,DB Supplier Not Found
1754,TD19061493,Item190614963,SUP103,FAILED,DB Supplier Not Found
1755,TD19061493,Item190614892,SUP103,FAILED,DB Supplier Not Found
1756,TD19061493,Item190614688,SUP408,FAILED,DB Supplier Not Found
1757,TD19061493,Item190614747,SUP408,FAILED,DB Supplier Not Found
1758,TD19061493,Item190614596,SUP408,FAILED,DB Supplier Not Found
1759,TD19061493,Item190614151,SUP408,FAILED,DB Supplier Not Found
1760,TD19061493,Item190614667,SUP408,FAILED,DB Supplier Not Found
1761,TD19061493,Item190614484,SUP408,FAILED,DB Supplier Not Found
1762,TD19061493,Item190614126,SUP408,FAILED,DB Supplier Not Found
1763,TD19061493,Item190614647,SUP408,FAILED,DB Supplier Not Found
1764,TD19061493,Item190614230,SUP408,FAILED,DB Supplier Not Found
1765,TD19061493,Item190614994,SUP408,FAILED,DB Supplier Not Found
1766,TD19061493,Item190614447,SUP408,FAILED,DB Supplier Not Found
1767,TD19061493,Item19061451,SUP408,FAILED,DB Supplier Not Found
1768,TD19061493,Item190614143,SUP408,FAILED,DB Supplier Not Found
1769,TD19061493,Item190614963,SUP408,FAILED,DB Supplier Not Found
1770,TD19061493,Item190614892,SUP408,FAILED,DB Supplier Not Found
1771,TD19061493,Item190614688,SUP283,FAILED,DB Supplier Not Found
1772,TD19061493,Item190614747,SUP283,FAILED,DB Supplier Not Found
1773,TD19061493,Item190614596,SUP283,FAILED,DB Supplier Not Found
1774,TD19061493,Item190614151,SUP283,FAILED,DB Supplier Not Found
1775,TD19061493,Item190614667,SUP283,FAILED,DB Supplier Not Found
1776,TD19061493,Item190614484,SUP283,FAILED,DB Supplier Not Found
1777,TD19061493,Item190614126,SUP283,FAILED,DB Supplier Not Found
1778,TD19061493,Item190614647,SUP283,FAILED,DB Supplier Not Found
1779,TD19061493,Item190614230,SUP283,FAILED,DB Supplier Not Found
1780,TD19061493,Item190614994,SUP283,FAILED,DB Supplier Not Found
1781,TD19061493,Item190614447,SUP283,FAILED,DB Supplier Not Found
1782,TD19061493,Item19061451,SUP283,FAILED,DB Supplier Not Found
1783,TD19061493,Item190614143,SUP283,FAILED,DB Supplier Not Found
1784,TD19061493,Item190614963,SUP283,FAILED,DB Supplier Not Found
1785,TD19061493,Item190614892,SUP283,FAILED,DB Supplier Not Found
1786,TD19061493,Item190614688,SUP451,FAILED,DB Supplier Not Found
1787,TD19061493,Item190614747,SUP451,FAILED,DB Supplier Not Found
1788,TD19061493,Item190614596,SUP451,FAILED,DB Supplier Not Found
1789,TD19061493,Item190614151,SUP451,FAILED,DB Supplier Not Found
1790,TD19061493,Item190614667,SUP451,FAILED,DB Supplier Not Found
1791,TD19061493,Item190614484,SUP451,FAILED,DB Supplier Not Found
1792,TD19061493,Item190614126,SUP451,FAILED,DB Supplier Not Found
1793,TD19061493,Item190614647,SUP451,FAILED,DB Supplier Not Found
1794,TD19061493,Item190614230,SUP451,FAILED,DB Supplier Not Found
1795,TD19061493,Item190614994,SUP451,FAILED,DB Supplier Not Found
1796,TD19061493,Item190614447,SUP451,FAILED,DB Supplier Not Found
1797,TD19061493,Item19061451,SUP451,FAILED,DB Supplier Not Found
1798,TD19061493,Item190614143,SUP451,FAILED,DB Supplier Not Found
1799,TD19061493,Item190614963,SUP451,FAILED,DB Supplier Not Found
1800,TD19061493,Item190614892,SUP451,FAILED,DB Supplier Not Found
1801,TD19061493,Item190614688,SUP281,FAILED,DB Supplier Not Found
1802,TD19061493,Item190614747,SUP281,FAILED,DB Supplier Not Found
1803,TD19061493,Item190614596,SUP281,FAILED,DB Supplier Not Found
1804,TD19061493,Item190614151,SUP281,FAILED,DB Supplier Not Found
1805,TD19061493,Item190614667,SUP281,FAILED,DB Supplier Not Found
1806,TD19061493,Item190614484,SUP281,FAILED,DB Supplier Not Found
1807,TD19061493,Item190614126,SUP281,FAILED,DB Supplier Not Found
1808,TD19061493,Item190614647,SUP281,FAILED,DB Supplier Not Found
1809,TD19061493,Item190614230,SUP281,FAILED,DB Supplier Not Found
1810,TD19061493,Item190614994,SUP281,FAILED,DB Supplier Not Found
1811,TD19061493,Item190614447,SUP281,FAILED,DB Supplier Not Found
1812,TD19061493,Item19061451,SUP281,FAILED,DB Supplier Not Found
1813,TD19061493,Item190614143,SUP281,FAILED,DB Supplier Not Found
1814,TD19061493,Item190614963,SUP281,FAILED,DB Supplier Not Found
1815,TD19061493,Item190614892,SUP281,FAILED,DB Supplier Not Found
1816,TD19062132,Item190621177,SUP91,FAILED,DB Supplier Not Found
1817,TD19062132,Item190621177,SUP348,FAILED,DB Supplier Not Found
1818,TD19062132,Item190621177,SUP638,FAILED,DB Supplier Not Found
1819,TD19062132,Item190621177,SUP358,FAILED,DB Supplier Not Found
1820,TD19062579,Item190625209,SUP451,FAILED,DB Supplier Not Found
1821,TD19062579,Item190625209,SUP879,FAILED,DB Supplier Not Found
1822,TD19062579,Item190625209,SUP879,FAILED,DB Supplier Not Found
1823,TD19062579,Item190625209,SUP185,FAILED,DB Supplier Not Found
1824,TD19062579,Item190625209,SUP971,FAILED,DB Supplier Not Found
1825,TD19062515,Item190625333,SUP348,FAILED,DB Supplier Not Found
1826,TD19062515,Item190625333,SUP205,FAILED,DB Supplier Not Found
1827,TD19062529,Item190625603,SUP556,FAILED,DB Supplier Not Found
1828,TD19062529,Item190625603,SUP617,FAILED,DB Supplier Not Found
1829,TD19062510,Item190625351,SUP556,FAILED,DB Supplier Not Found
1830,TD19062510,Item190625351,SUP281,FAILED,DB Supplier Not Found
1831,TD19062510,Item190625351,SUP845,FAILED,DB Supplier Not Found
1832,TD19062510,Item190625351,SUP617,FAILED,DB Supplier Not Found
1833,TD19062593,Item190625813,SUP917,FAILED,DB Supplier Not Found
1834,TD19062593,Item190625813,SUP989,FAILED,DB Supplier Not Found
1835,TD19062593,Item190625813,SUP366,FAILED,DB Supplier Not Found
1836,TD19062593,Item190625813,SUP602,FAILED,DB Supplier Not Found
1837,TD19062521,Item19062520,SUP617,FAILED,DB Supplier Not Found
1838,TD19062521,Item19062520,SUP611,FAILED,DB Supplier Not Found
1839,TD19062521,Item19062520,SUP25,FAILED,DB Supplier Not Found
1840,TD19062713,Item190627358,SUP830,FAILED,DB Supplier Not Found
1841,TD19062713,Item190627358,SUP41,FAILED,DB Supplier Not Found
1842,TD19062713,Item190627358,SUP205,FAILED,DB Supplier Not Found
1843,TD19062713,Item190627358,SUP611,FAILED,DB Supplier Not Found
1844,TD1906279,Item190627919,SUP830,FAILED,DB Supplier Not Found
1845,TD1906279,Item190627919,SUP611,FAILED,DB Supplier Not Found
1846,TD1906279,Item190627919,SUP451,FAILED,DB Supplier Not Found
1847,TD19062733,Item190627951,SUP830,FAILED,DB Supplier Not Found
1848,TD19062733,Item190627951,SUP205,FAILED,DB Supplier Not Found
1849,TD19062733,Item190627951,SUP451,FAILED,DB Supplier Not Found
1850,TD19062767,Item190627168,SUP830,FAILED,DB Supplier Not Found
1851,TD19062767,Item190627168,SUP451,FAILED,DB Supplier Not Found
1852,TD19062754,Item19062740,SUP989,FAILED,DB Supplier Not Found
1853,TD19062754,Item19062740,SUP251,FAILED,DB Supplier Not Found
1854,TD19062754,Item19062740,SUP917,FAILED,DB Supplier Not Found
1855,TD19062754,Item19062740,SUP917,FAILED,DB Supplier Not Found
1856,TD19062760,Item190627975,SUP251,FAILED,DB Supplier Not Found
1857,TD19062760,Item190627975,SUP917,FAILED,DB Supplier Not Found
1858,TD19062760,Item190627975,SUP989,FAILED,DB Supplier Not Found
1859,TD19062791,Item190627721,SUP989,FAILED,DB Supplier Not Found
1860,TD19062791,Item190627721,SUP251,FAILED,DB Supplier Not Found
1861,TD19062791,Item190627721,SUP917,FAILED,DB Supplier Not Found
1862,TD19070953,Item19070979,SUP262,FAILED,DB Supplier Not Found
1863,TD19070953,Item19070979,SUP58,FAILED,DB Supplier Not Found
1864,TD19070953,Item19070979,SUP91,FAILED,DB Supplier Not Found
1865,TD19071092,Item190710229,SUP184,FAILED,DB Supplier Not Found
1866,TD19071092,Item190710229,SUP756,FAILED,DB Supplier Not Found
1867,TD19071092,Item190710229,SUP454,FAILED,DB Supplier Not Found
1868,TD19071015,Item190710697,SUP324,FAILED,DB Supplier Not Found
1869,TD19071027,Item190710502,SUP185,FAILED,DB Supplier Not Found
1870,TD19071062,Item19071038,SUP185,FAILED,DB Supplier Not Found
1871,TD19071028,Item190710841,SUP185,FAILED,DB Supplier Not Found
1872,TD19071031,Item190710589,SUP185,FAILED,DB Supplier Not Found
1873,TD19071084,Item190710353,SUP185,FAILED,DB Supplier Not Found
1874,TD19071050,Item190710566,SUP185,FAILED,DB Supplier Not Found
1875,TD19071061,Item190710109,SUP185,FAILED,DB Supplier Not Found
1876,TD19071018,Item190710479,SUP185,FAILED,DB Supplier Not Found
1877,TD1907107,Item190710272,SUP832,FAILED,DB Supplier Not Found
1878,TD1907107,Item19071089,SUP832,FAILED,DB Supplier Not Found
1879,TD1907107,Item190710272,SUP76,FAILED,DB Supplier Not Found
1880,TD1907107,Item19071089,SUP76,FAILED,DB Supplier Not Found
1881,TD19071066,Item190710832,SUP830,FAILED,DB Supplier Not Found
1882,TD19071068,Item190710328,SUP281,FAILED,DB Supplier Not Found
1883,TD19071068,Item190710328,SUP944,FAILED,DB Supplier Not Found
1884,TD19071095,Item190710907,SUP611,FAILED,DB Supplier Not Found
1885,TD19071095,Item190710907,SUP281,FAILED,DB Supplier Not Found
1886,TD19071095,Item190710907,SUP45,FAILED,DB Supplier Not Found
1887,TD19071095,Item190710907,SUP318,FAILED,DB Supplier Not Found
1888,TD19071095,Item190710907,SUP874,FAILED,DB Supplier Not Found
1889,TD19071095,Item190710907,SUP599,FAILED,DB Supplier Not Found
1890,TD19071049,Item190710605,SUP611,FAILED,DB Supplier Not Found
1891,TD19071049,Item190710605,SUP45,FAILED,DB Supplier Not Found
1892,TD19071049,Item190710605,SUP451,FAILED,DB Supplier Not Found
1893,TD19071156,Item190711435,SUP262,FAILED,DB Supplier Not Found
1894,TD19071156,Item190711435,SUP874,FAILED,DB Supplier Not Found
1895,TD19071156,Item190711435,SUP599,FAILED,DB Supplier Not Found
1896,TD19071156,Item190711435,SUP971,FAILED,DB Supplier Not Found
1897,TD19071185,Item190711551,SUP830,FAILED,DB Supplier Not Found
1898,TD19071135,Item190711816,SUP658,FAILED,DB Supplier Not Found
1899,TD19071135,Item190711816,SUP526,FAILED,DB Supplier Not Found
1900,TD19071569,Item190715740,SUP45,FAILED,DB Supplier Not Found
1901,TD19071569,Item190715796,SUP45,FAILED,DB Supplier Not Found
1902,TD19071569,Item190715550,SUP45,FAILED,DB Supplier Not Found
1903,TD19071569,Item190715464,SUP45,FAILED,DB Supplier Not Found
1904,TD19071569,Item190715740,SUP783,FAILED,DB Supplier Not Found
1905,TD19071569,Item190715796,SUP783,FAILED,DB Supplier Not Found
1906,TD19071569,Item190715550,SUP783,FAILED,DB Supplier Not Found
1907,TD19071569,Item190715464,SUP783,FAILED,DB Supplier Not Found
1908,TD1907154,Item190715337,SUP45,FAILED,DB Supplier Not Found
1909,TD1907154,Item190715842,SUP45,FAILED,DB Supplier Not Found
1910,TD1907154,Item190715680,SUP45,FAILED,DB Supplier Not Found
1911,TD1907154,Item190715682,SUP45,FAILED,DB Supplier Not Found
1912,TD1907154,Item190715531,SUP45,FAILED,DB Supplier Not Found
1913,TD1907154,Item190715945,SUP45,FAILED,DB Supplier Not Found
1914,TD1907154,Item190715869,SUP45,FAILED,DB Supplier Not Found
1915,TD1907154,Item190715555,SUP45,FAILED,DB Supplier Not Found
1916,TD1907154,Item190715869,SUP45,FAILED,DB Supplier Not Found
1917,TD1907154,Item190715710,SUP45,FAILED,DB Supplier Not Found
1918,TD1907154,Item19071522,SUP45,FAILED,DB Supplier Not Found
1919,TD1907154,Item19071565,SUP45,FAILED,DB Supplier Not Found
1920,TD1907154,Item190715406,SUP45,FAILED,DB Supplier Not Found
1921,TD1907154,Item190715337,SUP783,FAILED,DB Supplier Not Found
1922,TD1907154,Item190715842,SUP783,FAILED,DB Supplier Not Found
1923,TD1907154,Item190715680,SUP783,FAILED,DB Supplier Not Found
1924,TD1907154,Item190715682,SUP783,FAILED,DB Supplier Not Found
1925,TD1907154,Item190715531,SUP783,FAILED,DB Supplier Not Found
1926,TD1907154,Item190715945,SUP783,FAILED,DB Supplier Not Found
1927,TD1907154,Item190715869,SUP783,FAILED,DB Supplier Not Found
1928,TD1907154,Item190715555,SUP783,FAILED,DB Supplier Not Found
1929,TD1907154,Item190715869,SUP783,FAILED,DB Supplier Not Found
1930,TD1907154,Item190715710,SUP783,FAILED,DB Supplier Not Found
1931,TD1907154,Item19071522,SUP783,FAILED,DB Supplier Not Found
1932,TD1907154,Item19071565,SUP783,FAILED,DB Supplier Not Found
1933,TD1907154,Item190715406,SUP783,FAILED,DB Supplier Not Found
1934,TD19071525,Item190715452,SUP989,FAILED,DB Supplier Not Found
1935,TD19071525,Item190715146,SUP989,FAILED,DB Supplier Not Found
1936,TD19071525,Item190715340,SUP989,FAILED,DB Supplier Not Found
1937,TD19071525,Item190715772,SUP989,FAILED,DB Supplier Not Found
1938,TD19071525,Item19071596,SUP989,FAILED,DB Supplier Not Found
1939,TD19071525,Item190715853,SUP989,FAILED,DB Supplier Not Found
1940,TD19071525,Item190715616,SUP989,FAILED,DB Supplier Not Found
1941,TD19071525,Item190715852,SUP989,FAILED,DB Supplier Not Found
1942,TD19071525,Item190715947,SUP989,FAILED,DB Supplier Not Found
1943,TD19071525,Item190715854,SUP989,FAILED,DB Supplier Not Found
1944,TD19071525,Item190715211,SUP989,FAILED,DB Supplier Not Found
1945,TD19071525,Item190715452,SUP917,FAILED,DB Supplier Not Found
1946,TD19071525,Item190715146,SUP917,FAILED,DB Supplier Not Found
1947,TD19071525,Item190715340,SUP917,FAILED,DB Supplier Not Found
1948,TD19071525,Item190715772,SUP917,FAILED,DB Supplier Not Found
1949,TD19071525,Item19071596,SUP917,FAILED,DB Supplier Not Found
1950,TD19071525,Item190715853,SUP917,FAILED,DB Supplier Not Found
1951,TD19071525,Item190715616,SUP917,FAILED,DB Supplier Not Found
1952,TD19071525,Item190715852,SUP917,FAILED,DB Supplier Not Found
1953,TD19071525,Item190715947,SUP917,FAILED,DB Supplier Not Found
1954,TD19071525,Item190715854,SUP917,FAILED,DB Supplier Not Found
1955,TD19071525,Item190715211,SUP917,FAILED,DB Supplier Not Found
1956,TD1907165,Item190716678,SUP80,FAILED,DB Supplier Not Found
1957,TD1907165,Item190716678,SUP45,FAILED,DB Supplier Not Found
1958,TD1907165,Item190716678,SUP292,FAILED,DB Supplier Not Found
1959,TD1907165,Item190716678,SUP206,FAILED,DB Supplier Not Found
1960,TD1907181,Item190718965,SUP45,FAILED,DB Supplier Not Found
1961,TD1907181,Item190718965,SUP372,FAILED,DB Supplier Not Found
1962,TD19071857,Item190718802,SUP91,FAILED,DB Supplier Not Found
1963,TD19071857,Item190718529,SUP91,FAILED,DB Supplier Not Found
1964,TD19071857,Item190718802,SUP58,FAILED,DB Supplier Not Found
1965,TD19071857,Item190718529,SUP58,FAILED,DB Supplier Not Found
1966,TD1907239,Item190723873,SUP251,FAILED,DB Supplier Not Found
1967,TD1907239,Item190723873,SUP324,FAILED,DB Supplier Not Found
1968,TD1907239,Item190723873,SUP617,FAILED,DB Supplier Not Found
1969,TD19072341,Item190723604,SUP44,FAILED,DB Supplier Not Found
1970,TD19072341,Item190723397,SUP44,FAILED,DB Supplier Not Found
1971,TD19072341,Item190723604,SUP830,FAILED,DB Supplier Not Found
1972,TD19072341,Item190723397,SUP830,FAILED,DB Supplier Not Found
1973,TD19072341,Item190723604,SUP205,FAILED,DB Supplier Not Found
1974,TD19072341,Item190723397,SUP205,FAILED,DB Supplier Not Found
1975,TD19072341,Item190723604,SUP971,FAILED,DB Supplier Not Found
1976,TD19072341,Item190723397,SUP971,FAILED,DB Supplier Not Found
1977,TD19072341,Item190723604,SUP245,FAILED,DB Supplier Not Found
1978,TD19072341,Item190723397,SUP245,FAILED,DB Supplier Not Found
1979,TD19072393,Item190723583,SUP45,FAILED,DB Supplier Not Found
1980,TD19072393,Item19072315,SUP45,FAILED,DB Supplier Not Found
1981,TD19072393,Item190723964,SUP45,FAILED,DB Supplier Not Found
1982,TD19072393,Item190723462,SUP45,FAILED,DB Supplier Not Found
1983,TD19072393,Item190723583,SUP971,FAILED,DB Supplier Not Found
1984,TD19072393,Item19072315,SUP971,FAILED,DB Supplier Not Found
1985,TD19072393,Item190723964,SUP971,FAILED,DB Supplier Not Found
1986,TD19072393,Item190723462,SUP971,FAILED,DB Supplier Not Found
1987,TD19072349,Item190723377,SUP830,FAILED,DB Supplier Not Found
1988,TD19072351,Item190723468,SUP830,FAILED,DB Supplier Not Found
1989,TD19072339,Item190723130,SUP830,FAILED,DB Supplier Not Found
1990,TD19072342,Item190723469,SUP830,FAILED,DB Supplier Not Found
1991,TD19072391,Item190723956,SUP830,FAILED,DB Supplier Not Found
1992,TD19072325,Item190723373,SUP830,FAILED,DB Supplier Not Found
1993,TD19072333,Item190723768,SUP830,FAILED,DB Supplier Not Found
1994,TD19072359,Item190723389,SUP830,FAILED,DB Supplier Not Found
1995,TD19072362,Item190723111,SUP830,FAILED,DB Supplier Not Found
1996,TD19072367,Item19072353,SUP830,FAILED,DB Supplier Not Found
1997,TD19072337,Item190723616,SUP830,FAILED,DB Supplier Not Found
1998,TD19072329,Item19072310,SUP830,FAILED,DB Supplier Not Found
1999,TD19072328,Item190723433,SUP830,FAILED,DB Supplier Not Found
2000,TD19072396,Item190723848,SUP830,FAILED,DB Supplier Not Found
2001,TD19072354,Item190723841,SUP871,FAILED,DB Supplier Not Found
2002,TD19072354,Item190723841,SUP58,FAILED,DB Supplier Not Found
2003,TD19072354,Item190723841,SUP989,FAILED,DB Supplier Not Found
2004,TD19072354,Item190723841,SUP197,FAILED,DB Supplier Not Found
2005,TD19072354,Item190723841,SUP87,FAILED,DB Supplier Not Found
2006,TD19072338,Item190723558,SUP830,FAILED,DB Supplier Not Found
2007,TD1907233,Item190723642,SUP830,FAILED,DB Supplier Not Found
2008,TD1907233,Item190723642,SUP776,FAILED,DB Supplier Not Found
2009,TD1907233,Item190723642,SUP776,FAILED,DB Supplier Not Found
2010,TD19072487,Item190724898,SUP830,FAILED,DB Supplier Not Found
2011,TD19072487,Item190724898,SUP776,FAILED,DB Supplier Not Found
2012,TD1907249,Item190724214,SUP830,FAILED,DB Supplier Not Found
2013,TD1907249,Item190724214,SUP776,FAILED,DB Supplier Not Found
2014,TD19072426,Item190724136,SUP830,FAILED,DB Supplier Not Found
2015,TD19072458,Item190724318,SUP830,FAILED,DB Supplier Not Found
2016,TD19072433,Item190724304,SUP830,FAILED,Schedule Not Found
2017,TD1907244,Item190724869,SUP830,FAILED,DB Supplier Not Found
2018,TD19072490,Item19072432,SUP830,FAILED,DB Supplier Not Found
2019,TD19072418,Item190724109,SUP830,FAILED,DB Supplier Not Found
2020,TD19072573,Item190725132,SUP830,FAILED,DB Supplier Not Found
2021,TD19072566,Item190725535,SUP830,FAILED,DB Supplier Not Found
2022,TD19072568,Item190725930,SUP830,FAILED,DB Supplier Not Found
2023,TD19072565,Item190725669,SUP830,FAILED,DB Supplier Not Found
2024,TD19072579,Item190725896,SUP830,FAILED,DB Supplier Not Found
2025,TD1908058,Item190805656,SUP151,FAILED,DB Supplier Not Found
2026,TD1908058,Item190805616,SUP151,FAILED,DB Supplier Not Found
2027,TD1908058,Item190805114,SUP151,FAILED,DB Supplier Not Found
2028,TD1908058,Item190805851,SUP151,FAILED,DB Supplier Not Found
2029,TD19080556,Item190805521,SUP151,FAILED,DB Supplier Not Found
2030,TD19080556,Item190805380,SUP151,FAILED,DB Supplier Not Found
2031,TD19080556,Item190805297,SUP151,FAILED,DB Supplier Not Found
2032,TD19080543,Item190805473,SUP151,FAILED,DB Supplier Not Found
2033,TD19080543,Item190805593,SUP151,FAILED,DB Supplier Not Found
2034,TD19080543,Item190805193,SUP151,FAILED,DB Supplier Not Found
2035,TD19080543,Item190805413,SUP151,FAILED,DB Supplier Not Found
2036,TD19080543,Item190805122,SUP151,FAILED,DB Supplier Not Found
2037,TD19080516,Item190805777,SUP151,FAILED,DB Supplier Not Found
2038,TD19080516,Item190805768,SUP151,FAILED,DB Supplier Not Found
2039,TD19080516,Item19080579,SUP151,FAILED,DB Supplier Not Found
2040,TD19080516,Item190805969,SUP151,FAILED,DB Supplier Not Found
2041,TD19080569,Item190805663,SUP151,FAILED,DB Supplier Not Found
2042,TD19080569,Item190805431,SUP151,FAILED,DB Supplier Not Found
2043,TD19080569,Item190805441,SUP151,FAILED,DB Supplier Not Found
2044,TD19080590,Item190805102,SUP151,FAILED,DB Supplier Not Found
2045,TD19080590,Item190805699,SUP151,FAILED,DB Supplier Not Found
2046,TD19080590,Item190805511,SUP151,FAILED,DB Supplier Not Found
2047,TD19080590,Item190805294,SUP151,FAILED,DB Supplier Not Found
2048,TD19080590,Item190805888,SUP151,FAILED,DB Supplier Not Found
2049,TD19080590,Item190805749,SUP151,FAILED,DB Supplier Not Found
2050,TD19080590,Item190805872,SUP151,FAILED,DB Supplier Not Found
2051,TD19080590,Item190805299,SUP151,FAILED,DB Supplier Not Found
2052,TD19080590,Item190805894,SUP151,FAILED,DB Supplier Not Found
2053,TD19080575,Item190805902,SUP661,FAILED,DB Supplier Not Found
2054,TD19080566,Item190805697,SUP832,FAILED,DB Supplier Not Found
2055,TD19080566,Item190805417,SUP832,FAILED,DB Supplier Not Found
2056,TD19080566,Item190805697,SUP76,FAILED,DB Supplier Not Found
2057,TD19080566,Item190805417,SUP76,FAILED,DB Supplier Not Found
2058,TD19080566,Item190805697,SUP803,FAILED,DB Supplier Not Found
2059,TD19080566,Item190805417,SUP803,FAILED,DB Supplier Not Found
2060,TD19080528,Item190805267,SUP832,FAILED,DB Supplier Not Found
2061,TD19080528,Item190805579,SUP832,FAILED,DB Supplier Not Found
2062,TD19080528,Item190805267,SUP803,FAILED,DB Supplier Not Found
2063,TD19080528,Item190805579,SUP803,FAILED,DB Supplier Not Found
2064,TD19080528,Item190805267,SUP76,FAILED,DB Supplier Not Found
2065,TD19080528,Item190805579,SUP76,FAILED,DB Supplier Not Found
2066,TD19080572,Item190805652,SUP348,FAILED,Schedule Not Found
2067,TD19080572,Item190805872,SUP348,FAILED,Schedule Not Found
2068,TD1908053,Item190805480,SUP348,FAILED,DB Supplier Not Found
2069,TD1908053,Item190805480,SUP372,FAILED,DB Supplier Not Found
2070,TD1908053,Item190805480,SUP45,FAILED,DB Supplier Not Found
2071,TD19080990,Item190809642,SUP400,FAILED,DB Supplier Not Found
2072,TD19080990,Item190809642,SUP486,FAILED,DB Supplier Not Found
2073,TD19080981,Item190809749,SUP601,FAILED,DB Supplier Not Found
2074,TD19080981,Item190809749,SUP400,FAILED,DB Supplier Not Found
2075,TD19082131,Item190821647,SUP348,FAILED,DB Supplier Not Found
2076,TD19082131,Item190821647,SUP767,FAILED,DB Supplier Not Found
2077,TD19082131,Item190821647,SUP206,FAILED,DB Supplier Not Found
2078,TD19082143,Item190821622,SUP252,FAILED,DB Supplier Not Found
2079,TD19082143,Item190821622,SUP229,FAILED,DB Supplier Not Found
2080,TD19082143,Item190821622,SUP185,FAILED,DB Supplier Not Found
2081,TD19082143,Item190821622,SUP874,FAILED,DB Supplier Not Found
2082,TD19082143,Item190821622,SUP408,FAILED,DB Supplier Not Found
2083,TD1908227,Item190822431,SUP241,FAILED,DB Supplier Not Found
2084,TD1908227,Item190822431,SUP658,FAILED,DB Supplier Not Found
2085,TD1908227,Item190822431,SUP292,FAILED,DB Supplier Not Found
2086,TD1908227,Item190822431,SUP281,FAILED,DB Supplier Not Found
2087,TD19082285,Item190822692,SUP281,FAILED,DB Supplier Not Found
2088,TD19082285,Item190822692,SUP241,FAILED,DB Supplier Not Found
2089,TD19082285,Item190822692,SUP658,FAILED,DB Supplier Not Found
2090,TD19082285,Item190822692,SUP944,FAILED,DB Supplier Not Found
2091,TD19082270,Item190822557,SUP874,FAILED,DB Supplier Not Found
2092,TD19082270,Item190822557,SUP185,FAILED,DB Supplier Not Found
2093,TD19082270,Item190822557,SUP871,FAILED,DB Supplier Not Found
2094,TD19082270,Item190822557,SUP252,FAILED,DB Supplier Not Found
2095,TD19082270,Item190822557,SUP408,FAILED,DB Supplier Not Found
2096,TD19091349,Item190913105,SUP265,FAILED,DB Supplier Not Found
2097,TD19091349,Item190913105,SUP636,FAILED,DB Supplier Not Found
2098,TD19091349,Item190913105,SUP784,FAILED,DB Supplier Not Found
2099,TD19091349,Item190913105,SUP538,FAILED,DB Supplier Not Found
2100,TD19091349,Item190913105,SUP618,FAILED,DB Supplier Not Found
2101,TD19091349,Item190913105,SUP274,FAILED,DB Supplier Not Found
2102,TD19091349,Item190913105,SUP860,FAILED,DB Supplier Not Found
2103,TD19091349,Item190913105,SUP313,FAILED,DB Supplier Not Found
2104,TD19091349,Item190913105,SUP195,FAILED,DB Supplier Not Found
2105,TD19091349,Item190913105,SUP971,FAILED,DB Supplier Not Found
2106,TD19091349,Item190913105,SUP80,FAILED,DB Supplier Not Found
2107,TD1909136,Item190913627,SUP784,FAILED,DB Supplier Not Found
2108,TD1909136,Item190913627,SUP538,FAILED,DB Supplier Not Found
2109,TD1909136,Item190913627,SUP274,FAILED,DB Supplier Not Found
2110,TD1909136,Item190913627,SUP575,FAILED,DB Supplier Not Found
2111,TD1909136,Item190913627,SUP636,FAILED,DB Supplier Not Found
2112,TD1909136,Item190913627,SUP971,FAILED,DB Supplier Not Found
2113,TD19091345,Item190913482,SUP784,FAILED,DB Supplier Not Found
2114,TD19091345,Item190913482,SUP538,FAILED,DB Supplier Not Found
2115,TD19091345,Item190913482,SUP618,FAILED,DB Supplier Not Found
2116,TD19091345,Item190913482,SUP274,FAILED,DB Supplier Not Found
2117,TD19091345,Item190913482,SUP575,FAILED,DB Supplier Not Found
2118,TD19091345,Item190913482,SUP636,FAILED,DB Supplier Not Found
2119,TD19091345,Item190913482,SUP265,FAILED,DB Supplier Not Found
2120,TD19091345,Item190913482,SUP860,FAILED,DB Supplier Not Found
2121,TD19091345,Item190913482,SUP195,FAILED,DB Supplier Not Found
2122,TD19091345,Item190913482,SUP313,FAILED,DB Supplier Not Found
2123,TD19091345,Item190913482,SUP971,FAILED,DB Supplier Not Found
2124,TD19091392,Item190913400,SUP784,FAILED,DB Supplier Not Found
2125,TD19091392,Item190913400,SUP538,FAILED,DB Supplier Not Found
2126,TD19091392,Item190913400,SUP274,FAILED,DB Supplier Not Found
2127,TD19091392,Item190913400,SUP575,FAILED,DB Supplier Not Found
2128,TD19091392,Item190913400,SUP636,FAILED,DB Supplier Not Found
2129,TD19091392,Item190913400,SUP971,FAILED,DB Supplier Not Found
2130,TD19091318,Item190913953,SUP784,FAILED,DB Supplier Not Found
2131,TD19091318,Item190913953,SUP538,FAILED,DB Supplier Not Found
2132,TD19091318,Item190913953,SUP618,FAILED,DB Supplier Not Found
2133,TD19091318,Item190913953,SUP274,FAILED,DB Supplier Not Found
2134,TD19091318,Item190913953,SUP636,FAILED,DB Supplier Not Found
2135,TD19091318,Item190913953,SUP860,FAILED,DB Supplier Not Found
2136,TD19091318,Item190913953,SUP971,FAILED,DB Supplier Not Found
2137,TD19091318,Item190913953,SUP195,FAILED,DB Supplier Not Found
2138,TD19091318,Item190913953,SUP313,FAILED,DB Supplier Not Found
2139,TD19091311,Item19091359,SUP784,FAILED,DB Supplier Not Found
2140,TD19091311,Item19091359,SUP235,FAILED,DB Supplier Not Found
2141,TD19091311,Item19091359,SUP575,FAILED,DB Supplier Not Found
2142,TD19091337,Item190913710,SUP784,FAILED,DB Supplier Not Found
2143,TD19091337,Item190913710,SUP538,FAILED,DB Supplier Not Found
2144,TD19091337,Item190913710,SUP274,FAILED,DB Supplier Not Found
2145,TD19091337,Item190913710,SUP575,FAILED,DB Supplier Not Found
2146,TD19091337,Item190913710,SUP636,FAILED,DB Supplier Not Found
2147,TD19091337,Item190913710,SUP265,FAILED,DB Supplier Not Found
2148,TD19091337,Item190913710,SUP860,FAILED,DB Supplier Not Found
2149,TD19091337,Item190913710,SUP313,FAILED,DB Supplier Not Found
2150,TD19091764,Item190917884,SUP538,FAILED,Schedule Not Found
2151,TD19091729,Item190917862,SUP538,FAILED,DB Supplier Not Found
2152,TD19091729,Item190917862,SUP195,FAILED,DB Supplier Not Found
2153,TD19091729,Item190917862,SUP274,FAILED,DB Supplier Not Found
2154,TD19091729,Item190917862,SUP313,FAILED,DB Supplier Not Found
2155,TD19091729,Item190917862,SUP575,FAILED,DB Supplier Not Found
2156,TD19091729,Item190917862,SUP636,FAILED,DB Supplier Not Found
2157,TD19091729,Item190917862,SUP860,FAILED,DB Supplier Not Found
2158,TD19091794,Item190917843,SUP784,FAILED,Schedule Not Found
2159,TD19091794,Item190917843,SUP195,FAILED,Schedule Not Found
2160,TD19091794,Item190917843,SUP313,FAILED,Schedule Not Found
2161,TD19091794,Item190917843,SUP636,FAILED,Schedule Not Found
2162,TD19091794,Item190917843,SUP860,FAILED,Schedule Not Found
2163,TD19091794,Item190917843,SUP971,FAILED,Schedule Not Found
2164,TD19091794,Item190917843,SUP971,FAILED,Schedule Not Found
2165,TD19091815,Item190918927,SUP860,FAILED,Schedule Not Found
2166,TD19091815,Item190918927,SUP313,FAILED,Schedule Not Found
2167,TD19091815,Item190918927,SUP636,FAILED,Schedule Not Found
2168,TD19091815,Item190918927,SUP195,FAILED,Schedule Not Found
2169,TD19091815,Item190918927,SUP784,FAILED,Schedule Not Found
2170,TD19091815,Item190918927,SUP971,FAILED,Schedule Not Found
2171,TD19091946,Item190919840,SUP76,FAILED,Schedule Not Found
2172,TD19091916,Item190919128,SUP227,FAILED,DB Supplier Not Found
2173,TD19091916,Item190919128,SUP206,FAILED,DB Supplier Not Found
2174,TD19091916,Item190919128,SUP203,FAILED,DB Supplier Not Found
2175,TD19091916,Item190919128,SUP546,FAILED,DB Supplier Not Found
2176,TD19091950,Item190919309,SUP408,FAILED,DB Supplier Not Found
2177,TD19091957,Item190919519,SUP408,FAILED,DB Supplier Not Found
2178,TD19091957,Item190919519,SUP617,FAILED,DB Supplier Not Found
2179,TD19091942,Item190919559,SUP874,FAILED,DB Supplier Not Found
2180,TD19091942,Item190919559,SUP803,FAILED,DB Supplier Not Found
2181,TD19091942,Item190919559,SUP390,FAILED,DB Supplier Not Found
2182,TD19091942,Item190919559,SUP251,FAILED,DB Supplier Not Found
2183,TD19091942,Item190919559,SUP917,FAILED,DB Supplier Not Found
2184,TD19091942,Item190919559,SUP725,FAILED,DB Supplier Not Found
2185,TD19091970,Item190919189,SUP617,FAILED,DB Supplier Not Found
2186,TD19091953,Item190919105,SUP408,FAILED,DB Supplier Not Found
2187,TD19091953,Item190919105,SUP944,FAILED,DB Supplier Not Found
2188,TD19091935,Item190919310,SUP227,FAILED,DB Supplier Not Found
2189,TD19091935,Item190919492,SUP227,FAILED,DB Supplier Not Found
2190,TD19091935,Item190919310,SUP206,FAILED,DB Supplier Not Found
2191,TD19091935,Item190919492,SUP206,FAILED,DB Supplier Not Found
2192,TD19092062,Item190920866,SUP136,FAILED,DB Supplier Not Found
2193,TD19092079,Item190920344,SUP611,FAILED,DB Supplier Not Found
2194,TD19092079,Item190920344,SUP45,FAILED,DB Supplier Not Found
2195,TD19092378,Item190923248,SUP195,FAILED,DB Supplier Not Found
2196,TD19092378,Item190923248,SUP784,FAILED,DB Supplier Not Found
2197,TD19092378,Item190923248,SUP618,FAILED,DB Supplier Not Found
2198,TD19092378,Item190923248,SUP575,FAILED,DB Supplier Not Found
2199,TD19092378,Item190923248,SUP636,FAILED,DB Supplier Not Found
2200,TD19092378,Item190923248,SUP265,FAILED,DB Supplier Not Found
2201,TD19092378,Item190923248,SUP971,FAILED,DB Supplier Not Found
2202,TD19092378,Item190923248,SUP860,FAILED,DB Supplier Not Found
2203,TD19092378,Item190923248,SUP313,FAILED,DB Supplier Not Found
2204,TD19092332,Item190923667,SUP860,FAILED,DB Supplier Not Found
2205,TD19092332,Item190923667,SUP265,FAILED,DB Supplier Not Found
2206,TD19092332,Item190923667,SUP636,FAILED,DB Supplier Not Found
2207,TD19092332,Item190923667,SUP313,FAILED,DB Supplier Not Found
2208,TD19092332,Item190923667,SUP618,FAILED,DB Supplier Not Found
2209,TD19092332,Item190923667,SUP80,FAILED,DB Supplier Not Found
2210,TD19092443,Item190924971,SUP674,FAILED,DB Supplier Not Found
2211,TD19092443,Item190924971,SUP636,FAILED,DB Supplier Not Found
2212,TD19092443,Item190924971,SUP408,FAILED,DB Supplier Not Found
2213,TD19092443,Item190924971,SUP265,FAILED,DB Supplier Not Found
2214,TD19092443,Item190924971,SUP971,FAILED,DB Supplier Not Found
2215,TD19092443,Item190924971,SUP860,FAILED,DB Supplier Not Found
2216,TD19092412,Item190924172,SUP408,FAILED,DB Supplier Not Found
2217,TD19092412,Item190924172,SUP674,FAILED,DB Supplier Not Found
2218,TD19092412,Item190924172,SUP636,FAILED,DB Supplier Not Found
2219,TD19092412,Item190924172,SUP265,FAILED,DB Supplier Not Found
2220,TD19092412,Item190924172,SUP971,FAILED,DB Supplier Not Found
2221,TD1909249,Item190924600,SUP618,FAILED,DB Supplier Not Found
2222,TD1909249,Item190924600,SUP274,FAILED,DB Supplier Not Found
2223,TD1909249,Item190924600,SUP313,FAILED,DB Supplier Not Found
2224,TD1909249,Item190924600,SUP575,FAILED,DB Supplier Not Found
2225,TD1909249,Item190924600,SUP860,FAILED,DB Supplier Not Found
2226,TD1909249,Item190924600,SUP265,FAILED,DB Supplier Not Found
2227,TD19092464,Item190924787,SUP860,FAILED,DB Supplier Not Found
2228,TD19092464,Item190924787,SUP971,FAILED,DB Supplier Not Found
2229,TD19092464,Item190924787,SUP265,FAILED,DB Supplier Not Found
2230,TD19092464,Item190924787,SUP408,FAILED,DB Supplier Not Found
2231,TD19092464,Item190924787,SUP674,FAILED,DB Supplier Not Found
2232,TD19092595,Item190925336,SUP324,FAILED,DB Supplier Not Found
2233,TD19092919,Item190929289,SUP971,FAILED,DB Supplier Not Found
2234,TD19092919,Item190929683,SUP971,FAILED,DB Supplier Not Found
2235,TD19092919,Item190929237,SUP971,FAILED,DB Supplier Not Found
2236,TD19092919,Item190929289,SUP287,FAILED,DB Supplier Not Found
2237,TD19092919,Item190929683,SUP287,FAILED,DB Supplier Not Found
2238,TD19092919,Item190929237,SUP287,FAILED,DB Supplier Not Found
2239,TD19092991,Item190929535,SUP45,FAILED,DB Supplier Not Found
2240,TD19092991,Item190929667,SUP45,FAILED,DB Supplier Not Found
2241,TD19092991,Item190929490,SUP45,FAILED,DB Supplier Not Found
2242,TD19092991,Item190929634,SUP45,FAILED,DB Supplier Not Found
2243,TD19092991,Item190929234,SUP45,FAILED,DB Supplier Not Found
2244,TD19092991,Item190929736,SUP45,FAILED,DB Supplier Not Found
2245,TD19092991,Item190929907,SUP45,FAILED,DB Supplier Not Found
2246,TD19092991,Item190929788,SUP45,FAILED,DB Supplier Not Found
2247,TD19092991,Item190929145,SUP45,FAILED,DB Supplier Not Found
2248,TD19092991,Item190929910,SUP45,FAILED,DB Supplier Not Found
2249,TD19092991,Item190929535,SUP971,FAILED,DB Supplier Not Found
2250,TD19092991,Item190929667,SUP971,FAILED,DB Supplier Not Found
2251,TD19092991,Item190929490,SUP971,FAILED,DB Supplier Not Found
2252,TD19092991,Item190929634,SUP971,FAILED,DB Supplier Not Found
2253,TD19092991,Item190929234,SUP971,FAILED,DB Supplier Not Found
2254,TD19092991,Item190929736,SUP971,FAILED,DB Supplier Not Found
2255,TD19092991,Item190929907,SUP971,FAILED,DB Supplier Not Found
2256,TD19092991,Item190929788,SUP971,FAILED,DB Supplier Not Found
2257,TD19092991,Item190929145,SUP971,FAILED,DB Supplier Not Found
2258,TD19092991,Item190929910,SUP971,FAILED,DB Supplier Not Found
2259,TD19092991,Item190929535,SUP971,FAILED,DB Supplier Not Found
2260,TD19092991,Item190929667,SUP971,FAILED,DB Supplier Not Found
2261,TD19092991,Item190929490,SUP971,FAILED,DB Supplier Not Found
2262,TD19092991,Item190929634,SUP971,FAILED,DB Supplier Not Found
2263,TD19092991,Item190929234,SUP971,FAILED,DB Supplier Not Found
2264,TD19092991,Item190929736,SUP971,FAILED,DB Supplier Not Found
2265,TD19092991,Item190929907,SUP971,FAILED,DB Supplier Not Found
2266,TD19092991,Item190929788,SUP971,FAILED,DB Supplier Not Found
2267,TD19092991,Item190929145,SUP971,FAILED,DB Supplier Not Found
2268,TD19092991,Item190929910,SUP971,FAILED,DB Supplier Not Found
2269,TD19092915,Item190929394,SUP91,FAILED,DB Supplier Not Found
2270,TD19092915,Item190929394,SUP203,FAILED,DB Supplier Not Found
2271,TD19092915,Item190929394,SUP227,FAILED,DB Supplier Not Found
2272,TD19092921,Item190929946,SUP91,FAILED,DB Supplier Not Found
2273,TD19092921,Item190929946,SUP227,FAILED,DB Supplier Not Found
2274,TD19092921,Item190929946,SUP842,FAILED,DB Supplier Not Found
2275,TD19092921,Item190929946,SUP206,FAILED,DB Supplier Not Found
2276,TD19092921,Item190929946,SUP58,FAILED,DB Supplier Not Found
2277,TD19092921,Item190929946,SUP45,FAILED,DB Supplier Not Found
2278,TD19092961,Item190929915,SUP227,FAILED,DB Supplier Not Found
2279,TD19092961,Item190929915,SUP206,FAILED,DB Supplier Not Found
2280,TD19092961,Item190929915,SUP91,FAILED,DB Supplier Not Found
2281,TD19092941,Item190929489,SUP58,FAILED,DB Supplier Not Found
2282,TD19092941,Item190929489,SUP227,FAILED,DB Supplier Not Found
2283,TD19092941,Item190929489,SUP91,FAILED,DB Supplier Not Found
2284,TD19092948,Item1909295,SUP203,FAILED,DB Supplier Not Found
2285,TD19092948,Item1909295,SUP227,FAILED,DB Supplier Not Found
2286,TD19092948,Item1909295,SUP91,FAILED,DB Supplier Not Found
2287,TD19092948,Item1909295,SUP58,FAILED,DB Supplier Not Found
2288,TD19092952,Item190929844,SUP227,FAILED,DB Supplier Not Found
2289,TD19092952,Item190929844,SUP203,FAILED,DB Supplier Not Found
2290,TD19093018,Item190930998,SUP91,FAILED,DB Supplier Not Found
2291,TD19093018,Item190930998,SUP227,FAILED,DB Supplier Not Found
2292,TD19093018,Item190930998,SUP203,FAILED,DB Supplier Not Found
2293,TD19093018,Item190930998,SUP58,FAILED,DB Supplier Not Found
2294,TD1909308,Item190930487,SUP944,FAILED,DB Supplier Not Found
2295,TD19093071,Item190930331,SUP227,FAILED,DB Supplier Not Found
2296,TD19093071,Item190930920,SUP227,FAILED,DB Supplier Not Found
2297,TD19093071,Item190930468,SUP227,FAILED,DB Supplier Not Found
2298,TD19093071,Item190930331,SUP658,FAILED,DB Supplier Not Found
2299,TD19093071,Item190930920,SUP658,FAILED,DB Supplier Not Found
2300,TD19093071,Item190930468,SUP658,FAILED,DB Supplier Not Found
2301,TD19093071,Item190930331,SUP241,FAILED,DB Supplier Not Found
2302,TD19093071,Item190930920,SUP241,FAILED,DB Supplier Not Found
2303,TD19093071,Item190930468,SUP241,FAILED,DB Supplier Not Found
2304,TD19093071,Item190930331,SUP58,FAILED,DB Supplier Not Found
2305,TD19093071,Item190930920,SUP58,FAILED,DB Supplier Not Found
2306,TD19093071,Item190930468,SUP58,FAILED,DB Supplier Not Found
2307,TD19093071,Item190930331,SUP91,FAILED,DB Supplier Not Found
2308,TD19093071,Item190930920,SUP91,FAILED,DB Supplier Not Found
2309,TD19093071,Item190930468,SUP91,FAILED,DB Supplier Not Found
2310,TD19093089,Item190930356,SUP466,FAILED,DB Supplier Not Found
2311,TD19093089,Item190930356,SUP227,FAILED,DB Supplier Not Found
2312,TD19093089,Item190930356,SUP206,FAILED,DB Supplier Not Found
2313,TD19093089,Item190930356,SUP658,FAILED,DB Supplier Not Found
2314,TD19093089,Item190930356,SUP292,FAILED,DB Supplier Not Found
2315,TD19093089,Item190930356,SUP842,FAILED,DB Supplier Not Found
2316,TD19093089,Item190930356,SUP45,FAILED,DB Supplier Not Found
2317,TD19093088,Item190930105,SUP756,FAILED,Schedule Not Found
2318,TD19093092,Item190930233,SUP756,FAILED,DB Supplier Not Found
2319,TD19093092,Item190930233,SUP454,FAILED,DB Supplier Not Found
2320,TD19101034,Item191010808,SUP427,FAILED,DB Supplier Not Found
2321,TD19101034,Item191010808,SUP636,FAILED,DB Supplier Not Found
2322,TD19101034,Item191010808,SUP971,FAILED,DB Supplier Not Found
2323,TD19101034,Item191010808,SUP400,FAILED,DB Supplier Not Found
2324,TD19101034,Item191010808,SUP784,FAILED,DB Supplier Not Found
2325,TD19101034,Item191010808,SUP195,FAILED,DB Supplier Not Found
2326,TD19101034,Item191010808,SUP80,FAILED,DB Supplier Not Found
2327,TD19101034,Item191010808,SUP618,FAILED,DB Supplier Not Found
2328,TD19101034,Item191010808,SUP538,FAILED,DB Supplier Not Found
2329,TD19101034,Item191010808,SUP338,FAILED,DB Supplier Not Found
2330,TD19101686,Item191016139,SUP671,FAILED,Schedule Not Found
2331,TD19101686,Item191016139,SUP76,FAILED,Schedule Not Found
2332,TD19102228,Item191022524,SUP45,FAILED,DB Supplier Not Found
2333,TD19102228,Item191022524,SUP408,FAILED,DB Supplier Not Found
2334,TD19102232,Item191022167,SUP45,FAILED,DB Supplier Not Found
2335,TD19102358,Item191023620,SUP2,FAILED,DB Supplier Not Found
2336,TD19102358,Item191023620,SUP45,FAILED,DB Supplier Not Found
2337,TD19102383,Item1910234,SUP45,FAILED,Schedule Not Found
2338,TD19102383,Item1910234,SUP321,FAILED,Schedule Not Found
2339,TD19102393,Item191023300,SUP45,FAILED,DB Supplier Not Found
2340,TD19102393,Item191023300,SUP321,FAILED,DB Supplier Not Found
2341,TD19102340,Item191023752,SUP80,FAILED,DB Supplier Not Found
2342,TD19102340,Item191023752,SUP76,FAILED,DB Supplier Not Found
2343,TD19102370,Item191023550,SUP80,FAILED,DB Supplier Not Found
2344,TD19102370,Item191023550,SUP76,FAILED,DB Supplier Not Found
2345,TD19102359,Item191023219,SUP80,FAILED,DB Supplier Not Found
2346,TD19102315,Item191023599,SUP575,FAILED,DB Supplier Not Found
2347,TD19102315,Item191023599,SUP76,FAILED,DB Supplier Not Found
2348,TD19102315,Item191023599,SUP80,FAILED,DB Supplier Not Found
2349,TD19102363,Item191023750,SUP79,FAILED,DB Supplier Not Found
2350,TD19102336,Item191023675,SUP79,FAILED,DB Supplier Not Found
2351,TD19102317,Item191023399,SUP151,FAILED,DB Supplier Not Found
2352,TD19102317,Item191023399,SUP16,FAILED,DB Supplier Not Found
2353,TD1910232,Item191023563,SUP45,FAILED,DB Supplier Not Found
2354,TD1910232,Item191023563,SUP944,FAILED,DB Supplier Not Found
2355,TD19102371,Item191023731,SUP392,FAILED,DB Supplier Not Found
2356,TD19102365,Item191023637,SUP392,FAILED,DB Supplier Not Found
2357,TD19102392,Item191023274,SUP45,FAILED,DB Supplier Not Found
2358,TD19102392,Item191023822,SUP45,FAILED,DB Supplier Not Found
2359,TD19102392,Item191023870,SUP45,FAILED,DB Supplier Not Found
2360,TD19102392,Item191023345,SUP45,FAILED,DB Supplier Not Found
2361,TD19102392,Item191023776,SUP45,FAILED,DB Supplier Not Found
2362,TD19102392,Item191023581,SUP45,FAILED,DB Supplier Not Found
2363,TD19102392,Item191023368,SUP45,FAILED,DB Supplier Not Found
2364,TD19102392,Item191023681,SUP45,FAILED,DB Supplier Not Found
2365,TD19102392,Item191023274,SUP91,FAILED,DB Supplier Not Found
2366,TD19102392,Item191023822,SUP91,FAILED,DB Supplier Not Found
2367,TD19102392,Item191023870,SUP91,FAILED,DB Supplier Not Found
2368,TD19102392,Item191023345,SUP91,FAILED,DB Supplier Not Found
2369,TD19102392,Item191023776,SUP91,FAILED,DB Supplier Not Found
2370,TD19102392,Item191023581,SUP91,FAILED,DB Supplier Not Found
2371,TD19102392,Item191023368,SUP91,FAILED,DB Supplier Not Found
2372,TD19102392,Item191023681,SUP91,FAILED,DB Supplier Not Found
2373,TD19102394,Item191023696,SUP91,FAILED,DB Supplier Not Found
2374,TD19102394,Item191023696,SUP45,FAILED,DB Supplier Not Found
2375,TD19103046,Item191030813,SUP76,FAILED,DB Supplier Not Found
2376,TD19103046,Item191030813,SUP287,FAILED,DB Supplier Not Found
2377,TD1910313,Item191031339,SUP682,FAILED,DB Supplier Not Found
2378,TD1910313,Item191031339,SUP91,FAILED,DB Supplier Not Found
2379,TD1910313,Item191031339,SUP287,FAILED,DB Supplier Not Found
2380,TD19112590,Item191125661,SUP984,FAILED,DB Supplier Not Found
2381,TD19112590,Item191125661,SUP133,FAILED,DB Supplier Not Found
2382,TD19120543,Item191205370,SUP205,FAILED,DB Supplier Not Found
2383,TD19120551,Item191205462,SUP91,FAILED,DB Supplier Not Found
2384,TD19120551,Item191205462,SUP244,FAILED,DB Supplier Not Found
2385,TD19120551,Item191205462,SUP206,FAILED,DB Supplier Not Found
2386,TD19120590,Item191205423,SUP617,FAILED,DB Supplier Not Found
2387,TD19120590,Item191205423,SUP307,FAILED,DB Supplier Not Found
2388,TD19120590,Item191205423,SUP762,FAILED,DB Supplier Not Found
2389,TD19120563,Item191205129,SUP91,FAILED,Schedule Not Found
2390,TD19120533,Item191205792,SUP91,FAILED,DB Supplier Not Found
2391,TD19120533,Item191205280,SUP91,FAILED,DB Supplier Not Found
2392,TD19120533,Item191205346,SUP91,FAILED,DB Supplier Not Found
2393,TD19120533,Item191205732,SUP91,FAILED,DB Supplier Not Found
2394,TD19120533,Item191205792,SUP206,FAILED,DB Supplier Not Found
2395,TD19120533,Item191205280,SUP206,FAILED,DB Supplier Not Found
2396,TD19120533,Item191205346,SUP206,FAILED,DB Supplier Not Found
2397,TD19120533,Item191205732,SUP206,FAILED,DB Supplier Not Found
2398,TD19120594,Item191205141,SUP211,FAILED,DB Supplier Not Found
2399,TD19120575,Item191205464,SUP45,FAILED,DB Supplier Not Found
2400,TD19120575,Item191205398,SUP45,FAILED,DB Supplier Not Found
2401,TD19120575,Item191205169,SUP45,FAILED,DB Supplier Not Found
2402,TD19120575,Item191205693,SUP45,FAILED,DB Supplier Not Found
2403,TD19120575,Item191205245,SUP45,FAILED,DB Supplier Not Found
2404,TD19120530,Item19120566,SUP91,FAILED,DB Supplier Not Found
2405,TD19120530,Item19120566,SUP206,FAILED,DB Supplier Not Found
2406,TD19120530,Item19120566,SUP244,FAILED,DB Supplier Not Found
2407,TD19120556,Item191205286,SUP971,FAILED,DB Supplier Not Found
2408,TD19120556,Item191205681,SUP971,FAILED,DB Supplier Not Found
2409,TD19120556,Item191205749,SUP971,FAILED,DB Supplier Not Found
2410,TD19120556,Item191205633,SUP971,FAILED,DB Supplier Not Found
2411,TD19120556,Item191205817,SUP971,FAILED,DB Supplier Not Found
2412,TD19120556,Item191205286,SUP45,FAILED,DB Supplier Not Found
2413,TD19120556,Item191205681,SUP45,FAILED,DB Supplier Not Found
2414,TD19120556,Item191205749,SUP45,FAILED,DB Supplier Not Found
2415,TD19120556,Item191205633,SUP45,FAILED,DB Supplier Not Found
2416,TD19120556,Item191205817,SUP45,FAILED,DB Supplier Not Found
2417,TD19120566,Item191205902,SUP307,FAILED,DB Supplier Not Found
2418,TD19120945,Item191209590,SUP9,FAILED,DB Supplier Not Found
2419,TD19120945,Item191209171,SUP9,FAILED,DB Supplier Not Found
2420,TD19120945,Item191209506,SUP9,FAILED,DB Supplier Not Found
2421,TD19120945,Item191209729,SUP9,FAILED,DB Supplier Not Found
2422,TD19120945,Item191209720,SUP9,FAILED,DB Supplier Not Found
2423,TD19120945,Item191209559,SUP9,FAILED,DB Supplier Not Found
2424,TD19120945,Item191209443,SUP9,FAILED,DB Supplier Not Found
2425,TD19120945,Item191209841,SUP9,FAILED,DB Supplier Not Found
2426,TD19120945,Item191209456,SUP9,FAILED,DB Supplier Not Found
2427,TD19120945,Item191209590,SUP45,FAILED,DB Supplier Not Found
2428,TD19120945,Item191209171,SUP45,FAILED,DB Supplier Not Found
2429,TD19120945,Item191209506,SUP45,FAILED,DB Supplier Not Found
2430,TD19120945,Item191209729,SUP45,FAILED,DB Supplier Not Found
2431,TD19120945,Item191209720,SUP45,FAILED,DB Supplier Not Found
2432,TD19120945,Item191209559,SUP45,FAILED,DB Supplier Not Found
2433,TD19120945,Item191209443,SUP45,FAILED,DB Supplier Not Found
2434,TD19120945,Item191209841,SUP45,FAILED,DB Supplier Not Found
2435,TD19120945,Item191209456,SUP45,FAILED,DB Supplier Not Found
2436,TD19121155,Item191211521,SUP281,FAILED,DB Supplier Not Found
2437,TD19121155,Item191211521,SUP241,FAILED,DB Supplier Not Found
2438,TD19121178,Item19121188,SUP783,FAILED,DB Supplier Not Found
2439,TD19121178,Item19121188,SUP45,FAILED,DB Supplier Not Found
2440,TD19121198,Item191211597,SUP949,FAILED,DB Supplier Not Found
2441,TD19121198,Item191211914,SUP949,FAILED,DB Supplier Not Found
2442,TD19121198,Item191211501,SUP949,FAILED,DB Supplier Not Found
2443,TD19121198,Item191211597,SUP202,FAILED,DB Supplier Not Found
2444,TD19121198,Item191211914,SUP202,FAILED,DB Supplier Not Found
2445,TD19121198,Item191211501,SUP202,FAILED,DB Supplier Not Found
2446,TD19121198,Item191211597,SUP914,FAILED,DB Supplier Not Found
2447,TD19121198,Item191211914,SUP914,FAILED,DB Supplier Not Found
2448,TD19121198,Item191211501,SUP914,FAILED,DB Supplier Not Found
2449,TD19121196,Item191211726,SUP949,FAILED,DB Supplier Not Found
2450,TD19121196,Item1912111,SUP949,FAILED,DB Supplier Not Found
2451,TD19121196,Item191211543,SUP949,FAILED,DB Supplier Not Found
2452,TD19121196,Item191211726,SUP202,FAILED,DB Supplier Not Found
2453,TD19121196,Item1912111,SUP202,FAILED,DB Supplier Not Found
2454,TD19121196,Item191211543,SUP202,FAILED,DB Supplier Not Found
2455,TD19121196,Item191211726,SUP914,FAILED,DB Supplier Not Found
2456,TD19121196,Item1912111,SUP914,FAILED,DB Supplier Not Found
2457,TD19121196,Item191211543,SUP914,FAILED,DB Supplier Not Found
2458,TD19121196,Item191211726,SUP202,FAILED,DB Supplier Not Found
2459,TD19121196,Item1912111,SUP202,FAILED,DB Supplier Not Found
2460,TD19121196,Item191211543,SUP202,FAILED,DB Supplier Not Found
2461,TD19121196,Item191211726,SUP914,FAILED,DB Supplier Not Found
2462,TD19121196,Item1912111,SUP914,FAILED,DB Supplier Not Found
2463,TD19121196,Item191211543,SUP914,FAILED,DB Supplier Not Found
2464,TD19121152,Item191211701,SUP617,FAILED,DB Supplier Not Found
2465,TD19121152,Item191211701,SUP580,FAILED,DB Supplier Not Found
2466,TD19121183,Item191211234,SUP244,FAILED,DB Supplier Not Found
2467,TD19121183,Item191211234,SUP206,FAILED,DB Supplier Not Found
2468,TD19121183,Item191211234,SUP91,FAILED,DB Supplier Not Found
2469,TD19121629,Item191216921,SUP41,FAILED,DB Supplier Not Found
2470,TD19121629,Item191216438,SUP41,FAILED,DB Supplier Not Found
2471,TD19121629,Item191216951,SUP41,FAILED,DB Supplier Not Found
2472,TD19121629,Item191216921,SUP853,FAILED,DB Supplier Not Found
2473,TD19121629,Item191216438,SUP853,FAILED,DB Supplier Not Found
2474,TD19121629,Item191216951,SUP853,FAILED,DB Supplier Not Found
2475,TD19121629,Item191216921,SUP45,FAILED,DB Supplier Not Found
2476,TD19121629,Item191216438,SUP45,FAILED,DB Supplier Not Found
2477,TD19121629,Item191216951,SUP45,FAILED,DB Supplier Not Found
2478,TD19121618,Item191216552,SUP617,FAILED,DB Supplier Not Found
2479,TD19121618,Item191216552,SUP762,FAILED,DB Supplier Not Found
2480,TD19121690,Item191216812,SUP192,FAILED,DB Supplier Not Found
2481,TD19121737,Item191217375,SUP828,FAILED,DB Supplier Not Found
2482,TD1912172,Item191217154,SUP41,FAILED,DB Supplier Not Found
2483,TD1912172,Item191217154,SUP828,FAILED,DB Supplier Not Found
2484,TD19121795,Item191217692,SUP41,FAILED,DB Supplier Not Found
2485,TD19121795,Item191217692,SUP828,FAILED,DB Supplier Not Found
2486,TD19121762,Item191217553,SUP828,FAILED,DB Supplier Not Found
2487,TD19121710,Item191217408,SUP828,FAILED,DB Supplier Not Found
2488,TD19121721,Item191217525,SUP828,FAILED,DB Supplier Not Found
2489,TD20020759,Item200207241,SUP971,FAILED,DB Supplier Not Found
2490,TD20020759,Item200207241,SUP313,FAILED,DB Supplier Not Found
2491,TD20020759,Item200207241,SUP451,FAILED,DB Supplier Not Found
2492,TD20020735,Item200207449,SUP971,FAILED,DB Supplier Not Found
2493,TD20020735,Item200207449,SUP481,FAILED,DB Supplier Not Found
2494,TD20020735,Item200207449,SUP48,FAILED,DB Supplier Not Found
2495,TD20020764,Item200207815,SUP451,FAILED,DB Supplier Not Found
2496,TD20020764,Item200207815,SUP971,FAILED,DB Supplier Not Found
2497,TD20020764,Item200207815,SUP80,FAILED,DB Supplier Not Found
2498,TD20020764,Item200207815,SUP41,FAILED,DB Supplier Not Found
2499,TD20020764,Item200207815,SUP41,FAILED,DB Supplier Not Found
2500,TD20020739,Item200207906,SUP313,FAILED,DB Supplier Not Found
2501,TD20020739,Item200207906,SUP971,FAILED,DB Supplier Not Found
2502,TD20020739,Item200207906,SUP451,FAILED,DB Supplier Not Found
2503,TD20020739,Item200207906,SUP80,FAILED,DB Supplier Not Found
2504,TD20020739,Item200207906,SUP41,FAILED,DB Supplier Not Found
2505,TD20020752,Item200207961,SUP481,FAILED,DB Supplier Not Found
2506,TD20020752,Item200207961,SUP971,FAILED,DB Supplier Not Found
2507,TD20020752,Item200207961,SUP41,FAILED,DB Supplier Not Found
2508,TD20020752,Item200207961,SUP313,FAILED,DB Supplier Not Found
2509,TD20020752,Item200207961,SUP80,FAILED,DB Supplier Not Found
2510,TD20020752,Item200207961,SUP451,FAILED,DB Supplier Not Found
2511,TD2002074,Item200207338,SUP451,FAILED,DB Supplier Not Found
2512,TD2002074,Item200207338,SUP971,FAILED,DB Supplier Not Found
2513,TD2002074,Item200207338,SUP451,FAILED,DB Supplier Not Found
2514,TD2002074,Item200207338,SUP41,FAILED,DB Supplier Not Found
2515,TD2002074,Item200207338,SUP80,FAILED,DB Supplier Not Found
2516,TD2002075,Item200207643,SUP235,FAILED,DB Supplier Not Found
2517,TD2002075,Item200207651,SUP235,FAILED,DB Supplier Not Found
2518,TD2002075,Item200207315,SUP235,FAILED,DB Supplier Not Found
2519,TD2002075,Item200207720,SUP235,FAILED,DB Supplier Not Found
2520,TD2002075,Item200207314,SUP235,FAILED,DB Supplier Not Found
2521,TD2002075,Item200207148,SUP235,FAILED,DB Supplier Not Found
2522,TD2002075,Item200207781,SUP235,FAILED,DB Supplier Not Found
2523,TD2002075,Item200207703,SUP235,FAILED,DB Supplier Not Found
2524,TD2002075,Item200207965,SUP235,FAILED,DB Supplier Not Found
2525,TD2002075,Item200207224,SUP235,FAILED,DB Supplier Not Found
2526,TD2002075,Item200207820,SUP235,FAILED,DB Supplier Not Found
2527,TD2002075,Item200207652,SUP235,FAILED,DB Supplier Not Found
2528,TD2002075,Item200207643,SUP762,FAILED,DB Supplier Not Found
2529,TD2002075,Item200207651,SUP762,FAILED,DB Supplier Not Found
2530,TD2002075,Item200207315,SUP762,FAILED,DB Supplier Not Found
2531,TD2002075,Item200207720,SUP762,FAILED,DB Supplier Not Found
2532,TD2002075,Item200207314,SUP762,FAILED,DB Supplier Not Found
2533,TD2002075,Item200207148,SUP762,FAILED,DB Supplier Not Found
2534,TD2002075,Item200207781,SUP762,FAILED,DB Supplier Not Found
2535,TD2002075,Item200207703,SUP762,FAILED,DB Supplier Not Found
2536,TD2002075,Item200207965,SUP762,FAILED,DB Supplier Not Found
2537,TD2002075,Item200207224,SUP762,FAILED,DB Supplier Not Found
2538,TD2002075,Item200207820,SUP762,FAILED,DB Supplier Not Found
2539,TD2002075,Item200207652,SUP762,FAILED,DB Supplier Not Found
2540,TD2002075,Item200207643,SUP857,FAILED,DB Supplier Not Found
2541,TD2002075,Item200207651,SUP857,FAILED,DB Supplier Not Found
2542,TD2002075,Item200207315,SUP857,FAILED,DB Supplier Not Found
2543,TD2002075,Item200207720,SUP857,FAILED,DB Supplier Not Found
2544,TD2002075,Item200207314,SUP857,FAILED,DB Supplier Not Found
2545,TD2002075,Item200207148,SUP857,FAILED,DB Supplier Not Found
2546,TD2002075,Item200207781,SUP857,FAILED,DB Supplier Not Found
2547,TD2002075,Item200207703,SUP857,FAILED,DB Supplier Not Found
2548,TD2002075,Item200207965,SUP857,FAILED,DB Supplier Not Found
2549,TD2002075,Item200207224,SUP857,FAILED,DB Supplier Not Found
2550,TD2002075,Item200207820,SUP857,FAILED,DB Supplier Not Found
2551,TD2002075,Item200207652,SUP857,FAILED,DB Supplier Not Found
2552,TD2002075,Item200207643,SUP971,FAILED,DB Supplier Not Found
2553,TD2002075,Item200207651,SUP971,FAILED,DB Supplier Not Found
2554,TD2002075,Item200207315,SUP971,FAILED,DB Supplier Not Found
2555,TD2002075,Item200207720,SUP971,FAILED,DB Supplier Not Found
2556,TD2002075,Item200207314,SUP971,FAILED,DB Supplier Not Found
2557,TD2002075,Item200207148,SUP971,FAILED,DB Supplier Not Found
2558,TD2002075,Item200207781,SUP971,FAILED,DB Supplier Not Found
2559,TD2002075,Item200207703,SUP971,FAILED,DB Supplier Not Found
2560,TD2002075,Item200207965,SUP971,FAILED,DB Supplier Not Found
2561,TD2002075,Item200207224,SUP971,FAILED,DB Supplier Not Found
2562,TD2002075,Item200207820,SUP971,FAILED,DB Supplier Not Found
2563,TD2002075,Item200207652,SUP971,FAILED,DB Supplier Not Found
2564,TD20021047,Item200210341,SUP235,FAILED,DB Supplier Not Found
2565,TD20021047,Item200210341,SUP41,FAILED,DB Supplier Not Found
2566,TD20021063,Item200210980,SUP235,FAILED,DB Supplier Not Found
2567,TD20021063,Item200210980,SUP41,FAILED,DB Supplier Not Found
2568,TD20021057,Item20021011,SUP41,FAILED,DB Supplier Not Found
2569,TD20021057,Item20021011,SUP235,FAILED,DB Supplier Not Found
2570,TD20021060,Item200210872,SUP235,FAILED,DB Supplier Not Found
2571,TD20021060,Item200210872,SUP41,FAILED,DB Supplier Not Found
2572,TD20021021,Item200210910,SUP41,FAILED,DB Supplier Not Found
2573,TD20021021,Item200210910,SUP235,FAILED,DB Supplier Not Found
2574,TD20021079,Item200210490,SUP235,FAILED,DB Supplier Not Found
2575,TD20021079,Item200210994,SUP235,FAILED,DB Supplier Not Found
2576,TD20021079,Item200210490,SUP41,FAILED,DB Supplier Not Found
2577,TD20021035,Item200210522,SUP235,FAILED,DB Supplier Not Found
2578,TD20021055,Item200210966,SUP235,FAILED,DB Supplier Not Found
2579,TD20021132,Item200211873,SUP548,FAILED,DB Supplier Not Found
2580,TD20021132,Item200211697,SUP548,FAILED,DB Supplier Not Found
2581,TD20021998,Item200219171,SUP45,FAILED,DB Supplier Not Found
2582,TD20021998,Item200219171,SUP41,FAILED,DB Supplier Not Found
2583,TD20072059,Item200720832,SUP944,FAILED,Schedule Not Found
2584,TD20072920,Item200729166,SUP342,FAILED,DB Supplier Not Found
2585,TD20072920,Item200729466,SUP342,FAILED,DB Supplier Not Found
2586,TD20072915,Item20072955,SUP80,FAILED,DB Supplier Not Found
2587,TD20072915,Item20072955,SUP451,FAILED,DB Supplier Not Found
2588,TD20072915,Item20072955,SUP235,FAILED,DB Supplier Not Found
2589,TD20073043,Item200730364,SUP4,FAILED,DB Supplier Not Found
2590,TD20073043,Item200730364,SUP793,FAILED,DB Supplier Not Found
2591,TD20073043,Item200730364,SUP328,FAILED,DB Supplier Not Found
2592,TD20073043,Item200730364,SUP723,FAILED,DB Supplier Not Found
2593,TD20080575,Item200805182,SUP486,FAILED,DB Supplier Not Found
2594,TD20081755,Item200817358,SUP853,FAILED,DB Supplier Not Found
2595,TD20081755,Item200817358,SUP113,FAILED,DB Supplier Not Found
2596,TD20081755,Item200817358,SUP760,FAILED,DB Supplier Not Found
2597,TD20081755,Item200817358,SUP783,FAILED,DB Supplier Not Found
2598,TD20081755,Item200817358,SUP687,FAILED,DB Supplier Not Found
2599,TD20081755,Item200817358,SUP313,FAILED,DB Supplier Not Found
2600,TD20081755,Item200817358,SUP103,FAILED,DB Supplier Not Found
2601,TD20081755,Item200817358,SUP889,FAILED,DB Supplier Not Found
2602,TD20081968,Item200819957,SUP853,FAILED,DB Supplier Not Found
2603,TD20081968,Item200819957,SUP113,FAILED,DB Supplier Not Found
2604,TD20081968,Item200819957,SUP760,FAILED,DB Supplier Not Found
2605,TD2008197,Item200819926,SUP853,FAILED,DB Supplier Not Found
2606,TD2008197,Item200819926,SUP113,FAILED,DB Supplier Not Found
2607,TD2008197,Item200819926,SUP506,FAILED,DB Supplier Not Found
2608,TD20082682,Item200826664,SUP384,FAILED,DB Supplier Not Found
2609,TD20082682,Item200826664,SUP149,FAILED,DB Supplier Not Found
2610,TD20082682,Item200826664,SUP944,FAILED,DB Supplier Not Found
2611,TD20090235,Item200902498,SUP451,FAILED,DB Supplier Not Found
2612,TD20090235,Item200902498,SUP630,FAILED,DB Supplier Not Found
2613,TD20090235,Item200902498,SUP638,FAILED,DB Supplier Not Found
2614,TD20090235,Item200902498,SUP926,FAILED,DB Supplier Not Found
2615,TD20090235,Item200902498,SUP883,FAILED,DB Supplier Not Found
2616,TD20090235,Item200902498,SUP824,FAILED,DB Supplier Not Found
2617,TD20090235,Item200902498,SUP723,FAILED,DB Supplier Not Found
2618,TD20090235,Item200902498,SUP950,FAILED,DB Supplier Not Found
2619,TD20090224,Item200902144,SUP638,FAILED,DB Supplier Not Found
2620,TD20090224,Item200902422,SUP638,FAILED,DB Supplier Not Found
2621,TD20090224,Item200902646,SUP638,FAILED,DB Supplier Not Found
2622,TD20090224,Item200902965,SUP638,FAILED,DB Supplier Not Found
2623,TD20090224,Item200902253,SUP638,FAILED,DB Supplier Not Found
2624,TD20090224,Item200902782,SUP638,FAILED,DB Supplier Not Found
2625,TD20090224,Item200902116,SUP638,FAILED,DB Supplier Not Found
2626,TD20090224,Item200902144,SUP700,FAILED,DB Supplier Not Found
2627,TD20090224,Item200902422,SUP700,FAILED,DB Supplier Not Found
2628,TD20090224,Item200902646,SUP700,FAILED,DB Supplier Not Found
2629,TD20090224,Item200902965,SUP700,FAILED,DB Supplier Not Found
2630,TD20090224,Item200902253,SUP700,FAILED,DB Supplier Not Found
2631,TD20090224,Item200902782,SUP700,FAILED,DB Supplier Not Found
2632,TD20090224,Item200902116,SUP700,FAILED,DB Supplier Not Found
2633,TD20090224,Item200902144,SUP700,FAILED,DB Supplier Not Found
2634,TD20090224,Item200902422,SUP700,FAILED,DB Supplier Not Found
2635,TD20090224,Item200902646,SUP700,FAILED,DB Supplier Not Found
2636,TD20090224,Item200902965,SUP700,FAILED,DB Supplier Not Found
2637,TD20090224,Item200902253,SUP700,FAILED,DB Supplier Not Found
2638,TD20090224,Item200902782,SUP700,FAILED,DB Supplier Not Found
2639,TD20090224,Item200902116,SUP700,FAILED,DB Supplier Not Found
2640,TD20090224,Item200902144,SUP700,FAILED,DB Supplier Not Found
2641,TD20090224,Item200902422,SUP700,FAILED,DB Supplier Not Found
2642,TD20090224,Item200902646,SUP700,FAILED,DB Supplier Not Found
2643,TD20090224,Item200902965,SUP700,FAILED,DB Supplier Not Found
2644,TD20090224,Item200902253,SUP700,FAILED,DB Supplier Not Found
2645,TD20090224,Item200902782,SUP700,FAILED,DB Supplier Not Found
2646,TD20090224,Item200902116,SUP700,FAILED,DB Supplier Not Found
2647,TD20090224,Item200902144,SUP828,FAILED,DB Supplier Not Found
2648,TD20090224,Item200902422,SUP828,FAILED,DB Supplier Not Found
2649,TD20090224,Item200902646,SUP828,FAILED,DB Supplier Not Found
2650,TD20090224,Item200902965,SUP828,FAILED,DB Supplier Not Found
2651,TD20090224,Item200902253,SUP828,FAILED,DB Supplier Not Found
2652,TD20090224,Item200902782,SUP828,FAILED,DB Supplier Not Found
2653,TD20090224,Item200902116,SUP828,FAILED,DB Supplier Not Found
2654,TD20090381,Item200903860,SUP723,FAILED,DB Supplier Not Found
2655,TD20090381,Item200903860,SUP638,FAILED,DB Supplier Not Found
2656,TD20090381,Item200903860,SUP598,FAILED,DB Supplier Not Found
2657,TD20090381,Item200903860,SUP600,FAILED,DB Supplier Not Found
2658,TD20090381,Item200903860,SUP636,FAILED,DB Supplier Not Found
2659,TD20090381,Item200903860,SUP830,FAILED,DB Supplier Not Found
2660,TD20090381,Item200903860,SUP451,FAILED,DB Supplier Not Found
2661,TD20090391,Item200903806,SUP723,FAILED,DB Supplier Not Found
2662,TD20090391,Item200903806,SUP451,FAILED,DB Supplier Not Found
2663,TD20090391,Item200903806,SUP636,FAILED,DB Supplier Not Found
2664,TD20090391,Item200903806,SUP600,FAILED,DB Supplier Not Found
2665,TD20090391,Item200903806,SUP598,FAILED,DB Supplier Not Found
2666,TD20090391,Item200903806,SUP638,FAILED,DB Supplier Not Found
2667,TD20090391,Item200903806,SUP830,FAILED,DB Supplier Not Found
2668,TD20090352,Item200903499,SUP598,FAILED,DB Supplier Not Found
2669,TD20090352,Item200903499,SUP830,FAILED,DB Supplier Not Found
2670,TD20090352,Item200903499,SUP828,FAILED,DB Supplier Not Found
2671,TD20090352,Item200903499,SUP451,FAILED,DB Supplier Not Found
2672,TD20090352,Item200903499,SUP451,FAILED,DB Supplier Not Found
2673,TD20090352,Item200903499,SUP636,FAILED,DB Supplier Not Found
2674,TD20090352,Item200903499,SUP723,FAILED,DB Supplier Not Found
2675,TD20090352,Item200903499,SUP638,FAILED,DB Supplier Not Found
2676,TD20090313,Item200903998,SUP638,FAILED,DB Supplier Not Found
2677,TD20090313,Item200903998,SUP723,FAILED,DB Supplier Not Found
2678,TD20090313,Item200903998,SUP598,FAILED,DB Supplier Not Found
2679,TD20090313,Item200903998,SUP636,FAILED,DB Supplier Not Found
2680,TD20090313,Item200903998,SUP828,FAILED,DB Supplier Not Found
2681,TD20090313,Item200903998,SUP451,FAILED,DB Supplier Not Found
2682,TD20090313,Item200903998,SUP830,FAILED,DB Supplier Not Found
2683,TD20090398,Item200903144,SUP630,FAILED,DB Supplier Not Found
2684,TD20090398,Item200903144,SUP636,FAILED,DB Supplier Not Found
2685,TD20090398,Item200903144,SUP723,FAILED,DB Supplier Not Found
2686,TD20090398,Item200903144,SUP598,FAILED,DB Supplier Not Found
2687,TD20090398,Item200903144,SUP828,FAILED,DB Supplier Not Found
2688,TD20090398,Item200903144,SUP451,FAILED,DB Supplier Not Found
2689,TD20090398,Item200903144,SUP830,FAILED,DB Supplier Not Found
2690,TD20090426,Item200904156,SUP630,FAILED,DB Supplier Not Found
2691,TD20090426,Item200904156,SUP828,FAILED,DB Supplier Not Found
2692,TD20090426,Item200904156,SUP636,FAILED,DB Supplier Not Found
2693,TD20090426,Item200904156,SUP830,FAILED,DB Supplier Not Found
2694,TD20090426,Item200904156,SUP723,FAILED,DB Supplier Not Found
2695,TD20090498,Item200904797,SUP630,FAILED,DB Supplier Not Found
2696,TD20090498,Item200904797,SUP598,FAILED,DB Supplier Not Found
2697,TD20090498,Item200904797,SUP451,FAILED,DB Supplier Not Found
2698,TD20090498,Item200904797,SUP636,FAILED,DB Supplier Not Found
2699,TD20090498,Item200904797,SUP830,FAILED,DB Supplier Not Found
2700,TD20090498,Item200904797,SUP723,FAILED,DB Supplier Not Found
2701,TD2009042,Item200904482,SUP598,FAILED,DB Supplier Not Found
2702,TD2009042,Item200904482,SUP828,FAILED,DB Supplier Not Found
2703,TD2009042,Item200904482,SUP723,FAILED,DB Supplier Not Found
2704,TD2009042,Item200904482,SUP636,FAILED,DB Supplier Not Found
2705,TD2009042,Item200904482,SUP451,FAILED,DB Supplier Not Found
2706,TD2009042,Item200904482,SUP638,FAILED,DB Supplier Not Found
2707,TD2009042,Item200904482,SUP830,FAILED,DB Supplier Not Found
2708,TD20090433,Item200904565,SUP598,FAILED,DB Supplier Not Found
2709,TD20090433,Item200904565,SUP451,FAILED,DB Supplier Not Found
2710,TD20090433,Item200904565,SUP723,FAILED,DB Supplier Not Found
2711,TD20090433,Item200904565,SUP636,FAILED,DB Supplier Not Found
2712,TD20090433,Item200904565,SUP830,FAILED,DB Supplier Not Found
2713,TD20090488,Item200904692,SUP451,FAILED,DB Supplier Not Found
2714,TD20090488,Item200904692,SUP598,FAILED,DB Supplier Not Found
2715,TD20090488,Item200904692,SUP600,FAILED,DB Supplier Not Found
2716,TD20090488,Item200904692,SUP723,FAILED,DB Supplier Not Found
2717,TD20090488,Item200904692,SUP636,FAILED,DB Supplier Not Found
2718,TD20090488,Item200904692,SUP638,FAILED,DB Supplier Not Found
2719,TD20090488,Item200904692,SUP830,FAILED,DB Supplier Not Found
2720,TD20090496,Item200904398,SUP584,FAILED,DB Supplier Not Found
2721,TD20090496,Item200904789,SUP584,FAILED,DB Supplier Not Found
2722,TD20090496,Item200904131,SUP584,FAILED,DB Supplier Not Found
2723,TD20090496,Item200904235,SUP584,FAILED,DB Supplier Not Found
2724,TD20090496,Item200904575,SUP584,FAILED,DB Supplier Not Found
2725,TD20090496,Item200904644,SUP584,FAILED,DB Supplier Not Found
2726,TD20090496,Item200904373,SUP584,FAILED,DB Supplier Not Found
2727,TD20090496,Item200904320,SUP584,FAILED,DB Supplier Not Found
2728,TD20090496,Item200904384,SUP584,FAILED,DB Supplier Not Found
2729,TD20090496,Item200904145,SUP584,FAILED,DB Supplier Not Found
2730,TD20090496,Item200904586,SUP584,FAILED,DB Supplier Not Found
2731,TD20090496,Item200904398,SUP299,FAILED,DB Supplier Not Found
2732,TD20090496,Item200904789,SUP299,FAILED,DB Supplier Not Found
2733,TD20090496,Item200904131,SUP299,FAILED,DB Supplier Not Found
2734,TD20090496,Item200904235,SUP299,FAILED,DB Supplier Not Found
2735,TD20090496,Item200904575,SUP299,FAILED,DB Supplier Not Found
2736,TD20090496,Item200904644,SUP299,FAILED,DB Supplier Not Found
2737,TD20090496,Item200904373,SUP299,FAILED,DB Supplier Not Found
2738,TD20090496,Item200904320,SUP299,FAILED,DB Supplier Not Found
2739,TD20090496,Item200904384,SUP299,FAILED,DB Supplier Not Found
2740,TD20090496,Item200904145,SUP299,FAILED,DB Supplier Not Found
2741,TD20090496,Item200904586,SUP299,FAILED,DB Supplier Not Found
2742,TD20090496,Item200904398,SUP944,FAILED,DB Supplier Not Found
2743,TD20090496,Item200904789,SUP944,FAILED,DB Supplier Not Found
2744,TD20090496,Item200904131,SUP944,FAILED,DB Supplier Not Found
2745,TD20090496,Item200904235,SUP944,FAILED,DB Supplier Not Found
2746,TD20090496,Item200904575,SUP944,FAILED,DB Supplier Not Found
2747,TD20090496,Item200904644,SUP944,FAILED,DB Supplier Not Found
2748,TD20090496,Item200904373,SUP944,FAILED,DB Supplier Not Found
2749,TD20090496,Item200904320,SUP944,FAILED,DB Supplier Not Found
2750,TD20090496,Item200904384,SUP944,FAILED,DB Supplier Not Found
2751,TD20090496,Item200904145,SUP944,FAILED,DB Supplier Not Found
2752,TD20090496,Item200904586,SUP944,FAILED,DB Supplier Not Found
2753,TD20090496,Item200904398,SUP857,FAILED,DB Supplier Not Found
2754,TD20090496,Item200904789,SUP857,FAILED,DB Supplier Not Found
2755,TD20090496,Item200904131,SUP857,FAILED,DB Supplier Not Found
2756,TD20090496,Item200904235,SUP857,FAILED,DB Supplier Not Found
2757,TD20090496,Item200904575,SUP857,FAILED,DB Supplier Not Found
2758,TD20090496,Item200904644,SUP857,FAILED,DB Supplier Not Found
2759,TD20090496,Item200904373,SUP857,FAILED,DB Supplier Not Found
2760,TD20090496,Item200904320,SUP857,FAILED,DB Supplier Not Found
2761,TD20090496,Item200904384,SUP857,FAILED,DB Supplier Not Found
2762,TD20090496,Item200904145,SUP857,FAILED,DB Supplier Not Found
2763,TD20090496,Item200904586,SUP857,FAILED,DB Supplier Not Found
2764,TD20090430,Item20090487,SUP723,FAILED,DB Supplier Not Found
2765,TD20090430,Item200904385,SUP723,FAILED,DB Supplier Not Found
2766,TD20090430,Item200904998,SUP723,FAILED,DB Supplier Not Found
2767,TD20090430,Item200904808,SUP723,FAILED,DB Supplier Not Found
2768,TD20090430,Item200904886,SUP723,FAILED,DB Supplier Not Found
2769,TD20090430,Item200904196,SUP723,FAILED,DB Supplier Not Found
2770,TD20090430,Item200904989,SUP723,FAILED,DB Supplier Not Found
2771,TD20090430,Item20090458,SUP723,FAILED,DB Supplier Not Found
2772,TD20090430,Item200904403,SUP723,FAILED,DB Supplier Not Found
2773,TD20090430,Item200904890,SUP723,FAILED,DB Supplier Not Found
2774,TD20090430,Item200904739,SUP723,FAILED,DB Supplier Not Found
2775,TD20090430,Item20090487,SUP944,FAILED,DB Supplier Not Found
2776,TD20090430,Item200904385,SUP944,FAILED,DB Supplier Not Found
2777,TD20090430,Item200904998,SUP944,FAILED,DB Supplier Not Found
2778,TD20090430,Item200904808,SUP944,FAILED,DB Supplier Not Found
2779,TD20090430,Item200904886,SUP944,FAILED,DB Supplier Not Found
2780,TD20090430,Item200904196,SUP944,FAILED,DB Supplier Not Found
2781,TD20090430,Item200904989,SUP944,FAILED,DB Supplier Not Found
2782,TD20090430,Item20090458,SUP944,FAILED,DB Supplier Not Found
2783,TD20090430,Item200904403,SUP944,FAILED,DB Supplier Not Found
2784,TD20090430,Item200904890,SUP944,FAILED,DB Supplier Not Found
2785,TD20090430,Item200904739,SUP944,FAILED,DB Supplier Not Found
2786,TD20090430,Item20090487,SUP299,FAILED,DB Supplier Not Found
2787,TD20090430,Item200904385,SUP299,FAILED,DB Supplier Not Found
2788,TD20090430,Item200904998,SUP299,FAILED,DB Supplier Not Found
2789,TD20090430,Item200904808,SUP299,FAILED,DB Supplier Not Found
2790,TD20090430,Item200904886,SUP299,FAILED,DB Supplier Not Found
2791,TD20090430,Item200904196,SUP299,FAILED,DB Supplier Not Found
2792,TD20090430,Item200904989,SUP299,FAILED,DB Supplier Not Found
2793,TD20090430,Item20090458,SUP299,FAILED,DB Supplier Not Found
2794,TD20090430,Item200904403,SUP299,FAILED,DB Supplier Not Found
2795,TD20090430,Item200904890,SUP299,FAILED,DB Supplier Not Found
2796,TD20090430,Item200904739,SUP299,FAILED,DB Supplier Not Found
2797,TD20090430,Item20090487,SUP857,FAILED,DB Supplier Not Found
2798,TD20090430,Item200904385,SUP857,FAILED,DB Supplier Not Found
2799,TD20090430,Item200904998,SUP857,FAILED,DB Supplier Not Found
2800,TD20090430,Item200904808,SUP857,FAILED,DB Supplier Not Found
2801,TD20090430,Item200904886,SUP857,FAILED,DB Supplier Not Found
2802,TD20090430,Item200904196,SUP857,FAILED,DB Supplier Not Found
2803,TD20090430,Item200904989,SUP857,FAILED,DB Supplier Not Found
2804,TD20090430,Item20090458,SUP857,FAILED,DB Supplier Not Found
2805,TD20090430,Item200904403,SUP857,FAILED,DB Supplier Not Found
2806,TD20090430,Item200904890,SUP857,FAILED,DB Supplier Not Found
2807,TD20090430,Item200904739,SUP857,FAILED,DB Supplier Not Found
2808,TD20090472,Item200904494,SUP723,FAILED,DB Supplier Not Found
2809,TD20090472,Item200904930,SUP723,FAILED,DB Supplier Not Found
2810,TD20090472,Item200904848,SUP723,FAILED,DB Supplier Not Found
2811,TD20090472,Item200904407,SUP723,FAILED,DB Supplier Not Found
2812,TD20090472,Item20090460,SUP723,FAILED,DB Supplier Not Found
2813,TD20090472,Item20090477,SUP723,FAILED,DB Supplier Not Found
2814,TD20090472,Item200904280,SUP723,FAILED,DB Supplier Not Found
2815,TD20090472,Item200904405,SUP723,FAILED,DB Supplier Not Found
2816,TD20090472,Item200904954,SUP723,FAILED,DB Supplier Not Found
2817,TD20090472,Item20090489,SUP723,FAILED,DB Supplier Not Found
2818,TD20090472,Item200904434,SUP723,FAILED,DB Supplier Not Found
2819,TD20090472,Item200904494,SUP299,FAILED,DB Supplier Not Found
2820,TD20090472,Item200904930,SUP299,FAILED,DB Supplier Not Found
2821,TD20090472,Item200904848,SUP299,FAILED,DB Supplier Not Found
2822,TD20090472,Item200904407,SUP299,FAILED,DB Supplier Not Found
2823,TD20090472,Item20090460,SUP299,FAILED,DB Supplier Not Found
2824,TD20090472,Item20090477,SUP299,FAILED,DB Supplier Not Found
2825,TD20090472,Item200904280,SUP299,FAILED,DB Supplier Not Found
2826,TD20090472,Item200904405,SUP299,FAILED,DB Supplier Not Found
2827,TD20090472,Item200904954,SUP299,FAILED,DB Supplier Not Found
2828,TD20090472,Item20090489,SUP299,FAILED,DB Supplier Not Found
2829,TD20090472,Item200904434,SUP299,FAILED,DB Supplier Not Found
2830,TD20090472,Item200904494,SUP944,FAILED,DB Supplier Not Found
2831,TD20090472,Item200904930,SUP944,FAILED,DB Supplier Not Found
2832,TD20090472,Item200904848,SUP944,FAILED,DB Supplier Not Found
2833,TD20090472,Item200904407,SUP944,FAILED,DB Supplier Not Found
2834,TD20090472,Item20090460,SUP944,FAILED,DB Supplier Not Found
2835,TD20090472,Item20090477,SUP944,FAILED,DB Supplier Not Found
2836,TD20090472,Item200904280,SUP944,FAILED,DB Supplier Not Found
2837,TD20090472,Item200904405,SUP944,FAILED,DB Supplier Not Found
2838,TD20090472,Item200904954,SUP944,FAILED,DB Supplier Not Found
2839,TD20090472,Item20090489,SUP944,FAILED,DB Supplier Not Found
2840,TD20090472,Item200904434,SUP944,FAILED,DB Supplier Not Found
2841,TD20090472,Item200904494,SUP857,FAILED,DB Supplier Not Found
2842,TD20090472,Item200904930,SUP857,FAILED,DB Supplier Not Found
2843,TD20090472,Item200904848,SUP857,FAILED,DB Supplier Not Found
2844,TD20090472,Item200904407,SUP857,FAILED,DB Supplier Not Found
2845,TD20090472,Item20090460,SUP857,FAILED,DB Supplier Not Found
2846,TD20090472,Item20090477,SUP857,FAILED,DB Supplier Not Found
2847,TD20090472,Item200904280,SUP857,FAILED,DB Supplier Not Found
2848,TD20090472,Item200904405,SUP857,FAILED,DB Supplier Not Found
2849,TD20090472,Item200904954,SUP857,FAILED,DB Supplier Not Found
2850,TD20090472,Item20090489,SUP857,FAILED,DB Supplier Not Found
2851,TD20090472,Item200904434,SUP857,FAILED,DB Supplier Not Found
2852,TD20090472,Item200904494,SUP299,FAILED,DB Supplier Not Found
2853,TD20090472,Item200904930,SUP299,FAILED,DB Supplier Not Found
2854,TD20090472,Item200904848,SUP299,FAILED,DB Supplier Not Found
2855,TD20090472,Item200904407,SUP299,FAILED,DB Supplier Not Found
2856,TD20090472,Item20090460,SUP299,FAILED,DB Supplier Not Found
2857,TD20090472,Item20090477,SUP299,FAILED,DB Supplier Not Found
2858,TD20090472,Item200904280,SUP299,FAILED,DB Supplier Not Found
2859,TD20090472,Item200904405,SUP299,FAILED,DB Supplier Not Found
2860,TD20090472,Item200904954,SUP299,FAILED,DB Supplier Not Found
2861,TD20090472,Item20090489,SUP299,FAILED,DB Supplier Not Found
2862,TD20090472,Item200904434,SUP299,FAILED,DB Supplier Not Found
2863,TD20090481,Item200904208,SUP926,FAILED,DB Supplier Not Found
2864,TD20090481,Item200904208,SUP723,FAILED,DB Supplier Not Found
2865,TD20090481,Item200904208,SUP598,FAILED,DB Supplier Not Found
2866,TD20090481,Item200904208,SUP636,FAILED,DB Supplier Not Found
2867,TD20090481,Item200904208,SUP451,FAILED,DB Supplier Not Found
2868,TD20090481,Item200904208,SUP638,FAILED,DB Supplier Not Found
2869,TD20090481,Item200904208,SUP830,FAILED,DB Supplier Not Found
2870,TD20090445,Item200904413,SUP828,FAILED,DB Supplier Not Found
2871,TD20090445,Item200904413,SUP723,FAILED,DB Supplier Not Found
2872,TD20090445,Item200904413,SUP598,FAILED,DB Supplier Not Found
2873,TD20090445,Item200904413,SUP636,FAILED,DB Supplier Not Found
2874,TD20090445,Item200904413,SUP451,FAILED,DB Supplier Not Found
2875,TD20090445,Item200904413,SUP638,FAILED,DB Supplier Not Found
2876,TD20090445,Item200904413,SUP830,FAILED,DB Supplier Not Found
2877,TD20090413,Item200904851,SUP451,FAILED,DB Supplier Not Found
2878,TD20090413,Item200904851,SUP598,FAILED,DB Supplier Not Found
2879,TD20090413,Item200904851,SUP723,FAILED,DB Supplier Not Found
2880,TD20090413,Item200904851,SUP299,FAILED,DB Supplier Not Found
2881,TD20090413,Item200904851,SUP828,FAILED,DB Supplier Not Found
2882,TD20090413,Item200904851,SUP830,FAILED,DB Supplier Not Found
2883,TD20090413,Item200904851,SUP944,FAILED,DB Supplier Not Found
2884,TD2009045,Item200904978,SUP598,FAILED,DB Supplier Not Found
2885,TD2009045,Item200904978,SUP723,FAILED,DB Supplier Not Found
2886,TD2009045,Item200904978,SUP636,FAILED,DB Supplier Not Found
2887,TD2009045,Item200904978,SUP828,FAILED,DB Supplier Not Found
2888,TD2009045,Item200904978,SUP950,FAILED,DB Supplier Not Found
2889,TD2009045,Item200904978,SUP830,FAILED,DB Supplier Not Found
2890,TD2009045,Item200904978,SUP451,FAILED,DB Supplier Not Found
2891,TD20090715,Item200907346,SUP723,FAILED,Schedule Not Found
2892,TD20090715,Item200907101,SUP723,FAILED,Schedule Not Found
2893,TD20090715,Item200907213,SUP723,FAILED,Schedule Not Found
2894,TD20090715,Item200907388,SUP723,FAILED,Schedule Not Found
2895,TD20090715,Item200907796,SUP723,FAILED,Schedule Not Found
2896,TD20090715,Item200907929,SUP723,FAILED,Schedule Not Found
2897,TD20090715,Item200907386,SUP723,FAILED,Schedule Not Found
2898,TD20090715,Item200907888,SUP723,FAILED,Schedule Not Found
2899,TD20090715,Item20090789,SUP723,FAILED,Schedule Not Found
2900,TD20090758,Item200907273,SUP299,FAILED,DB Supplier Not Found
2901,TD20090758,Item200907422,SUP299,FAILED,DB Supplier Not Found
2902,TD20090758,Item200907696,SUP299,FAILED,DB Supplier Not Found
2903,TD20090758,Item200907782,SUP299,FAILED,DB Supplier Not Found
2904,TD20090758,Item200907106,SUP299,FAILED,DB Supplier Not Found
2905,TD20090758,Item200907891,SUP299,FAILED,DB Supplier Not Found
2906,TD20090758,Item200907197,SUP299,FAILED,DB Supplier Not Found
2907,TD20090758,Item200907336,SUP299,FAILED,DB Supplier Not Found
2908,TD20090758,Item200907932,SUP299,FAILED,DB Supplier Not Found
2909,TD20090758,Item200907643,SUP299,FAILED,DB Supplier Not Found
2910,TD20090758,Item200907531,SUP299,FAILED,DB Supplier Not Found
2911,TD20090758,Item200907273,SUP723,FAILED,DB Supplier Not Found
2912,TD20090758,Item200907422,SUP723,FAILED,DB Supplier Not Found
2913,TD20090758,Item200907696,SUP723,FAILED,DB Supplier Not Found
2914,TD20090758,Item200907782,SUP723,FAILED,DB Supplier Not Found
2915,TD20090758,Item200907106,SUP723,FAILED,DB Supplier Not Found
2916,TD20090758,Item200907891,SUP723,FAILED,DB Supplier Not Found
2917,TD20090758,Item200907197,SUP723,FAILED,DB Supplier Not Found
2918,TD20090758,Item200907336,SUP723,FAILED,DB Supplier Not Found
2919,TD20090758,Item200907932,SUP723,FAILED,DB Supplier Not Found
2920,TD20090758,Item200907643,SUP723,FAILED,DB Supplier Not Found
2921,TD20090758,Item200907531,SUP723,FAILED,DB Supplier Not Found
2922,TD20090758,Item200907273,SUP944,FAILED,DB Supplier Not Found
2923,TD20090758,Item200907422,SUP944,FAILED,DB Supplier Not Found
2924,TD20090758,Item200907696,SUP944,FAILED,DB Supplier Not Found
2925,TD20090758,Item200907782,SUP944,FAILED,DB Supplier Not Found
2926,TD20090758,Item200907106,SUP944,FAILED,DB Supplier Not Found
2927,TD20090758,Item200907891,SUP944,FAILED,DB Supplier Not Found
2928,TD20090758,Item200907197,SUP944,FAILED,DB Supplier Not Found
2929,TD20090758,Item200907336,SUP944,FAILED,DB Supplier Not Found
2930,TD20090758,Item200907932,SUP944,FAILED,DB Supplier Not Found
2931,TD20090758,Item200907643,SUP944,FAILED,DB Supplier Not Found
2932,TD20090758,Item200907531,SUP944,FAILED,DB Supplier Not Found
2933,TD20090758,Item200907273,SUP857,FAILED,DB Supplier Not Found
2934,TD20090758,Item200907422,SUP857,FAILED,DB Supplier Not Found
2935,TD20090758,Item200907696,SUP857,FAILED,DB Supplier Not Found
2936,TD20090758,Item200907782,SUP857,FAILED,DB Supplier Not Found
2937,TD20090758,Item200907106,SUP857,FAILED,DB Supplier Not Found
2938,TD20090758,Item200907891,SUP857,FAILED,DB Supplier Not Found
2939,TD20090758,Item200907197,SUP857,FAILED,DB Supplier Not Found
2940,TD20090758,Item200907336,SUP857,FAILED,DB Supplier Not Found
2941,TD20090758,Item200907932,SUP857,FAILED,DB Supplier Not Found
2942,TD20090758,Item200907643,SUP857,FAILED,DB Supplier Not Found
2943,TD20090758,Item200907531,SUP857,FAILED,DB Supplier Not Found
2944,TD2009076,Item200907617,SUP723,FAILED,DB Supplier Not Found
2945,TD2009076,Item200907782,SUP723,FAILED,DB Supplier Not Found
2946,TD2009076,Item2009079,SUP723,FAILED,DB Supplier Not Found
2947,TD2009076,Item20090748,SUP723,FAILED,DB Supplier Not Found
2948,TD2009076,Item20090738,SUP723,FAILED,DB Supplier Not Found
2949,TD2009076,Item200907632,SUP723,FAILED,DB Supplier Not Found
2950,TD2009076,Item200907196,SUP723,FAILED,DB Supplier Not Found
2951,TD2009076,Item200907576,SUP723,FAILED,DB Supplier Not Found
2952,TD2009076,Item200907558,SUP723,FAILED,DB Supplier Not Found
2953,TD2009076,Item200907555,SUP723,FAILED,DB Supplier Not Found
2954,TD2009076,Item200907527,SUP723,FAILED,DB Supplier Not Found
2955,TD2009076,Item200907617,SUP944,FAILED,DB Supplier Not Found
2956,TD2009076,Item200907782,SUP944,FAILED,DB Supplier Not Found
2957,TD2009076,Item2009079,SUP944,FAILED,DB Supplier Not Found
2958,TD2009076,Item20090748,SUP944,FAILED,DB Supplier Not Found
2959,TD2009076,Item20090738,SUP944,FAILED,DB Supplier Not Found
2960,TD2009076,Item200907632,SUP944,FAILED,DB Supplier Not Found
2961,TD2009076,Item200907196,SUP944,FAILED,DB Supplier Not Found
2962,TD2009076,Item200907576,SUP944,FAILED,DB Supplier Not Found
2963,TD2009076,Item200907558,SUP944,FAILED,DB Supplier Not Found
2964,TD2009076,Item200907555,SUP944,FAILED,DB Supplier Not Found
2965,TD2009076,Item200907527,SUP944,FAILED,DB Supplier Not Found
2966,TD2009076,Item200907617,SUP299,FAILED,DB Supplier Not Found
2967,TD2009076,Item200907782,SUP299,FAILED,DB Supplier Not Found
2968,TD2009076,Item2009079,SUP299,FAILED,DB Supplier Not Found
2969,TD2009076,Item20090748,SUP299,FAILED,DB Supplier Not Found
2970,TD2009076,Item20090738,SUP299,FAILED,DB Supplier Not Found
2971,TD2009076,Item200907632,SUP299,FAILED,DB Supplier Not Found
2972,TD2009076,Item200907196,SUP299,FAILED,DB Supplier Not Found
2973,TD2009076,Item200907576,SUP299,FAILED,DB Supplier Not Found
2974,TD2009076,Item200907558,SUP299,FAILED,DB Supplier Not Found
2975,TD2009076,Item200907555,SUP299,FAILED,DB Supplier Not Found
2976,TD2009076,Item200907527,SUP299,FAILED,DB Supplier Not Found
2977,TD2009076,Item200907617,SUP857,FAILED,DB Supplier Not Found
2978,TD2009076,Item200907782,SUP857,FAILED,DB Supplier Not Found
2979,TD2009076,Item2009079,SUP857,FAILED,DB Supplier Not Found
2980,TD2009076,Item20090748,SUP857,FAILED,DB Supplier Not Found
2981,TD2009076,Item20090738,SUP857,FAILED,DB Supplier Not Found
2982,TD2009076,Item200907632,SUP857,FAILED,DB Supplier Not Found
2983,TD2009076,Item200907196,SUP857,FAILED,DB Supplier Not Found
2984,TD2009076,Item200907576,SUP857,FAILED,DB Supplier Not Found
2985,TD2009076,Item200907558,SUP857,FAILED,DB Supplier Not Found
2986,TD2009076,Item200907555,SUP857,FAILED,DB Supplier Not Found
2987,TD2009076,Item200907527,SUP857,FAILED,DB Supplier Not Found
2988,TD20090944,Item200909873,SUP728,FAILED,DB Supplier Not Found
2989,TD20090944,Item200909873,SUP951,FAILED,DB Supplier Not Found
2990,TD20090944,Item200909873,SUP723,FAILED,DB Supplier Not Found
2991,TD20090944,Item200909873,SUP814,FAILED,DB Supplier Not Found
2992,TD20090944,Item200909873,SUP45,FAILED,DB Supplier Not Found
2993,TD20090994,Item200909511,SUP740,FAILED,Schedule Not Found
2994,TD20090994,Item200909511,SUP947,FAILED,Schedule Not Found
2995,TD20090994,Item200909511,SUP372,FAILED,Schedule Not Found
2996,TD20090994,Item200909511,SUP784,FAILED,Schedule Not Found
2997,TD20090994,Item200909511,SUP814,FAILED,Schedule Not Found
2998,TD20090994,Item200909511,SUP861,FAILED,Schedule Not Found
2999,TD20090920,Item200909517,SUP814,FAILED,Schedule Not Found
3000,TD20090920,Item200909517,SUP861,FAILED,Schedule Not Found
3001,TD20090920,Item200909517,SUP740,FAILED,Schedule Not Found
3002,TD20090920,Item200909517,SUP784,FAILED,Schedule Not Found
3003,TD20090978,Item200909312,SUP814,FAILED,DB Supplier Not Found
3004,TD20090978,Item200909312,SUP861,FAILED,DB Supplier Not Found
3005,TD20090978,Item200909312,SUP740,FAILED,DB Supplier Not Found
3006,TD20090978,Item200909312,SUP784,FAILED,DB Supplier Not Found
3007,TD20090978,Item200909312,SUP723,FAILED,DB Supplier Not Found
3008,TD20090978,Item200909312,SUP947,FAILED,DB Supplier Not Found
3009,TD20090978,Item200909312,SUP574,FAILED,DB Supplier Not Found
3010,TD20091089,Item200910423,SUP878,FAILED,DB Supplier Not Found
3011,TD20091089,Item200910423,SUP707,FAILED,DB Supplier Not Found
3012,TD20091089,Item200910423,SUP934,FAILED,DB Supplier Not Found
3013,TD20091089,Item200910423,SUP362,FAILED,DB Supplier Not Found
3014,TD20091089,Item200910423,SUP628,FAILED,DB Supplier Not Found
3015,TD20091089,Item200910423,SUP211,FAILED,DB Supplier Not Found
3016,TD20091089,Item200910423,SUP947,FAILED,DB Supplier Not Found
3017,TD20091089,Item200910423,SUP379,FAILED,DB Supplier Not Found
3018,TD20091089,Item200910423,SUP159,FAILED,DB Supplier Not Found
3019,TD20091089,Item200910423,SUP620,FAILED,DB Supplier Not Found
3020,TD20091089,Item200910423,SUP299,FAILED,DB Supplier Not Found
3021,TD20091089,Item200910423,SUP856,FAILED,DB Supplier Not Found
3022,TD20091089,Item200910423,SUP767,FAILED,DB Supplier Not Found
3023,TD20091089,Item200910423,SUP784,FAILED,DB Supplier Not Found
3024,TD20091089,Item200910423,SUP753,FAILED,DB Supplier Not Found
3025,TD20091053,Item200910583,SUP767,FAILED,DB Supplier Not Found
3026,TD20091053,Item200910583,SUP784,FAILED,DB Supplier Not Found
3027,TD20091053,Item200910583,SUP753,FAILED,DB Supplier Not Found
3028,TD20091016,Item200910919,SUP767,FAILED,DB Supplier Not Found
3029,TD20091016,Item200910919,SUP947,FAILED,DB Supplier Not Found
3030,TD20091016,Item200910919,SUP628,FAILED,DB Supplier Not Found
3031,TD20091016,Item200910919,SUP878,FAILED,DB Supplier Not Found
3032,TD20091016,Item200910919,SUP784,FAILED,DB Supplier Not Found
3033,TD20091016,Item200910919,SUP958,FAILED,DB Supplier Not Found
3034,TD20091016,Item200910919,SUP753,FAILED,DB Supplier Not Found
3035,TD20091093,Item200910155,SUP362,FAILED,Schedule Not Found
3036,TD20091093,Item200910155,SUP299,FAILED,Schedule Not Found
3037,TD20091093,Item200910155,SUP767,FAILED,Schedule Not Found
3038,TD2009115,Item20091136,SUP362,FAILED,DB Supplier Not Found
3039,TD2009115,Item20091136,SUP299,FAILED,DB Supplier Not Found
3040,TD2009115,Item20091136,SUP767,FAILED,DB Supplier Not Found
3041,TD2009115,Item20091136,SUP934,FAILED,DB Supplier Not Found
3042,TD2009115,Item20091136,SUP620,FAILED,DB Supplier Not Found
3043,TD2009115,Item20091136,SUP784,FAILED,DB Supplier Not Found
3044,TD2009115,Item20091136,SUP753,FAILED,DB Supplier Not Found
3045,TD2009115,Item20091136,SUP856,FAILED,DB Supplier Not Found
3046,TD20091155,Item200911593,SUP784,FAILED,DB Supplier Not Found
3047,TD20091155,Item200911593,SUP947,FAILED,DB Supplier Not Found
3048,TD20091155,Item200911593,SUP159,FAILED,DB Supplier Not Found
3049,TD20091155,Item200911593,SUP767,FAILED,DB Supplier Not Found
3050,TD20091155,Item200911593,SUP620,FAILED,DB Supplier Not Found
3051,TD20091155,Item200911593,SUP379,FAILED,DB Supplier Not Found
3052,TD20091155,Item200911593,SUP934,FAILED,DB Supplier Not Found
3053,TD20091155,Item200911593,SUP707,FAILED,DB Supplier Not Found
3054,TD20091155,Item200911593,SUP362,FAILED,DB Supplier Not Found
3055,TD20091155,Item200911593,SUP299,FAILED,DB Supplier Not Found
3056,TD20091155,Item200911593,SUP856,FAILED,DB Supplier Not Found
3057,TD20091155,Item200911593,SUP753,FAILED,DB Supplier Not Found
3058,TD2009117,Item200911247,SUP620,FAILED,Schedule Not Found
3059,TD2009117,Item200911668,SUP620,FAILED,Schedule Not Found
3060,TD2009117,Item200911247,SUP947,FAILED,Schedule Not Found
3061,TD2009117,Item200911668,SUP947,FAILED,Schedule Not Found
3062,TD2009117,Item200911247,SUP753,FAILED,Schedule Not Found
3063,TD2009117,Item200911668,SUP753,FAILED,Schedule Not Found
3064,TD2009117,Item200911247,SUP299,FAILED,Schedule Not Found
3065,TD2009117,Item200911668,SUP299,FAILED,Schedule Not Found
3066,TD2009117,Item200911247,SUP628,FAILED,Schedule Not Found
3067,TD2009117,Item200911668,SUP628,FAILED,Schedule Not Found
3068,TD2009117,Item200911247,SUP767,FAILED,Schedule Not Found
3069,TD2009117,Item200911668,SUP767,FAILED,Schedule Not Found
3070,TD20091181,Item20091172,SUP620,FAILED,DB Supplier Not Found
3071,TD20091181,Item200911641,SUP620,FAILED,DB Supplier Not Found
3072,TD20091181,Item20091172,SUP947,FAILED,DB Supplier Not Found
3073,TD20091181,Item200911641,SUP947,FAILED,DB Supplier Not Found
3074,TD20091181,Item20091172,SUP753,FAILED,DB Supplier Not Found
3075,TD20091181,Item200911641,SUP753,FAILED,DB Supplier Not Found
3076,TD20091181,Item20091172,SUP299,FAILED,DB Supplier Not Found
3077,TD20091181,Item200911641,SUP299,FAILED,DB Supplier Not Found
3078,TD20091181,Item20091172,SUP628,FAILED,DB Supplier Not Found
3079,TD20091181,Item200911641,SUP628,FAILED,DB Supplier Not Found
3080,TD20091181,Item20091172,SUP767,FAILED,DB Supplier Not Found
3081,TD20091181,Item200911641,SUP767,FAILED,DB Supplier Not Found
3082,TD20091181,Item20091172,SUP159,FAILED,DB Supplier Not Found
3083,TD20091181,Item200911641,SUP159,FAILED,DB Supplier Not Found
3084,TD20091181,Item20091172,SUP934,FAILED,DB Supplier Not Found
3085,TD20091181,Item200911641,SUP934,FAILED,DB Supplier Not Found
3086,TD20091181,Item20091172,SUP362,FAILED,DB Supplier Not Found
3087,TD20091181,Item200911641,SUP362,FAILED,DB Supplier Not Found
3088,TD20091181,Item20091172,SUP856,FAILED,DB Supplier Not Found
3089,TD20091181,Item200911641,SUP856,FAILED,DB Supplier Not Found
3090,TD20091181,Item20091172,SUP379,FAILED,DB Supplier Not Found
3091,TD20091181,Item200911641,SUP379,FAILED,DB Supplier Not Found
3092,TD20091181,Item20091172,SUP784,FAILED,DB Supplier Not Found
3093,TD20091181,Item200911641,SUP784,FAILED,DB Supplier Not Found
3094,TD20091181,Item20091172,SUP707,FAILED,DB Supplier Not Found
3095,TD20091181,Item200911641,SUP707,FAILED,DB Supplier Not Found
3096,TD2009243,Item200924193,SUP571,FAILED,DB Supplier Not Found
3097,TD2009243,Item200924193,SUP830,FAILED,DB Supplier Not Found
3098,TD2009243,Item200924193,SUP944,FAILED,DB Supplier Not Found
3099,TD2009243,Item200924193,SUP723,FAILED,DB Supplier Not Found
3100,TD20092412,Item20092435,SUP676,FAILED,DB Supplier Not Found
3101,TD20092412,Item20092435,SUP830,FAILED,DB Supplier Not Found
3102,TD20092412,Item20092435,SUP944,FAILED,DB Supplier Not Found
3103,TD20092412,Item20092435,SUP584,FAILED,DB Supplier Not Found
3104,TD20092483,Item200924792,SUP676,FAILED,DB Supplier Not Found
3105,TD20092483,Item200924792,SUP830,FAILED,DB Supplier Not Found
3106,TD20092483,Item200924792,SUP944,FAILED,DB Supplier Not Found
3107,TD20092483,Item200924792,SUP584,FAILED,DB Supplier Not Found
3108,TD20092893,Item200928176,SUP596,FAILED,DB Supplier Not Found
3109,TD20092893,Item200928176,SUP723,FAILED,DB Supplier Not Found
3110,TD20092893,Item200928176,SUP723,FAILED,DB Supplier Not Found
3111,TD20092887,Item200928845,SUP596,FAILED,DB Supplier Not Found
3112,TD20092887,Item200928845,SUP723,FAILED,DB Supplier Not Found
3113,TD20092837,Item200928585,SUP596,FAILED,DB Supplier Not Found
3114,TD20092837,Item200928585,SUP723,FAILED,DB Supplier Not Found
3115,TD20092951,Item200929258,SUP723,FAILED,DB Supplier Not Found
3116,TD2009297,Item200929295,SUP723,FAILED,DB Supplier Not Found
3117,TD20092995,Item200929494,SUP315,FAILED,DB Supplier Not Found
3118,TD20092995,Item200929760,SUP315,FAILED,DB Supplier Not Found
3119,TD20092995,Item20092935,SUP315,FAILED,DB Supplier Not Found
3120,TD20092995,Item200929494,SUP598,FAILED,DB Supplier Not Found
3121,TD20092995,Item200929760,SUP598,FAILED,DB Supplier Not Found
3122,TD20092995,Item20092935,SUP598,FAILED,DB Supplier Not Found
3123,TD20092995,Item200929494,SUP830,FAILED,DB Supplier Not Found
3124,TD20092995,Item200929760,SUP830,FAILED,DB Supplier Not Found
3125,TD20092995,Item20092935,SUP830,FAILED,DB Supplier Not Found
3126,TD20092974,Item200929457,SUP315,FAILED,DB Supplier Not Found
3127,TD20092974,Item200929457,SUP830,FAILED,DB Supplier Not Found
3128,TD20092974,Item200929457,SUP598,FAILED,DB Supplier Not Found
3129,TD20092967,Item200929549,SUP830,FAILED,DB Supplier Not Found
3130,TD20092967,Item200929549,SUP315,FAILED,DB Supplier Not Found
3131,TD20092967,Item200929549,SUP598,FAILED,DB Supplier Not Found
3132,TD20092961,Item200929666,SUP830,FAILED,DB Supplier Not Found
3133,TD20092961,Item200929666,SUP598,FAILED,DB Supplier Not Found
3134,TD20092961,Item200929666,SUP315,FAILED,DB Supplier Not Found
3135,TD20092948,Item20092952,SUP598,FAILED,DB Supplier Not Found
3136,TD20092948,Item20092952,SUP315,FAILED,DB Supplier Not Found
3137,TD20092948,Item20092952,SUP830,FAILED,DB Supplier Not Found
3138,TD20092931,Item200929527,SUP830,FAILED,DB Supplier Not Found
3139,TD20092931,Item200929527,SUP723,FAILED,DB Supplier Not Found
3140,TD20092933,Item200929580,SUP723,FAILED,DB Supplier Not Found
3141,TD20092933,Item200929580,SUP830,FAILED,DB Supplier Not Found
3142,TD20092960,Item2009291000,SUP723,FAILED,DB Supplier Not Found
3143,TD20092960,Item2009291000,SUP830,FAILED,DB Supplier Not Found
3144,TD20092934,Item200929660,SUP723,FAILED,DB Supplier Not Found
3145,TD20092934,Item200929660,SUP830,FAILED,DB Supplier Not Found
3146,TD20092930,Item200929933,SUP723,FAILED,DB Supplier Not Found
3147,TD20092930,Item200929933,SUP830,FAILED,DB Supplier Not Found
3148,TD20092971,Item200929622,SUP830,FAILED,DB Supplier Not Found
3149,TD20092971,Item200929622,SUP723,FAILED,DB Supplier Not Found
3150,TD20100555,Item201005961,SUP602,FAILED,DB Supplier Not Found
3151,TD20100555,Item201005961,SUP321,FAILED,DB Supplier Not Found
3152,TD20100555,Item201005961,SUP723,FAILED,DB Supplier Not Found
3153,TD2010065,Item201006279,SUP695,FAILED,DB Supplier Not Found
3154,TD2010065,Item201006279,SUP751,FAILED,DB Supplier Not Found
3155,TD20100692,Item201006639,SUP664,FAILED,DB Supplier Not Found
3156,TD20100692,Item201006639,SUP751,FAILED,DB Supplier Not Found
3157,TD20100610,Item201006194,SUP664,FAILED,DB Supplier Not Found
3158,TD20100610,Item201006194,SUP751,FAILED,DB Supplier Not Found
3159,TD20100674,Item201006465,SUP751,FAILED,DB Supplier Not Found
3160,TD20100630,Item201006856,SUP751,FAILED,DB Supplier Not Found
3161,TD20100651,Item201006798,SUP664,FAILED,DB Supplier Not Found
3162,TD20100651,Item201006798,SUP751,FAILED,DB Supplier Not Found
3163,TD20100629,Item201006637,SUP664,FAILED,DB Supplier Not Found
3164,TD20100629,Item201006637,SUP751,FAILED,DB Supplier Not Found
3165,TD20100658,Item20100620,SUP194,FAILED,DB Supplier Not Found
3166,TD20100658,Item20100620,SUP751,FAILED,DB Supplier Not Found
3167,TD20100625,Item201006773,SUP194,FAILED,DB Supplier Not Found
3168,TD20100625,Item201006773,SUP751,FAILED,DB Supplier Not Found
3169,TD2010066,Item201006598,SUP664,FAILED,DB Supplier Not Found
3170,TD2010066,Item201006598,SUP751,FAILED,DB Supplier Not Found
3171,TD20100691,Item201006954,SUP664,FAILED,DB Supplier Not Found
3172,TD20100691,Item201006954,SUP751,FAILED,DB Supplier Not Found
3173,TD20100688,Item201006295,SUP664,FAILED,DB Supplier Not Found
3174,TD20100688,Item201006295,SUP751,FAILED,DB Supplier Not Found
3175,TD2010069,Item201006264,SUP664,FAILED,DB Supplier Not Found
3176,TD2010069,Item201006264,SUP751,FAILED,DB Supplier Not Found
3177,TD2010063,Item201006185,SUP664,FAILED,DB Supplier Not Found
3178,TD2010063,Item201006185,SUP751,FAILED,DB Supplier Not Found
3179,TD20100618,Item201006823,SUP664,FAILED,DB Supplier Not Found
3180,TD20100618,Item201006823,SUP751,FAILED,DB Supplier Not Found
3181,TD20100661,Item201006877,SUP664,FAILED,DB Supplier Not Found
3182,TD20100661,Item201006877,SUP751,FAILED,DB Supplier Not Found
3183,TD20100699,Item201006656,SUP664,FAILED,DB Supplier Not Found
3184,TD20100699,Item201006656,SUP751,FAILED,DB Supplier Not Found
3185,TD20100631,Item201006952,SUP664,FAILED,DB Supplier Not Found
3186,TD20100631,Item201006952,SUP751,FAILED,DB Supplier Not Found
3187,TD20100671,Item201006793,SUP664,FAILED,DB Supplier Not Found
3188,TD20100671,Item201006793,SUP751,FAILED,DB Supplier Not Found
3189,TD2010061,Item201006451,SUP664,FAILED,DB Supplier Not Found
3190,TD2010061,Item201006451,SUP751,FAILED,DB Supplier Not Found
3191,TD20100647,Item201006352,SUP751,FAILED,DB Supplier Not Found
3192,TD20100678,Item201006616,SUP947,FAILED,DB Supplier Not Found
3193,TD20100678,Item201006616,SUP723,FAILED,DB Supplier Not Found
3194,TD20100687,Item201006465,SUP723,FAILED,Schedule Not Found
3195,TD20100627,Item201006278,SUP723,FAILED,DB Supplier Not Found
3196,TD20100627,Item201006278,SUP251,FAILED,DB Supplier Not Found
3197,TD20100627,Item201006278,SUP853,FAILED,DB Supplier Not Found
3198,TD20100715,Item201007543,SUP883,FAILED,DB Supplier Not Found
3199,TD20100795,Item201007785,SUP883,FAILED,DB Supplier Not Found
3200,TD20100742,Item201007558,SUP883,FAILED,DB Supplier Not Found
3201,TD20100779,Item201007139,SUP883,FAILED,DB Supplier Not Found
3202,TD20100759,Item201007736,SUP883,FAILED,DB Supplier Not Found
3203,TD20100745,Item201007621,SUP883,FAILED,DB Supplier Not Found
3204,TD20100745,Item201007377,SUP883,FAILED,DB Supplier Not Found
3205,TD20100745,Item201007329,SUP883,FAILED,DB Supplier Not Found
3206,TD20100747,Item201007203,SUP944,FAILED,DB Supplier Not Found
3207,TD20100747,Item201007203,SUP723,FAILED,DB Supplier Not Found
3208,TD20100747,Item201007203,SUP947,FAILED,DB Supplier Not Found
3209,TD20100792,Item201007560,SUP883,FAILED,Schedule Not Found
3210,TD20100792,Item201007306,SUP883,FAILED,Schedule Not Found
3211,TD20100792,Item2010077,SUP883,FAILED,Schedule Not Found
3212,TD20100792,Item201007245,SUP883,FAILED,Schedule Not Found
3213,TD20100792,Item201007409,SUP883,FAILED,Schedule Not Found
3214,TD20100792,Item201007453,SUP883,FAILED,Schedule Not Found
3215,TD20100792,Item201007539,SUP883,FAILED,Schedule Not Found
3216,TD20100792,Item201007723,SUP883,FAILED,Schedule Not Found
3217,TD20100792,Item201007931,SUP883,FAILED,Schedule Not Found
3218,TD20100792,Item201007944,SUP883,FAILED,Schedule Not Found
3219,TD20100792,Item201007351,SUP883,FAILED,Schedule Not Found
3220,TD20100792,Item201007226,SUP883,FAILED,Schedule Not Found
3221,TD20100792,Item201007808,SUP883,FAILED,Schedule Not Found
3222,TD20100743,Item201007920,SUP366,FAILED,DB Supplier Not Found
3223,TD20100743,Item201007379,SUP366,FAILED,DB Supplier Not Found
3224,TD20100743,Item201007907,SUP366,FAILED,DB Supplier Not Found
3225,TD20100743,Item201007565,SUP366,FAILED,DB Supplier Not Found
3226,TD20100743,Item20100732,SUP366,FAILED,DB Supplier Not Found
3227,TD20100743,Item201007685,SUP366,FAILED,DB Supplier Not Found
3228,TD20100743,Item201007233,SUP366,FAILED,DB Supplier Not Found
3229,TD20100743,Item201007768,SUP366,FAILED,DB Supplier Not Found
3230,TD20100743,Item201007906,SUP366,FAILED,DB Supplier Not Found
3231,TD20100743,Item201007687,SUP366,FAILED,DB Supplier Not Found
3232,TD20100743,Item20100743,SUP366,FAILED,DB Supplier Not Found
3233,TD20100743,Item201007278,SUP366,FAILED,DB Supplier Not Found
3234,TD20100743,Item201007964,SUP366,FAILED,DB Supplier Not Found
3235,TD20100743,Item201007672,SUP366,FAILED,DB Supplier Not Found
3236,TD20100743,Item201007332,SUP366,FAILED,DB Supplier Not Found
3237,TD20100743,Item201007920,SUP830,FAILED,DB Supplier Not Found
3238,TD20100743,Item201007379,SUP830,FAILED,DB Supplier Not Found
3239,TD20100743,Item201007907,SUP830,FAILED,DB Supplier Not Found
3240,TD20100743,Item201007565,SUP830,FAILED,DB Supplier Not Found
3241,TD20100743,Item20100732,SUP830,FAILED,DB Supplier Not Found
3242,TD20100743,Item201007685,SUP830,FAILED,DB Supplier Not Found
3243,TD20100743,Item201007233,SUP830,FAILED,DB Supplier Not Found
3244,TD20100743,Item201007768,SUP830,FAILED,DB Supplier Not Found
3245,TD20100743,Item201007906,SUP830,FAILED,DB Supplier Not Found
3246,TD20100743,Item201007687,SUP830,FAILED,DB Supplier Not Found
3247,TD20100743,Item20100743,SUP830,FAILED,DB Supplier Not Found
3248,TD20100743,Item201007278,SUP830,FAILED,DB Supplier Not Found
3249,TD20100743,Item201007964,SUP830,FAILED,DB Supplier Not Found
3250,TD20100743,Item201007672,SUP830,FAILED,DB Supplier Not Found
3251,TD20100743,Item201007332,SUP830,FAILED,DB Supplier Not Found
3252,TD20100893,Item201008815,SUP883,FAILED,DB Supplier Not Found
3253,TD20100835,Item201008772,SUP883,FAILED,DB Supplier Not Found
3254,TD20100816,Item201008883,SUP883,FAILED,DB Supplier Not Found
3255,TD20100818,Item201008865,SUP883,FAILED,DB Supplier Not Found
3256,TD20100827,Item201008951,SUP944,FAILED,DB Supplier Not Found
3257,TD20100827,Item201008951,SUP853,FAILED,DB Supplier Not Found
3258,TD20100924,Item201009762,SUP664,FAILED,DB Supplier Not Found
3259,TD20100924,Item201009762,SUP751,FAILED,DB Supplier Not Found
3260,TD20100924,Item201009762,SUP751,FAILED,DB Supplier Not Found
3261,TD20100999,Item201009362,SUP664,FAILED,DB Supplier Not Found
3262,TD20100999,Item201009362,SUP751,FAILED,DB Supplier Not Found
3263,TD2010099,Item201009510,SUP664,FAILED,DB Supplier Not Found
3264,TD2010099,Item201009510,SUP751,FAILED,DB Supplier Not Found
3265,TD20100989,Item201009284,SUP664,FAILED,DB Supplier Not Found
3266,TD20100989,Item201009284,SUP751,FAILED,DB Supplier Not Found
3267,TD2010097,Item201009890,SUP206,FAILED,DB Supplier Not Found
3268,TD2010097,Item201009670,SUP206,FAILED,DB Supplier Not Found
3269,TD2010097,Item201009890,SUP728,FAILED,DB Supplier Not Found
3270,TD2010097,Item201009670,SUP728,FAILED,DB Supplier Not Found
3271,TD2010097,Item201009890,SUP780,FAILED,DB Supplier Not Found
3272,TD2010097,Item201009670,SUP780,FAILED,DB Supplier Not Found
3273,TD20100962,Item201009283,SUP366,FAILED,DB Supplier Not Found
3274,TD20100962,Item201009283,SUP687,FAILED,DB Supplier Not Found
3275,TD20100962,Item201009283,SUP834,FAILED,DB Supplier Not Found
3276,TD20100962,Item201009283,SUP631,FAILED,DB Supplier Not Found
3277,TD20100962,Item201009283,SUP631,FAILED,DB Supplier Not Found
3278,TD20101235,Item201012469,SUP832,FAILED,Schedule Not Found
3279,TD20101235,Item201012746,SUP832,FAILED,Schedule Not Found
3280,TD20101294,Item20101215,SUP944,FAILED,DB Supplier Not Found
3281,TD20101294,Item20101215,SUP366,FAILED,DB Supplier Not Found
3282,TD20101294,Item20101215,SUP687,FAILED,DB Supplier Not Found
3283,TD20101294,Item20101215,SUP834,FAILED,DB Supplier Not Found
3284,TD20101294,Item20101215,SUP631,FAILED,DB Supplier Not Found
3285,TD20101324,Item201013131,SUP366,FAILED,DB Supplier Not Found
3286,TD20101324,Item201013131,SUP687,FAILED,DB Supplier Not Found
3287,TD20101324,Item201013131,SUP834,FAILED,DB Supplier Not Found
3288,TD20101324,Item201013131,SUP631,FAILED,DB Supplier Not Found
3289,TD20101391,Item201013149,SUP832,FAILED,DB Supplier Not Found
3290,TD20101391,Item201013572,SUP832,FAILED,DB Supplier Not Found
3291,TD20101357,Item201013807,SUP451,FAILED,DB Supplier Not Found
3292,TD20101357,Item201013807,SUP830,FAILED,DB Supplier Not Found
3293,TD20101493,Item201014588,SUP784,FAILED,Schedule Not Found
3294,TD20100818,Item201014588,SUP753,FAILED,DB Supplier Not Found
3295,TD20101461,Item201014251,SUP753,FAILED,DB Supplier Not Found
3296,TD20101461,Item201014251,SUP784,FAILED,DB Supplier Not Found
3297,TD20101461,Item201014251,SUP767,FAILED,DB Supplier Not Found
3298,TD20101460,Item20101421,SUP958,FAILED,DB Supplier Not Found
3299,TD20101460,Item20101421,SUP488,FAILED,DB Supplier Not Found
3300,TD20101460,Item20101421,SUP463,FAILED,DB Supplier Not Found
3301,TD20101460,Item20101421,SUP628,FAILED,DB Supplier Not Found
3302,TD20101460,Item20101421,SUP818,FAILED,DB Supplier Not Found
3303,TD20101460,Item20101421,SUP767,FAILED,DB Supplier Not Found
3304,TD20101460,Item20101421,SUP878,FAILED,DB Supplier Not Found
3305,TD2010148,Item20101428,SUP947,FAILED,Schedule Not Found
3306,TD2010148,Item20101428,SUP878,FAILED,Schedule Not Found
3307,TD2010148,Item20101428,SUP620,FAILED,Schedule Not Found
3308,TD2010148,Item20101428,SUP379,FAILED,Schedule Not Found
3309,TD2010148,Item20101428,SUP850,FAILED,Schedule Not Found
3310,TD2010148,Item20101428,SUP856,FAILED,Schedule Not Found
3311,TD2010148,Item20101428,SUP628,FAILED,Schedule Not Found
3312,TD2010148,Item20101428,SUP777,FAILED,Schedule Not Found
3313,TD2010148,Item20101428,SUP753,FAILED,Schedule Not Found
3314,TD2010148,,SUP753,FAILED,Schedule Not Found
3315,TD2010148,Item20101428,SUP111,FAILED,Schedule Not Found
3316,TD20101584,Item201015408,SUP620,FAILED,Schedule Not Found
3317,TD20101584,Item201015408,SUP379,FAILED,Schedule Not Found
3318,TD20101584,Item201015408,SUP856,FAILED,Schedule Not Found
3319,TD20101584,Item201015408,SUP362,FAILED,Schedule Not Found
3320,TD20101584,Item201015408,SUP488,FAILED,Schedule Not Found
3321,TD20101584,Item201015408,SUP947,FAILED,Schedule Not Found
3322,TD20101584,Item201015408,SUP628,FAILED,Schedule Not Found
3323,TD20101584,Item201015408,SUP707,FAILED,Schedule Not Found
3324,TD20101584,Item201015408,SUP299,FAILED,Schedule Not Found
3325,TD20101584,Item201015408,SUP784,FAILED,Schedule Not Found
3326,TD20101584,Item201015408,SUP159,FAILED,Schedule Not Found
3327,TD20101584,Item201015408,SUP767,FAILED,Schedule Not Found
3328,TD20101584,Item201015408,SUP934,FAILED,Schedule Not Found
3329,TD20101584,Item201015408,SUP934,FAILED,Schedule Not Found
3330,TD20101532,Item201015485,SUP947,FAILED,DB Supplier Not Found
3331,TD20101532,Item201015485,SUP878,FAILED,DB Supplier Not Found
3332,TD20101532,Item201015485,SUP620,FAILED,DB Supplier Not Found
3333,TD20101532,Item201015485,SUP379,FAILED,DB Supplier Not Found
3334,TD20101532,Item201015485,SUP856,FAILED,DB Supplier Not Found
3335,TD20101532,Item201015485,SUP362,FAILED,DB Supplier Not Found
3336,TD20101532,Item201015485,SUP753,FAILED,DB Supplier Not Found
3337,TD20101532,Item201015485,SUP628,FAILED,DB Supplier Not Found
3338,TD20101532,Item201015485,SUP707,FAILED,DB Supplier Not Found
3339,TD20101532,Item201015485,SUP299,FAILED,DB Supplier Not Found
3340,TD20101532,Item201015485,SUP784,FAILED,DB Supplier Not Found
3341,TD20101532,Item201015485,SUP159,FAILED,DB Supplier Not Found
3342,TD20101532,Item201015485,SUP767,FAILED,DB Supplier Not Found
3343,TD20101532,Item201015485,SUP211,FAILED,DB Supplier Not Found
3344,TD20101532,Item201015485,SUP934,FAILED,DB Supplier Not Found
3345,TD2010195,Item201019417,SUP784,FAILED,Schedule Not Found
3346,TD2010195,Item201019417,SUP861,FAILED,Schedule Not Found
3347,TD2010195,Item201019417,SUP947,FAILED,Schedule Not Found
3348,TD2010195,Item201019417,SUP814,FAILED,Schedule Not Found
3349,TD2010195,Item201019417,SUP740,FAILED,Schedule Not Found
3350,TD2010195,Item201019417,SUP574,FAILED,Schedule Not Found
3351,TD20100827,Item201019417,SUP574,FAILED,DB Supplier Not Found
3352,TD20101974,Item201019257,SUP784,FAILED,DB Supplier Not Found
3353,TD20101974,Item201019257,SUP861,FAILED,DB Supplier Not Found
3354,TD20101974,Item201019257,SUP947,FAILED,DB Supplier Not Found
3355,TD20101974,Item201019257,SUP814,FAILED,DB Supplier Not Found
3356,TD20101974,Item201019257,SUP740,FAILED,DB Supplier Not Found
3357,TD20101974,Item201019257,SUP574,FAILED,DB Supplier Not Found
3358,TD20101918,Item201019323,SUP235,FAILED,Schedule Not Found
3359,TD20101947,Item201019997,SUP235,FAILED,DB Supplier Not Found
3360,TD20101947,Item201019997,SUP947,FAILED,DB Supplier Not Found
3361,TD20101947,Item201019997,SUP683,FAILED,DB Supplier Not Found
3362,TD20101987,Item201019268,SUP944,FAILED,DB Supplier Not Found
3363,TD20101987,Item201019268,SUP723,FAILED,DB Supplier Not Found
3364,TD20101990,Item201019140,SUP251,FAILED,DB Supplier Not Found
3365,TD20101990,Item201019140,SUP709,FAILED,DB Supplier Not Found
3366,TD2010208,Item201020973,SUP664,FAILED,DB Supplier Not Found
3367,TD2010208,Item201020973,SUP751,FAILED,DB Supplier Not Found
3368,TD20102026,Item201020460,SUP664,FAILED,DB Supplier Not Found
3369,TD20102026,Item201020460,SUP751,FAILED,DB Supplier Not Found
3370,TD20102041,Item201020686,SUP664,FAILED,DB Supplier Not Found
3371,TD20102041,Item201020686,SUP751,FAILED,DB Supplier Not Found
3372,TD20102029,Item20102089,SUP664,FAILED,DB Supplier Not Found
3373,TD20102029,Item20102089,SUP751,FAILED,DB Supplier Not Found
3374,TD20102037,Item201020487,SUP664,FAILED,DB Supplier Not Found
3375,TD20102037,Item201020487,SUP751,FAILED,DB Supplier Not Found
3376,TD20102089,Item20102068,SUP664,FAILED,DB Supplier Not Found
3377,TD20102089,Item20102068,SUP751,FAILED,DB Supplier Not Found
3378,TD20102020,Item201020855,SUP664,FAILED,DB Supplier Not Found
3379,TD20102020,Item201020855,SUP751,FAILED,DB Supplier Not Found
3380,TD2010206,Item201020972,SUP664,FAILED,DB Supplier Not Found
3381,TD2010206,Item201020972,SUP751,FAILED,DB Supplier Not Found
3382,TD2010209,Item201020498,SUP664,FAILED,DB Supplier Not Found
3383,TD2010209,Item201020498,SUP751,FAILED,DB Supplier Not Found
3384,TD20102046,Item201020264,SUP664,FAILED,DB Supplier Not Found
3385,TD20102046,Item201020264,SUP751,FAILED,DB Supplier Not Found
3386,TD20102056,Item201020183,SUP751,FAILED,DB Supplier Not Found
3387,TD20102040,Item20102041,SUP751,FAILED,DB Supplier Not Found
3388,TD20102063,Item201020115,SUP751,FAILED,DB Supplier Not Found
3389,TD20102010,Item20102083,SUP664,FAILED,DB Supplier Not Found
3390,TD20102010,Item20102083,SUP751,FAILED,DB Supplier Not Found
3391,TD20102038,Item201020506,SUP664,FAILED,DB Supplier Not Found
3392,TD20102038,Item201020506,SUP751,FAILED,DB Supplier Not Found
3393,TD20102059,Item201020480,SUP664,FAILED,DB Supplier Not Found
3394,TD20102059,Item201020480,SUP751,FAILED,DB Supplier Not Found
3395,TD20102022,Item201020341,SUP41,FAILED,Schedule Not Found
3396,TD20102022,Item201020341,SUP830,FAILED,Schedule Not Found
3397,TD20102022,Item201020341,SUP366,FAILED,Schedule Not Found
3398,TD20102022,Item201020341,SUP602,FAILED,Schedule Not Found
3399,TD20102022,Item201020341,SUP944,FAILED,Schedule Not Found
3400,TD20102022,Item201020341,SUP709,FAILED,Schedule Not Found
3401,TD20102297,Item201022295,SUP947,FAILED,DB Supplier Not Found
3402,TD20102297,Item201022295,SUP878,FAILED,DB Supplier Not Found
3403,TD20102297,Item201022295,SUP620,FAILED,DB Supplier Not Found
3404,TD20102297,Item201022295,SUP379,FAILED,DB Supplier Not Found
3405,TD20102297,Item201022295,SUP856,FAILED,DB Supplier Not Found
3406,TD20102297,Item201022295,SUP362,FAILED,DB Supplier Not Found
3407,TD20102297,Item201022295,SUP753,FAILED,DB Supplier Not Found
3408,TD20102297,Item201022295,SUP940,FAILED,DB Supplier Not Found
3409,TD20102297,Item201022295,SUP707,FAILED,DB Supplier Not Found
3410,TD20102297,Item201022295,SUP299,FAILED,DB Supplier Not Found
3411,TD20102297,Item201022295,SUP784,FAILED,DB Supplier Not Found
3412,TD20102297,Item201022295,SUP159,FAILED,DB Supplier Not Found
3413,TD20102297,Item201022295,SUP767,FAILED,DB Supplier Not Found
3414,TD20102297,Item201022295,SUP205,FAILED,DB Supplier Not Found
3415,TD20102297,Item201022295,SUP934,FAILED,DB Supplier Not Found
3416,TD20102344,Item201023734,SUP687,FAILED,DB Supplier Not Found
3417,TD20102344,Item201023734,SUP671,FAILED,DB Supplier Not Found
3418,TD20102344,Item201023734,SUP723,FAILED,DB Supplier Not Found
3419,TD20102317,Item201023573,SUP44,FAILED,DB Supplier Not Found
3420,TD20102317,Item201023244,SUP44,FAILED,DB Supplier Not Found
3421,TD20102317,Item201023573,SUP784,FAILED,DB Supplier Not Found
3422,TD20102317,Item201023244,SUP784,FAILED,DB Supplier Not Found
3423,TD20102319,Item201023420,SUP861,FAILED,DB Supplier Not Found
3424,TD20102354,Item201023407,SUP830,FAILED,DB Supplier Not Found
3425,TD20102354,Item201023407,SUP41,FAILED,DB Supplier Not Found
3426,TD20102392,Item201023932,SUP48,FAILED,DB Supplier Not Found
3427,TD20102392,Item201023932,SUP830,FAILED,DB Supplier Not Found
3428,TD20102392,Item201023932,SUP366,FAILED,DB Supplier Not Found
3429,TD20102392,Item201023932,SUP251,FAILED,DB Supplier Not Found
3430,TD20102392,Item201023932,SUP944,FAILED,DB Supplier Not Found
3431,TD20102392,Item201023932,SUP709,FAILED,DB Supplier Not Found
3432,TD20102398,Item201023782,SUP664,FAILED,Schedule Not Found
3433,TD20102346,Item201023750,SUP664,FAILED,Schedule Not Found
3434,TD20102346,Item201023750,SUP664,FAILED,Schedule Not Found
3435,TD20102386,Item201023975,SUP664,FAILED,DB Supplier Not Found
3436,TD20102386,Item201023975,SUP751,FAILED,DB Supplier Not Found
3437,TD20102357,Item201023888,SUP620,FAILED,Schedule Not Found
3438,TD20102357,Item201023888,SUP379,FAILED,Schedule Not Found
3439,TD20102357,Item201023888,SUP856,FAILED,Schedule Not Found
3440,TD20102357,Item201023888,SUP362,FAILED,Schedule Not Found
3441,TD20102357,Item201023888,SUP753,FAILED,Schedule Not Found
3442,TD20102357,Item201023888,SUP947,FAILED,Schedule Not Found
3443,TD20102314,Item201023471,SUP235,FAILED,DB Supplier Not Found
3444,TD20102357,Item201023888,SUP628,FAILED,Schedule Not Found
3445,TD20102314,Item201023471,SUP683,FAILED,DB Supplier Not Found
3446,TD20102357,Item201023888,SUP707,FAILED,Schedule Not Found
3447,TD20102314,Item201023471,SUP947,FAILED,DB Supplier Not Found
3448,TD20102357,Item201023888,SUP636,FAILED,Schedule Not Found
3449,TD20102357,Item201023888,SUP784,FAILED,Schedule Not Found
3450,TD20102357,Item201023888,SUP159,FAILED,Schedule Not Found
3451,TD20102357,Item201023888,SUP767,FAILED,Schedule Not Found
3452,TD20102357,Item201023888,SUP934,FAILED,Schedule Not Found
3453,TD2010271,Item201027121,SUP637,FAILED,DB Supplier Not Found
3454,TD2010271,Item201027324,SUP637,FAILED,DB Supplier Not Found
3455,TD2010271,Item201027477,SUP637,FAILED,DB Supplier Not Found
3456,TD2010271,Item20102735,SUP637,FAILED,DB Supplier Not Found
3457,TD2010271,Item201027807,SUP637,FAILED,DB Supplier Not Found
3458,TD2010271,Item201027562,SUP637,FAILED,DB Supplier Not Found
3459,TD2010271,Item201027259,SUP637,FAILED,DB Supplier Not Found
3460,TD2010271,Item201027121,SUP877,FAILED,DB Supplier Not Found
3461,TD2010271,Item201027324,SUP877,FAILED,DB Supplier Not Found
3462,TD2010271,Item201027477,SUP877,FAILED,DB Supplier Not Found
3463,TD2010271,Item20102735,SUP877,FAILED,DB Supplier Not Found
3464,TD2010271,Item201027807,SUP877,FAILED,DB Supplier Not Found
3465,TD2010271,Item201027562,SUP877,FAILED,DB Supplier Not Found
3466,TD2010271,Item201027259,SUP877,FAILED,DB Supplier Not Found
3467,TD2010271,Item201027121,SUP587,FAILED,DB Supplier Not Found
3468,TD2010271,Item201027324,SUP587,FAILED,DB Supplier Not Found
3469,TD2010271,Item201027477,SUP587,FAILED,DB Supplier Not Found
3470,TD2010271,Item20102735,SUP587,FAILED,DB Supplier Not Found
3471,TD2010271,Item201027807,SUP587,FAILED,DB Supplier Not Found
3472,TD2010271,Item201027562,SUP587,FAILED,DB Supplier Not Found
3473,TD2010271,Item201027259,SUP587,FAILED,DB Supplier Not Found
3474,TD20102819,Item201028579,SUP251,FAILED,Schedule Not Found
3475,TD20102819,Item201028139,SUP251,FAILED,Schedule Not Found
3476,TD20102819,Item20102825,SUP251,FAILED,Schedule Not Found
3477,TD20102819,Item201028777,SUP251,FAILED,Schedule Not Found
3478,TD20102819,Item201028519,SUP251,FAILED,Schedule Not Found
3479,TD20102819,Item201028889,SUP251,FAILED,Schedule Not Found
3480,TD20102845,Item201028512,SUP251,FAILED,Schedule Not Found
3481,TD20102813,Item2010288,SUP251,FAILED,DB Supplier Not Found
3482,TD20102813,Item2010288,SUP830,FAILED,DB Supplier Not Found
3483,TD20102813,Item2010288,SUP709,FAILED,DB Supplier Not Found
3484,TD20102943,Item201029644,SUP784,FAILED,DB Supplier Not Found
3485,TD20102943,Item201029644,SUP42,FAILED,DB Supplier Not Found
3486,TD20102927,Item201029266,SUP251,FAILED,DB Supplier Not Found
3487,TD20102927,Item201029266,SUP395,FAILED,DB Supplier Not Found
3488,TD20102927,Item201029266,SUP598,FAILED,DB Supplier Not Found
3489,TD20102996,Item201029364,SUP723,FAILED,Schedule Not Found
3490,TD20102927,Item201029266,SUP830,FAILED,DB Supplier Not Found
3491,TD20102927,Item201029266,SUP456,FAILED,DB Supplier Not Found
3492,TD20102927,Item201029266,SUP366,FAILED,DB Supplier Not Found
3493,TD20102986,Item201029643,SUP723,FAILED,DB Supplier Not Found
3494,TD20102986,Item201029643,SUP42,FAILED,DB Supplier Not Found
3495,TD20102966,Item20102963,SUP598,FAILED,DB Supplier Not Found
3496,TD20102966,Item20102963,SUP251,FAILED,DB Supplier Not Found
3497,TD20102966,Item20102963,SUP830,FAILED,DB Supplier Not Found
3498,TD20102966,Item20102963,SUP723,FAILED,DB Supplier Not Found
3499,TD20102966,Item20102963,SUP366,FAILED,DB Supplier Not Found
3500,TD20102981,Item201029514,SUP947,FAILED,DB Supplier Not Found
3501,TD20102981,Item201029514,SUP934,FAILED,DB Supplier Not Found
3502,TD20102981,Item201029514,SUP620,FAILED,DB Supplier Not Found
3503,TD20102981,Item201029514,SUP753,FAILED,DB Supplier Not Found
3504,TD20102981,Item201029514,SUP299,FAILED,DB Supplier Not Found
3505,TD20102981,Item201029514,SUP628,FAILED,DB Supplier Not Found
3506,TD20102981,Item201029514,SUP767,FAILED,DB Supplier Not Found
3507,TD20102981,Item201029514,SUP159,FAILED,DB Supplier Not Found
3508,TD20102981,Item201029514,SUP362,FAILED,DB Supplier Not Found
3509,TD20102981,Item201029514,SUP856,FAILED,DB Supplier Not Found
3510,TD20102981,Item201029514,SUP379,FAILED,DB Supplier Not Found
3511,TD20102981,Item201029514,SUP784,FAILED,DB Supplier Not Found
3512,TD20102981,Item201029514,SUP707,FAILED,DB Supplier Not Found
3513,TD20102993,Item201029990,SUP366,FAILED,DB Supplier Not Found
3514,TD2011037,Item201103389,SUP784,FAILED,Schedule Not Found
3515,TD2011037,Item2011032,SUP784,FAILED,Schedule Not Found
3516,TD20102317,Item201103389,SUP342,FAILED,DB Supplier Not Found
3517,TD20102317,Item2011032,SUP342,FAILED,DB Supplier Not Found
3518,TD20102317,Item201103389,SUP44,FAILED,DB Supplier Not Found
3519,TD20102317,Item2011032,SUP44,FAILED,DB Supplier Not Found
3520,TD20110326,Item201103195,SUP44,FAILED,DB Supplier Not Found
3521,TD20110326,Item201103254,SUP44,FAILED,DB Supplier Not Found
3522,TD20110326,Item201103195,SUP784,FAILED,DB Supplier Not Found
3523,TD20110326,Item201103254,SUP784,FAILED,DB Supplier Not Found
3524,TD20110375,Item201103976,SUP723,FAILED,DB Supplier Not Found
3525,TD20110375,Item201103976,SUP272,FAILED,DB Supplier Not Found
3526,TD20110358,Item201103505,SUP723,FAILED,DB Supplier Not Found
3527,TD20110358,Item201103505,SUP272,FAILED,DB Supplier Not Found
3528,TD20110380,Item201103203,SUP272,FAILED,DB Supplier Not Found
3529,TD20110314,Item201103769,SUP782,FAILED,DB Supplier Not Found
3530,TD20110352,Item201103712,SUP723,FAILED,DB Supplier Not Found
3531,TD20110352,Item20110369,SUP723,FAILED,DB Supplier Not Found
3532,TD20110333,Item201103734,SUP205,FAILED,DB Supplier Not Found
3533,TD20110333,Item201103734,SUP783,FAILED,DB Supplier Not Found
3534,TD20110324,Item201103753,SUP299,FAILED,DB Supplier Not Found
3535,TD20110324,Item201103753,SUP41,FAILED,DB Supplier Not Found
3536,TD20110324,Item201103753,SUP830,FAILED,DB Supplier Not Found
3537,TD20110324,Item201103753,SUP723,FAILED,DB Supplier Not Found
3538,TD20110357,Item201103692,SUP723,FAILED,DB Supplier Not Found
3539,TD20110357,Item201103692,SUP299,FAILED,DB Supplier Not Found
3540,TD20110357,Item201103692,SUP235,FAILED,DB Supplier Not Found
3541,TD20110357,Item201103692,SUP41,FAILED,DB Supplier Not Found
3542,TD20110357,Item201103692,SUP883,FAILED,DB Supplier Not Found
3543,TD20110357,Item201103692,SUP366,FAILED,DB Supplier Not Found
3544,TD20110480,Item201104719,SUP299,FAILED,DB Supplier Not Found
3545,TD20110480,Item201104719,SUP723,FAILED,DB Supplier Not Found
3546,TD20110480,Item201104719,SUP235,FAILED,DB Supplier Not Found
3547,TD20110480,Item201104719,SUP41,FAILED,DB Supplier Not Found
3548,TD20110480,Item201104719,SUP830,FAILED,DB Supplier Not Found
3549,TD20110480,Item201104719,SUP366,FAILED,DB Supplier Not Found
3550,TD20110480,Item201104719,SUP791,FAILED,DB Supplier Not Found
3551,TD20110494,Item201104208,SUP299,FAILED,DB Supplier Not Found
3552,TD20110494,Item201104208,SUP41,FAILED,DB Supplier Not Found
3553,TD20110494,Item201104208,SUP366,FAILED,DB Supplier Not Found
3554,TD20110494,Item201104208,SUP575,FAILED,DB Supplier Not Found
3555,TD20110494,Item201104208,SUP830,FAILED,DB Supplier Not Found
3556,TD20110447,Item201104264,SUP791,FAILED,Schedule Not Found
3557,TD2011045,Item201104842,SUP791,FAILED,DB Supplier Not Found
3558,TD2011045,Item201104842,SUP235,FAILED,DB Supplier Not Found
3559,TD2011045,Item201104842,SUP879,FAILED,DB Supplier Not Found
3560,TD2011045,Item201104842,SUP48,FAILED,DB Supplier Not Found
3561,TD2011045,Item201104842,SUP584,FAILED,DB Supplier Not Found
3562,TD2011045,Item201104842,SUP636,FAILED,DB Supplier Not Found
3563,TD2011045,Item201104842,SUP636,FAILED,DB Supplier Not Found
3564,TD2011045,Item201104842,SUP830,FAILED,DB Supplier Not Found
3565,TD20110436,Item201104680,SUP636,FAILED,DB Supplier Not Found
3566,TD20110436,Item201104680,SUP584,FAILED,DB Supplier Not Found
3567,TD20110436,Item201104680,SUP41,FAILED,DB Supplier Not Found
3568,TD20110436,Item201104680,SUP575,FAILED,DB Supplier Not Found
3569,TD20110436,Item201104680,SUP830,FAILED,DB Supplier Not Found
3570,TD20110436,Item201104680,SUP235,FAILED,DB Supplier Not Found
3571,TD20110465,Item201104479,SUP965,FAILED,DB Supplier Not Found
3572,TD20110465,Item201104551,SUP965,FAILED,DB Supplier Not Found
3573,TD20110465,Item201104135,SUP965,FAILED,DB Supplier Not Found
3574,TD20110465,Item201104674,SUP965,FAILED,DB Supplier Not Found
3575,TD20110465,Item201104390,SUP965,FAILED,DB Supplier Not Found
3576,TD20110465,Item201104712,SUP965,FAILED,DB Supplier Not Found
3577,TD20110465,Item201104479,SUP40,FAILED,DB Supplier Not Found
3578,TD20110465,Item201104551,SUP40,FAILED,DB Supplier Not Found
3579,TD20110465,Item201104135,SUP40,FAILED,DB Supplier Not Found
3580,TD20110465,Item201104674,SUP40,FAILED,DB Supplier Not Found
3581,TD20110465,Item201104390,SUP40,FAILED,DB Supplier Not Found
3582,TD20110465,Item201104712,SUP40,FAILED,DB Supplier Not Found
3583,TD20110465,Item201104479,SUP389,FAILED,DB Supplier Not Found
3584,TD20110465,Item201104551,SUP389,FAILED,DB Supplier Not Found
3585,TD20110465,Item201104135,SUP389,FAILED,DB Supplier Not Found
3586,TD20110465,Item201104674,SUP389,FAILED,DB Supplier Not Found
3587,TD20110465,Item201104390,SUP389,FAILED,DB Supplier Not Found
3588,TD20110465,Item201104712,SUP389,FAILED,DB Supplier Not Found
3589,TD20110465,Item201104479,SUP274,FAILED,DB Supplier Not Found
3590,TD20110465,Item201104551,SUP274,FAILED,DB Supplier Not Found
3591,TD20110465,Item201104135,SUP274,FAILED,DB Supplier Not Found
3592,TD20110465,Item201104674,SUP274,FAILED,DB Supplier Not Found
3593,TD20110465,Item201104390,SUP274,FAILED,DB Supplier Not Found
3594,TD20110465,Item201104712,SUP274,FAILED,DB Supplier Not Found
3595,TD20110465,Item201104479,SUP274,FAILED,DB Supplier Not Found
3596,TD20110465,Item201104551,SUP274,FAILED,DB Supplier Not Found
3597,TD20110465,Item201104135,SUP274,FAILED,DB Supplier Not Found
3598,TD20110465,Item201104674,SUP274,FAILED,DB Supplier Not Found
3599,TD20110465,Item201104390,SUP274,FAILED,DB Supplier Not Found
3600,TD20110465,Item201104712,SUP274,FAILED,DB Supplier Not Found
3601,TD20110465,Item201104479,SUP651,FAILED,DB Supplier Not Found
3602,TD20110465,Item201104551,SUP651,FAILED,DB Supplier Not Found
3603,TD20110465,Item201104135,SUP651,FAILED,DB Supplier Not Found
3604,TD20110465,Item201104674,SUP651,FAILED,DB Supplier Not Found
3605,TD20110465,Item201104390,SUP651,FAILED,DB Supplier Not Found
3606,TD20110465,Item201104712,SUP651,FAILED,DB Supplier Not Found
3607,TD20110465,Item201104479,SUP811,FAILED,DB Supplier Not Found
3608,TD20110465,Item201104551,SUP811,FAILED,DB Supplier Not Found
3609,TD20110465,Item201104135,SUP811,FAILED,DB Supplier Not Found
3610,TD20110465,Item201104674,SUP811,FAILED,DB Supplier Not Found
3611,TD20110465,Item201104390,SUP811,FAILED,DB Supplier Not Found
3612,TD20110465,Item201104712,SUP811,FAILED,DB Supplier Not Found
3613,TD20110466,Item201104387,SUP205,FAILED,Schedule Not Found
3614,TD20110466,Item201104118,SUP205,FAILED,Schedule Not Found
3615,TD20110594,Item201105608,SUP751,FAILED,DB Supplier Not Found
3616,TD20110524,Item201105621,SUP751,FAILED,DB Supplier Not Found
3617,TD20110556,Item20110537,SUP751,FAILED,DB Supplier Not Found
3618,TD20110564,Item201105832,SUP751,FAILED,DB Supplier Not Found
3619,TD20110592,Item201105470,SUP379,FAILED,Schedule Not Found
3620,TD20110592,Item201105894,SUP379,FAILED,Schedule Not Found
3621,TD20110544,Item201105304,SUP379,FAILED,DB Supplier Not Found
3622,TD20110544,Item201105215,SUP379,FAILED,DB Supplier Not Found
3623,TD20110544,Item201105304,SUP205,FAILED,DB Supplier Not Found
3624,TD20110544,Item201105215,SUP205,FAILED,DB Supplier Not Found
3625,TD20110694,Item201106634,SUP830,FAILED,DB Supplier Not Found
3626,TD20110694,Item201106276,SUP830,FAILED,DB Supplier Not Found
3627,TD20110941,Item201109629,SUP362,FAILED,DB Supplier Not Found
3628,TD20110941,Item201109629,SUP205,FAILED,DB Supplier Not Found
3629,TD20110941,Item201109629,SUP924,FAILED,DB Supplier Not Found
3630,TD20111032,Item201110228,SUP723,FAILED,DB Supplier Not Found
3631,TD20111032,Item201110868,SUP723,FAILED,DB Supplier Not Found
3632,TD20111026,Item201110628,SUP362,FAILED,Schedule Not Found
3633,TD20111058,Item201110742,SUP338,FAILED,DB Supplier Not Found
3634,TD20111058,Item201110708,SUP338,FAILED,DB Supplier Not Found
3635,TD20111058,Item201110742,SUP723,FAILED,DB Supplier Not Found
3636,TD20111058,Item201110708,SUP723,FAILED,DB Supplier Not Found
3637,TD20102981,Item201110628,SUP924,FAILED,DB Supplier Not Found
3638,TD20102981,Item201029514,SUP924,FAILED,DB Supplier Not Found
3639,TD20111081,Item201110477,SUP362,FAILED,DB Supplier Not Found
3640,TD20111081,Item201110477,SUP924,FAILED,DB Supplier Not Found
3641,TD20111081,Item201110477,SUP205,FAILED,DB Supplier Not Found
3642,TD20111081,Item201110477,SUP784,FAILED,DB Supplier Not Found
3643,TD20111081,Item201110477,SUP60,FAILED,DB Supplier Not Found
3644,TD20111030,Item201110518,SUP723,FAILED,DB Supplier Not Found
3645,TD20111030,Item201110518,SUP841,FAILED,DB Supplier Not Found
3646,TD20111030,Item201110518,SUP619,FAILED,DB Supplier Not Found
3647,TD20111030,Item201110518,SUP979,FAILED,DB Supplier Not Found
3648,TD20111078,Item20111071,SUP584,FAILED,DB Supplier Not Found
3649,TD20111078,Item20111071,SUP636,FAILED,DB Supplier Not Found
3650,TD20111078,Item20111071,SUP830,FAILED,DB Supplier Not Found
3651,TD20111078,Item20111071,SUP630,FAILED,DB Supplier Not Found
3652,TD20111183,Item201111829,SUP947,FAILED,DB Supplier Not Found
3653,TD20111183,Item201111829,SUP934,FAILED,DB Supplier Not Found
3654,TD20111183,Item201111829,SUP620,FAILED,DB Supplier Not Found
3655,TD20111183,Item201111829,SUP753,FAILED,DB Supplier Not Found
3656,TD20111183,Item201111829,SUP299,FAILED,DB Supplier Not Found
3657,TD20111183,Item201111829,SUP628,FAILED,DB Supplier Not Found
3658,TD20111183,Item201111829,SUP767,FAILED,DB Supplier Not Found
3659,TD20111183,Item201111829,SUP159,FAILED,DB Supplier Not Found
3660,TD20111183,Item201111829,SUP856,FAILED,DB Supplier Not Found
3661,TD20111183,Item201111829,SUP784,FAILED,DB Supplier Not Found
3662,TD20111183,Item201111829,SUP707,FAILED,DB Supplier Not Found
3663,TD20111183,Item201111829,SUP379,FAILED,DB Supplier Not Found
3664,TD20111183,Item201111829,SUP362,FAILED,DB Supplier Not Found
3665,TD20111157,Item201111617,SUP205,FAILED,DB Supplier Not Found
3666,TD20111157,Item201111617,SUP60,FAILED,DB Supplier Not Found
3667,TD20111157,Item201111617,SUP784,FAILED,DB Supplier Not Found
3668,TD20111157,Item201111617,SUP924,FAILED,DB Supplier Not Found
3669,TD20111184,Item201111164,SUP299,FAILED,DB Supplier Not Found
3670,TD20111184,Item201111164,SUP598,FAILED,DB Supplier Not Found
3671,TD20111184,Item201111164,SUP830,FAILED,DB Supplier Not Found
3672,TD20111184,Item201111164,SUP723,FAILED,DB Supplier Not Found
3673,TD20111185,Item201111790,SUP197,FAILED,DB Supplier Not Found
3674,TD20111185,Item201111287,SUP197,FAILED,DB Supplier Not Found
3675,TD20111185,Item20111189,SUP197,FAILED,DB Supplier Not Found
3676,TD20111185,Item201111797,SUP197,FAILED,DB Supplier Not Found
3677,TD20111185,Item201111477,SUP197,FAILED,DB Supplier Not Found
3678,TD20111185,Item201111495,SUP197,FAILED,DB Supplier Not Found
3679,TD20111185,Item201111790,SUP784,FAILED,DB Supplier Not Found
3680,TD20111185,Item201111287,SUP784,FAILED,DB Supplier Not Found
3681,TD20111185,Item20111189,SUP784,FAILED,DB Supplier Not Found
3682,TD20111185,Item201111797,SUP784,FAILED,DB Supplier Not Found
3683,TD20111185,Item201111477,SUP784,FAILED,DB Supplier Not Found
3684,TD20111185,Item201111495,SUP784,FAILED,DB Supplier Not Found
3685,TD20111271,Item201112255,SUP723,FAILED,DB Supplier Not Found
3686,TD20111271,Item201112255,SUP299,FAILED,DB Supplier Not Found
3687,TD20111246,Item201112451,SUP373,FAILED,DB Supplier Not Found
3688,TD20111246,Item201112451,SUP841,FAILED,DB Supplier Not Found
3689,TD20111246,Item201112451,SUP889,FAILED,DB Supplier Not Found
3690,TD20111246,Item201112451,SUP947,FAILED,DB Supplier Not Found
3691,TD20111246,Item201112451,SUP723,FAILED,DB Supplier Not Found
3692,TD2011129,Item201112118,SUP728,FAILED,DB Supplier Not Found
3693,TD2011129,Item201112118,SUP141,FAILED,DB Supplier Not Found
3694,TD2011129,Item201112118,SUP723,FAILED,DB Supplier Not Found
3695,TD20111380,Item201113414,SUP723,FAILED,Schedule Not Found
3696,TD20111345,Item201113276,SUP723,FAILED,DB Supplier Not Found
3697,TD20111316,Item201113220,SUP723,FAILED,DB Supplier Not Found
3698,TD20111311,Item201113898,SUP723,FAILED,DB Supplier Not Found
3699,TD20111378,Item201113878,SUP723,FAILED,Schedule Not Found
3700,TD20111350,Item201113524,SUP723,FAILED,DB Supplier Not Found
3701,TD20111623,Item20111649,SUP751,FAILED,DB Supplier Not Found
3702,TD20111630,Item201116342,SUP751,FAILED,DB Supplier Not Found
3703,TD20111676,Item201116239,SUP751,FAILED,DB Supplier Not Found
3704,TD20111640,Item201116151,SUP723,FAILED,DB Supplier Not Found
3705,TD2011163,Item201116657,SUP944,FAILED,DB Supplier Not Found
3706,TD2011163,Item201116797,SUP944,FAILED,DB Supplier Not Found
3707,TD20111761,Item201117557,SUP141,FAILED,DB Supplier Not Found
3708,TD20111761,Item201117137,SUP141,FAILED,DB Supplier Not Found
3709,TD20111761,Item201117825,SUP141,FAILED,DB Supplier Not Found
3710,TD20111761,Item201117724,SUP141,FAILED,DB Supplier Not Found
3711,TD20111761,Item201117168,SUP141,FAILED,DB Supplier Not Found
3712,TD20111761,Item201117889,SUP141,FAILED,DB Supplier Not Found
3713,TD20111761,Item201117367,SUP141,FAILED,DB Supplier Not Found
3714,TD20111761,Item201117240,SUP141,FAILED,DB Supplier Not Found
3715,TD20111761,Item201117810,SUP141,FAILED,DB Supplier Not Found
3716,TD20111761,Item201117786,SUP141,FAILED,DB Supplier Not Found
3717,TD20111761,Item201117557,SUP692,FAILED,DB Supplier Not Found
3718,TD20111761,Item201117137,SUP692,FAILED,DB Supplier Not Found
3719,TD20111761,Item201117825,SUP692,FAILED,DB Supplier Not Found
3720,TD20111761,Item201117724,SUP692,FAILED,DB Supplier Not Found
3721,TD20111761,Item201117168,SUP692,FAILED,DB Supplier Not Found
3722,TD20111761,Item201117889,SUP692,FAILED,DB Supplier Not Found
3723,TD20111761,Item201117367,SUP692,FAILED,DB Supplier Not Found
3724,TD20111761,Item201117240,SUP692,FAILED,DB Supplier Not Found
3725,TD20111761,Item201117810,SUP692,FAILED,DB Supplier Not Found
3726,TD20111761,Item201117786,SUP692,FAILED,DB Supplier Not Found
3727,TD20111761,Item201117557,SUP725,FAILED,DB Supplier Not Found
3728,TD20111761,Item201117137,SUP725,FAILED,DB Supplier Not Found
3729,TD20111761,Item201117825,SUP725,FAILED,DB Supplier Not Found
3730,TD20111761,Item201117724,SUP725,FAILED,DB Supplier Not Found
3731,TD20111761,Item201117168,SUP725,FAILED,DB Supplier Not Found
3732,TD20111761,Item201117889,SUP725,FAILED,DB Supplier Not Found
3733,TD20111761,Item201117367,SUP725,FAILED,DB Supplier Not Found
3734,TD20111761,Item201117240,SUP725,FAILED,DB Supplier Not Found
3735,TD20111761,Item201117810,SUP725,FAILED,DB Supplier Not Found
3736,TD20111761,Item201117786,SUP725,FAILED,DB Supplier Not Found
3737,TD20111761,Item201117557,SUP645,FAILED,DB Supplier Not Found
3738,TD20111761,Item201117137,SUP645,FAILED,DB Supplier Not Found
3739,TD20111761,Item201117825,SUP645,FAILED,DB Supplier Not Found
3740,TD20111761,Item201117724,SUP645,FAILED,DB Supplier Not Found
3741,TD20111761,Item201117168,SUP645,FAILED,DB Supplier Not Found
3742,TD20111761,Item201117889,SUP645,FAILED,DB Supplier Not Found
3743,TD20111761,Item201117367,SUP645,FAILED,DB Supplier Not Found
3744,TD20111761,Item201117240,SUP645,FAILED,DB Supplier Not Found
3745,TD20111761,Item201117810,SUP645,FAILED,DB Supplier Not Found
3746,TD20111761,Item201117786,SUP645,FAILED,DB Supplier Not Found
3747,TD20111761,Item201117557,SUP811,FAILED,DB Supplier Not Found
3748,TD20111761,Item201117137,SUP811,FAILED,DB Supplier Not Found
3749,TD20111761,Item201117825,SUP811,FAILED,DB Supplier Not Found
3750,TD20111761,Item201117724,SUP811,FAILED,DB Supplier Not Found
3751,TD20111761,Item201117168,SUP811,FAILED,DB Supplier Not Found
3752,TD20111761,Item201117889,SUP811,FAILED,DB Supplier Not Found
3753,TD20111761,Item201117367,SUP811,FAILED,DB Supplier Not Found
3754,TD20111761,Item201117240,SUP811,FAILED,DB Supplier Not Found
3755,TD20111761,Item201117810,SUP811,FAILED,DB Supplier Not Found
3756,TD20111761,Item201117786,SUP811,FAILED,DB Supplier Not Found
3757,TD20111761,Item201117557,SUP432,FAILED,DB Supplier Not Found
3758,TD20111761,Item201117137,SUP432,FAILED,DB Supplier Not Found
3759,TD20111761,Item201117825,SUP432,FAILED,DB Supplier Not Found
3760,TD20111761,Item201117724,SUP432,FAILED,DB Supplier Not Found
3761,TD20111761,Item201117168,SUP432,FAILED,DB Supplier Not Found
3762,TD20111761,Item201117889,SUP432,FAILED,DB Supplier Not Found
3763,TD20111761,Item201117367,SUP432,FAILED,DB Supplier Not Found
3764,TD20111761,Item201117240,SUP432,FAILED,DB Supplier Not Found
3765,TD20111761,Item201117810,SUP432,FAILED,DB Supplier Not Found
3766,TD20111761,Item201117786,SUP432,FAILED,DB Supplier Not Found
3767,TD20111880,Item20111844,SUP44,FAILED,Schedule Not Found
3768,TD20111880,Item201118887,SUP44,FAILED,Schedule Not Found
3769,TD20111880,Item20111844,SUP784,FAILED,Schedule Not Found
3770,TD20111880,Item201118887,SUP784,FAILED,Schedule Not Found
3771,TD20111859,Item201118674,SUP44,FAILED,DB Supplier Not Found
3772,TD20111859,Item201118818,SUP44,FAILED,DB Supplier Not Found
3773,TD20111859,Item201118674,SUP784,FAILED,DB Supplier Not Found
3774,TD20111859,Item201118818,SUP784,FAILED,DB Supplier Not Found
3775,TD20111822,Item201118661,SUP510,FAILED,DB Supplier Not Found
3776,TD20111822,Item201118661,SUP791,FAILED,DB Supplier Not Found
3777,TD20111830,Item201118234,SUP510,FAILED,DB Supplier Not Found
3778,TD20111830,Item201118234,SUP791,FAILED,DB Supplier Not Found
3779,TD20111884,Item201118825,SUP510,FAILED,DB Supplier Not Found
3780,TD20111884,Item201118825,SUP635,FAILED,DB Supplier Not Found
3781,TD2011188,Item201118802,SUP728,FAILED,DB Supplier Not Found
3782,TD2011188,Item201118802,SUP40,FAILED,DB Supplier Not Found
3783,TD2011188,Item201118802,SUP178,FAILED,DB Supplier Not Found
3784,TD2011188,Item201118802,SUP141,FAILED,DB Supplier Not Found
3785,TD2011188,Item201118802,SUP780,FAILED,DB Supplier Not Found
3786,TD20111928,Item201119891,SUP634,FAILED,DB Supplier Not Found
3787,TD20111912,Item201119661,SUP944,FAILED,DB Supplier Not Found
3788,TD20111912,Item201119661,SUP879,FAILED,DB Supplier Not Found
3789,TD20111912,Item201119661,SUP634,FAILED,DB Supplier Not Found
3790,TD20111912,Item201119661,SUP830,FAILED,DB Supplier Not Found
3791,TD20111942,Item201119205,SUP879,FAILED,DB Supplier Not Found
3792,TD20111942,Item201119934,SUP879,FAILED,DB Supplier Not Found
3793,TD20111942,Item201119407,SUP879,FAILED,DB Supplier Not Found
3794,TD20111942,Item201119299,SUP879,FAILED,DB Supplier Not Found
3795,TD20111942,Item201119429,SUP879,FAILED,DB Supplier Not Found
3796,TD20111942,Item201119397,SUP879,FAILED,DB Supplier Not Found
3797,TD20111942,Item201119205,SUP830,FAILED,DB Supplier Not Found
3798,TD20111942,Item201119934,SUP830,FAILED,DB Supplier Not Found
3799,TD20111942,Item201119407,SUP830,FAILED,DB Supplier Not Found
3800,TD20111942,Item201119299,SUP830,FAILED,DB Supplier Not Found
3801,TD20111942,Item201119429,SUP830,FAILED,DB Supplier Not Found
3802,TD20111942,Item201119397,SUP830,FAILED,DB Supplier Not Found
3803,TD20111991,Item201119144,SUP879,FAILED,DB Supplier Not Found
3804,TD20111991,Item201119144,SUP830,FAILED,DB Supplier Not Found
3805,TD20111934,Item201119809,SUP362,FAILED,DB Supplier Not Found
3806,TD20111934,Item201119809,SUP924,FAILED,DB Supplier Not Found
3807,TD20111934,Item201119809,SUP205,FAILED,DB Supplier Not Found
3808,TD20111934,Item201119809,SUP784,FAILED,DB Supplier Not Found
3809,TD20111934,Item201119809,SUP60,FAILED,DB Supplier Not Found
3810,TD2011231,Item201123136,SUP141,FAILED,DB Supplier Not Found
3811,TD2011231,Item201123136,SUP40,FAILED,DB Supplier Not Found
3812,TD2011231,Item201123136,SUP728,FAILED,DB Supplier Not Found
3813,TD2011231,Item201123136,SUP780,FAILED,DB Supplier Not Found
3814,TD20112312,Item201123242,SUP584,FAILED,Schedule Not Found
3815,TD20112378,Item201123541,SUP584,FAILED,Schedule Not Found
3816,TD20112339,Item201123111,SUP584,FAILED,DB Supplier Not Found
3817,TD20112339,Item201123111,SUP857,FAILED,DB Supplier Not Found
3818,TD20112339,Item201123111,SUP944,FAILED,DB Supplier Not Found
3819,TD20112347,Item201123672,SUP211,FAILED,DB Supplier Not Found
3820,TD20112347,Item201123672,SUP791,FAILED,DB Supplier Not Found
3821,TD20112347,Item201123672,SUP784,FAILED,DB Supplier Not Found
3822,TD20112347,Item201123672,SUP892,FAILED,DB Supplier Not Found
3823,TD20112347,Item201123672,SUP690,FAILED,DB Supplier Not Found
3824,TD20112477,Item201124382,SUP584,FAILED,DB Supplier Not Found
3825,TD20112477,Item201124382,SUP40,FAILED,DB Supplier Not Found
3826,TD20112477,Item201124382,SUP728,FAILED,DB Supplier Not Found
3827,TD20112477,Item201124382,SUP141,FAILED,DB Supplier Not Found
3828,TD20112477,Item201124382,SUP681,FAILED,DB Supplier Not Found
3829,TD20112477,Item201124382,SUP643,FAILED,DB Supplier Not Found
3830,TD20112417,Item201124192,SUP584,FAILED,DB Supplier Not Found
3831,TD20112417,Item201124192,SUP830,FAILED,DB Supplier Not Found
3832,TD20112417,Item201124192,SUP879,FAILED,DB Supplier Not Found
3833,TD20112417,Item201124192,SUP630,FAILED,DB Supplier Not Found
3834,TD20112417,Item201124192,SUP519,FAILED,DB Supplier Not Found
3835,TD20112446,Item201124413,SUP338,FAILED,DB Supplier Not Found
3836,TD20112494,Item201124707,SUP44,FAILED,DB Supplier Not Found
3837,TD20112494,Item201124375,SUP44,FAILED,DB Supplier Not Found
3838,TD20112494,Item201124707,SUP784,FAILED,DB Supplier Not Found
3839,TD20112494,Item201124375,SUP784,FAILED,DB Supplier Not Found
3840,TD20112731,Item201127751,SUP362,FAILED,DB Supplier Not Found
3841,TD20112731,Item201127751,SUP924,FAILED,DB Supplier Not Found
3842,TD20112731,Item201127751,SUP211,FAILED,DB Supplier Not Found
3843,TD20112731,Item201127751,SUP784,FAILED,DB Supplier Not Found
3844,TD20112731,Item201127751,SUP60,FAILED,DB Supplier Not Found
3845,TD20112721,Item201127318,SUP296,FAILED,DB Supplier Not Found
3846,TD20113095,Item201130709,SUP40,FAILED,DB Supplier Not Found
3847,TD20113095,Item201130709,SUP746,FAILED,DB Supplier Not Found
3848,TD20120368,Item201203260,SUP379,FAILED,DB Supplier Not Found
3849,TD20120368,Item201203978,SUP379,FAILED,DB Supplier Not Found
3850,TD20120368,Item201203260,SUP205,FAILED,DB Supplier Not Found
3851,TD20120368,Item201203978,SUP205,FAILED,DB Supplier Not Found
3852,TD20120331,Item201203633,SUP907,FAILED,Schedule Not Found
3853,TD20120361,Item201203438,SUP907,FAILED,DB Supplier Not Found
3854,TD20120361,Item201203438,SUP841,FAILED,DB Supplier Not Found
3855,TD20120361,Item201203438,SUP373,FAILED,DB Supplier Not Found
3856,TD20120361,Item201203438,SUP41,FAILED,DB Supplier Not Found
3857,TD20120361,Item201203438,SUP784,FAILED,DB Supplier Not Found
3858,TD20120475,Item201204862,SUP944,FAILED,DB Supplier Not Found
3859,TD20120475,Item201204862,SUP723,FAILED,DB Supplier Not Found
3860,TD20120475,Item201204862,SUP907,FAILED,DB Supplier Not Found
3861,TD20120475,Item201204862,SUP514,FAILED,DB Supplier Not Found
3862,TD20120475,Item201204862,SUP830,FAILED,DB Supplier Not Found
3863,TD20120475,Item201204862,SUP598,FAILED,DB Supplier Not Found
3864,TD20120431,Item201204203,SUP634,FAILED,DB Supplier Not Found
3865,TD20120454,Item201204656,SUP634,FAILED,DB Supplier Not Found
3866,TD20120454,Item201204954,SUP634,FAILED,DB Supplier Not Found
3867,TD2012048,Item201204793,SUP634,FAILED,DB Supplier Not Found
3868,TD2012048,Item201204651,SUP634,FAILED,DB Supplier Not Found
3869,TD2012043,Item201204847,SUP41,FAILED,DB Supplier Not Found
3870,TD2012043,Item201204233,SUP41,FAILED,DB Supplier Not Found
3871,TD2012043,Item201204763,SUP41,FAILED,DB Supplier Not Found
3872,TD2012043,Item201204847,SUP857,FAILED,DB Supplier Not Found
3873,TD2012043,Item201204233,SUP857,FAILED,DB Supplier Not Found
3874,TD2012043,Item201204763,SUP857,FAILED,DB Supplier Not Found
3875,TD20120435,Item201204218,SUP882,FAILED,DB Supplier Not Found
3876,TD20120892,Item201208291,SUP987,FAILED,Schedule Not Found
3877,TD20120892,Item201208291,SUP917,FAILED,Schedule Not Found
3878,TD20120892,Item201208291,SUP634,FAILED,Schedule Not Found
3879,TD20120892,Item201208291,SUP251,FAILED,Schedule Not Found
3880,TD20120872,Item201208347,SUP493,FAILED,DB Supplier Not Found
3881,TD20120872,Item201208347,SUP917,FAILED,DB Supplier Not Found
3882,TD20120872,Item201208347,SUP917,FAILED,DB Supplier Not Found
3883,TD20120872,Item201208347,SUP634,FAILED,DB Supplier Not Found
3884,TD20120872,Item201208347,SUP251,FAILED,DB Supplier Not Found
3885,TD2012088,Item201208597,SUP493,FAILED,DB Supplier Not Found
3886,TD2012088,Item201208597,SUP917,FAILED,DB Supplier Not Found
3887,TD2012088,Item201208597,SUP634,FAILED,DB Supplier Not Found
3888,TD2012088,Item201208597,SUP251,FAILED,DB Supplier Not Found
3889,TD20120842,Item201208157,SUP493,FAILED,DB Supplier Not Found
3890,TD20120842,Item201208157,SUP917,FAILED,DB Supplier Not Found
3891,TD20120842,Item201208157,SUP634,FAILED,DB Supplier Not Found
3892,TD20120842,Item201208157,SUP251,FAILED,DB Supplier Not Found
3893,TD20120879,Item201208457,SUP493,FAILED,DB Supplier Not Found
3894,TD20120879,Item201208457,SUP917,FAILED,DB Supplier Not Found
3895,TD20120879,Item201208457,SUP514,FAILED,DB Supplier Not Found
3896,TD20120879,Item201208457,SUP634,FAILED,DB Supplier Not Found
3897,TD20120879,Item201208457,SUP251,FAILED,DB Supplier Not Found
3898,TD20120844,Item201208613,SUP493,FAILED,DB Supplier Not Found
3899,TD20120844,Item201208613,SUP917,FAILED,DB Supplier Not Found
3900,TD20120844,Item201208613,SUP514,FAILED,DB Supplier Not Found
3901,TD20120844,Item201208613,SUP634,FAILED,DB Supplier Not Found
3902,TD20120844,Item201208613,SUP251,FAILED,DB Supplier Not Found
3903,TD20120881,Item201208483,SUP493,FAILED,DB Supplier Not Found
3904,TD20120881,Item201208483,SUP917,FAILED,DB Supplier Not Found
3905,TD20120881,Item201208483,SUP634,FAILED,DB Supplier Not Found
3906,TD20120881,Item201208483,SUP251,FAILED,DB Supplier Not Found
3907,TD20120888,Item201208341,SUP493,FAILED,DB Supplier Not Found
3908,TD20120888,Item201208341,SUP917,FAILED,DB Supplier Not Found
3909,TD20120888,Item201208341,SUP634,FAILED,DB Supplier Not Found
3910,TD20120888,Item201208341,SUP251,FAILED,DB Supplier Not Found
3911,TD20120825,Item201208912,SUP493,FAILED,DB Supplier Not Found
3912,TD20120825,Item201208912,SUP917,FAILED,DB Supplier Not Found
3913,TD20120825,Item201208912,SUP634,FAILED,DB Supplier Not Found
3914,TD20120825,Item201208912,SUP251,FAILED,DB Supplier Not Found
3915,TD20120876,Item20120872,SUP211,FAILED,Schedule Not Found
3916,TD20120876,Item20120872,SUP791,FAILED,Schedule Not Found
3917,TD2012082,Item201208738,SUP211,FAILED,Schedule Not Found
3918,TD2012082,Item201208738,SUP791,FAILED,Schedule Not Found
3919,TD20120899,Item201208528,SUP211,FAILED,DB Supplier Not Found
3920,TD20120899,Item201208528,SUP791,FAILED,DB Supplier Not Found
3921,TD20120899,Item201208528,SUP784,FAILED,DB Supplier Not Found
3922,TD20120899,Item201208528,SUP132,FAILED,DB Supplier Not Found
3923,TD20120899,Item201208528,SUP690,FAILED,DB Supplier Not Found
3924,TD20120899,Item201208528,SUP690,FAILED,DB Supplier Not Found
3925,TD20120831,Item201208155,SUP251,FAILED,DB Supplier Not Found
3926,TD20120831,Item201208155,SUP634,FAILED,DB Supplier Not Found
3927,TD20120831,Item201208155,SUP698,FAILED,DB Supplier Not Found
3928,TD2012087,Item201208202,SUP251,FAILED,DB Supplier Not Found
3929,TD2012087,Item201208202,SUP698,FAILED,DB Supplier Not Found
3930,TD20120887,Item201208530,SUP251,FAILED,DB Supplier Not Found
3931,TD20120887,Item201208530,SUP634,FAILED,DB Supplier Not Found
3932,TD20120887,Item201208530,SUP698,FAILED,DB Supplier Not Found
3933,TD20120810,Item201208631,SUP251,FAILED,Schedule Not Found
3934,TD20120810,Item201208631,SUP634,FAILED,Schedule Not Found
3935,TD20120946,Item20120953,SUP251,FAILED,Schedule Not Found
3936,TD2012096,Item201209917,SUP251,FAILED,Schedule Not Found
3937,TD2012096,Item201209917,SUP634,FAILED,Schedule Not Found
3938,TD2012096,Item201209917,SUP698,FAILED,Schedule Not Found
3939,TD20120936,Item201209576,SUP251,FAILED,Schedule Not Found
3940,TD20120970,Item201209376,SUP251,FAILED,DB Supplier Not Found
3941,TD20120970,Item201209376,SUP634,FAILED,DB Supplier Not Found
3942,TD20120970,Item201209376,SUP698,FAILED,DB Supplier Not Found
3943,TD20120968,Item201209158,SUP251,FAILED,DB Supplier Not Found
3944,TD20120968,Item201209158,SUP698,FAILED,DB Supplier Not Found
3945,TD20120969,Item20120956,SUP251,FAILED,DB Supplier Not Found
3946,TD20120969,Item20120956,SUP634,FAILED,DB Supplier Not Found
3947,TD20120969,Item20120956,SUP698,FAILED,DB Supplier Not Found
3948,TD20120937,Item201209670,SUP251,FAILED,DB Supplier Not Found
3949,TD20120937,Item201209670,SUP698,FAILED,DB Supplier Not Found
3950,TD20120934,Item20120972,SUP251,FAILED,DB Supplier Not Found
3951,TD20120934,Item20120972,SUP634,FAILED,DB Supplier Not Found
3952,TD20120934,Item20120972,SUP698,FAILED,DB Supplier Not Found
3953,TD20120923,Item201209607,SUP251,FAILED,DB Supplier Not Found
3954,TD20120923,Item201209607,SUP634,FAILED,DB Supplier Not Found
3955,TD20120923,Item201209607,SUP698,FAILED,DB Supplier Not Found
3956,TD20121096,Item201210939,SUP634,FAILED,DB Supplier Not Found
3957,TD20121012,Item201210572,SUP634,FAILED,DB Supplier Not Found
3958,TD20121012,Item20121074,SUP634,FAILED,DB Supplier Not Found
3959,TD20121089,Item20121079,SUP634,FAILED,DB Supplier Not Found
3960,TD20121089,Item201210554,SUP634,FAILED,DB Supplier Not Found
3961,TD20121475,Item201214320,SUP598,FAILED,Schedule Not Found
3962,TD20121474,Item201214136,SUP598,FAILED,DB Supplier Not Found
3963,TD20121474,Item201214136,SUP634,FAILED,DB Supplier Not Found
3964,TD20121474,Item201214136,SUP944,FAILED,DB Supplier Not Found
3965,TD20121474,Item201214136,SUP830,FAILED,DB Supplier Not Found
3966,TD20121429,Item201214250,SUP497,FAILED,DB Supplier Not Found
3967,TD20121429,Item201214648,SUP497,FAILED,DB Supplier Not Found
3968,TD20121476,Item201214289,SUP687,FAILED,DB Supplier Not Found
3969,TD20121476,Item201214289,SUP598,FAILED,DB Supplier Not Found
3970,TD20121476,Item201214289,SUP830,FAILED,DB Supplier Not Found
3971,TD20121476,Item201214289,SUP584,FAILED,DB Supplier Not Found
3972,TD20121473,Item201214692,SUP497,FAILED,DB Supplier Not Found
3973,TD20121473,Item201214484,SUP497,FAILED,DB Supplier Not Found
3974,TD20121553,Item201215499,SUP598,FAILED,DB Supplier Not Found
3975,TD20121553,Item201215499,SUP830,FAILED,DB Supplier Not Found
3976,TD20121553,Item201215499,SUP944,FAILED,DB Supplier Not Found
3977,TD20121553,Item201215499,SUP634,FAILED,DB Supplier Not Found
3978,TD20121576,Item201215442,SUP598,FAILED,DB Supplier Not Found
3979,TD20121556,Item201215362,SUP584,FAILED,DB Supplier Not Found
3980,TD20121556,Item201215362,SUP830,FAILED,DB Supplier Not Found
3981,TD20121556,Item201215362,SUP598,FAILED,DB Supplier Not Found
3982,TD20121556,Item201215362,SUP41,FAILED,DB Supplier Not Found
3983,TD20121556,Item201215362,SUP687,FAILED,DB Supplier Not Found
3984,TD20121556,Item201215362,SUP944,FAILED,DB Supplier Not Found
3985,TD20121521,Item201215505,SUP723,FAILED,DB Supplier Not Found
3986,TD20121521,Item201215505,SUP830,FAILED,DB Supplier Not Found
3987,TD20121521,Item201215505,SUP598,FAILED,DB Supplier Not Found
3988,TD20121521,Item201215505,SUP687,FAILED,DB Supplier Not Found
3989,TD20121521,Item201215505,SUP944,FAILED,DB Supplier Not Found
3990,TD20121566,Item201215843,SUP830,FAILED,DB Supplier Not Found
3991,TD20121566,Item201215843,SUP723,FAILED,DB Supplier Not Found
3992,TD20121566,Item201215843,SUP598,FAILED,DB Supplier Not Found
3993,TD20121566,Item201215843,SUP41,FAILED,DB Supplier Not Found
3994,TD20121566,Item201215843,SUP687,FAILED,DB Supplier Not Found
3995,TD20121575,Item201215612,SUP687,FAILED,DB Supplier Not Found
3996,TD20121586,Item201215605,SUP658,FAILED,Schedule Not Found
3997,TD2012158,Item201215253,SUP658,FAILED,DB Supplier Not Found
3998,TD2012158,Item201215253,SUP944,FAILED,DB Supplier Not Found
3999,TD2012158,Item201215253,SUP575,FAILED,DB Supplier Not Found
4000,TD20121529,Item201215892,SUP658,FAILED,DB Supplier Not Found
4001,TD20121529,Item201215892,SUP944,FAILED,DB Supplier Not Found
4002,TD20121574,Item201215452,SUP658,FAILED,DB Supplier Not Found
4003,TD20121574,Item201215452,SUP944,FAILED,DB Supplier Not Found
4004,TD20121546,Item201215267,SUP205,FAILED,Schedule Not Found
4005,TD20121667,Item201216211,SUP205,FAILED,DB Supplier Not Found
4006,TD20121667,Item201216211,SUP45,FAILED,DB Supplier Not Found
4007,TD20121615,Item201216769,SUP947,FAILED,Schedule Not Found
4008,,,SUP41,FAILED,Schedule Not Found
4009,,,SUP41,FAILED,Schedule Not Found
4010,,,SUP709,FAILED,Schedule Not Found
4011,,,SUP251,FAILED,Schedule Not Found
4012,,,SUP313,FAILED,Schedule Not Found
4013,,,SUP313,FAILED,Schedule Not Found
4014,,,SUP514,FAILED,Schedule Not Found
4015,TD20121668,Item201216469,SUP947,FAILED,DB Supplier Not Found
4016,TD20121668,Item201216469,SUP41,FAILED,DB Supplier Not Found
4017,TD20121668,Item201216469,SUP917,FAILED,DB Supplier Not Found
4018,TD20121668,Item201216469,SUP251,FAILED,DB Supplier Not Found
4019,TD20121668,Item201216469,SUP313,FAILED,DB Supplier Not Found
4020,TD20121668,Item201216469,SUP514,FAILED,DB Supplier Not Found
4021,TD20121694,Item201216911,SUP947,FAILED,DB Supplier Not Found
4022,TD20121694,Item201216911,SUP41,FAILED,DB Supplier Not Found
4023,TD20121694,Item201216911,SUP917,FAILED,DB Supplier Not Found
4024,TD20121694,Item201216911,SUP251,FAILED,DB Supplier Not Found
4025,TD20121694,Item201216911,SUP514,FAILED,DB Supplier Not Found
4026,TD20121663,Item201216283,SUP728,FAILED,DB Supplier Not Found
4027,TD20121663,Item20121660,SUP728,FAILED,DB Supplier Not Found
4028,TD20121663,Item201216633,SUP728,FAILED,DB Supplier Not Found
4029,TD20121663,Item201216283,SUP40,FAILED,DB Supplier Not Found
4030,TD20121663,Item20121660,SUP40,FAILED,DB Supplier Not Found
4031,TD20121663,Item201216633,SUP40,FAILED,DB Supplier Not Found
4032,TD20121663,Item201216283,SUP575,FAILED,DB Supplier Not Found
4033,TD20121663,Item20121660,SUP575,FAILED,DB Supplier Not Found
4034,TD20121663,Item201216633,SUP575,FAILED,DB Supplier Not Found
4035,TD20121663,Item201216283,SUP45,FAILED,DB Supplier Not Found
4036,TD20121663,Item20121660,SUP45,FAILED,DB Supplier Not Found
4037,TD20121663,Item201216633,SUP45,FAILED,DB Supplier Not Found
4038,TD20121663,Item201216283,SUP141,FAILED,DB Supplier Not Found
4039,TD20121663,Item20121660,SUP141,FAILED,DB Supplier Not Found
4040,TD20121663,Item201216633,SUP141,FAILED,DB Supplier Not Found
4041,TD2012171,Item201217330,SUP947,FAILED,DB Supplier Not Found
4042,TD2012171,Item201217330,SUP944,FAILED,DB Supplier Not Found
4043,TD2012171,Item201217330,SUP723,FAILED,DB Supplier Not Found
4044,TD2012171,Item201217330,SUP598,FAILED,DB Supplier Not Found
4045,TD2012171,Item201217330,SUP575,FAILED,DB Supplier Not Found
4046,TD2012171,Item201217330,SUP514,FAILED,DB Supplier Not Found
4047,TD20121766,Item201217626,SUP947,FAILED,DB Supplier Not Found
4048,TD20121766,Item201217626,SUP723,FAILED,DB Supplier Not Found
4049,TD20121766,Item201217626,SUP723,FAILED,DB Supplier Not Found
4050,TD20121766,Item201217626,SUP598,FAILED,DB Supplier Not Found
4051,TD20121717,Item201217611,SUP205,FAILED,Schedule Not Found
4052,TD20121717,Item201217611,SUP936,FAILED,Schedule Not Found
4053,TD20121717,Item201217611,SUP907,FAILED,Schedule Not Found
4054,TD20121717,Item201217611,SUP784,FAILED,Schedule Not Found
4055,TD20121794,Item201217292,SUP205,FAILED,DB Supplier Not Found
4056,TD20121794,Item201217292,SUP936,FAILED,DB Supplier Not Found
4057,TD20121794,Item201217292,SUP907,FAILED,DB Supplier Not Found
4058,TD20121794,Item201217292,SUP784,FAILED,DB Supplier Not Found
4059,TD20121735,Item201217885,SUP251,FAILED,DB Supplier Not Found
4060,TD20121735,Item201217885,SUP687,FAILED,DB Supplier Not Found
4061,TD20121735,Item201217885,SUP575,FAILED,DB Supplier Not Found
4062,TD20121735,Item201217885,SUP41,FAILED,DB Supplier Not Found
4063,TD20121735,Item201217885,SUP917,FAILED,DB Supplier Not Found
4064,TD20121735,Item201217885,SUP313,FAILED,DB Supplier Not Found
4065,TD20122820,Item201228822,SUP634,FAILED,DB Supplier Not Found
4066,TD20122820,Item201228822,SUP41,FAILED,DB Supplier Not Found
4067,TD20122820,Item201228822,SUP830,FAILED,DB Supplier Not Found
4068,TD20122867,Item201228725,SUP634,FAILED,DB Supplier Not Found
4069,TD20122867,Item201228725,SUP41,FAILED,DB Supplier Not Found
4070,TD20122867,Item201228725,SUP830,FAILED,DB Supplier Not Found
4071,TD20122976,Item201229747,SUP634,FAILED,DB Supplier Not Found
4072,TD20122976,Item201229747,SUP41,FAILED,DB Supplier Not Found
4073,TD20122976,Item201229747,SUP883,FAILED,DB Supplier Not Found
4074,TD2012298,Item201229949,SUP634,FAILED,DB Supplier Not Found
4075,TD2012298,Item201229949,SUP41,FAILED,DB Supplier Not Found
4076,TD2012298,Item201229949,SUP830,FAILED,DB Supplier Not Found
4077,TD2012297,Item201229196,SUP584,FAILED,DB Supplier Not Found
4078,TD2012297,Item201229196,SUP634,FAILED,DB Supplier Not Found
4079,TD20122948,Item201229867,SUP584,FAILED,DB Supplier Not Found
4080,TD20122948,Item201229867,SUP634,FAILED,DB Supplier Not Found
4081,TD20122975,Item201229279,SUP717,FAILED,DB Supplier Not Found
4082,TD20122975,Item201229506,SUP717,FAILED,DB Supplier Not Found
4083,TD20122975,Item201229586,SUP717,FAILED,DB Supplier Not Found
4084,TD20122975,Item201229835,SUP717,FAILED,DB Supplier Not Found
4085,TD20122929,Item201229434,SUP634,FAILED,DB Supplier Not Found
4086,TD20122929,Item201229434,SUP944,FAILED,DB Supplier Not Found
4087,TD20122929,Item201229434,SUP41,FAILED,DB Supplier Not Found
4088,TD20122929,Item201229434,SUP784,FAILED,DB Supplier Not Found
4089,TD20122929,Item201229434,SUP857,FAILED,DB Supplier Not Found
4090,TD20122929,Item201229434,SUP373,FAILED,DB Supplier Not Found
4091,TD2012313,Item201231738,SUP147,FAILED,DB Supplier Not Found
4092,TD2012313,Item201231738,SUP889,FAILED,DB Supplier Not Found
4093,TD2012313,Item201231738,SUP834,FAILED,DB Supplier Not Found
4094,TD20123128,Item201231221,SUP205,FAILED,Schedule Not Found
4095,TD20123128,Item201231221,SUP575,FAILED,Schedule Not Found
4096,TD20123128,Item201231221,SUP784,FAILED,Schedule Not Found
4097,TD20123128,Item201231221,SUP892,FAILED,Schedule Not Found
4098,TD20123128,Item201231221,SUP690,FAILED,Schedule Not Found
4099,TD20123183,Item201231225,SUP205,FAILED,Schedule Not Found
4100,TD20123156,Item201231518,SUP205,FAILED,DB Supplier Not Found
4101,TD20123156,Item201231518,SUP575,FAILED,DB Supplier Not Found
4102,TD20123156,Item201231518,SUP784,FAILED,DB Supplier Not Found
4103,TD20123156,Item201231518,SUP690,FAILED,DB Supplier Not Found
4104,TD20123156,Item201231518,SUP690,FAILED,DB Supplier Not Found
4105,TD20123156,Item201231518,SUP892,FAILED,DB Supplier Not Found
4106,TD20123156,Item201231518,SUP892,FAILED,DB Supplier Not Found
4107,TD21010496,Item210104863,SUP584,FAILED,DB Supplier Not Found
4108,TD21010496,Item210104863,SUP784,FAILED,DB Supplier Not Found
4109,TD21010414,Item210104669,SUP857,FAILED,DB Supplier Not Found
4110,TD21010414,Item210104669,SUP584,FAILED,DB Supplier Not Found
4111,TD21010440,Item210104394,SUP45,FAILED,DB Supplier Not Found
4112,TD21010440,Item210104394,SUP584,FAILED,DB Supplier Not Found
4113,TD2101047,Item210104465,SUP45,FAILED,DB Supplier Not Found
4114,TD2101047,Item210104465,SUP723,FAILED,DB Supplier Not Found
4115,TD21010470,Item210104108,SUP510,FAILED,DB Supplier Not Found
4116,TD21010470,Item210104108,SUP211,FAILED,DB Supplier Not Found
4117,TD21010470,Item210104108,SUP947,FAILED,DB Supplier Not Found
4118,TD21010470,Item210104108,SUP234,FAILED,DB Supplier Not Found
4119,TD21010469,Item210104583,SUP510,FAILED,DB Supplier Not Found
4120,TD21010469,Item210104583,SUP211,FAILED,DB Supplier Not Found
4121,TD21010469,Item210104583,SUP947,FAILED,DB Supplier Not Found
4122,TD21010469,Item210104583,SUP234,FAILED,DB Supplier Not Found
4123,TD2101061,Item210106475,SUP584,FAILED,Schedule Not Found
4124,TD21010657,Item210106938,SUP584,FAILED,Schedule Not Found
4125,TD21010689,Item210106502,SUP584,FAILED,Schedule Not Found
4126,TD21010642,Item210106183,SUP584,FAILED,Schedule Not Found
4127,TD21010655,Item210106995,SUP584,FAILED,Schedule Not Found
4128,TD21010636,Item210106948,SUP584,FAILED,DB Supplier Not Found
4129,TD21010636,Item210106948,SUP784,FAILED,DB Supplier Not Found
4130,TD21010636,Item210106948,SUP795,FAILED,DB Supplier Not Found
4131,TD21010636,Item210106948,SUP481,FAILED,DB Supplier Not Found
4132,TD21010636,Item210106948,SUP315,FAILED,DB Supplier Not Found
4133,TD2101073,Item210107633,SUP723,FAILED,DB Supplier Not Found
4134,TD2101073,Item210107633,SUP338,FAILED,DB Supplier Not Found
4135,TD2101073,Item210107633,SUP784,FAILED,DB Supplier Not Found
4136,TD2101073,Item210107633,SUP195,FAILED,DB Supplier Not Found
4137,TD2101073,Item210107633,SUP313,FAILED,DB Supplier Not Found
4138,TD21010757,Item210107424,SUP299,FAILED,Schedule Not Found
4139,TD21010757,Item210107727,SUP299,FAILED,Schedule Not Found
4140,TD21010757,Item210107935,SUP299,FAILED,Schedule Not Found
4141,TD21010757,Item210107269,SUP299,FAILED,Schedule Not Found
4142,TD21010757,Item210107809,SUP299,FAILED,Schedule Not Found
4143,TD2101077,Item210107534,SUP299,FAILED,Schedule Not Found
4144,TD2101077,Item210107435,SUP299,FAILED,Schedule Not Found
4145,TD2101077,Item210107283,SUP299,FAILED,Schedule Not Found
4146,TD2101077,Item210107972,SUP299,FAILED,Schedule Not Found
4147,TD2101077,Item210107923,SUP299,FAILED,Schedule Not Found
4148,TD21010737,Item210107547,SUP299,FAILED,DB Supplier Not Found
4149,TD21010737,Item210107738,SUP299,FAILED,DB Supplier Not Found
4150,TD21010737,Item210107742,SUP299,FAILED,DB Supplier Not Found
4151,TD21010737,Item210107944,SUP299,FAILED,DB Supplier Not Found
4152,TD21010737,Item210107285,SUP299,FAILED,DB Supplier Not Found
4153,TD21010737,Item210107547,SUP338,FAILED,DB Supplier Not Found
4154,TD21010737,Item210107738,SUP338,FAILED,DB Supplier Not Found
4155,TD21010737,Item210107742,SUP338,FAILED,DB Supplier Not Found
4156,TD21010737,Item210107944,SUP338,FAILED,DB Supplier Not Found
4157,TD21010737,Item210107285,SUP338,FAILED,DB Supplier Not Found
4158,TD21010737,Item210107547,SUP784,FAILED,DB Supplier Not Found
4159,TD21010737,Item210107738,SUP784,FAILED,DB Supplier Not Found
4160,TD21010737,Item210107742,SUP784,FAILED,DB Supplier Not Found
4161,TD21010737,Item210107944,SUP784,FAILED,DB Supplier Not Found
4162,TD21010737,Item210107285,SUP784,FAILED,DB Supplier Not Found
4163,TD21010769,Item210107718,SUP313,FAILED,DB Supplier Not Found
4164,TD21010769,Item210107718,SUP338,FAILED,DB Supplier Not Found
4165,TD21010769,Item210107718,SUP299,FAILED,DB Supplier Not Found
4166,TD21010787,Item210107931,SUP313,FAILED,DB Supplier Not Found
4167,TD21010787,Item210107931,SUP338,FAILED,DB Supplier Not Found
4168,TD21010787,Item210107931,SUP299,FAILED,DB Supplier Not Found
4169,TD21011269,Item210112965,SUP857,FAILED,DB Supplier Not Found
4170,TD21011269,Item210112965,SUP723,FAILED,DB Supplier Not Found
4171,TD21011269,Item210112965,SUP890,FAILED,DB Supplier Not Found
4172,TD21011269,Item210112965,SUP221,FAILED,DB Supplier Not Found
4173,TD21011269,Item210112965,SUP313,FAILED,DB Supplier Not Found
4174,TD21011269,Item210112965,SUP299,FAILED,DB Supplier Not Found
4175,TD21011232,Item210112371,SUP890,FAILED,DB Supplier Not Found
4176,TD21011232,Item210112371,SUP221,FAILED,DB Supplier Not Found
4177,TD21011232,Item210112371,SUP313,FAILED,DB Supplier Not Found
4178,TD21011232,Item210112371,SUP299,FAILED,DB Supplier Not Found
4179,TD21011262,Item210112317,SUP299,FAILED,DB Supplier Not Found
4180,TD21011262,Item210112317,SUP313,FAILED,DB Supplier Not Found
4181,TD21011262,Item210112317,SUP221,FAILED,DB Supplier Not Found
4182,TD21011262,Item210112317,SUP890,FAILED,DB Supplier Not Found
4183,TD21012667,Item210126118,SUP132,FAILED,DB Supplier Not Found
4184,TD21012667,Item210126118,SUP205,FAILED,DB Supplier Not Found
4185,TD21012667,Item210126118,SUP575,FAILED,DB Supplier Not Found
4186,TD21012667,Item210126118,SUP784,FAILED,DB Supplier Not Found
4187,TD21012667,Item210126118,SUP690,FAILED,DB Supplier Not Found
4188,TD21012648,Item21012664,SUP132,FAILED,DB Supplier Not Found
4189,TD21012648,Item21012664,SUP205,FAILED,DB Supplier Not Found
4190,TD21012648,Item21012664,SUP575,FAILED,DB Supplier Not Found
4191,TD21012648,Item21012664,SUP784,FAILED,DB Supplier Not Found
4192,TD21012648,Item21012664,SUP690,FAILED,DB Supplier Not Found
4193,TD21031958,Item210319838,SUP783,FAILED,DB Supplier Not Found
4194,TD21031958,Item210319289,SUP783,FAILED,DB Supplier Not Found
4195,TD21031965,Item210319362,SUP313,FAILED,DB Supplier Not Found
4196,TD21032271,Item210322723,SUP783,FAILED,DB Supplier Not Found
4197,TD21032271,Item210322723,SUP75,FAILED,DB Supplier Not Found
4198,TD21032456,Item21032410,SUP152,FAILED,DB Supplier Not Found
4199,TD21032456,Item210324261,SUP152,FAILED,DB Supplier Not Found
4200,TD21032456,Item210324425,SUP152,FAILED,DB Supplier Not Found
4201,TD21032456,Item21032410,SUP637,FAILED,DB Supplier Not Found
4202,TD21032456,Item210324261,SUP637,FAILED,DB Supplier Not Found
4203,TD21032456,Item210324425,SUP637,FAILED,DB Supplier Not Found
4204,TD21032477,Item210324375,SUP438,FAILED,DB Supplier Not Found
4205,TD21032437,Item21032441,SUP438,FAILED,DB Supplier Not Found
4206,TD2103258,Item210325143,SUP438,FAILED,DB Supplier Not Found
4207,TD21032587,Item210325527,SUP152,FAILED,DB Supplier Not Found
4208,TD21032587,Item210325527,SUP575,FAILED,DB Supplier Not Found
4209,TD21032587,Item210325527,SUP315,FAILED,DB Supplier Not Found
4210,TD21032587,Item210325527,SUP784,FAILED,DB Supplier Not Found
4211,TD21032587,Item210325527,SUP272,FAILED,DB Supplier Not Found
4212,TD21032557,Item21032595,SUP152,FAILED,DB Supplier Not Found
4213,TD21032557,Item21032595,SUP315,FAILED,DB Supplier Not Found
4214,TD21032557,Item21032595,SUP784,FAILED,DB Supplier Not Found
4215,TD21032557,Item21032595,SUP205,FAILED,DB Supplier Not Found
4216,TD21032557,Item21032595,SUP313,FAILED,DB Supplier Not Found
4217,TD21032560,Item210325194,SUP315,FAILED,DB Supplier Not Found
4218,TD21032560,Item210325194,SUP152,FAILED,DB Supplier Not Found
4219,TD21032560,Item210325194,SUP313,FAILED,DB Supplier Not Found
4220,TD21032560,Item210325194,SUP575,FAILED,DB Supplier Not Found
4221,TD21032560,Item210325194,SUP784,FAILED,DB Supplier Not Found
4222,TD21032560,Item210325194,SUP272,FAILED,DB Supplier Not Found
4223,TD21032560,Item210325194,SUP205,FAILED,DB Supplier Not Found
4224,TD21032923,Item210329388,SUP451,FAILED,DB Supplier Not Found
4225,TD21032923,Item210329442,SUP451,FAILED,DB Supplier Not Found
4226,TD21032923,Item210329313,SUP451,FAILED,DB Supplier Not Found
4227,TD21032923,Item210329388,SUP205,FAILED,DB Supplier Not Found
4228,TD21032923,Item210329442,SUP205,FAILED,DB Supplier Not Found
4229,TD21032923,Item210329313,SUP205,FAILED,DB Supplier Not Found
4230,TD21032923,Item210329388,SUP791,FAILED,DB Supplier Not Found
4231,TD21032923,Item210329442,SUP791,FAILED,DB Supplier Not Found
4232,TD21032923,Item210329313,SUP791,FAILED,DB Supplier Not Found
4233,TD21032923,Item210329388,SUP618,FAILED,DB Supplier Not Found
4234,TD21032923,Item210329442,SUP618,FAILED,DB Supplier Not Found
4235,TD21032923,Item210329313,SUP618,FAILED,DB Supplier Not Found
4236,TD21032923,Item210329388,SUP918,FAILED,DB Supplier Not Found
4237,TD21032923,Item210329442,SUP918,FAILED,DB Supplier Not Found
4238,TD21032923,Item210329313,SUP918,FAILED,DB Supplier Not Found
4239,TD21032923,Item210329388,SUP159,FAILED,DB Supplier Not Found
4240,TD21032923,Item210329442,SUP159,FAILED,DB Supplier Not Found
4241,TD21032923,Item210329313,SUP159,FAILED,DB Supplier Not Found
4242,TD21032923,Item210329388,SUP944,FAILED,DB Supplier Not Found
4243,TD21032923,Item210329442,SUP944,FAILED,DB Supplier Not Found
4244,TD21032923,Item210329313,SUP944,FAILED,DB Supplier Not Found
4245,TD21032923,Item210329388,SUP806,FAILED,DB Supplier Not Found
4246,TD21032923,Item210329442,SUP806,FAILED,DB Supplier Not Found
4247,TD21032923,Item210329313,SUP806,FAILED,DB Supplier Not Found
4248,TD21032941,Item210329164,SUP783,FAILED,DB Supplier Not Found
4249,TD21032941,Item210329559,SUP783,FAILED,DB Supplier Not Found
4250,TD21033082,Item210330273,SUP806,FAILED,DB Supplier Not Found
4251,TD21033082,Item210330187,SUP806,FAILED,DB Supplier Not Found
4252,TD21033082,Item210330273,SUP918,FAILED,DB Supplier Not Found
4253,TD21033082,Item210330187,SUP918,FAILED,DB Supplier Not Found
4254,TD21033082,Item210330273,SUP575,FAILED,DB Supplier Not Found
4255,TD21033082,Item210330187,SUP575,FAILED,DB Supplier Not Found
4256,TD21033082,Item210330273,SUP451,FAILED,DB Supplier Not Found
4257,TD21033082,Item210330187,SUP451,FAILED,DB Supplier Not Found
4258,TD21033082,Item210330273,SUP618,FAILED,DB Supplier Not Found
4259,TD21033082,Item210330187,SUP618,FAILED,DB Supplier Not Found
4260,TD21033082,Item210330273,SUP159,FAILED,DB Supplier Not Found
4261,TD21033082,Item210330187,SUP159,FAILED,DB Supplier Not Found
4262,TD21033082,Item210330273,SUP205,FAILED,DB Supplier Not Found
4263,TD21033082,Item210330187,SUP205,FAILED,DB Supplier Not Found
4264,TD21033138,Item21033146,SUP40,FAILED,DB Supplier Not Found
4265,TD21033138,Item210331357,SUP40,FAILED,DB Supplier Not Found
4266,TD21033138,Item210331793,SUP40,FAILED,DB Supplier Not Found
4267,TD21033138,Item210331800,SUP40,FAILED,DB Supplier Not Found
4268,TD21033138,Item21033146,SUP613,FAILED,DB Supplier Not Found
4269,TD21033138,Item210331357,SUP613,FAILED,DB Supplier Not Found
4270,TD21033138,Item210331793,SUP613,FAILED,DB Supplier Not Found
4271,TD21033138,Item210331800,SUP613,FAILED,DB Supplier Not Found
4272,TD21040131,Item210401614,SUP270,FAILED,Schedule Not Found
4273,TD21040117,Item210401679,SUP939,FAILED,DB Supplier Not Found
4274,TD21040117,Item210401679,SUP876,FAILED,DB Supplier Not Found
4275,TD21040117,Item210401679,SUP756,FAILED,DB Supplier Not Found
4276,TD21040117,Item210401679,SUP301,FAILED,DB Supplier Not Found
4277,TD21040117,Item210401679,SUP889,FAILED,DB Supplier Not Found
4278,TD21040117,Item210401679,SUP251,FAILED,DB Supplier Not Found
4279,TD21040615,Item210406930,SUP602,FAILED,DB Supplier Not Found
4280,TD21040615,Item210406723,SUP602,FAILED,DB Supplier Not Found
4281,TD21040615,Item210406874,SUP602,FAILED,DB Supplier Not Found
4282,TD21040615,Item210406930,SUP17,FAILED,DB Supplier Not Found
4283,TD21040615,Item210406723,SUP17,FAILED,DB Supplier Not Found
4284,TD21040615,Item210406874,SUP17,FAILED,DB Supplier Not Found
4285,TD21040615,Item210406930,SUP357,FAILED,DB Supplier Not Found
4286,TD21040615,Item210406723,SUP357,FAILED,DB Supplier Not Found
4287,TD21040615,Item210406874,SUP357,FAILED,DB Supplier Not Found
4288,TD21040615,Item210406930,SUP709,FAILED,DB Supplier Not Found
4289,TD21040615,Item210406723,SUP709,FAILED,DB Supplier Not Found
4290,TD21040615,Item210406874,SUP709,FAILED,DB Supplier Not Found
4291,TD21040615,Item210406930,SUP794,FAILED,DB Supplier Not Found
4292,TD21040615,Item210406723,SUP794,FAILED,DB Supplier Not Found
4293,TD21040615,Item210406874,SUP794,FAILED,DB Supplier Not Found
4294,TD2104078,Item210407803,SUP602,FAILED,DB Supplier Not Found
4295,TD2104078,Item210407803,SUP889,FAILED,DB Supplier Not Found
4296,TD2104078,Item210407803,SUP268,FAILED,DB Supplier Not Found
4297,TD2104078,Item210407803,SUP756,FAILED,DB Supplier Not Found
4298,TD2104078,Item210407803,SUP756,FAILED,DB Supplier Not Found
4299,TD2104078,Item210407803,SUP876,FAILED,DB Supplier Not Found
4300,TD2104078,Item210407803,SUP869,FAILED,DB Supplier Not Found
4301,TD21041257,Item210412941,SUP346,FAILED,DB Supplier Not Found
4302,TD21041257,Item210412941,SUP889,FAILED,DB Supplier Not Found
4303,TD21041257,Item210412941,SUP126,FAILED,DB Supplier Not Found
4304,TD21041257,Item210412941,SUP754,FAILED,DB Supplier Not Found
4305,TD21041257,Item210412941,SUP876,FAILED,DB Supplier Not Found
4306,TD21041257,Item210412941,SUP832,FAILED,DB Supplier Not Found
4307,TD21041257,Item210412941,SUP205,FAILED,DB Supplier Not Found
4308,TD21041257,Item210412941,SUP76,FAILED,DB Supplier Not Found
4309,TD21041277,Item210412679,SUP889,FAILED,Schedule Not Found
4310,TD21041277,Item210412679,SUP126,FAILED,Schedule Not Found
4311,TD21041277,Item210412679,SUP527,FAILED,Schedule Not Found
4312,TD21041277,Item210412679,SUP876,FAILED,Schedule Not Found
4313,TD21041277,Item210412679,SUP76,FAILED,Schedule Not Found
4314,TD21041296,Item210412888,SUP876,FAILED,DB Supplier Not Found
4315,TD21041296,Item210412888,SUP126,FAILED,DB Supplier Not Found
4316,TD21041296,Item210412888,SUP205,FAILED,DB Supplier Not Found
4317,TD21041296,Item210412888,SUP889,FAILED,DB Supplier Not Found
4318,TD21041296,Item210412888,SUP76,FAILED,DB Supplier Not Found
4319,TD21041296,Item210412888,SUP76,FAILED,DB Supplier Not Found
4320,TD21041296,Item210412888,SUP76,FAILED,DB Supplier Not Found
4321,TD21041296,Item210412888,SUP126,FAILED,DB Supplier Not Found
4322,TD21041296,Item210412888,SUP527,FAILED,DB Supplier Not Found
4323,TD21041256,Item210412707,SUP527,FAILED,DB Supplier Not Found
4324,TD21041256,Item210412707,SUP876,FAILED,DB Supplier Not Found
4325,TD21041256,Item210412707,SUP126,FAILED,DB Supplier Not Found
4326,TD21041256,Item210412707,SUP889,FAILED,DB Supplier Not Found
4327,TD21041256,Item210412707,SUP76,FAILED,DB Supplier Not Found
4328,TD21041242,Item210412837,SUP527,FAILED,DB Supplier Not Found
4329,TD21041242,Item210412837,SUP126,FAILED,DB Supplier Not Found
4330,TD21041242,Item210412837,SUP205,FAILED,DB Supplier Not Found
4331,TD21041265,Item210412890,SUP205,FAILED,DB Supplier Not Found
4332,TD21041265,Item210412890,SUP41,FAILED,DB Supplier Not Found
4333,TD21041344,Item210413622,SUP269,FAILED,DB Supplier Not Found
4334,TD21041344,Item210413622,SUP314,FAILED,DB Supplier Not Found
4335,TD21041344,Item210413622,SUP438,FAILED,DB Supplier Not Found
4336,TD21041376,Item210413652,SUP269,FAILED,DB Supplier Not Found
4337,TD21041376,Item210413652,SUP314,FAILED,DB Supplier Not Found
4338,TD21041376,Item210413652,SUP438,FAILED,DB Supplier Not Found
4339,TD21041373,Item210413916,SUP315,FAILED,Schedule Not Found
4340,TD21041373,Item210413916,SUP152,FAILED,Schedule Not Found
4341,TD21033082,Item210413916,SUP313,FAILED,DB Supplier Not Found
4342,TD21033082,Item210330273,SUP313,FAILED,DB Supplier Not Found
4343,TD21033082,Item210330273,SUP313,FAILED,DB Supplier Not Found
4344,TD21033082,Item210330273,SUP152,FAILED,DB Supplier Not Found
4345,TD21041377,Item210413101,SUP265,FAILED,DB Supplier Not Found
4346,TD21041377,Item210413101,SUP748,FAILED,DB Supplier Not Found
4347,TD21041377,Item210413101,SUP784,FAILED,DB Supplier Not Found
4348,TD21041377,Item210413101,SUP211,FAILED,DB Supplier Not Found
4349,TD21041377,Item210413101,SUP313,FAILED,DB Supplier Not Found
4350,TD21041375,Item210413272,SUP315,FAILED,DB Supplier Not Found
4351,TD21041375,Item210413272,SUP152,FAILED,DB Supplier Not Found
4352,TD21041375,Item210413272,SUP313,FAILED,DB Supplier Not Found
4353,TD21041375,Item210413272,SUP575,FAILED,DB Supplier Not Found
4354,TD21041375,Item210413272,SUP784,FAILED,DB Supplier Not Found
4355,TD21041375,Item210413272,SUP272,FAILED,DB Supplier Not Found
4356,TD21041375,Item210413272,SUP205,FAILED,DB Supplier Not Found
4357,TD21041382,Item210413305,SUP265,FAILED,Schedule Not Found
4358,TD21041382,Item210413960,SUP265,FAILED,Schedule Not Found
4359,TD21041382,Item210413334,SUP265,FAILED,Schedule Not Found
4360,TD21041333,Item210413443,SUP759,FAILED,Schedule Not Found
4361,TD2104134,Item210413469,SUP759,FAILED,Schedule Not Found
4362,TD2104134,Item210413739,SUP759,FAILED,Schedule Not Found
4363,TD2104134,Item210413974,SUP759,FAILED,Schedule Not Found
4364,TD2104134,Item210413469,SUP451,FAILED,Schedule Not Found
4365,TD2104134,Item210413739,SUP451,FAILED,Schedule Not Found
4366,TD2104134,Item210413974,SUP451,FAILED,Schedule Not Found
4367,TD2104134,Item210413469,SUP211,FAILED,Schedule Not Found
4368,TD2104134,Item210413739,SUP211,FAILED,Schedule Not Found
4369,TD2104134,Item210413974,SUP211,FAILED,Schedule Not Found
4370,TD2104134,Item210413469,SUP575,FAILED,Schedule Not Found
4371,TD2104134,Item210413739,SUP575,FAILED,Schedule Not Found
4372,TD2104134,Item210413974,SUP575,FAILED,Schedule Not Found
4373,TD21032923,Item210413469,SUP618,FAILED,DB Supplier Not Found
4374,TD21032923,Item210413739,SUP618,FAILED,DB Supplier Not Found
4375,TD21032923,Item210413974,SUP618,FAILED,DB Supplier Not Found
4376,TD21041330,Item210413851,SUP205,FAILED,DB Supplier Not Found
4377,TD21032923,Item210329388,SUP918,FAILED,DB Supplier Not Found
4378,TD21032923,Item210329442,SUP918,FAILED,DB Supplier Not Found
4379,TD21032923,Item210329313,SUP918,FAILED,DB Supplier Not Found
4380,TD21032923,Item210329388,SUP159,FAILED,DB Supplier Not Found
4381,TD21032923,Item210329442,SUP159,FAILED,DB Supplier Not Found
4382,TD21032923,Item210329313,SUP159,FAILED,DB Supplier Not Found
4383,TD21032923,Item210329388,SUP944,FAILED,DB Supplier Not Found
4384,TD21032923,Item210329442,SUP944,FAILED,DB Supplier Not Found
4385,TD21032923,Item210329313,SUP944,FAILED,DB Supplier Not Found
4386,TD21041351,Item210413527,SUP205,FAILED,DB Supplier Not Found
4387,TD21041329,Item21041371,SUP759,FAILED,DB Supplier Not Found
4388,TD21041329,Item210413615,SUP759,FAILED,DB Supplier Not Found
4389,TD21041329,Item21041371,SUP159,FAILED,DB Supplier Not Found
4390,TD21041329,Item210413615,SUP159,FAILED,DB Supplier Not Found
4391,TD21041329,Item21041371,SUP918,FAILED,DB Supplier Not Found
4392,TD21041329,Item210413615,SUP918,FAILED,DB Supplier Not Found
4393,TD21041329,Item21041371,SUP451,FAILED,DB Supplier Not Found
4394,TD21041329,Item210413615,SUP451,FAILED,DB Supplier Not Found
4395,TD21041329,Item21041371,SUP618,FAILED,DB Supplier Not Found
4396,TD21041329,Item210413615,SUP618,FAILED,DB Supplier Not Found
4397,TD21041329,Item21041371,SUP211,FAILED,DB Supplier Not Found
4398,TD21041329,Item210413615,SUP211,FAILED,DB Supplier Not Found
4399,TD21041329,Item21041371,SUP791,FAILED,DB Supplier Not Found
4400,TD21041329,Item210413615,SUP791,FAILED,DB Supplier Not Found
4401,TD21041389,Item210413958,SUP41,FAILED,DB Supplier Not Found
4402,TD21041389,Item210413958,SUP205,FAILED,DB Supplier Not Found
4403,TD21041337,Item210413488,SUP205,FAILED,DB Supplier Not Found
4404,TD21041337,Item210413488,SUP41,FAILED,DB Supplier Not Found
4405,TD21041338,Item210413259,SUP205,FAILED,DB Supplier Not Found
4406,TD21041338,Item210413259,SUP41,FAILED,DB Supplier Not Found
4407,TD21041345,Item210413359,SUP48,FAILED,DB Supplier Not Found
4408,TD21041345,Item210413359,SUP944,FAILED,DB Supplier Not Found
4409,TD21041345,Item210413359,SUP205,FAILED,DB Supplier Not Found
4410,TD21041640,Item210416540,SUP211,FAILED,DB Supplier Not Found
4411,TD21041640,Item210416540,SUP568,FAILED,DB Supplier Not Found
4412,TD21041640,Item210416540,SUP876,FAILED,DB Supplier Not Found
4413,TD21041666,Item210416737,SUP211,FAILED,DB Supplier Not Found
4414,TD21041666,Item210416737,SUP876,FAILED,DB Supplier Not Found
4415,TD21041666,Item210416737,SUP568,FAILED,DB Supplier Not Found
4416,TD21041698,Item210416855,SUP876,FAILED,DB Supplier Not Found
4417,TD21041698,Item210416855,SUP211,FAILED,DB Supplier Not Found
4418,TD21041698,Item210416855,SUP568,FAILED,DB Supplier Not Found
4419,TD21041692,Item210416442,SUP265,FAILED,DB Supplier Not Found
4420,TD21041692,Item210416442,SUP726,FAILED,DB Supplier Not Found
4421,TD21041670,Item210416800,SUP827,FAILED,DB Supplier Not Found
4422,TD21041628,Item210416593,SUP265,FAILED,DB Supplier Not Found
4423,TD21041628,Item210416593,SUP211,FAILED,DB Supplier Not Found
4424,TD21041657,Item210416988,SUP40,FAILED,DB Supplier Not Found
4425,TD21041657,Item210416616,SUP40,FAILED,DB Supplier Not Found
4426,TD21041657,Item210416742,SUP40,FAILED,DB Supplier Not Found
4427,TD21041657,Item210416728,SUP40,FAILED,DB Supplier Not Found
4428,TD21041657,Item210416988,SUP613,FAILED,DB Supplier Not Found
4429,TD21041657,Item210416616,SUP613,FAILED,DB Supplier Not Found
4430,TD21041657,Item210416742,SUP613,FAILED,DB Supplier Not Found
4431,TD21041657,Item210416728,SUP613,FAILED,DB Supplier Not Found
4432,TD21042265,Item210422541,SUP152,FAILED,DB Supplier Not Found
4433,TD21042265,Item210422541,SUP726,FAILED,DB Supplier Not Found
4434,TD21042265,Item210422541,SUP103,FAILED,DB Supplier Not Found
4435,TD21042256,Item210422675,SUP141,FAILED,DB Supplier Not Found
4436,TD21042256,Item210422675,SUP804,FAILED,DB Supplier Not Found
4437,TD21042256,Item210422675,SUP500,FAILED,DB Supplier Not Found
4438,TD21042256,Item210422675,SUP40,FAILED,DB Supplier Not Found
4439,TD21042280,Item210422430,SUP152,FAILED,DB Supplier Not Found
4440,TD21042280,Item210422430,SUP211,FAILED,DB Supplier Not Found
4441,TD21042244,Item210422151,SUP116,FAILED,DB Supplier Not Found
4442,TD21042244,Item210422151,SUP41,FAILED,DB Supplier Not Found
4443,TD21042244,Item210422151,SUP213,FAILED,DB Supplier Not Found
4444,TD21042269,Item210422724,SUP116,FAILED,DB Supplier Not Found
4445,TD21042269,Item210422724,SUP41,FAILED,DB Supplier Not Found
4446,TD21042269,Item210422724,SUP213,FAILED,DB Supplier Not Found
4447,TD21042237,Item210422827,SUP41,FAILED,DB Supplier Not Found
4448,TD21042237,Item210422827,SUP213,FAILED,DB Supplier Not Found
4449,TD21042237,Item210422827,SUP116,FAILED,DB Supplier Not Found
4450,TD21042383,Item210423465,SUP918,FAILED,DB Supplier Not Found
4451,TD21042383,Item210423465,SUP575,FAILED,DB Supplier Not Found
4452,TD21042383,Item210423465,SUP618,FAILED,DB Supplier Not Found
4453,TD21042383,Item210423465,SUP527,FAILED,DB Supplier Not Found
4454,TD21042383,Item210423465,SUP42,FAILED,DB Supplier Not Found
4455,TD21042383,Item210423465,SUP854,FAILED,DB Supplier Not Found
4456,TD21042392,Item210423333,SUP575,FAILED,DB Supplier Not Found
4457,TD21042392,Item210423333,SUP854,FAILED,DB Supplier Not Found
4458,TD21042392,Item210423333,SUP618,FAILED,DB Supplier Not Found
4459,TD21042392,Item210423333,SUP42,FAILED,DB Supplier Not Found
4460,TD21042392,Item210423333,SUP918,FAILED,DB Supplier Not Found
4461,TD21042323,Item210423969,SUP216,FAILED,DB Supplier Not Found
4462,TD21042323,Item210423969,SUP251,FAILED,DB Supplier Not Found
4463,TD21042323,Item210423969,SUP690,FAILED,DB Supplier Not Found
4464,TD21042323,Item210423969,SUP872,FAILED,DB Supplier Not Found
4465,TD21042323,Item210423969,SUP917,FAILED,DB Supplier Not Found
4466,TD2104266,Item210426953,SUP40,FAILED,DB Supplier Not Found
4467,TD2104266,Item210426953,SUP841,FAILED,DB Supplier Not Found
4468,TD2104266,Item210426953,SUP348,FAILED,DB Supplier Not Found
4469,TD2104266,Item210426953,SUP671,FAILED,DB Supplier Not Found
4470,TD2104266,Item210426953,SUP41,FAILED,DB Supplier Not Found
4471,TD2104266,Item210426953,SUP857,FAILED,DB Supplier Not Found
4472,TD21042690,Item210426991,SUP41,FAILED,DB Supplier Not Found
4473,TD21042690,Item210426991,SUP944,FAILED,DB Supplier Not Found
4474,TD21042690,Item210426991,SUP876,FAILED,DB Supplier Not Found
4475,TD21050336,Item210503223,SUP756,FAILED,DB Supplier Not Found
4476,TD21050336,Item210503223,SUP306,FAILED,DB Supplier Not Found
4477,TD21050363,Item210503246,SUP684,FAILED,Schedule Not Found
4478,TD21050363,Item210503498,SUP684,FAILED,Schedule Not Found
4479,TD21050363,Item210503653,SUP684,FAILED,Schedule Not Found
4480,TD21050363,Item210503106,SUP684,FAILED,Schedule Not Found
4481,TD21050363,Item21050386,SUP684,FAILED,Schedule Not Found
4482,TD21050363,Item210503526,SUP684,FAILED,Schedule Not Found
4483,TD21050363,Item210503562,SUP684,FAILED,Schedule Not Found
4484,TD21050363,Item21050378,SUP684,FAILED,Schedule Not Found
4485,TD21050345,Item210503284,SUP876,FAILED,DB Supplier Not Found
4486,TD21050345,Item210503284,SUP756,FAILED,DB Supplier Not Found
4487,TD21050345,Item210503284,SUP306,FAILED,DB Supplier Not Found
4488,TD21050453,Item210504386,SUP141,FAILED,DB Supplier Not Found
4489,TD21050495,Item210504426,SUP438,FAILED,DB Supplier Not Found
4490,TD21050495,Item210504426,SUP684,FAILED,DB Supplier Not Found
4491,TD21050512,Item210505256,SUP684,FAILED,DB Supplier Not Found
4492,TD21050512,Item210505544,SUP684,FAILED,DB Supplier Not Found
4493,TD21050512,Item210505515,SUP684,FAILED,DB Supplier Not Found
4494,TD21050512,Item210505613,SUP684,FAILED,DB Supplier Not Found
4495,TD21050512,Item210505923,SUP684,FAILED,DB Supplier Not Found
4496,TD21050512,Item210505446,SUP684,FAILED,DB Supplier Not Found
4497,TD21050512,Item210505280,SUP684,FAILED,DB Supplier Not Found
4498,TD21050512,Item21050574,SUP684,FAILED,DB Supplier Not Found
4499,TD21050512,Item210505256,SUP876,FAILED,DB Supplier Not Found
4500,TD21050512,Item210505544,SUP876,FAILED,DB Supplier Not Found
4501,TD21050512,Item210505515,SUP876,FAILED,DB Supplier Not Found
4502,TD21050512,Item210505613,SUP876,FAILED,DB Supplier Not Found
4503,TD21050512,Item210505923,SUP876,FAILED,DB Supplier Not Found
4504,TD21050512,Item210505446,SUP876,FAILED,DB Supplier Not Found
4505,TD21050512,Item210505280,SUP876,FAILED,DB Supplier Not Found
4506,TD21050512,Item21050574,SUP876,FAILED,DB Supplier Not Found
4507,TD21050512,Item210505256,SUP41,FAILED,DB Supplier Not Found
4508,TD21050512,Item210505544,SUP41,FAILED,DB Supplier Not Found
4509,TD21050512,Item210505515,SUP41,FAILED,DB Supplier Not Found
4510,TD21050512,Item210505613,SUP41,FAILED,DB Supplier Not Found
4511,TD21050512,Item210505923,SUP41,FAILED,DB Supplier Not Found
4512,TD21050512,Item210505446,SUP41,FAILED,DB Supplier Not Found
4513,TD21050512,Item210505280,SUP41,FAILED,DB Supplier Not Found
4514,TD21050512,Item21050574,SUP41,FAILED,DB Supplier Not Found
4515,TD21050512,Item210505256,SUP902,FAILED,DB Supplier Not Found
4516,TD21050512,Item210505544,SUP902,FAILED,DB Supplier Not Found
4517,TD21050512,Item210505515,SUP902,FAILED,DB Supplier Not Found
4518,TD21050512,Item210505613,SUP902,FAILED,DB Supplier Not Found
4519,TD21050512,Item210505923,SUP902,FAILED,DB Supplier Not Found
4520,TD21050512,Item210505446,SUP902,FAILED,DB Supplier Not Found
4521,TD21050512,Item210505280,SUP902,FAILED,DB Supplier Not Found
4522,TD21050512,Item21050574,SUP902,FAILED,DB Supplier Not Found
4523,TD21050512,Item210505256,SUP889,FAILED,DB Supplier Not Found
4524,TD21050512,Item210505544,SUP889,FAILED,DB Supplier Not Found
4525,TD21050512,Item210505515,SUP889,FAILED,DB Supplier Not Found
4526,TD21050512,Item210505613,SUP889,FAILED,DB Supplier Not Found
4527,TD21050512,Item210505923,SUP889,FAILED,DB Supplier Not Found
4528,TD21050512,Item210505446,SUP889,FAILED,DB Supplier Not Found
4529,TD21050512,Item210505280,SUP889,FAILED,DB Supplier Not Found
4530,TD21050512,Item21050574,SUP889,FAILED,DB Supplier Not Found
4531,TD21050512,Item210505256,SUP306,FAILED,DB Supplier Not Found
4532,TD21050512,Item210505544,SUP306,FAILED,DB Supplier Not Found
4533,TD21050512,Item210505515,SUP306,FAILED,DB Supplier Not Found
4534,TD21050512,Item210505613,SUP306,FAILED,DB Supplier Not Found
4535,TD21050512,Item210505923,SUP306,FAILED,DB Supplier Not Found
4536,TD21050512,Item210505446,SUP306,FAILED,DB Supplier Not Found
4537,TD21050512,Item210505280,SUP306,FAILED,DB Supplier Not Found
4538,TD21050512,Item21050574,SUP306,FAILED,DB Supplier Not Found
4539,TD21050512,Item210505256,SUP857,FAILED,DB Supplier Not Found
4540,TD21050512,Item210505544,SUP857,FAILED,DB Supplier Not Found
4541,TD21050512,Item210505515,SUP857,FAILED,DB Supplier Not Found
4542,TD21050512,Item210505613,SUP857,FAILED,DB Supplier Not Found
4543,TD21050512,Item210505923,SUP857,FAILED,DB Supplier Not Found
4544,TD21050512,Item210505446,SUP857,FAILED,DB Supplier Not Found
4545,TD21050512,Item210505280,SUP857,FAILED,DB Supplier Not Found
4546,TD21050512,Item21050574,SUP857,FAILED,DB Supplier Not Found
4547,TD21051084,Item210510116,SUP202,FAILED,DB Supplier Not Found
4548,TD21051084,Item210510116,SUP41,FAILED,DB Supplier Not Found
4549,TD21051084,Item210510116,SUP876,FAILED,DB Supplier Not Found
4550,TD21051098,Item210510837,SUP202,FAILED,DB Supplier Not Found
4551,TD21051098,Item210510837,SUP876,FAILED,DB Supplier Not Found
4552,TD21051098,Item210510837,SUP41,FAILED,DB Supplier Not Found
4553,TD21051058,Item210510220,SUP876,FAILED,DB Supplier Not Found
4554,TD21051058,Item210510220,SUP41,FAILED,DB Supplier Not Found
4555,TD21051058,Item210510220,SUP830,FAILED,DB Supplier Not Found
4556,TD21051097,Item210510857,SUP830,FAILED,DB Supplier Not Found
4557,TD21051097,Item210510857,SUP41,FAILED,DB Supplier Not Found
4558,TD21051097,Item210510857,SUP876,FAILED,DB Supplier Not Found
4559,TD21051087,Item210510139,SUP575,FAILED,DB Supplier Not Found
4560,TD21051087,Item210510139,SUP830,FAILED,DB Supplier Not Found
4561,TD21051087,Item210510139,SUP41,FAILED,DB Supplier Not Found
4562,TD21051160,Item210511207,SUP902,FAILED,DB Supplier Not Found
4563,TD21051160,Item210511859,SUP902,FAILED,DB Supplier Not Found
4564,TD21051160,Item210511787,SUP902,FAILED,DB Supplier Not Found
4565,TD21051160,Item210511323,SUP902,FAILED,DB Supplier Not Found
4566,TD21051160,Item210511918,SUP902,FAILED,DB Supplier Not Found
4567,TD21051160,Item210511252,SUP902,FAILED,DB Supplier Not Found
4568,TD21051160,Item210511158,SUP902,FAILED,DB Supplier Not Found
4569,TD21051160,Item210511460,SUP902,FAILED,DB Supplier Not Found
4570,TD21051160,Item210511207,SUP41,FAILED,DB Supplier Not Found
4571,TD21051160,Item210511859,SUP41,FAILED,DB Supplier Not Found
4572,TD21051160,Item210511787,SUP41,FAILED,DB Supplier Not Found
4573,TD21051160,Item210511323,SUP41,FAILED,DB Supplier Not Found
4574,TD21051160,Item210511918,SUP41,FAILED,DB Supplier Not Found
4575,TD21051160,Item210511252,SUP41,FAILED,DB Supplier Not Found
4576,TD21051160,Item210511158,SUP41,FAILED,DB Supplier Not Found
4577,TD21051160,Item210511460,SUP41,FAILED,DB Supplier Not Found
4578,TD21051160,Item210511207,SUP889,FAILED,DB Supplier Not Found
4579,TD21051160,Item210511859,SUP889,FAILED,DB Supplier Not Found
4580,TD21051160,Item210511787,SUP889,FAILED,DB Supplier Not Found
4581,TD21051160,Item210511323,SUP889,FAILED,DB Supplier Not Found
4582,TD21051160,Item210511918,SUP889,FAILED,DB Supplier Not Found
4583,TD21051160,Item210511252,SUP889,FAILED,DB Supplier Not Found
4584,TD21051160,Item210511158,SUP889,FAILED,DB Supplier Not Found
4585,TD21051160,Item210511460,SUP889,FAILED,DB Supplier Not Found
4586,TD21051160,Item210511207,SUP876,FAILED,DB Supplier Not Found
4587,TD21051160,Item210511859,SUP876,FAILED,DB Supplier Not Found
4588,TD21051160,Item210511787,SUP876,FAILED,DB Supplier Not Found
4589,TD21051160,Item210511323,SUP876,FAILED,DB Supplier Not Found
4590,TD21051160,Item210511918,SUP876,FAILED,DB Supplier Not Found
4591,TD21051160,Item210511252,SUP876,FAILED,DB Supplier Not Found
4592,TD21051160,Item210511158,SUP876,FAILED,DB Supplier Not Found
4593,TD21051160,Item210511460,SUP876,FAILED,DB Supplier Not Found
4594,TD21051160,Item210511207,SUP684,FAILED,DB Supplier Not Found
4595,TD21051160,Item210511859,SUP684,FAILED,DB Supplier Not Found
4596,TD21051160,Item210511787,SUP684,FAILED,DB Supplier Not Found
4597,TD21051160,Item210511323,SUP684,FAILED,DB Supplier Not Found
4598,TD21051160,Item210511918,SUP684,FAILED,DB Supplier Not Found
4599,TD21051160,Item210511252,SUP684,FAILED,DB Supplier Not Found
4600,TD21051160,Item210511158,SUP684,FAILED,DB Supplier Not Found
4601,TD21051160,Item210511460,SUP684,FAILED,DB Supplier Not Found
4602,TD21051160,Item210511207,SUP857,FAILED,DB Supplier Not Found
4603,TD21051160,Item210511859,SUP857,FAILED,DB Supplier Not Found
4604,TD21051160,Item210511787,SUP857,FAILED,DB Supplier Not Found
4605,TD21051160,Item210511323,SUP857,FAILED,DB Supplier Not Found
4606,TD21051160,Item210511918,SUP857,FAILED,DB Supplier Not Found
4607,TD21051160,Item210511252,SUP857,FAILED,DB Supplier Not Found
4608,TD21051160,Item210511158,SUP857,FAILED,DB Supplier Not Found
4609,TD21051160,Item210511460,SUP857,FAILED,DB Supplier Not Found
4610,TD21051160,Item210511207,SUP306,FAILED,DB Supplier Not Found
4611,TD21051160,Item210511859,SUP306,FAILED,DB Supplier Not Found
4612,TD21051160,Item210511787,SUP306,FAILED,DB Supplier Not Found
4613,TD21051160,Item210511323,SUP306,FAILED,DB Supplier Not Found
4614,TD21051160,Item210511918,SUP306,FAILED,DB Supplier Not Found
4615,TD21051160,Item210511252,SUP306,FAILED,DB Supplier Not Found
4616,TD21051160,Item210511158,SUP306,FAILED,DB Supplier Not Found
4617,TD21051160,Item210511460,SUP306,FAILED,DB Supplier Not Found
4618,TD21051138,Item210511771,SUP946,FAILED,DB Supplier Not Found
4619,TD21051138,Item210511771,SUP581,FAILED,DB Supplier Not Found
4620,TD21051138,Item210511771,SUP241,FAILED,DB Supplier Not Found
4621,TD21051138,Item210511771,SUP460,FAILED,DB Supplier Not Found
4622,TD21051138,Item210511771,SUP416,FAILED,DB Supplier Not Found
4623,TD21051199,Item210511613,SUP946,FAILED,DB Supplier Not Found
4624,TD21051199,Item210511613,SUP581,FAILED,DB Supplier Not Found
4625,TD21051199,Item210511613,SUP460,FAILED,DB Supplier Not Found
4626,TD21051199,Item210511613,SUP241,FAILED,DB Supplier Not Found
4627,TD2105123,Item210512296,SUP575,FAILED,DB Supplier Not Found
4628,TD2105123,Item210512296,SUP830,FAILED,DB Supplier Not Found
4629,TD21051278,Item210512253,SUP575,FAILED,DB Supplier Not Found
4630,TD21051278,Item210512253,SUP830,FAILED,DB Supplier Not Found
4631,TD21051273,Item210512206,SUP575,FAILED,DB Supplier Not Found
4632,TD21051273,Item210512206,SUP830,FAILED,DB Supplier Not Found
4633,TD21051273,Item210512206,SUP830,FAILED,DB Supplier Not Found
4634,TD21051288,Item21051211,SUP575,FAILED,DB Supplier Not Found
4635,TD21051288,Item21051211,SUP830,FAILED,DB Supplier Not Found
4636,TD21051253,Item210512457,SUP575,FAILED,DB Supplier Not Found
4637,TD21051253,Item210512457,SUP830,FAILED,DB Supplier Not Found
4638,TD21051378,Item210513328,SUP575,FAILED,DB Supplier Not Found
4639,TD21051378,Item210513328,SUP830,FAILED,DB Supplier Not Found
4640,TD21051384,Item210513674,SUP575,FAILED,DB Supplier Not Found
4641,TD21051384,Item210513674,SUP830,FAILED,DB Supplier Not Found
4642,TD21051960,Item210519266,SUP830,FAILED,DB Supplier Not Found
4643,TD21052087,Item210520105,SUP614,FAILED,Schedule Not Found
4644,TD21052083,Item210520483,SUP614,FAILED,Schedule Not Found
4645,TD21052089,Item210520987,SUP614,FAILED,DB Supplier Not Found
4646,TD21052089,Item210520987,SUP430,FAILED,DB Supplier Not Found
4647,TD21052089,Item210520987,SUP617,FAILED,DB Supplier Not Found
4648,TD21052089,Item210520987,SUP944,FAILED,DB Supplier Not Found
4649,TD21052091,Item210520391,SUP30,FAILED,Schedule Not Found
4650,TD21052022,Item210520174,SUP30,FAILED,Schedule Not Found
4651,TD21052069,Item21052058,SUP322,FAILED,DB Supplier Not Found
4652,TD21052069,Item21052058,SUP140,FAILED,DB Supplier Not Found
4653,TD21052069,Item21052058,SUP947,FAILED,DB Supplier Not Found
4654,TD21052069,Item21052058,SUP827,FAILED,DB Supplier Not Found
4655,TD21052069,Item21052058,SUP216,FAILED,DB Supplier Not Found
4656,TD21052069,Item21052058,SUP306,FAILED,DB Supplier Not Found
4657,TD21052069,Item21052058,SUP234,FAILED,DB Supplier Not Found
4658,TD21052069,Item21052058,SUP93,FAILED,DB Supplier Not Found
4659,TD21052113,Item210521732,SUP141,FAILED,DB Supplier Not Found
4660,TD21052113,Item210521732,SUP677,FAILED,DB Supplier Not Found
4661,TD21052113,Item210521732,SUP40,FAILED,DB Supplier Not Found
4662,TD21052492,Item21052429,SUP338,FAILED,DB Supplier Not Found
4663,TD21052492,Item21052429,SUP66,FAILED,DB Supplier Not Found
4664,TD21052660,Item210526135,SUP876,FAILED,DB Supplier Not Found
4665,TD21052660,Item210526927,SUP876,FAILED,DB Supplier Not Found
4666,TD21052660,Item210526456,SUP876,FAILED,DB Supplier Not Found
4667,TD21052660,Item210526457,SUP876,FAILED,DB Supplier Not Found
4668,TD21052660,Item210526135,SUP902,FAILED,DB Supplier Not Found
4669,TD21052660,Item210526927,SUP902,FAILED,DB Supplier Not Found
4670,TD21052660,Item210526456,SUP902,FAILED,DB Supplier Not Found
4671,TD21052660,Item210526457,SUP902,FAILED,DB Supplier Not Found
4672,TD21052660,Item210526135,SUP889,FAILED,DB Supplier Not Found
4673,TD21052660,Item210526927,SUP889,FAILED,DB Supplier Not Found
4674,TD21052660,Item210526456,SUP889,FAILED,DB Supplier Not Found
4675,TD21052660,Item210526457,SUP889,FAILED,DB Supplier Not Found
4676,TD21052660,Item210526135,SUP306,FAILED,DB Supplier Not Found
4677,TD21052660,Item210526927,SUP306,FAILED,DB Supplier Not Found
4678,TD21052660,Item210526456,SUP306,FAILED,DB Supplier Not Found
4679,TD21052660,Item210526457,SUP306,FAILED,DB Supplier Not Found
4680,TD21052660,Item210526135,SUP306,FAILED,DB Supplier Not Found
4681,TD21052660,Item210526927,SUP306,FAILED,DB Supplier Not Found
4682,TD21052660,Item210526456,SUP306,FAILED,DB Supplier Not Found
4683,TD21052660,Item210526457,SUP306,FAILED,DB Supplier Not Found
4684,TD21052660,Item210526135,SUP306,FAILED,DB Supplier Not Found
4685,TD21052660,Item210526927,SUP306,FAILED,DB Supplier Not Found
4686,TD21052660,Item210526456,SUP306,FAILED,DB Supplier Not Found
4687,TD21052660,Item210526457,SUP306,FAILED,DB Supplier Not Found
4688,TD21052660,Item210526135,SUP41,FAILED,DB Supplier Not Found
4689,TD21052660,Item210526927,SUP41,FAILED,DB Supplier Not Found
4690,TD21052660,Item210526456,SUP41,FAILED,DB Supplier Not Found
4691,TD21052660,Item210526457,SUP41,FAILED,DB Supplier Not Found
4692,TD21052660,Item210526135,SUP684,FAILED,DB Supplier Not Found
4693,TD21052660,Item210526927,SUP684,FAILED,DB Supplier Not Found
4694,TD21052660,Item210526456,SUP684,FAILED,DB Supplier Not Found
4695,TD21052660,Item210526457,SUP684,FAILED,DB Supplier Not Found
4696,TD21052660,Item210526135,SUP857,FAILED,DB Supplier Not Found
4697,TD21052660,Item210526927,SUP857,FAILED,DB Supplier Not Found
4698,TD21052660,Item210526456,SUP857,FAILED,DB Supplier Not Found
4699,TD21052660,Item210526457,SUP857,FAILED,DB Supplier Not Found
4700,TD21052670,Item210526402,SUP857,FAILED,DB Supplier Not Found
4701,TD21052670,Item210526362,SUP857,FAILED,DB Supplier Not Found
4702,TD21052670,Item210526332,SUP857,FAILED,DB Supplier Not Found
4703,TD21052670,Item210526238,SUP857,FAILED,DB Supplier Not Found
4704,TD21052670,Item210526402,SUP889,FAILED,DB Supplier Not Found
4705,TD21052670,Item210526362,SUP889,FAILED,DB Supplier Not Found
4706,TD21052670,Item210526332,SUP889,FAILED,DB Supplier Not Found
4707,TD21052670,Item210526238,SUP889,FAILED,DB Supplier Not Found
4708,TD21052670,Item210526402,SUP684,FAILED,DB Supplier Not Found
4709,TD21052670,Item210526362,SUP684,FAILED,DB Supplier Not Found
4710,TD21052670,Item210526332,SUP684,FAILED,DB Supplier Not Found
4711,TD21052670,Item210526238,SUP684,FAILED,DB Supplier Not Found
4712,TD21052670,Item210526402,SUP41,FAILED,DB Supplier Not Found
4713,TD21052670,Item210526362,SUP41,FAILED,DB Supplier Not Found
4714,TD21052670,Item210526332,SUP41,FAILED,DB Supplier Not Found
4715,TD21052670,Item210526238,SUP41,FAILED,DB Supplier Not Found
4716,TD21052670,Item210526402,SUP306,FAILED,DB Supplier Not Found
4717,TD21052670,Item210526362,SUP306,FAILED,DB Supplier Not Found
4718,TD21052670,Item210526332,SUP306,FAILED,DB Supplier Not Found
4719,TD21052670,Item210526238,SUP306,FAILED,DB Supplier Not Found
4720,TD21052670,Item210526402,SUP902,FAILED,DB Supplier Not Found
4721,TD21052670,Item210526362,SUP902,FAILED,DB Supplier Not Found
4722,TD21052670,Item210526332,SUP902,FAILED,DB Supplier Not Found
4723,TD21052670,Item210526238,SUP902,FAILED,DB Supplier Not Found
4724,TD21052670,Item210526402,SUP876,FAILED,DB Supplier Not Found
4725,TD21052670,Item210526362,SUP876,FAILED,DB Supplier Not Found
4726,TD21052670,Item210526332,SUP876,FAILED,DB Supplier Not Found
4727,TD21052670,Item210526238,SUP876,FAILED,DB Supplier Not Found
4728,TD21052749,Item21052745,SUP4,FAILED,Schedule Not Found
4729,TD21052749,Item21052745,SUP66,FAILED,Schedule Not Found
4730,TD21052749,Item21052745,SUP832,FAILED,Schedule Not Found
4731,TD21052749,Item21052745,SUP167,FAILED,Schedule Not Found
4732,TD21052749,Item21052745,SUP216,FAILED,Schedule Not Found
4733,TD21052749,Item21052745,SUP320,FAILED,Schedule Not Found
4734,TD21052749,Item21052745,SUP171,FAILED,Schedule Not Found
4735,TD21052749,Item21052745,SUP827,FAILED,Schedule Not Found
4736,TD21052749,Item21052745,SUP783,FAILED,Schedule Not Found
4737,TD21052749,Item21052745,SUP889,FAILED,Schedule Not Found
4738,TD21052749,Item21052745,SUP962,FAILED,Schedule Not Found
4739,TD21052749,Item21052745,SUP234,FAILED,Schedule Not Found
4740,TD21052749,Item21052745,SUP527,FAILED,Schedule Not Found
4741,TD21052749,Item21052745,SUP611,FAILED,Schedule Not Found
4742,TD21052749,Item21052745,SUP947,FAILED,Schedule Not Found
4743,TD21041657,Item21052745,SUP960,FAILED,DB Supplier Not Found
4744,TD21041657,Item210416988,SUP960,FAILED,DB Supplier Not Found
4745,TD21041657,Item210416988,SUP947,FAILED,DB Supplier Not Found
4746,TD21041657,Item210416988,SUP947,FAILED,DB Supplier Not Found
4747,TD21041657,Item210416988,SUP947,FAILED,DB Supplier Not Found
4748,TD2105272,Item210527631,SUP4,FAILED,DB Supplier Not Found
4749,TD2105272,Item210527631,SUP66,FAILED,DB Supplier Not Found
4750,TD2105272,Item210527631,SUP832,FAILED,DB Supplier Not Found
4751,TD2105272,Item210527631,SUP167,FAILED,DB Supplier Not Found
4752,TD2105272,Item210527631,SUP216,FAILED,DB Supplier Not Found
4753,TD2105272,Item210527631,SUP320,FAILED,DB Supplier Not Found
4754,TD2105272,Item210527631,SUP171,FAILED,DB Supplier Not Found
4755,TD2105272,Item210527631,SUP827,FAILED,DB Supplier Not Found
4756,TD2105272,Item210527631,SUP783,FAILED,DB Supplier Not Found
4757,TD2105272,Item210527631,SUP889,FAILED,DB Supplier Not Found
4758,TD2105272,Item210527631,SUP962,FAILED,DB Supplier Not Found
4759,TD2105272,Item210527631,SUP76,FAILED,DB Supplier Not Found
4760,TD2105272,Item210527631,SUP527,FAILED,DB Supplier Not Found
4761,TD2105272,Item210527631,SUP611,FAILED,DB Supplier Not Found
4762,TD2105272,Item210527631,SUP947,FAILED,DB Supplier Not Found
4763,TD2105272,Item210527631,SUP960,FAILED,DB Supplier Not Found
4764,TD2105272,Item210527631,SUP322,FAILED,DB Supplier Not Found
4765,TD2105272,Item210527631,SUP628,FAILED,DB Supplier Not Found
4766,TD2105272,Item210527631,SUP308,FAILED,DB Supplier Not Found
4767,TD2105272,Item210527631,SUP612,FAILED,DB Supplier Not Found
4768,TD21052841,Item210528538,SUP857,FAILED,DB Supplier Not Found
4769,TD21052841,Item210528316,SUP857,FAILED,DB Supplier Not Found
4770,TD21052841,Item210528841,SUP857,FAILED,DB Supplier Not Found
4771,TD21052841,Item21052881,SUP857,FAILED,DB Supplier Not Found
4772,TD21052841,Item210528274,SUP857,FAILED,DB Supplier Not Found
4773,TD21052841,Item210528324,SUP857,FAILED,DB Supplier Not Found
4774,TD21052841,Item210528375,SUP857,FAILED,DB Supplier Not Found
4775,TD21052841,Item210528866,SUP857,FAILED,DB Supplier Not Found
4776,TD21052841,Item210528538,SUP889,FAILED,DB Supplier Not Found
4777,TD21052841,Item210528316,SUP889,FAILED,DB Supplier Not Found
4778,TD21052841,Item210528841,SUP889,FAILED,DB Supplier Not Found
4779,TD21052841,Item21052881,SUP889,FAILED,DB Supplier Not Found
4780,TD21052841,Item210528274,SUP889,FAILED,DB Supplier Not Found
4781,TD21052841,Item210528324,SUP889,FAILED,DB Supplier Not Found
4782,TD21052841,Item210528375,SUP889,FAILED,DB Supplier Not Found
4783,TD21052841,Item210528866,SUP889,FAILED,DB Supplier Not Found
4784,TD21052841,Item210528538,SUP684,FAILED,DB Supplier Not Found
4785,TD21052841,Item210528316,SUP684,FAILED,DB Supplier Not Found
4786,TD21052841,Item210528841,SUP684,FAILED,DB Supplier Not Found
4787,TD21052841,Item21052881,SUP684,FAILED,DB Supplier Not Found
4788,TD21052841,Item210528274,SUP684,FAILED,DB Supplier Not Found
4789,TD21052841,Item210528324,SUP684,FAILED,DB Supplier Not Found
4790,TD21052841,Item210528375,SUP684,FAILED,DB Supplier Not Found
4791,TD21052841,Item210528866,SUP684,FAILED,DB Supplier Not Found
4792,TD21052841,Item210528538,SUP41,FAILED,DB Supplier Not Found
4793,TD21052841,Item210528316,SUP41,FAILED,DB Supplier Not Found
4794,TD21052841,Item210528841,SUP41,FAILED,DB Supplier Not Found
4795,TD21052841,Item21052881,SUP41,FAILED,DB Supplier Not Found
4796,TD21052841,Item210528274,SUP41,FAILED,DB Supplier Not Found
4797,TD21052841,Item210528324,SUP41,FAILED,DB Supplier Not Found
4798,TD21052841,Item210528375,SUP41,FAILED,DB Supplier Not Found
4799,TD21052841,Item210528866,SUP41,FAILED,DB Supplier Not Found
4800,TD21052841,Item210528538,SUP306,FAILED,DB Supplier Not Found
4801,TD21052841,Item210528316,SUP306,FAILED,DB Supplier Not Found
4802,TD21052841,Item210528841,SUP306,FAILED,DB Supplier Not Found
4803,TD21052841,Item21052881,SUP306,FAILED,DB Supplier Not Found
4804,TD21052841,Item210528274,SUP306,FAILED,DB Supplier Not Found
4805,TD21052841,Item210528324,SUP306,FAILED,DB Supplier Not Found
4806,TD21052841,Item210528375,SUP306,FAILED,DB Supplier Not Found
4807,TD21052841,Item210528866,SUP306,FAILED,DB Supplier Not Found
4808,TD21052841,Item210528538,SUP902,FAILED,DB Supplier Not Found
4809,TD21052841,Item210528316,SUP902,FAILED,DB Supplier Not Found
4810,TD21052841,Item210528841,SUP902,FAILED,DB Supplier Not Found
4811,TD21052841,Item21052881,SUP902,FAILED,DB Supplier Not Found
4812,TD21052841,Item210528274,SUP902,FAILED,DB Supplier Not Found
4813,TD21052841,Item210528324,SUP902,FAILED,DB Supplier Not Found
4814,TD21052841,Item210528375,SUP902,FAILED,DB Supplier Not Found
4815,TD21052841,Item210528866,SUP902,FAILED,DB Supplier Not Found
4816,TD21052841,Item210528538,SUP876,FAILED,DB Supplier Not Found
4817,TD21052841,Item210528316,SUP876,FAILED,DB Supplier Not Found
4818,TD21052841,Item210528841,SUP876,FAILED,DB Supplier Not Found
4819,TD21052841,Item21052881,SUP876,FAILED,DB Supplier Not Found
4820,TD21052841,Item210528274,SUP876,FAILED,DB Supplier Not Found
4821,TD21052841,Item210528324,SUP876,FAILED,DB Supplier Not Found
4822,TD21052841,Item210528375,SUP876,FAILED,DB Supplier Not Found
4823,TD21052841,Item210528866,SUP876,FAILED,DB Supplier Not Found
4824,TD21052819,Item210528253,SUP588,FAILED,DB Supplier Not Found
4825,TD21052819,Item210528382,SUP588,FAILED,DB Supplier Not Found
4826,TD21052819,Item210528407,SUP588,FAILED,DB Supplier Not Found
4827,TD21052819,Item210528790,SUP588,FAILED,DB Supplier Not Found
4828,TD21052819,Item210528429,SUP588,FAILED,DB Supplier Not Found
4829,TD21052819,Item210528698,SUP588,FAILED,DB Supplier Not Found
4830,TD21052819,Item210528253,SUP611,FAILED,DB Supplier Not Found
4831,TD21052819,Item210528382,SUP611,FAILED,DB Supplier Not Found
4832,TD21052819,Item210528407,SUP611,FAILED,DB Supplier Not Found
4833,TD21052819,Item210528790,SUP611,FAILED,DB Supplier Not Found
4834,TD21052819,Item210528429,SUP611,FAILED,DB Supplier Not Found
4835,TD21052819,Item210528698,SUP611,FAILED,DB Supplier Not Found
4836,TD21052819,Item210528253,SUP145,FAILED,DB Supplier Not Found
4837,TD21052819,Item210528382,SUP145,FAILED,DB Supplier Not Found
4838,TD21052819,Item210528407,SUP145,FAILED,DB Supplier Not Found
4839,TD21052819,Item210528790,SUP145,FAILED,DB Supplier Not Found
4840,TD21052819,Item210528429,SUP145,FAILED,DB Supplier Not Found
4841,TD21052819,Item210528698,SUP145,FAILED,DB Supplier Not Found
4842,TD21052892,Item210528141,SUP588,FAILED,DB Supplier Not Found
4843,TD21052892,Item21052840,SUP588,FAILED,DB Supplier Not Found
4844,TD21052892,Item210528997,SUP588,FAILED,DB Supplier Not Found
4845,TD21052892,Item210528352,SUP588,FAILED,DB Supplier Not Found
4846,TD21052892,Item210528434,SUP588,FAILED,DB Supplier Not Found
4847,TD21052892,Item210528141,SUP611,FAILED,DB Supplier Not Found
4848,TD21052892,Item21052840,SUP611,FAILED,DB Supplier Not Found
4849,TD21052892,Item210528997,SUP611,FAILED,DB Supplier Not Found
4850,TD21052892,Item210528352,SUP611,FAILED,DB Supplier Not Found
4851,TD21052892,Item210528434,SUP611,FAILED,DB Supplier Not Found
4852,TD21052892,Item210528141,SUP145,FAILED,DB Supplier Not Found
4853,TD21052892,Item21052840,SUP145,FAILED,DB Supplier Not Found
4854,TD21052892,Item210528997,SUP145,FAILED,DB Supplier Not Found
4855,TD21052892,Item210528352,SUP145,FAILED,DB Supplier Not Found
4856,TD21052892,Item210528434,SUP145,FAILED,DB Supplier Not Found
4857,TD21053169,Item210531929,SUP588,FAILED,DB Supplier Not Found
4858,TD21053169,Item210531526,SUP588,FAILED,DB Supplier Not Found
4859,TD21053169,Item210531850,SUP588,FAILED,DB Supplier Not Found
4860,TD21053169,Item210531993,SUP588,FAILED,DB Supplier Not Found
4861,TD21053169,Item210531150,SUP588,FAILED,DB Supplier Not Found
4862,TD21053169,Item210531714,SUP588,FAILED,DB Supplier Not Found
4863,TD21053169,Item210531929,SUP145,FAILED,DB Supplier Not Found
4864,TD21053169,Item210531526,SUP145,FAILED,DB Supplier Not Found
4865,TD21053169,Item210531850,SUP145,FAILED,DB Supplier Not Found
4866,TD21053169,Item210531993,SUP145,FAILED,DB Supplier Not Found
4867,TD21053169,Item210531150,SUP145,FAILED,DB Supplier Not Found
4868,TD21053169,Item210531714,SUP145,FAILED,DB Supplier Not Found
4869,TD21053169,Item210531929,SUP611,FAILED,DB Supplier Not Found
4870,TD21053169,Item210531526,SUP611,FAILED,DB Supplier Not Found
4871,TD21053169,Item210531850,SUP611,FAILED,DB Supplier Not Found
4872,TD21053169,Item210531993,SUP611,FAILED,DB Supplier Not Found
4873,TD21053169,Item210531150,SUP611,FAILED,DB Supplier Not Found
4874,TD21053169,Item210531714,SUP611,FAILED,DB Supplier Not Found
4875,TD21053135,Item210531311,SUP11,FAILED,DB Supplier Not Found
4876,TD21053135,Item210531311,SUP947,FAILED,DB Supplier Not Found
4877,TD21053135,Item210531311,SUP306,FAILED,DB Supplier Not Found
4878,TD21060242,Item210602759,SUP438,FAILED,DB Supplier Not Found
4879,TD21060242,Item210602759,SUP684,FAILED,DB Supplier Not Found
4880,TD21060384,Item210603776,SUP438,FAILED,DB Supplier Not Found
4881,TD21060384,Item210603776,SUP269,FAILED,DB Supplier Not Found
4882,TD21060384,Item210603776,SUP314,FAILED,DB Supplier Not Found
4883,TD21060310,Item210603827,SUP438,FAILED,DB Supplier Not Found
4884,TD21060310,Item210603827,SUP269,FAILED,DB Supplier Not Found
4885,TD21060310,Item210603827,SUP314,FAILED,DB Supplier Not Found
4886,TD21060327,Item21060382,SUP4,FAILED,DB Supplier Not Found
4887,TD21060327,Item21060382,SUP66,FAILED,DB Supplier Not Found
4888,TD21060327,Item21060382,SUP832,FAILED,DB Supplier Not Found
4889,TD21060327,Item21060382,SUP167,FAILED,DB Supplier Not Found
4890,TD21060327,Item21060382,SUP216,FAILED,DB Supplier Not Found
4891,TD21060327,Item21060382,SUP320,FAILED,DB Supplier Not Found
4892,TD21060327,Item21060382,SUP171,FAILED,DB Supplier Not Found
4893,TD21060327,Item21060382,SUP827,FAILED,DB Supplier Not Found
4894,TD21060327,Item21060382,SUP783,FAILED,DB Supplier Not Found
4895,TD21060327,Item21060382,SUP889,FAILED,DB Supplier Not Found
4896,TD21060327,Item21060382,SUP962,FAILED,DB Supplier Not Found
4897,TD21060327,Item21060382,SUP76,FAILED,DB Supplier Not Found
4898,TD21060327,Item21060382,SUP527,FAILED,DB Supplier Not Found
4899,TD21060327,Item21060382,SUP611,FAILED,DB Supplier Not Found
4900,TD21060327,Item21060382,SUP947,FAILED,DB Supplier Not Found
4901,TD21060327,Item21060382,SUP960,FAILED,DB Supplier Not Found
4902,TD21060327,Item21060382,SUP322,FAILED,DB Supplier Not Found
4903,TD21060327,Item21060382,SUP628,FAILED,DB Supplier Not Found
4904,TD21060327,Item21060382,SUP308,FAILED,DB Supplier Not Found
4905,TD21060327,Item21060382,SUP612,FAILED,DB Supplier Not Found
4906,TD21060386,Item210603281,SUP322,FAILED,DB Supplier Not Found
4907,TD21060386,Item210603281,SUP140,FAILED,DB Supplier Not Found
4908,TD21060386,Item210603281,SUP947,FAILED,DB Supplier Not Found
4909,TD21060386,Item210603281,SUP827,FAILED,DB Supplier Not Found
4910,TD21060386,Item210603281,SUP216,FAILED,DB Supplier Not Found
4911,TD21060386,Item210603281,SUP306,FAILED,DB Supplier Not Found
4912,TD21060386,Item210603281,SUP234,FAILED,DB Supplier Not Found
4913,TD21060386,Item210603281,SUP93,FAILED,DB Supplier Not Found
4914,TD21060741,Item210607841,SUP876,FAILED,DB Supplier Not Found
4915,TD21060741,Item210607389,SUP876,FAILED,DB Supplier Not Found
4916,TD21060741,Item210607129,SUP876,FAILED,DB Supplier Not Found
4917,TD21060741,Item210607673,SUP876,FAILED,DB Supplier Not Found
4918,TD21060741,Item210607841,SUP57,FAILED,DB Supplier Not Found
4919,TD21060741,Item210607389,SUP57,FAILED,DB Supplier Not Found
4920,TD21060741,Item210607129,SUP57,FAILED,DB Supplier Not Found
4921,TD21060741,Item210607673,SUP57,FAILED,DB Supplier Not Found
4922,TD21060741,Item210607841,SUP366,FAILED,DB Supplier Not Found
4923,TD21060741,Item210607389,SUP366,FAILED,DB Supplier Not Found
4924,TD21060741,Item210607129,SUP366,FAILED,DB Supplier Not Found
4925,TD21060741,Item210607673,SUP366,FAILED,DB Supplier Not Found
4926,TD21060741,Item210607841,SUP830,FAILED,DB Supplier Not Found
4927,TD21060741,Item210607389,SUP830,FAILED,DB Supplier Not Found
4928,TD21060741,Item210607129,SUP830,FAILED,DB Supplier Not Found
4929,TD21060741,Item210607673,SUP830,FAILED,DB Supplier Not Found
4930,TD21060833,Item210608955,SUP40,FAILED,DB Supplier Not Found
4931,TD21060833,Item210608955,SUP293,FAILED,DB Supplier Not Found
4932,TD21060986,Item210609419,SUP293,FAILED,DB Supplier Not Found
4933,TD21060986,Item210609419,SUP780,FAILED,DB Supplier Not Found
4934,TD21060921,Item210609407,SUP780,FAILED,DB Supplier Not Found
4935,TD21061059,Item210610730,SUP630,FAILED,DB Supplier Not Found
4936,TD21061059,Item210610730,SUP722,FAILED,DB Supplier Not Found
4937,TD21061059,Item210610730,SUP366,FAILED,DB Supplier Not Found
4938,TD21061059,Item210610730,SUP205,FAILED,DB Supplier Not Found
4939,TD21061059,Item210610730,SUP830,FAILED,DB Supplier Not Found
4940,TD21061059,Item210610730,SUP876,FAILED,DB Supplier Not Found
4941,TD21061014,Item210610468,SUP41,FAILED,DB Supplier Not Found
4942,TD21061014,Item21061027,SUP41,FAILED,DB Supplier Not Found
4943,TD21061014,Item210610686,SUP41,FAILED,DB Supplier Not Found
4944,TD21061014,Item210610468,SUP830,FAILED,DB Supplier Not Found
4945,TD21061014,Item21061027,SUP830,FAILED,DB Supplier Not Found
4946,TD21061014,Item210610686,SUP830,FAILED,DB Supplier Not Found
4947,TD21061014,Item210610468,SUP57,FAILED,DB Supplier Not Found
4948,TD21061014,Item21061027,SUP57,FAILED,DB Supplier Not Found
4949,TD21061014,Item210610686,SUP57,FAILED,DB Supplier Not Found
4950,TD21061014,Item210610468,SUP366,FAILED,DB Supplier Not Found
4951,TD21061014,Item21061027,SUP366,FAILED,DB Supplier Not Found
4952,TD21061014,Item210610686,SUP366,FAILED,DB Supplier Not Found
4953,TD21061014,Item210610468,SUP876,FAILED,DB Supplier Not Found
4954,TD21061014,Item21061027,SUP876,FAILED,DB Supplier Not Found
4955,TD21061014,Item210610686,SUP876,FAILED,DB Supplier Not Found
4956,TD21061037,Item210610575,SUP876,FAILED,DB Supplier Not Found
4957,TD21061037,Item210610298,SUP876,FAILED,DB Supplier Not Found
4958,TD21061037,Item210610575,SUP669,FAILED,DB Supplier Not Found
4959,TD21061037,Item210610298,SUP669,FAILED,DB Supplier Not Found
4960,TD21061037,Item210610575,SUP205,FAILED,DB Supplier Not Found
4961,TD21061037,Item210610298,SUP205,FAILED,DB Supplier Not Found
4962,TD21061037,Item210610575,SUP76,FAILED,DB Supplier Not Found
4963,TD21061037,Item210610298,SUP76,FAILED,DB Supplier Not Found
4964,TD21061037,Item210610575,SUP581,FAILED,DB Supplier Not Found
4965,TD21061037,Item210610298,SUP581,FAILED,DB Supplier Not Found
4966,TD2106103,Item210610305,SUP36,FAILED,DB Supplier Not Found
4967,TD2106103,Item210610633,SUP36,FAILED,DB Supplier Not Found
4968,TD2106103,Item210610362,SUP36,FAILED,DB Supplier Not Found
4969,TD2106103,Item210610609,SUP36,FAILED,DB Supplier Not Found
4970,TD2106103,Item210610408,SUP36,FAILED,DB Supplier Not Found
4971,TD2106103,Item210610643,SUP36,FAILED,DB Supplier Not Found
4972,TD2106103,Item210610725,SUP36,FAILED,DB Supplier Not Found
4973,TD2106103,Item210610305,SUP366,FAILED,DB Supplier Not Found
4974,TD2106103,Item210610633,SUP366,FAILED,DB Supplier Not Found
4975,TD2106103,Item210610362,SUP366,FAILED,DB Supplier Not Found
4976,TD2106103,Item210610609,SUP366,FAILED,DB Supplier Not Found
4977,TD2106103,Item210610408,SUP366,FAILED,DB Supplier Not Found
4978,TD2106103,Item210610643,SUP366,FAILED,DB Supplier Not Found
4979,TD2106103,Item210610725,SUP366,FAILED,DB Supplier Not Found
4980,TD2106103,Item210610305,SUP433,FAILED,DB Supplier Not Found
4981,TD2106103,Item210610633,SUP433,FAILED,DB Supplier Not Found
4982,TD2106103,Item210610362,SUP433,FAILED,DB Supplier Not Found
4983,TD2106103,Item210610609,SUP433,FAILED,DB Supplier Not Found
4984,TD2106103,Item210610408,SUP433,FAILED,DB Supplier Not Found
4985,TD2106103,Item210610643,SUP433,FAILED,DB Supplier Not Found
4986,TD2106103,Item210610725,SUP433,FAILED,DB Supplier Not Found
4987,TD2106103,Item210610305,SUP830,FAILED,DB Supplier Not Found
4988,TD2106103,Item210610633,SUP830,FAILED,DB Supplier Not Found
4989,TD2106103,Item210610362,SUP830,FAILED,DB Supplier Not Found
4990,TD2106103,Item210610609,SUP830,FAILED,DB Supplier Not Found
4991,TD2106103,Item210610408,SUP830,FAILED,DB Supplier Not Found
4992,TD2106103,Item210610643,SUP830,FAILED,DB Supplier Not Found
4993,TD2106103,Item210610725,SUP830,FAILED,DB Supplier Not Found
4994,TD2106103,Item210610305,SUP57,FAILED,DB Supplier Not Found
4995,TD2106103,Item210610633,SUP57,FAILED,DB Supplier Not Found
4996,TD2106103,Item210610362,SUP57,FAILED,DB Supplier Not Found
4997,TD2106103,Item210610609,SUP57,FAILED,DB Supplier Not Found
4998,TD2106103,Item210610408,SUP57,FAILED,DB Supplier Not Found
4999,TD2106103,Item210610643,SUP57,FAILED,DB Supplier Not Found
5000,TD2106103,Item210610725,SUP57,FAILED,DB Supplier Not Found
5001,TD2106103,Item210610305,SUP876,FAILED,DB Supplier Not Found
5002,TD2106103,Item210610633,SUP876,FAILED,DB Supplier Not Found
5003,TD2106103,Item210610362,SUP876,FAILED,DB Supplier Not Found
5004,TD2106103,Item210610609,SUP876,FAILED,DB Supplier Not Found
5005,TD2106103,Item210610408,SUP876,FAILED,DB Supplier Not Found
5006,TD2106103,Item210610643,SUP876,FAILED,DB Supplier Not Found
5007,TD2106103,Item210610725,SUP876,FAILED,DB Supplier Not Found
5008,TD21061185,Item210611607,SUP944,FAILED,DB Supplier Not Found
5009,TD21061185,Item210611324,SUP944,FAILED,DB Supplier Not Found
5010,TD21061185,Item210611607,SUP413,FAILED,DB Supplier Not Found
5011,TD21061185,Item210611324,SUP413,FAILED,DB Supplier Not Found
5012,TD21061185,Item210611607,SUP857,FAILED,DB Supplier Not Found
5013,TD21061185,Item210611324,SUP857,FAILED,DB Supplier Not Found
5014,TD21061185,Item210611607,SUP200,FAILED,DB Supplier Not Found
5015,TD21061185,Item210611324,SUP200,FAILED,DB Supplier Not Found
5016,TD21061450,Item21061454,SUP50,FAILED,DB Supplier Not Found
5017,TD21061450,Item21061454,SUP944,FAILED,DB Supplier Not Found
5018,TD21061450,Item21061454,SUP468,FAILED,DB Supplier Not Found
5019,TD21061634,Item210616462,SUP588,FAILED,Schedule Not Found
5020,TD21061634,Item210616218,SUP588,FAILED,Schedule Not Found
5021,TD21061634,Item210616472,SUP588,FAILED,Schedule Not Found
5022,TD21061634,Item210616174,SUP588,FAILED,Schedule Not Found
5023,TD21061634,Item210616615,SUP588,FAILED,Schedule Not Found
5024,TD21061634,Item210616733,SUP588,FAILED,Schedule Not Found
5025,TD21061677,Item210616492,SUP588,FAILED,DB Supplier Not Found
5026,TD21061677,Item210616492,SUP572,FAILED,DB Supplier Not Found
5027,TD21061614,Item210616474,SUP468,FAILED,DB Supplier Not Found
5028,TD21061614,Item210616474,SUP306,FAILED,DB Supplier Not Found
5029,TD21061614,Item210616474,SUP205,FAILED,DB Supplier Not Found
5030,TD21061614,Item210616474,SUP314,FAILED,DB Supplier Not Found
5031,TD21061750,Item21061752,SUP572,FAILED,DB Supplier Not Found
5032,TD21061750,Item21061752,SUP588,FAILED,DB Supplier Not Found
5033,TD21061750,Item21061752,SUP145,FAILED,DB Supplier Not Found
5034,TD21061749,Item210617537,SUP588,FAILED,DB Supplier Not Found
5035,TD21061749,Item210617537,SUP145,FAILED,DB Supplier Not Found
5036,TD21061749,Item210617537,SUP572,FAILED,DB Supplier Not Found
5037,TD21061733,Item21061763,SUP947,FAILED,DB Supplier Not Found
5038,TD21061733,Item21061763,SUP306,FAILED,DB Supplier Not Found
5039,TD21061733,Item21061763,SUP907,FAILED,DB Supplier Not Found
5040,TD21061720,Item210617356,SUP366,FAILED,DB Supplier Not Found
5041,TD21061720,Item210617217,SUP366,FAILED,DB Supplier Not Found
5042,TD21061720,Item210617356,SUP830,FAILED,DB Supplier Not Found
5043,TD21061720,Item210617217,SUP830,FAILED,DB Supplier Not Found
5044,TD21061720,Item210617356,SUP630,FAILED,DB Supplier Not Found
5045,TD21061720,Item210617217,SUP630,FAILED,DB Supplier Not Found
5046,TD21061887,Item210618422,SUP475,FAILED,DB Supplier Not Found
5047,TD21061887,Item210618422,SUP188,FAILED,DB Supplier Not Found
5048,TD21061887,Item210618422,SUP40,FAILED,DB Supplier Not Found
5049,TD21061887,Item210618422,SUP203,FAILED,DB Supplier Not Found
5050,TD21061815,Item210618451,SUP306,FAILED,DB Supplier Not Found
5051,TD21061815,Item210618451,SUP205,FAILED,DB Supplier Not Found
5052,TD21061815,Item210618451,SUP947,FAILED,DB Supplier Not Found
5053,TD21061815,Item210618451,SUP468,FAILED,DB Supplier Not Found
5054,TD21061846,Item210618816,SUP907,FAILED,DB Supplier Not Found
5055,TD21061846,Item210618816,SUP830,FAILED,DB Supplier Not Found
5056,TD21061846,Item210618816,SUP573,FAILED,DB Supplier Not Found
5057,TD21061832,Item210618215,SUP907,FAILED,DB Supplier Not Found
5058,TD21061832,Item210618215,SUP830,FAILED,DB Supplier Not Found
5059,TD21061832,Item210618215,SUP573,FAILED,DB Supplier Not Found
5060,TD21061889,Item210618314,SUP573,FAILED,DB Supplier Not Found
5061,TD21061889,Item210618314,SUP830,FAILED,DB Supplier Not Found
5062,TD21061890,Item210618766,SUP573,FAILED,DB Supplier Not Found
5063,TD21061890,Item210618766,SUP830,FAILED,DB Supplier Not Found
5064,TD21061867,Item210618729,SUP573,FAILED,DB Supplier Not Found
5065,TD21061867,Item210618729,SUP830,FAILED,DB Supplier Not Found
5066,TD21061824,Item210618782,SUP830,FAILED,DB Supplier Not Found
5067,TD21061824,Item210618782,SUP907,FAILED,DB Supplier Not Found
5068,TD21061876,Item210618635,SUP830,FAILED,DB Supplier Not Found
5069,TD21061876,Item210618635,SUP907,FAILED,DB Supplier Not Found
5070,TD21061842,Item210618448,SUP830,FAILED,DB Supplier Not Found
5071,TD21061842,Item210618448,SUP907,FAILED,DB Supplier Not Found
5072,TD2106189,Item210618355,SUP830,FAILED,DB Supplier Not Found
5073,TD2106189,Item210618355,SUP907,FAILED,DB Supplier Not Found
5074,TD21062115,Item210621923,SUP484,FAILED,Schedule Not Found
5075,TD21062115,Item210621923,SUP572,FAILED,Schedule Not Found
5076,TD21062115,Item210621923,SUP907,FAILED,Schedule Not Found
5077,TD21062115,Item210621923,SUP816,FAILED,Schedule Not Found
5078,TD21062237,Item210622305,SUP617,FAILED,DB Supplier Not Found
5079,TD21062237,Item210622305,SUP408,FAILED,DB Supplier Not Found
5080,TD21062237,Item210622305,SUP484,FAILED,DB Supplier Not Found
5081,TD21062266,Item210622523,SUP744,FAILED,DB Supplier Not Found
5082,TD21062266,Item210622523,SUP588,FAILED,DB Supplier Not Found
5083,TD21062266,Item210622523,SUP572,FAILED,DB Supplier Not Found
5084,TD21062266,Item210622523,SUP484,FAILED,DB Supplier Not Found
5085,TD21062287,Item210622716,SUP744,FAILED,DB Supplier Not Found
5086,TD21062287,Item210622716,SUP588,FAILED,DB Supplier Not Found
5087,TD21062287,Item210622716,SUP572,FAILED,DB Supplier Not Found
5088,TD21062287,Item210622716,SUP484,FAILED,DB Supplier Not Found
5089,TD21062424,Item210624907,SUP876,FAILED,DB Supplier Not Found
5090,TD21062424,Item210624907,SUP889,FAILED,DB Supplier Not Found
5091,TD21062424,Item210624907,SUP827,FAILED,DB Supplier Not Found
5092,TD21062424,Item210624907,SUP41,FAILED,DB Supplier Not Found
5093,TD21062473,Item210624323,SUP950,FAILED,DB Supplier Not Found
5094,TD21062473,Item210624323,SUP42,FAILED,DB Supplier Not Found
5095,TD21062473,Item210624323,SUP527,FAILED,DB Supplier Not Found
5096,TD21062473,Item210624323,SUP544,FAILED,DB Supplier Not Found
5097,TD21062433,Item210624325,SUP544,FAILED,DB Supplier Not Found
5098,TD21062433,Item210624325,SUP950,FAILED,DB Supplier Not Found
5099,TD21062433,Item210624325,SUP42,FAILED,DB Supplier Not Found
5100,TD21062433,Item210624325,SUP527,FAILED,DB Supplier Not Found
5101,TD21062555,Item210625688,SUP116,FAILED,Schedule Not Found
5102,TD21062555,Item210625410,SUP116,FAILED,Schedule Not Found
5103,TD21062579,Item210625660,SUP116,FAILED,DB Supplier Not Found
5104,TD21062579,Item210625911,SUP116,FAILED,DB Supplier Not Found
5105,TD21062579,Item21062531,SUP116,FAILED,DB Supplier Not Found
5106,TD21062579,Item210625660,SUP366,FAILED,DB Supplier Not Found
5107,TD21062579,Item210625911,SUP366,FAILED,DB Supplier Not Found
5108,TD21062579,Item21062531,SUP366,FAILED,DB Supplier Not Found
5109,TD21062579,Item210625660,SUP830,FAILED,DB Supplier Not Found
5110,TD21062579,Item210625911,SUP830,FAILED,DB Supplier Not Found
5111,TD21062579,Item21062531,SUP830,FAILED,DB Supplier Not Found
5112,TD21062579,Item210625660,SUP395,FAILED,DB Supplier Not Found
5113,TD21062579,Item210625911,SUP395,FAILED,DB Supplier Not Found
5114,TD21062579,Item21062531,SUP395,FAILED,DB Supplier Not Found
5115,TD21062579,Item210625660,SUP48,FAILED,DB Supplier Not Found
5116,TD21062579,Item210625911,SUP48,FAILED,DB Supplier Not Found
5117,TD21062579,Item21062531,SUP48,FAILED,DB Supplier Not Found
5118,TD21062579,Item210625660,SUP907,FAILED,DB Supplier Not Found
5119,TD21062579,Item210625911,SUP907,FAILED,DB Supplier Not Found
5120,TD21062579,Item21062531,SUP907,FAILED,DB Supplier Not Found
5121,TD21062579,Item210625660,SUP576,FAILED,DB Supplier Not Found
5122,TD21062579,Item210625911,SUP576,FAILED,DB Supplier Not Found
5123,TD21062579,Item21062531,SUP576,FAILED,DB Supplier Not Found
5124,TD21062537,Item210625138,SUP134,FAILED,DB Supplier Not Found
5125,TD21062537,Item210625138,SUP956,FAILED,DB Supplier Not Found
5126,TD21062537,Item210625138,SUP876,FAILED,DB Supplier Not Found
5127,TD21062537,Item210625138,SUP829,FAILED,DB Supplier Not Found
5128,TD21062523,Item21062528,SUP944,FAILED,DB Supplier Not Found
5129,TD21062523,Item21062528,SUP907,FAILED,DB Supplier Not Found
5130,TD21062523,Item21062528,SUP45,FAILED,DB Supplier Not Found
5131,TD21062523,Item21062528,SUP876,FAILED,DB Supplier Not Found
5132,TD2107154,Item210715549,SUP189,FAILED,DB Supplier Not Found
5133,TD21071632,Item210716981,SUP189,FAILED,DB Supplier Not Found
5134,TD21071658,Item210716945,SUP189,FAILED,DB Supplier Not Found
5135,TD21072917,Item210729974,SUP216,FAILED,Schedule Not Found
5136,TD21072959,Item210729193,SUP216,FAILED,Schedule Not Found
5137,TD21072930,Item210729140,SUP216,FAILED,Schedule Not Found
5138,TD21072957,Item210729895,SUP216,FAILED,DB Supplier Not Found
5139,TD21072957,Item210729895,SUP171,FAILED,DB Supplier Not Found
5140,TD21072957,Item210729895,SUP962,FAILED,DB Supplier Not Found
5141,TD21072957,Item210729895,SUP346,FAILED,DB Supplier Not Found
5142,TD21072957,Item210729895,SUP889,FAILED,DB Supplier Not Found
5143,TD21072957,Item210729895,SUP368,FAILED,DB Supplier Not Found
5144,TD21072957,Item210729895,SUP827,FAILED,DB Supplier Not Found
5145,TD21072957,Item210729895,SUP95,FAILED,DB Supplier Not Found
5146,TD21072957,Item210729895,SUP93,FAILED,DB Supplier Not Found
5147,TD21072957,Item210729895,SUP101,FAILED,DB Supplier Not Found
5148,TD21072957,Item210729895,SUP536,FAILED,DB Supplier Not Found
5149,TD21072957,Item210729895,SUP780,FAILED,DB Supplier Not Found
5150,TD21072986,Item210729220,SUP216,FAILED,Schedule Not Found
5151,TD21072986,Item210729220,SUP962,FAILED,Schedule Not Found
5152,TD21072986,Item210729220,SUP862,FAILED,Schedule Not Found
5153,TD21072986,Item210729220,SUP346,FAILED,Schedule Not Found
5154,TD21072986,Item210729220,SUP889,FAILED,Schedule Not Found
5155,TD21072986,Item210729220,SUP368,FAILED,Schedule Not Found
5156,TD21072986,Item210729220,SUP827,FAILED,Schedule Not Found
5157,TD21072986,Item210729220,SUP95,FAILED,Schedule Not Found
5158,TD21072986,Item210729220,SUP388,FAILED,Schedule Not Found
5159,TD21072986,Item210729220,SUP612,FAILED,Schedule Not Found
5160,TD21072986,Item210729220,SUP670,FAILED,Schedule Not Found
5161,TD21072986,Item210729220,SUP633,FAILED,Schedule Not Found
5162,,,SUP633,FAILED,Schedule Not Found
5163,TD21073054,Item210730628,SUP216,FAILED,DB Supplier Not Found
5164,TD21073054,Item210730628,SUP962,FAILED,DB Supplier Not Found
5165,TD21073054,Item210730628,SUP862,FAILED,DB Supplier Not Found
5166,TD21073054,Item210730628,SUP346,FAILED,DB Supplier Not Found
5167,TD21073054,Item210730628,SUP889,FAILED,DB Supplier Not Found
5168,TD21073054,Item210730628,SUP368,FAILED,DB Supplier Not Found
5169,TD21073054,Item210730628,SUP827,FAILED,DB Supplier Not Found
5170,TD21073054,Item210730628,SUP95,FAILED,DB Supplier Not Found
5171,TD21073054,Item210730628,SUP705,FAILED,DB Supplier Not Found
5172,TD21073054,Item210730628,SUP612,FAILED,DB Supplier Not Found
5173,TD21073054,Item210730628,SUP670,FAILED,DB Supplier Not Found
5174,TD21073054,Item210730628,SUP633,FAILED,DB Supplier Not Found
5175,TD2107301,Item210730786,SUP95,FAILED,DB Supplier Not Found
5176,TD2107301,Item210730786,SUP962,FAILED,DB Supplier Not Found
5177,TD2107301,Item210730786,SUP346,FAILED,DB Supplier Not Found
5178,TD2107301,Item210730786,SUP889,FAILED,DB Supplier Not Found
5179,TD2107301,Item210730786,SUP150,FAILED,DB Supplier Not Found
5180,TD2107301,Item210730786,SUP690,FAILED,DB Supplier Not Found
5181,TD2107301,Item210730786,SUP368,FAILED,DB Supplier Not Found
5182,TD2107301,Item210730786,SUP827,FAILED,DB Supplier Not Found
5183,TD2107301,Item210730786,SUP171,FAILED,DB Supplier Not Found
5184,TD2107301,Item210730786,SUP979,FAILED,DB Supplier Not Found
5185,TD21073055,Item210730719,SUP171,FAILED,DB Supplier Not Found
5186,TD21073055,Item210730719,SUP431,FAILED,DB Supplier Not Found
5187,TD21073055,Item210730719,SUP862,FAILED,DB Supplier Not Found
5188,TD21073055,Item210730719,SUP93,FAILED,DB Supplier Not Found
5189,TD21073055,Item210730719,SUP346,FAILED,DB Supplier Not Found
5190,TD21073055,Item210730719,SUP150,FAILED,DB Supplier Not Found
5191,TD21073055,Item210730719,SUP368,FAILED,DB Supplier Not Found
5192,TD21073055,Item210730719,SUP827,FAILED,DB Supplier Not Found
5193,TD21073055,Item210730719,SUP95,FAILED,DB Supplier Not Found
5194,TD21073012,Item210730943,SUP216,FAILED,DB Supplier Not Found
5195,TD21073012,Item210730943,SUP962,FAILED,DB Supplier Not Found
5196,TD21073012,Item210730943,SUP862,FAILED,DB Supplier Not Found
5197,TD21073012,Item210730943,SUP93,FAILED,DB Supplier Not Found
5198,TD21073012,Item210730943,SUP829,FAILED,DB Supplier Not Found
5199,TD21073012,Item210730943,SUP346,FAILED,DB Supplier Not Found
5200,TD21073012,Item210730943,SUP889,FAILED,DB Supplier Not Found
5201,TD21073012,Item210730943,SUP150,FAILED,DB Supplier Not Found
5202,TD21073012,Item210730943,SUP368,FAILED,DB Supplier Not Found
5203,TD21073012,Item210730943,SUP827,FAILED,DB Supplier Not Found
5204,TD21073012,Item210730943,SUP95,FAILED,DB Supplier Not Found
5205,TD21073053,Item21073063,SUP42,FAILED,DB Supplier Not Found
5206,TD21073053,Item21073063,SUP950,FAILED,DB Supplier Not Found
5207,TD21073053,Item21073063,SUP235,FAILED,DB Supplier Not Found
5208,TD21073053,Item21073063,SUP57,FAILED,DB Supplier Not Found
5209,TD21073064,Item210730449,SUP42,FAILED,DB Supplier Not Found
5210,TD21073064,Item210730449,SUP235,FAILED,DB Supplier Not Found
5211,TD21073064,Item210730449,SUP57,FAILED,DB Supplier Not Found
5212,TD21073064,Item210730449,SUP57,FAILED,DB Supplier Not Found
5213,TD21073064,Item210730449,SUP950,FAILED,DB Supplier Not Found
5214,TD2108066,Item210806852,SUP171,FAILED,DB Supplier Not Found
5215,TD2108066,Item210806852,SUP832,FAILED,DB Supplier Not Found
5216,TD2108066,Item210806852,SUP368,FAILED,DB Supplier Not Found
5217,TD2108066,Item210806852,SUP95,FAILED,DB Supplier Not Found
5218,TD2108066,Item210806852,SUP76,FAILED,DB Supplier Not Found
5219,TD2108066,Item210806852,SUP669,FAILED,DB Supplier Not Found
5220,TD2108066,Item210806852,SUP670,FAILED,DB Supplier Not Found
5221,TD2108066,Item210806852,SUP224,FAILED,DB Supplier Not Found
5222,TD2108066,Item210806852,SUP216,FAILED,DB Supplier Not Found
5223,TD2108066,Item210806852,SUP275,FAILED,DB Supplier Not Found
5224,TD2108066,Item210806852,SUP979,FAILED,DB Supplier Not Found
5225,TD2108066,Item210806852,SUP690,FAILED,DB Supplier Not Found
5226,TD2108066,Item210806852,SUP827,FAILED,DB Supplier Not Found
5227,TD2108066,Item210806852,SUP889,FAILED,DB Supplier Not Found
5228,TD2108066,Item210806852,SUP346,FAILED,DB Supplier Not Found
5229,TD2108066,Item210806852,SUP962,FAILED,DB Supplier Not Found
5230,TD2108066,Item210806852,SUP829,FAILED,DB Supplier Not Found
5231,TD2108066,Item210806852,SUP844,FAILED,DB Supplier Not Found
5232,TD2108066,Item210806852,SUP839,FAILED,DB Supplier Not Found
5233,TD2108066,Item210806852,SUP253,FAILED,DB Supplier Not Found
5234,TD21081712,Item210817977,SUP189,FAILED,DB Supplier Not Found
5235,TD21081882,Item210818951,SUP189,FAILED,DB Supplier Not Found
5236,TD2108195,Item210819375,SUP116,FAILED,Schedule Not Found
5237,TD2108195,Item210819688,SUP116,FAILED,Schedule Not Found
5238,TD2108195,Item210819152,SUP116,FAILED,Schedule Not Found
5239,TD2108195,Item210819502,SUP116,FAILED,Schedule Not Found
5240,TD2108195,Item210819397,SUP116,FAILED,Schedule Not Found
5241,TD2108195,Item210819343,SUP116,FAILED,Schedule Not Found
5242,TD2108195,Item210819417,SUP116,FAILED,Schedule Not Found
5243,TD21081967,Item210819274,SUP116,FAILED,DB Supplier Not Found
5244,TD21081967,Item210819678,SUP116,FAILED,DB Supplier Not Found
5245,TD21081967,Item210819794,SUP116,FAILED,DB Supplier Not Found
5246,TD21081967,Item210819106,SUP116,FAILED,DB Supplier Not Found
5247,TD21081967,Item210819473,SUP116,FAILED,DB Supplier Not Found
5248,TD21081967,Item210819300,SUP116,FAILED,DB Supplier Not Found
5249,TD21081967,Item210819682,SUP116,FAILED,DB Supplier Not Found
5250,TD21081967,Item210819274,SUP122,FAILED,DB Supplier Not Found
5251,TD21081967,Item210819678,SUP122,FAILED,DB Supplier Not Found
5252,TD21081967,Item210819794,SUP122,FAILED,DB Supplier Not Found
5253,TD21081967,Item210819106,SUP122,FAILED,DB Supplier Not Found
5254,TD21081967,Item210819473,SUP122,FAILED,DB Supplier Not Found
5255,TD21081967,Item210819300,SUP122,FAILED,DB Supplier Not Found
5256,TD21081967,Item210819682,SUP122,FAILED,DB Supplier Not Found
5257,TD21082041,Item210820593,SUP876,FAILED,DB Supplier Not Found
5258,TD21082041,Item210820593,SUP889,FAILED,DB Supplier Not Found
5259,TD21082041,Item210820593,SUP862,FAILED,DB Supplier Not Found
5260,TD21082041,Item210820593,SUP780,FAILED,DB Supplier Not Found
5261,TD21082041,Item210820593,SUP224,FAILED,DB Supplier Not Found
5262,TD21082041,Item210820593,SUP362,FAILED,DB Supplier Not Found
5263,TD21082753,Item210827313,SUP505,FAILED,Schedule Not Found
5264,TD21082753,Item210827126,SUP505,FAILED,Schedule Not Found
5265,TD21082753,Item210827844,SUP505,FAILED,Schedule Not Found
5266,TD21082753,Item210827612,SUP505,FAILED,Schedule Not Found
5267,TD21082772,Item210827530,SUP505,FAILED,DB Supplier Not Found
5268,TD21082772,Item210827530,SUP10,FAILED,DB Supplier Not Found
5269,TD21082772,Item210827530,SUP841,FAILED,DB Supplier Not Found
5270,TD21082772,Item210827530,SUP462,FAILED,DB Supplier Not Found
5271,TD21082749,Item210827749,SUP32,FAILED,DB Supplier Not Found
5272,TD21082749,Item210827749,SUP188,FAILED,DB Supplier Not Found
5273,TD21082749,Item210827749,SUP40,FAILED,DB Supplier Not Found
5274,TD21082749,Item210827749,SUP675,FAILED,DB Supplier Not Found
5275,TD21082796,Item210827301,SUP10,FAILED,DB Supplier Not Found
5276,TD21082796,Item210827301,SUP462,FAILED,DB Supplier Not Found
5277,TD21082796,Item210827301,SUP505,FAILED,DB Supplier Not Found
5278,TD21091539,Item210915112,SUP907,FAILED,DB Supplier Not Found
5279,TD2109154,Item210915339,SUP202,FAILED,DB Supplier Not Found
5280,TD2109154,Item210915339,SUP659,FAILED,DB Supplier Not Found
5281,TD21091649,Item210916504,SUP575,FAILED,Schedule Not Found
5282,TD21091685,Item210916778,SUP659,FAILED,DB Supplier Not Found
5283,TD21091685,Item210916778,SUP444,FAILED,DB Supplier Not Found
5284,TD21091685,Item210916778,SUP929,FAILED,DB Supplier Not Found
5285,TD21091685,Item210916778,SUP83,FAILED,DB Supplier Not Found
5286,TD21091685,Item210916778,SUP180,FAILED,DB Supplier Not Found
5287,TD21091677,Item210916570,SUP348,FAILED,DB Supplier Not Found
5288,TD21091677,Item210916570,SUP669,FAILED,DB Supplier Not Found
5289,TD21091677,Item210916570,SUP832,FAILED,DB Supplier Not Found
5290,TD21091677,Item210916570,SUP738,FAILED,DB Supplier Not Found
5291,TD21092775,Item210927980,SUP146,FAILED,DB Supplier Not Found
5292,TD21092775,Item210927980,SUP412,FAILED,DB Supplier Not Found
5293,TD21092799,Item21092799,SUP70,FAILED,DB Supplier Not Found
5294,TD21092799,Item21092799,SUP947,FAILED,DB Supplier Not Found
5295,TD21092799,Item21092799,SUP438,FAILED,DB Supplier Not Found
5296,TD2109289,Item210928481,SUP468,FAILED,DB Supplier Not Found
5297,TD2109289,Item210928481,SUP861,FAILED,DB Supplier Not Found
5298,TD2109289,Item210928481,SUP438,FAILED,DB Supplier Not Found
5299,TD21092857,Item210928209,SUP438,FAILED,DB Supplier Not Found
5300,TD21092857,Item210928209,SUP861,FAILED,DB Supplier Not Found
5301,TD21092857,Item210928209,SUP468,FAILED,DB Supplier Not Found
5302,TD2109298,Item210929734,SUP468,FAILED,Schedule Not Found
5303,TD21092987,Item210929672,SUP468,FAILED,DB Supplier Not Found
5304,TD21092987,Item210929672,SUP861,FAILED,DB Supplier Not Found
5305,TD21092987,Item210929672,SUP438,FAILED,DB Supplier Not Found
5306,TD21092919,Item210929136,SUP468,FAILED,DB Supplier Not Found
5307,TD21092919,Item210929136,SUP438,FAILED,DB Supplier Not Found
5308,TD21092919,Item210929136,SUP861,FAILED,DB Supplier Not Found
5309,TD21093080,Item210930781,SUP659,FAILED,DB Supplier Not Found
5310,TD21093080,Item210930781,SUP907,FAILED,DB Supplier Not Found
5311,TD21093080,Item210930781,SUP568,FAILED,DB Supplier Not Found
5312,TD21093080,Item210930781,SUP70,FAILED,DB Supplier Not Found
5313,TD21093055,Item210930213,SUP568,FAILED,DB Supplier Not Found
5314,TD21093055,Item210930213,SUP907,FAILED,DB Supplier Not Found
5315,TD21093055,Item210930213,SUP659,FAILED,DB Supplier Not Found
5316,TD21093055,Item210930213,SUP70,FAILED,DB Supplier Not Found
5317,TD21093042,Item21093060,SUP659,FAILED,DB Supplier Not Found
5318,TD21093061,Item210930928,SUP659,FAILED,DB Supplier Not Found
5319,TD21100486,Item211004977,SUP224,FAILED,DB Supplier Not Found
5320,TD21100486,Item211004977,SUP171,FAILED,DB Supplier Not Found
5321,TD21100486,Item211004977,SUP979,FAILED,DB Supplier Not Found
5322,TD21100486,Item211004977,SUP612,FAILED,DB Supplier Not Found
5323,TD21100486,Item211004977,SUP947,FAILED,DB Supplier Not Found
5324,TD21100486,Item211004977,SUP564,FAILED,DB Supplier Not Found
5325,TD21100486,Item211004977,SUP730,FAILED,DB Supplier Not Found
5326,TD21100486,Item211004977,SUP326,FAILED,DB Supplier Not Found
5327,TD21100486,Item211004977,SUP707,FAILED,DB Supplier Not Found
5328,TD21100486,Item211004977,SUP906,FAILED,DB Supplier Not Found
5329,TD21100486,Item211004977,SUP797,FAILED,DB Supplier Not Found
5330,TD21100486,Item211004977,SUP862,FAILED,DB Supplier Not Found
5331,TD21100442,Item211004398,SUP224,FAILED,DB Supplier Not Found
5332,TD21100442,Item211004398,SUP95,FAILED,DB Supplier Not Found
5333,TD21100442,Item211004398,SUP469,FAILED,DB Supplier Not Found
5334,TD21100442,Item211004398,SUP839,FAILED,DB Supplier Not Found
5335,TD21100442,Item211004398,SUP216,FAILED,DB Supplier Not Found
5336,TD21100442,Item211004398,SUP827,FAILED,DB Supplier Not Found
5337,TD21100442,Item211004398,SUP171,FAILED,DB Supplier Not Found
5338,TD21100442,Item211004398,SUP979,FAILED,DB Supplier Not Found
5339,TD21100442,Item211004398,SUP784,FAILED,DB Supplier Not Found
5340,TD21100442,Item211004398,SUP962,FAILED,DB Supplier Not Found
5341,TD21100442,Item211004398,SUP823,FAILED,DB Supplier Not Found
5342,TD21100442,Item211004398,SUP872,FAILED,DB Supplier Not Found
5343,TD21100442,Item211004398,SUP780,FAILED,DB Supplier Not Found
5344,TD21100442,Item211004398,SUP564,FAILED,DB Supplier Not Found
5345,TD21100442,Item211004398,SUP947,FAILED,DB Supplier Not Found
5346,TD21100442,Item211004398,SUP205,FAILED,DB Supplier Not Found
5347,TD21100442,Item211004398,SUP326,FAILED,DB Supplier Not Found
5348,TD21100498,Item211004992,SUP669,FAILED,DB Supplier Not Found
5349,TD21100498,Item211004992,SUP34,FAILED,DB Supplier Not Found
5350,TD21100498,Item211004992,SUP876,FAILED,DB Supplier Not Found
5351,TD21100498,Item211004992,SUP188,FAILED,DB Supplier Not Found
5352,TD21100739,Item211007953,SUP659,FAILED,DB Supplier Not Found
5353,TD2110075,Item211007868,SUP659,FAILED,DB Supplier Not Found
5354,TD2110075,Item211007868,SUP907,FAILED,DB Supplier Not Found
5355,TD2110075,Item211007868,SUP70,FAILED,DB Supplier Not Found
5356,TD2110075,Item211007868,SUP568,FAILED,DB Supplier Not Found
5357,TD21100772,Item211007520,SUP659,FAILED,DB Supplier Not Found
5358,TD21100790,Item211007351,SUP659,FAILED,DB Supplier Not Found
5359,TD21100790,Item211007351,SUP907,FAILED,DB Supplier Not Found
5360,TD21100790,Item211007351,SUP70,FAILED,DB Supplier Not Found
5361,TD21100790,Item211007351,SUP568,FAILED,DB Supplier Not Found
5362,TD21100717,Item211007348,SUP659,FAILED,DB Supplier Not Found
5363,TD21100717,Item211007348,SUP907,FAILED,DB Supplier Not Found
5364,TD21100717,Item211007348,SUP70,FAILED,DB Supplier Not Found
5365,TD21100717,Item211007348,SUP568,FAILED,DB Supplier Not Found
5366,TD21100817,Item21100894,SUP535,FAILED,DB Supplier Not Found
5367,TD21100817,Item21100894,SUP12,FAILED,DB Supplier Not Found
5368,TD21100885,Item211008367,SUP438,FAILED,Schedule Not Found
5369,TD21100885,Item211008367,SUP468,FAILED,Schedule Not Found
5370,TD21100811,Item21100879,SUP438,FAILED,DB Supplier Not Found
5371,TD21100811,Item21100879,SUP468,FAILED,DB Supplier Not Found
5372,TD21100811,Item21100879,SUP14,FAILED,DB Supplier Not Found
5373,TD21100811,Item21100879,SUP861,FAILED,DB Supplier Not Found
5374,TD21101930,Item21101944,SUP146,FAILED,DB Supplier Not Found
5375,TD21101930,Item21101944,SUP412,FAILED,DB Supplier Not Found
5376,TD21102015,Item211020310,SUP535,FAILED,DB Supplier Not Found
5377,TD21102015,Item211020310,SUP12,FAILED,DB Supplier Not Found
5378,TD21102139,Item211021693,SUP659,FAILED,DB Supplier Not Found
5379,TD21102139,Item211021693,SUP830,FAILED,DB Supplier Not Found
5380,TD21102139,Item211021693,SUP428,FAILED,DB Supplier Not Found
5381,TD21102139,Item211021693,SUP829,FAILED,DB Supplier Not Found
5382,TD21102540,Item211025306,SUP438,FAILED,DB Supplier Not Found
5383,TD21102540,Item211025306,SUP748,FAILED,DB Supplier Not Found
5384,TD21110980,Item211109305,SUP972,FAILED,Schedule Not Found
5385,TD21110980,Item211109305,SUP706,FAILED,Schedule Not Found
5386,TD21110980,Item211109305,SUP679,FAILED,Schedule Not Found
5387,TD21110980,Item211109305,SUP679,FAILED,Schedule Not Found
5388,TD21110980,Item211109305,SUP978,FAILED,Schedule Not Found
5389,TD21111051,Item21111099,SUP286,FAILED,Schedule Not Found
5390,TD2111109,Item211110721,SUP286,FAILED,Schedule Not Found
5391,TD21111083,Item211110488,SUP659,FAILED,Schedule Not Found
5392,TD21111034,Item211110871,SUP286,FAILED,Schedule Not Found
5393,TD21111081,Item211110111,SUP659,FAILED,Schedule Not Found
5394,TD21111096,Item21111036,SUP205,FAILED,DB Supplier Not Found
5395,TD21111096,Item21111036,SUP468,FAILED,DB Supplier Not Found
5396,TD21111196,Item211111652,SUP659,FAILED,DB Supplier Not Found
5397,TD21111196,Item211111652,SUP202,FAILED,DB Supplier Not Found
5398,TD21111196,Item211111652,SUP829,FAILED,DB Supplier Not Found
5399,TD21111196,Item211111652,SUP573,FAILED,DB Supplier Not Found
5400,TD21111122,Item211111641,SUP947,FAILED,Schedule Not Found
5401,TD21111122,Item211111641,SUP645,FAILED,Schedule Not Found
5402,TD21111122,Item211111641,SUP627,FAILED,Schedule Not Found
5403,TD21111118,Item211111786,SUP947,FAILED,DB Supplier Not Found
5404,TD21111118,Item211111786,SUP829,FAILED,DB Supplier Not Found
5405,TD21111118,Item211111786,SUP438,FAILED,DB Supplier Not Found
5406,TD21111120,Item211111658,SUP962,FAILED,DB Supplier Not Found
5407,TD21111120,Item211111658,SUP334,FAILED,DB Supplier Not Found
5408,TD21111160,Item211111952,SUP748,FAILED,DB Supplier Not Found
5409,TD21111160,Item211111365,SUP748,FAILED,DB Supplier Not Found
5410,TD21111160,Item211111952,SUP334,FAILED,DB Supplier Not Found
5411,TD21111160,Item211111365,SUP334,FAILED,DB Supplier Not Found
5412,TD21111160,Item211111952,SUP669,FAILED,DB Supplier Not Found
5413,TD21111160,Item211111365,SUP669,FAILED,DB Supplier Not Found
5414,TD21111160,Item211111952,SUP76,FAILED,DB Supplier Not Found
5415,TD21111160,Item211111365,SUP76,FAILED,DB Supplier Not Found
5416,TD21111160,Item211111952,SUP205,FAILED,DB Supplier Not Found
5417,TD21111160,Item211111365,SUP205,FAILED,DB Supplier Not Found
5418,TD21111160,Item211111952,SUP832,FAILED,DB Supplier Not Found
5419,TD21111160,Item211111365,SUP832,FAILED,DB Supplier Not Found
5420,TD21111160,Item211111952,SUP872,FAILED,DB Supplier Not Found
5421,TD21111160,Item211111365,SUP872,FAILED,DB Supplier Not Found
5422,TD21111157,Item211111763,SUP832,FAILED,DB Supplier Not Found
5423,TD21111157,Item211111763,SUP334,FAILED,DB Supplier Not Found
5424,TD21111144,Item211111592,SUP170,FAILED,DB Supplier Not Found
5425,TD21111144,Item211111592,SUP962,FAILED,DB Supplier Not Found
5426,TD21111144,Item211111592,SUP95,FAILED,DB Supplier Not Found
5427,TD21111144,Item211111592,SUP205,FAILED,DB Supplier Not Found
5428,TD21111144,Item211111592,SUP631,FAILED,DB Supplier Not Found
5429,TD21111144,Item211111592,SUP827,FAILED,DB Supplier Not Found
5430,TD21111144,Item211111592,SUP216,FAILED,DB Supplier Not Found
5431,TD21111144,Item211111592,SUP101,FAILED,DB Supplier Not Found
5432,TD21111112,Item211111754,SUP11,FAILED,DB Supplier Not Found
5433,TD21111112,Item211111754,SUP205,FAILED,DB Supplier Not Found
5434,TD21111125,Item211111432,SUP947,FAILED,DB Supplier Not Found
5435,TD21111125,Item211111432,SUP645,FAILED,DB Supplier Not Found
5436,TD21111125,Item211111432,SUP627,FAILED,DB Supplier Not Found
5437,TD21111125,Item211111432,SUP980,FAILED,DB Supplier Not Found
5438,TD21111125,Item211111432,SUP217,FAILED,DB Supplier Not Found
5439,TD21111592,Item211115127,SUP947,FAILED,DB Supplier Not Found
5440,TD21111592,Item211115127,SUP829,FAILED,DB Supplier Not Found
5441,TD21111592,Item211115127,SUP152,FAILED,DB Supplier Not Found
5442,TD21111592,Item211115127,SUP784,FAILED,DB Supplier Not Found
5443,TD2111238,Item211123873,SUP280,FAILED,DB Supplier Not Found
5444,TD2111238,Item211123873,SUP564,FAILED,DB Supplier Not Found
5445,TD2111238,Item211123873,SUP583,FAILED,DB Supplier Not Found
5446,TD2111238,Item211123873,SUP224,FAILED,DB Supplier Not Found
5447,TD2111238,Item211123873,SUP911,FAILED,DB Supplier Not Found
5448,TD2111238,Item211123873,SUP885,FAILED,DB Supplier Not Found
5449,TD2111238,Item211123873,SUP551,FAILED,DB Supplier Not Found
5450,TD2111238,Item211123873,SUP345,FAILED,DB Supplier Not Found
5451,TD2111238,Item211123873,SUP93,FAILED,DB Supplier Not Found
5452,TD2111238,Item211123873,SUP387,FAILED,DB Supplier Not Found
5453,TD2111238,Item211123873,SUP186,FAILED,DB Supplier Not Found
5454,TD2111238,Item211123873,SUP368,FAILED,DB Supplier Not Found
5455,TD2111238,Item211123873,SUP101,FAILED,DB Supplier Not Found
5456,TD2111238,Item211123873,SUP147,FAILED,DB Supplier Not Found
5457,TD2111238,Item211123873,SUP346,FAILED,DB Supplier Not Found
5458,TD2111238,Item211123873,SUP248,FAILED,DB Supplier Not Found
5459,TD21112673,Item211126561,SUP826,FAILED,DB Supplier Not Found
5460,TD21112673,Item211126561,SUP832,FAILED,DB Supplier Not Found
5461,TD21112673,Item211126561,SUP899,FAILED,DB Supplier Not Found
5462,TD21112611,Item21112612,SUP734,FAILED,DB Supplier Not Found
5463,TD21112611,Item21112612,SUP887,FAILED,DB Supplier Not Found
5464,TD21112927,Item211129541,SUP734,FAILED,DB Supplier Not Found
5465,TD21112927,Item211129541,SUP887,FAILED,DB Supplier Not Found
5466,TD21112930,Item21112942,SUP464,FAILED,DB Supplier Not Found
5467,TD21112930,Item21112942,SUP887,FAILED,DB Supplier Not Found
5468,TD21112996,Item21112982,SUP899,FAILED,DB Supplier Not Found
5469,TD21112996,Item21112982,SUP832,FAILED,DB Supplier Not Found
5470,TD21112996,Item21112982,SUP826,FAILED,DB Supplier Not Found
5471,TD21120284,Item211202174,SUP734,FAILED,DB Supplier Not Found
5472,TD21120294,Item21120212,SUP734,FAILED,DB Supplier Not Found
5473,TD21120279,Item21120288,SUP734,FAILED,DB Supplier Not Found
5474,TD21120232,Item211202840,SUP944,FAILED,DB Supplier Not Found
5475,TD21120232,Item211202840,SUP923,FAILED,DB Supplier Not Found
5476,TD21120232,Item211202840,SUP205,FAILED,DB Supplier Not Found
5477,TD21120232,Item211202840,SUP334,FAILED,DB Supplier Not Found
5478,TD21120232,Item211202840,SUP467,FAILED,DB Supplier Not Found
5479,TD21120216,Item211202298,SUP688,FAILED,Schedule Not Found
5480,TD21120275,Item211202371,SUP688,FAILED,DB Supplier Not Found
5481,TD21120275,Item211202371,SUP942,FAILED,DB Supplier Not Found
5482,TD21120275,Item211202371,SUP873,FAILED,DB Supplier Not Found
5483,TD21120275,Item211202371,SUP445,FAILED,DB Supplier Not Found
5484,TD21120275,Item211202371,SUP870,FAILED,DB Supplier Not Found
5485,TD21120347,Item211203540,SUP235,FAILED,DB Supplier Not Found
5486,TD21120347,Item211203540,SUP152,FAILED,DB Supplier Not Found
5487,TD21120347,Item211203540,SUP913,FAILED,DB Supplier Not Found
5488,TD21120347,Item211203540,SUP205,FAILED,DB Supplier Not Found
5489,TD21120347,Item211203540,SUP326,FAILED,DB Supplier Not Found
5490,TD21120347,Item211203540,SUP748,FAILED,DB Supplier Not Found
5491,TD21120347,Item211203540,SUP42,FAILED,DB Supplier Not Found
5492,TD21120347,Item211203540,SUP876,FAILED,DB Supplier Not Found
5493,TD21120328,Item211203330,SUP645,FAILED,DB Supplier Not Found
5494,TD2112032,Item211203591,SUP947,FAILED,DB Supplier Not Found
5495,TD2112032,Item211203591,SUP4,FAILED,DB Supplier Not Found
5496,TD2112032,Item211203591,SUP645,FAILED,DB Supplier Not Found
5497,TD21120395,Item211203641,SUP645,FAILED,DB Supplier Not Found
5498,TD21121030,Item211210147,SUP437,FAILED,Schedule Not Found
5499,TD21121045,Item211210692,SUP437,FAILED,DB Supplier Not Found
5500,TD21121045,Item211210692,SUP724,FAILED,DB Supplier Not Found
5501,TD21121045,Item211210692,SUP724,FAILED,DB Supplier Not Found
5502,TD21121045,Item211210692,SUP724,FAILED,DB Supplier Not Found
5503,TD21121045,Item211210692,SUP724,FAILED,DB Supplier Not Found
5504,TD21121045,Item211210692,SUP724,FAILED,DB Supplier Not Found
5505,TD21121045,Item211210692,SUP724,FAILED,DB Supplier Not Found
5506,TD21121045,Item211210692,SUP42,FAILED,DB Supplier Not Found
5507,TD21121045,Item211210692,SUP618,FAILED,DB Supplier Not Found
5508,TD21121045,Item211210692,SUP527,FAILED,DB Supplier Not Found
5509,TD21121045,Item211210692,SUP544,FAILED,DB Supplier Not Found
5510,TD21121045,Item211210692,SUP575,FAILED,DB Supplier Not Found
5511,TD21121045,Item211210692,SUP451,FAILED,DB Supplier Not Found
5512,TD21121047,Item21121070,SUP575,FAILED,DB Supplier Not Found
5513,TD21121047,Item21121070,SUP724,FAILED,DB Supplier Not Found
5514,TD21121047,Item21121070,SUP527,FAILED,DB Supplier Not Found
5515,TD21121047,Item21121070,SUP42,FAILED,DB Supplier Not Found
5516,TD21121047,Item21121070,SUP437,FAILED,DB Supplier Not Found
5517,TD21121047,Item21121070,SUP618,FAILED,DB Supplier Not Found
5518,TD21121047,Item21121070,SUP544,FAILED,DB Supplier Not Found
5519,TD21121047,Item21121070,SUP784,FAILED,DB Supplier Not Found
5520,TD21121047,Item21121070,SUP451,FAILED,DB Supplier Not Found
5521,TD21121087,Item211210923,SUP438,FAILED,DB Supplier Not Found
5522,TD21121087,Item211210923,SUP947,FAILED,DB Supplier Not Found
5523,TD21121087,Item211210923,SUP11,FAILED,DB Supplier Not Found
5524,TD21121533,Item21121599,SUP568,FAILED,DB Supplier Not Found
5525,TD21121533,Item21121599,SUP659,FAILED,DB Supplier Not Found
5526,TD21121533,Item21121599,SUP573,FAILED,DB Supplier Not Found
5527,TD21121533,Item21121599,SUP830,FAILED,DB Supplier Not Found
5528,TD21121786,Item211217493,SUP535,FAILED,DB Supplier Not Found
5529,TD21121786,Item211217493,SUP4,FAILED,DB Supplier Not Found
5530,TD21121786,Item211217493,SUP40,FAILED,DB Supplier Not Found
5531,TD21122961,Item21122947,SUP261,FAILED,DB Supplier Not Found
5532,TD21122961,Item21122947,SUP40,FAILED,DB Supplier Not Found
5533,TD21122961,Item21122947,SUP849,FAILED,DB Supplier Not Found
5534,TD21122961,Item21122947,SUP559,FAILED,DB Supplier Not Found
5535,TD22011277,Item220112484,SUP797,FAILED,DB Supplier Not Found
5536,TD22011277,Item220112484,SUP572,FAILED,DB Supplier Not Found
5537,TD22011277,Item220112484,SUP484,FAILED,DB Supplier Not Found
5538,TD22011277,Item220112484,SUP976,FAILED,DB Supplier Not Found
5539,TD22011277,Item220112484,SUP145,FAILED,DB Supplier Not Found
5540,TD22011277,Item220112484,SUP744,FAILED,DB Supplier Not Found
5541,TD22011257,Item220112579,SUP900,FAILED,DB Supplier Not Found
5542,TD22011257,Item220112579,SUP428,FAILED,DB Supplier Not Found
5543,TD22011247,Item220112453,SUP900,FAILED,DB Supplier Not Found
5544,TD22011247,Item220112453,SUP428,FAILED,DB Supplier Not Found
5545,TD22011276,Item220112685,SUP900,FAILED,DB Supplier Not Found
5546,TD22011276,Item220112685,SUP428,FAILED,DB Supplier Not Found
5547,TD22011397,Item220113765,SUP900,FAILED,DB Supplier Not Found
5548,TD22011397,Item220113765,SUP428,FAILED,DB Supplier Not Found
5549,TD22012025,Item220120537,SUP797,FAILED,DB Supplier Not Found
5550,TD22012025,Item220120537,SUP572,FAILED,DB Supplier Not Found
5551,TD22012025,Item220120537,SUP484,FAILED,DB Supplier Not Found
5552,TD22012025,Item220120537,SUP976,FAILED,DB Supplier Not Found
5553,TD22012025,Item220120537,SUP145,FAILED,DB Supplier Not Found
5554,TD22012174,Item220121636,SUP911,FAILED,Schedule Not Found
5555,TD22012174,Item220121636,SUP969,FAILED,Schedule Not Found
5556,TD22012174,Item220121636,SUP354,FAILED,Schedule Not Found
5557,TD22012174,Item220121636,SUP767,FAILED,Schedule Not Found
5558,TD22012174,Item220121636,SUP656,FAILED,Schedule Not Found
5559,TD22012174,Item220121636,SUP819,FAILED,Schedule Not Found
5560,TD22012174,Item220121636,SUP43,FAILED,Schedule Not Found
5561,TD22012174,Item220121636,SUP649,FAILED,Schedule Not Found
5562,TD22012174,Item220121636,SUP280,FAILED,Schedule Not Found
5563,TD22012174,Item220121636,SUP308,FAILED,Schedule Not Found
5564,TD22012174,Item220121636,SUP343,FAILED,Schedule Not Found
5565,TD22012174,Item220121636,SUP771,FAILED,Schedule Not Found
5566,TD22012499,Item220124740,SUP911,FAILED,DB Supplier Not Found
5567,TD22012499,Item220124740,SUP969,FAILED,DB Supplier Not Found
5568,TD22012499,Item220124740,SUP354,FAILED,DB Supplier Not Found
5569,TD22012499,Item220124740,SUP767,FAILED,DB Supplier Not Found
5570,TD22012499,Item220124740,SUP656,FAILED,DB Supplier Not Found
5571,TD22012499,Item220124740,SUP819,FAILED,DB Supplier Not Found
5572,TD22012499,Item220124740,SUP43,FAILED,DB Supplier Not Found
5573,TD22012499,Item220124740,SUP649,FAILED,DB Supplier Not Found
5574,TD22012499,Item220124740,SUP280,FAILED,DB Supplier Not Found
5575,TD22012499,Item220124740,SUP308,FAILED,DB Supplier Not Found
5576,TD22012499,Item220124740,SUP343,FAILED,DB Supplier Not Found
5577,TD22012499,Item220124740,SUP771,FAILED,DB Supplier Not Found
5578,TD22012499,Item220124740,SUP831,FAILED,DB Supplier Not Found
5579,TD22012499,Item220124740,SUP827,FAILED,DB Supplier Not Found
5580,TD22012499,Item220124740,SUP784,FAILED,DB Supplier Not Found
5581,TD22012499,Item220124740,SUP355,FAILED,DB Supplier Not Found
5582,TD22012499,Item220124740,SUP387,FAILED,DB Supplier Not Found
5583,TD22012499,Item220124740,SUP185,FAILED,DB Supplier Not Found
5584,TD22012499,Item220124740,SUP175,FAILED,DB Supplier Not Found
5585,TD22012469,Item220124886,SUP911,FAILED,Schedule Not Found
5586,TD22012420,Item220124849,SUP911,FAILED,DB Supplier Not Found
5587,TD22012420,Item220124849,SUP396,FAILED,DB Supplier Not Found
5588,TD22012420,Item220124849,SUP876,FAILED,DB Supplier Not Found
5589,TD22012420,Item220124849,SUP417,FAILED,DB Supplier Not Found
5590,TD22012420,Item220124849,SUP387,FAILED,DB Supplier Not Found
5591,TD22012420,Item220124849,SUP819,FAILED,DB Supplier Not Found
5592,TD22012420,Item220124849,SUP43,FAILED,DB Supplier Not Found
5593,TD22012420,Item220124849,SUP649,FAILED,DB Supplier Not Found
5594,TD22012420,Item220124849,SUP280,FAILED,DB Supplier Not Found
5595,TD22012420,Item220124849,SUP308,FAILED,DB Supplier Not Found
5596,TD22012420,Item220124849,SUP343,FAILED,DB Supplier Not Found
5597,TD22012420,Item220124849,SUP185,FAILED,DB Supplier Not Found
5598,TD22012420,Item220124849,SUP175,FAILED,DB Supplier Not Found
5599,TD22012420,Item220124849,SUP827,FAILED,DB Supplier Not Found
5600,TD22012420,Item220124849,SUP784,FAILED,DB Supplier Not Found
5601,TD22012420,Item220124849,SUP355,FAILED,DB Supplier Not Found
5602,TD22012584,Item220125829,SUP911,FAILED,DB Supplier Not Found
5603,TD22012584,Item220125829,SUP396,FAILED,DB Supplier Not Found
5604,TD22012584,Item220125829,SUP417,FAILED,DB Supplier Not Found
5605,TD22012584,Item220125829,SUP876,FAILED,DB Supplier Not Found
5606,TD22012584,Item220125829,SUP417,FAILED,DB Supplier Not Found
5607,TD22012584,Item220125829,SUP387,FAILED,DB Supplier Not Found
5608,TD22012584,Item220125829,SUP819,FAILED,DB Supplier Not Found
5609,TD22012584,Item220125829,SUP43,FAILED,DB Supplier Not Found
5610,TD22012584,Item220125829,SUP280,FAILED,DB Supplier Not Found
5611,TD22012584,Item220125829,SUP308,FAILED,DB Supplier Not Found
5612,TD22012584,Item220125829,SUP43,FAILED,DB Supplier Not Found
5613,TD22012584,Item220125829,SUP649,FAILED,DB Supplier Not Found
5614,TD22012584,Item220125829,SUP280,FAILED,DB Supplier Not Found
5615,TD22012584,Item220125829,SUP308,FAILED,DB Supplier Not Found
5616,TD22012584,Item220125829,SUP343,FAILED,DB Supplier Not Found
5617,TD22012584,Item220125829,SUP185,FAILED,DB Supplier Not Found
5618,TD22012584,Item220125829,SUP175,FAILED,DB Supplier Not Found
5619,TD22012584,Item220125829,SUP827,FAILED,DB Supplier Not Found
5620,TD22012584,Item220125829,SUP784,FAILED,DB Supplier Not Found
5621,TD22012584,Item220125829,SUP355,FAILED,DB Supplier Not Found
5622,TD22020199,Item220201202,SUP876,FAILED,DB Supplier Not Found
5623,TD22020199,Item220201202,SUP611,FAILED,DB Supplier Not Found
5624,TD22020199,Item220201202,SUP280,FAILED,DB Supplier Not Found
5625,TD22020199,Item220201202,SUP43,FAILED,DB Supplier Not Found
5626,TD22020199,Item220201202,SUP827,FAILED,DB Supplier Not Found
5627,TD22021426,Item220214892,SUP918,FAILED,DB Supplier Not Found
5628,TD22021426,Item220214892,SUP829,FAILED,DB Supplier Not Found
5629,TD22022290,Item220222483,SUP82,FAILED,DB Supplier Not Found
5630,TD22022290,Item220222483,SUP196,FAILED,DB Supplier Not Found
5631,TD22022290,Item220222483,SUP734,FAILED,DB Supplier Not Found
5632,TD22022290,Item220222483,SUP611,FAILED,DB Supplier Not Found
5633,TD22022290,Item220222483,SUP103,FAILED,DB Supplier Not Found
5634,TD22022290,Item220222483,SUP794,FAILED,DB Supplier Not Found
5635,TD22022290,Item220222483,SUP587,FAILED,DB Supplier Not Found
5636,TD22022290,Item220222483,SUP449,FAILED,DB Supplier Not Found
5637,TD22022266,Item220222764,SUP76,FAILED,Schedule Not Found
5638,TD22022266,Item220222764,SUP734,FAILED,Schedule Not Found
5639,TD2202228,Item220222936,SUP151,FAILED,Schedule Not Found
5640,TD22022242,Item220222962,SUP151,FAILED,Schedule Not Found
5641,,,SUP74,FAILED,Schedule Not Found
5642,,,SUP74,FAILED,Schedule Not Found
5643,TD22022233,Item220222940,SUP786,FAILED,DB Supplier Not Found
5644,TD22022233,Item220222940,SUP242,FAILED,DB Supplier Not Found
5645,TD22022233,Item220222940,SUP242,FAILED,DB Supplier Not Found
5646,TD22022233,Item220222940,SUP921,FAILED,DB Supplier Not Found
5647,TD22022233,Item220222940,SUP573,FAILED,DB Supplier Not Found
5648,TD22022233,Item220222940,SUP568,FAILED,DB Supplier Not Found
5649,TD22022328,Item220223353,SUP151,FAILED,DB Supplier Not Found
5650,TD22022328,Item220223353,SUP74,FAILED,DB Supplier Not Found
5651,TD22022328,Item220223353,SUP81,FAILED,DB Supplier Not Found
5652,TD22022328,Item220223353,SUP988,FAILED,DB Supplier Not Found
5653,TD22022328,Item220223353,SUP733,FAILED,DB Supplier Not Found
5654,TD22022328,Item220223353,SUP870,FAILED,DB Supplier Not Found
5655,TD22022328,Item220223353,SUP204,FAILED,DB Supplier Not Found
5656,TD22022328,Item220223353,SUP445,FAILED,DB Supplier Not Found
5657,TD2202232,Item220223838,SUP947,FAILED,DB Supplier Not Found
5658,TD2202232,Item220223838,SUP185,FAILED,DB Supplier Not Found
5659,TD2202232,Item220223838,SUP829,FAILED,DB Supplier Not Found
5660,TD2202232,Item220223838,SUP42,FAILED,DB Supplier Not Found
5661,TD22022371,Item220223852,SUP786,FAILED,Schedule Not Found
5662,TD22022371,Item220223852,SUP242,FAILED,Schedule Not Found
5663,TD22022386,Item220223761,SUP830,FAILED,DB Supplier Not Found
5664,TD22022427,Item220224888,SUP74,FAILED,DB Supplier Not Found
5665,TD22022427,Item220224888,SUP81,FAILED,DB Supplier Not Found
5666,TD22022427,Item220224888,SUP733,FAILED,DB Supplier Not Found
5667,TD22022427,Item220224888,SUP507,FAILED,DB Supplier Not Found
5668,TD22022427,Item220224888,SUP870,FAILED,DB Supplier Not Found
5669,TD22022427,Item220224888,SUP988,FAILED,DB Supplier Not Found
5670,TD22022427,Item220224888,SUP204,FAILED,DB Supplier Not Found
5671,TD22022427,Item220224888,SUP445,FAILED,DB Supplier Not Found
5672,TD22022470,Item220224865,SUP830,FAILED,DB Supplier Not Found
5673,TD22022429,Item220224300,SUP830,FAILED,DB Supplier Not Found
5674,TD22022587,Item220225751,SUP830,FAILED,DB Supplier Not Found
5675,TD22030183,Item220301346,SUP507,FAILED,DB Supplier Not Found
5676,TD22030183,Item220301346,SUP74,FAILED,DB Supplier Not Found
5677,TD22030183,Item220301346,SUP81,FAILED,DB Supplier Not Found
5678,TD22030183,Item220301346,SUP988,FAILED,DB Supplier Not Found
5679,TD22030183,Item220301346,SUP733,FAILED,DB Supplier Not Found
5680,TD22030183,Item220301346,SUP870,FAILED,DB Supplier Not Found
5681,TD22030183,Item220301346,SUP204,FAILED,DB Supplier Not Found
5682,TD22030183,Item220301346,SUP445,FAILED,DB Supplier Not Found
5683,TD22030327,Item220303541,SUP202,FAILED,DB Supplier Not Found
5684,TD22030327,Item220303541,SUP242,FAILED,DB Supplier Not Found
5685,TD22030341,Item220303480,SUP242,FAILED,DB Supplier Not Found
5686,TD22030341,Item220303480,SUP202,FAILED,DB Supplier Not Found
5687,TD22030734,Item220307734,SUP830,FAILED,DB Supplier Not Found
5688,TD22030734,Item220307734,SUP242,FAILED,DB Supplier Not Found
5689,TD22030731,Item220307166,SUP242,FAILED,DB Supplier Not Found
5690,TD22030731,Item220307166,SUP830,FAILED,DB Supplier Not Found
5691,TD22030747,Item220307757,SUP242,FAILED,DB Supplier Not Found
5692,TD22030747,Item220307757,SUP830,FAILED,DB Supplier Not Found
5693,TD22030745,Item220307900,SUP830,FAILED,DB Supplier Not Found
5694,TD22030841,Item220308197,SUP830,FAILED,DB Supplier Not Found
5695,TD22030841,Item220308197,SUP242,FAILED,DB Supplier Not Found
5696,TD22030948,Item220309564,SUP830,FAILED,DB Supplier Not Found
5697,TD22030948,Item220309564,SUP242,FAILED,DB Supplier Not Found
5698,TD22030989,Item220309372,SUP830,FAILED,DB Supplier Not Found
5699,TD22030989,Item220309372,SUP242,FAILED,DB Supplier Not Found
5700,TD22030934,Item220309353,SUP507,FAILED,DB Supplier Not Found
5701,TD22030934,Item220309353,SUP74,FAILED,DB Supplier Not Found
5702,TD22030934,Item220309353,SUP81,FAILED,DB Supplier Not Found
5703,TD22030934,Item220309353,SUP988,FAILED,DB Supplier Not Found
5704,TD22030934,Item220309353,SUP733,FAILED,DB Supplier Not Found
5705,TD22030934,Item220309353,SUP870,FAILED,DB Supplier Not Found
5706,TD22030934,Item220309353,SUP204,FAILED,DB Supplier Not Found
5707,TD22030934,Item220309353,SUP445,FAILED,DB Supplier Not Found
5708,TD22030920,Item220309911,SUP830,FAILED,DB Supplier Not Found
5709,TD22030920,Item220309911,SUP242,FAILED,DB Supplier Not Found
5710,TD22030998,Item220309812,SUP830,FAILED,DB Supplier Not Found
5711,TD22030998,Item220309812,SUP242,FAILED,DB Supplier Not Found
5712,TD22030946,Item220309321,SUP830,FAILED,DB Supplier Not Found
5713,TD2203091,Item220309633,SUP830,FAILED,DB Supplier Not Found
5714,TD22030911,Item220309628,SUP830,FAILED,DB Supplier Not Found
5715,TD22030954,Item220309214,SUP830,FAILED,DB Supplier Not Found
5716,TD22031076,Item220310876,SUP611,FAILED,DB Supplier Not Found
5717,TD22031076,Item220310876,SUP607,FAILED,DB Supplier Not Found
5718,TD22031076,Item220310876,SUP449,FAILED,DB Supplier Not Found
5719,TD22031672,Item220316151,SUP947,FAILED,DB Supplier Not Found
5720,TD22031672,Item220316151,SUP42,FAILED,DB Supplier Not Found
5721,TD22031672,Item220316151,SUP829,FAILED,DB Supplier Not Found
5722,TD22031672,Item220316151,SUP185,FAILED,DB Supplier Not Found
5723,TD22031661,Item220316366,SUP830,FAILED,DB Supplier Not Found
5724,TD22031661,Item220316366,SUP242,FAILED,DB Supplier Not Found
5725,TD22032488,Item220324876,SUP263,FAILED,DB Supplier Not Found
5726,TD22032488,Item220324876,SUP956,FAILED,DB Supplier Not Found
5727,TD22032488,Item220324876,SUP568,FAILED,DB Supplier Not Found
5728,TD22032488,Item220324876,SUP911,FAILED,DB Supplier Not Found
5729,TD22032412,Item220324162,SUP829,FAILED,DB Supplier Not Found
5730,TD22032412,Item220324162,SUP480,FAILED,DB Supplier Not Found
5731,TD22032412,Item220324162,SUP748,FAILED,DB Supplier Not Found
5732,TD22032412,Item220324162,SUP41,FAILED,DB Supplier Not Found
5733,TD22032423,Item220324215,SUP451,FAILED,DB Supplier Not Found
5734,TD22032423,Item220324215,SUP611,FAILED,DB Supplier Not Found
5735,TD22032423,Item220324215,SUP911,FAILED,DB Supplier Not Found
5736,TD22032423,Item220324215,SUP639,FAILED,DB Supplier Not Found
5737,TD22032423,Item220324215,SUP42,FAILED,DB Supplier Not Found
5738,TD22032423,Item220324215,SUP108,FAILED,DB Supplier Not Found
5739,TD22032423,Item220324215,SUP544,FAILED,DB Supplier Not Found
5740,TD22032423,Item220324215,SUP527,FAILED,DB Supplier Not Found
5741,TD22032583,Item220325300,SUP451,FAILED,DB Supplier Not Found
5742,TD22032583,Item220325300,SUP611,FAILED,DB Supplier Not Found
5743,TD22032583,Item220325300,SUP334,FAILED,DB Supplier Not Found
5744,TD22032583,Item220325300,SUP639,FAILED,DB Supplier Not Found
5745,TD22032583,Item220325300,SUP42,FAILED,DB Supplier Not Found
5746,TD22032583,Item220325300,SUP108,FAILED,DB Supplier Not Found
5747,TD22032583,Item220325300,SUP544,FAILED,DB Supplier Not Found
5748,TD22032583,Item220325300,SUP527,FAILED,DB Supplier Not Found
5749,TD22032916,Item220329449,SUP838,FAILED,DB Supplier Not Found
5750,TD22032916,Item220329449,SUP564,FAILED,DB Supplier Not Found
5751,TD22032916,Item220329449,SUP43,FAILED,DB Supplier Not Found
5752,TD22032916,Item220329449,SUP171,FAILED,DB Supplier Not Found
5753,TD22032916,Item220329449,SUP649,FAILED,DB Supplier Not Found
5754,TD22032916,Item220329449,SUP827,FAILED,DB Supplier Not Found
5755,TD22032916,Item220329449,SUP829,FAILED,DB Supplier Not Found
5756,TD22032916,Item220329449,SUP656,FAILED,DB Supplier Not Found
5757,TD22032916,Item220329449,SUP383,FAILED,DB Supplier Not Found
5758,TD22032933,Item220329948,SUP263,FAILED,DB Supplier Not Found
5759,TD22032933,Item220329948,SUP911,FAILED,DB Supplier Not Found
5760,TD22032933,Item220329948,SUP41,FAILED,DB Supplier Not Found
5761,TD22032933,Item220329948,SUP829,FAILED,DB Supplier Not Found
5762,TD22032933,Item220329948,SUP687,FAILED,DB Supplier Not Found
5763,TD22032933,Item220329948,SUP568,FAILED,DB Supplier Not Found
5764,TD22032933,Item220329948,SUP313,FAILED,DB Supplier Not Found
5765,TD22033138,Item220331832,SUP91,FAILED,DB Supplier Not Found
5766,TD22033138,Item220331832,SUP658,FAILED,DB Supplier Not Found
5767,TD22033138,Item220331832,SUP535,FAILED,DB Supplier Not Found
5768,TD22033138,Item220331832,SUP589,FAILED,DB Supplier Not Found
5769,TD22033138,Item220331832,SUP804,FAILED,DB Supplier Not Found
5770,TD22033138,Item220331832,SUP645,FAILED,DB Supplier Not Found
5771,TD22033128,Item220331665,SUP91,FAILED,DB Supplier Not Found
5772,TD22033128,Item220331420,SUP91,FAILED,DB Supplier Not Found
5773,TD22033128,Item220331665,SUP635,FAILED,DB Supplier Not Found
5774,TD22033128,Item220331420,SUP635,FAILED,DB Supplier Not Found
5775,TD22033128,Item220331665,SUP804,FAILED,DB Supplier Not Found
5776,TD22033128,Item220331420,SUP804,FAILED,DB Supplier Not Found
5777,TD22033128,Item220331665,SUP589,FAILED,DB Supplier Not Found
5778,TD22033128,Item220331420,SUP589,FAILED,DB Supplier Not Found
5779,TD22033128,Item220331665,SUP645,FAILED,DB Supplier Not Found
5780,TD22033128,Item220331420,SUP645,FAILED,DB Supplier Not Found
5781,TD22033128,Item220331665,SUP535,FAILED,DB Supplier Not Found
5782,TD22033128,Item220331420,SUP535,FAILED,DB Supplier Not Found
5783,TD22033121,Item220331658,SUP635,FAILED,DB Supplier Not Found
5784,TD22033121,Item220331658,SUP45,FAILED,DB Supplier Not Found
5785,TD22033121,Item220331658,SUP91,FAILED,DB Supplier Not Found
5786,TD22033186,Item220331173,SUP299,FAILED,DB Supplier Not Found
5787,TD22033186,Item220331173,SUP428,FAILED,DB Supplier Not Found
5788,TD22033186,Item220331173,SUP830,FAILED,DB Supplier Not Found
5789,TD22033186,Item220331173,SUP830,FAILED,DB Supplier Not Found
5790,TD2204041,Item22040439,SUP993,FAILED,DB Supplier Not Found
5791,TD2204041,Item22040439,SUP68,FAILED,DB Supplier Not Found
5792,TD2204041,Item22040439,SUP734,FAILED,DB Supplier Not Found
5793,TD2204042,Item220404625,SUP993,FAILED,DB Supplier Not Found
5794,TD2204042,Item220404625,SUP980,FAILED,DB Supplier Not Found
5795,TD2204042,Item220404625,SUP68,FAILED,DB Supplier Not Found
5796,TD22040438,Item220404666,SUP68,FAILED,DB Supplier Not Found
5797,TD22040550,Item220405759,SUP645,FAILED,DB Supplier Not Found
5798,TD22040550,Item220405759,SUP912,FAILED,DB Supplier Not Found
5799,TD2204076,Item220407202,SUP830,FAILED,DB Supplier Not Found
5800,TD2204076,Item220407202,SUP299,FAILED,DB Supplier Not Found
5801,TD2204076,Item220407202,SUP428,FAILED,DB Supplier Not Found
5802,TD2204076,Item220407202,SUP750,FAILED,DB Supplier Not Found
5803,TD22041120,Item220411116,SUP783,FAILED,DB Supplier Not Found
5804,TD22041120,Item220411116,SUP857,FAILED,DB Supplier Not Found
5805,TD22041279,Item220412824,SUP299,FAILED,DB Supplier Not Found
5806,TD22041279,Item220412152,SUP299,FAILED,DB Supplier Not Found
5807,TD22041279,Item220412911,SUP299,FAILED,DB Supplier Not Found
5808,TD22041279,Item220412398,SUP299,FAILED,DB Supplier Not Found
5809,TD22041279,Item220412456,SUP299,FAILED,DB Supplier Not Found
5810,TD22041279,Item220412408,SUP299,FAILED,DB Supplier Not Found
5811,TD22041279,Item220412504,SUP299,FAILED,DB Supplier Not Found
5812,TD22041279,Item220412745,SUP299,FAILED,DB Supplier Not Found
5813,TD22041279,Item220412265,SUP299,FAILED,DB Supplier Not Found
5814,TD22041279,Item220412824,SUP830,FAILED,DB Supplier Not Found
5815,TD22041279,Item220412152,SUP830,FAILED,DB Supplier Not Found
5816,TD22041279,Item220412911,SUP830,FAILED,DB Supplier Not Found
5817,TD22041279,Item220412398,SUP830,FAILED,DB Supplier Not Found
5818,TD22041279,Item220412456,SUP830,FAILED,DB Supplier Not Found
5819,TD22041279,Item220412408,SUP830,FAILED,DB Supplier Not Found
5820,TD22041279,Item220412504,SUP830,FAILED,DB Supplier Not Found
5821,TD22041279,Item220412745,SUP830,FAILED,DB Supplier Not Found
5822,TD22041279,Item220412265,SUP830,FAILED,DB Supplier Not Found
5823,TD22041279,Item220412824,SUP879,FAILED,DB Supplier Not Found
5824,TD22041279,Item220412152,SUP879,FAILED,DB Supplier Not Found
5825,TD22041279,Item220412911,SUP879,FAILED,DB Supplier Not Found
5826,TD22041279,Item220412398,SUP879,FAILED,DB Supplier Not Found
5827,TD22041279,Item220412456,SUP879,FAILED,DB Supplier Not Found
5828,TD22041279,Item220412408,SUP879,FAILED,DB Supplier Not Found
5829,TD22041279,Item220412504,SUP879,FAILED,DB Supplier Not Found
5830,TD22041279,Item220412745,SUP879,FAILED,DB Supplier Not Found
5831,TD22041279,Item220412265,SUP879,FAILED,DB Supplier Not Found
5832,TD22041279,Item220412824,SUP734,FAILED,DB Supplier Not Found
5833,TD22041279,Item220412152,SUP734,FAILED,DB Supplier Not Found
5834,TD22041279,Item220412911,SUP734,FAILED,DB Supplier Not Found
5835,TD22041279,Item220412398,SUP734,FAILED,DB Supplier Not Found
5836,TD22041279,Item220412456,SUP734,FAILED,DB Supplier Not Found
5837,TD22041279,Item220412408,SUP734,FAILED,DB Supplier Not Found
5838,TD22041279,Item220412504,SUP734,FAILED,DB Supplier Not Found
5839,TD22041279,Item220412745,SUP734,FAILED,DB Supplier Not Found
5840,TD22041279,Item220412265,SUP734,FAILED,DB Supplier Not Found
5841,TD22041248,Item220412447,SUP299,FAILED,DB Supplier Not Found
5842,TD22041248,Item220412738,SUP299,FAILED,DB Supplier Not Found
5843,TD22041248,Item220412409,SUP299,FAILED,DB Supplier Not Found
5844,TD22041248,Item220412164,SUP299,FAILED,DB Supplier Not Found
5845,TD22041248,Item220412447,SUP830,FAILED,DB Supplier Not Found
5846,TD22041248,Item220412738,SUP830,FAILED,DB Supplier Not Found
5847,TD22041248,Item220412409,SUP830,FAILED,DB Supplier Not Found
5848,TD22041248,Item220412164,SUP830,FAILED,DB Supplier Not Found
5849,TD22041248,Item220412447,SUP879,FAILED,DB Supplier Not Found
5850,TD22041248,Item220412738,SUP879,FAILED,DB Supplier Not Found
5851,TD22041248,Item220412409,SUP879,FAILED,DB Supplier Not Found
5852,TD22041248,Item220412164,SUP879,FAILED,DB Supplier Not Found
5853,TD22041248,Item220412447,SUP734,FAILED,DB Supplier Not Found
5854,TD22041248,Item220412738,SUP734,FAILED,DB Supplier Not Found
5855,TD22041248,Item220412409,SUP734,FAILED,DB Supplier Not Found
5856,TD22041248,Item220412164,SUP734,FAILED,DB Supplier Not Found
5857,TD22041336,Item220413795,SUP783,FAILED,Schedule Not Found
5858,TD22041314,Item220413963,SUP783,FAILED,DB Supplier Not Found
5859,TD22041314,Item220413963,SUP184,FAILED,DB Supplier Not Found
5860,TD22041314,Item220413963,SUP155,FAILED,DB Supplier Not Found
5861,TD22041910,Item22041967,SUP159,FAILED,DB Supplier Not Found
5862,TD22041910,Item22041967,SUP428,FAILED,DB Supplier Not Found
5863,TD22041910,Item22041967,SUP830,FAILED,DB Supplier Not Found
5864,TD22041910,Item22041967,SUP299,FAILED,DB Supplier Not Found
5865,TD22041910,Item22041967,SUP734,FAILED,DB Supplier Not Found
5866,TD22041998,Item220419799,SUP830,FAILED,DB Supplier Not Found
5867,TD22041998,Item220419799,SUP428,FAILED,DB Supplier Not Found
5868,TD22041998,Item220419799,SUP299,FAILED,DB Supplier Not Found
5869,TD22041919,Item220419574,SUP830,FAILED,DB Supplier Not Found
5870,TD22041919,Item220419574,SUP428,FAILED,DB Supplier Not Found
5871,TD22041919,Item220419574,SUP299,FAILED,DB Supplier Not Found
5872,TD22042056,Item220420513,SUP159,FAILED,DB Supplier Not Found
5873,TD22042056,Item220420513,SUP428,FAILED,DB Supplier Not Found
5874,TD22042056,Item220420513,SUP830,FAILED,DB Supplier Not Found
5875,TD22042056,Item220420513,SUP299,FAILED,DB Supplier Not Found
5876,TD22042020,Item220420223,SUP159,FAILED,DB Supplier Not Found
5877,TD22042020,Item220420223,SUP428,FAILED,DB Supplier Not Found
5878,TD22042020,Item220420223,SUP830,FAILED,DB Supplier Not Found
5879,TD22042020,Item220420223,SUP299,FAILED,DB Supplier Not Found
5880,TD22042020,Item220420223,SUP734,FAILED,DB Supplier Not Found
5881,TD22042094,Item220420139,SUP830,FAILED,DB Supplier Not Found
5882,TD22042094,Item220420139,SUP428,FAILED,DB Supplier Not Found
5883,TD22042094,Item220420139,SUP159,FAILED,DB Supplier Not Found
5884,TD22042094,Item220420139,SUP299,FAILED,DB Supplier Not Found
5885,TD22042094,Item220420139,SUP734,FAILED,DB Supplier Not Found
5886,TD22042027,Item220420957,SUP830,FAILED,DB Supplier Not Found
5887,TD22042027,Item220420957,SUP428,FAILED,DB Supplier Not Found
5888,TD22042027,Item220420957,SUP159,FAILED,DB Supplier Not Found
5889,TD22042027,Item220420957,SUP299,FAILED,DB Supplier Not Found
5890,TD22042027,Item220420957,SUP734,FAILED,DB Supplier Not Found
5891,TD22042795,Item220427694,SUP299,FAILED,DB Supplier Not Found
5892,TD22042795,Item220427572,SUP299,FAILED,DB Supplier Not Found
5893,TD22042795,Item220427157,SUP299,FAILED,DB Supplier Not Found
5894,TD22042795,Item220427499,SUP299,FAILED,DB Supplier Not Found
5895,TD22042795,Item220427348,SUP299,FAILED,DB Supplier Not Found
5896,TD22042795,Item220427400,SUP299,FAILED,DB Supplier Not Found
5897,TD22042795,Item220427718,SUP299,FAILED,DB Supplier Not Found
5898,TD22042795,Item220427583,SUP299,FAILED,DB Supplier Not Found
5899,TD22042795,Item220427344,SUP299,FAILED,DB Supplier Not Found
5900,TD22042795,Item220427976,SUP299,FAILED,DB Supplier Not Found
5901,TD22042795,Item220427795,SUP299,FAILED,DB Supplier Not Found
5902,TD22042795,Item22042774,SUP299,FAILED,DB Supplier Not Found
5903,TD22042795,Item220427881,SUP299,FAILED,DB Supplier Not Found
5904,TD22042795,Item220427694,SUP830,FAILED,DB Supplier Not Found
5905,TD22042795,Item220427572,SUP830,FAILED,DB Supplier Not Found
5906,TD22042795,Item220427157,SUP830,FAILED,DB Supplier Not Found
5907,TD22042795,Item220427499,SUP830,FAILED,DB Supplier Not Found
5908,TD22042795,Item220427348,SUP830,FAILED,DB Supplier Not Found
5909,TD22042795,Item220427400,SUP830,FAILED,DB Supplier Not Found
5910,TD22042795,Item220427718,SUP830,FAILED,DB Supplier Not Found
5911,TD22042795,Item220427583,SUP830,FAILED,DB Supplier Not Found
5912,TD22042795,Item220427344,SUP830,FAILED,DB Supplier Not Found
5913,TD22042795,Item220427976,SUP830,FAILED,DB Supplier Not Found
5914,TD22042795,Item220427795,SUP830,FAILED,DB Supplier Not Found
5915,TD22042795,Item22042774,SUP830,FAILED,DB Supplier Not Found
5916,TD22042795,Item220427881,SUP830,FAILED,DB Supplier Not Found
5917,TD22042795,Item220427694,SUP366,FAILED,DB Supplier Not Found
5918,TD22042795,Item220427572,SUP366,FAILED,DB Supplier Not Found
5919,TD22042795,Item220427157,SUP366,FAILED,DB Supplier Not Found
5920,TD22042795,Item220427499,SUP366,FAILED,DB Supplier Not Found
5921,TD22042795,Item220427348,SUP366,FAILED,DB Supplier Not Found
5922,TD22042795,Item220427400,SUP366,FAILED,DB Supplier Not Found
5923,TD22042795,Item220427718,SUP366,FAILED,DB Supplier Not Found
5924,TD22042795,Item220427583,SUP366,FAILED,DB Supplier Not Found
5925,TD22042795,Item220427344,SUP366,FAILED,DB Supplier Not Found
5926,TD22042795,Item220427976,SUP366,FAILED,DB Supplier Not Found
5927,TD22042795,Item220427795,SUP366,FAILED,DB Supplier Not Found
5928,TD22042795,Item22042774,SUP366,FAILED,DB Supplier Not Found
5929,TD22042795,Item220427881,SUP366,FAILED,DB Supplier Not Found
5930,TD22042795,Item220427694,SUP734,FAILED,DB Supplier Not Found
5931,TD22042795,Item220427572,SUP734,FAILED,DB Supplier Not Found
5932,TD22042795,Item220427157,SUP734,FAILED,DB Supplier Not Found
5933,TD22042795,Item220427499,SUP734,FAILED,DB Supplier Not Found
5934,TD22042795,Item220427348,SUP734,FAILED,DB Supplier Not Found
5935,TD22042795,Item220427400,SUP734,FAILED,DB Supplier Not Found
5936,TD22042795,Item220427718,SUP734,FAILED,DB Supplier Not Found
5937,TD22042795,Item220427583,SUP734,FAILED,DB Supplier Not Found
5938,TD22042795,Item220427344,SUP734,FAILED,DB Supplier Not Found
5939,TD22042795,Item220427976,SUP734,FAILED,DB Supplier Not Found
5940,TD22042795,Item220427795,SUP734,FAILED,DB Supplier Not Found
5941,TD22042795,Item22042774,SUP734,FAILED,DB Supplier Not Found
5942,TD22042795,Item220427881,SUP734,FAILED,DB Supplier Not Found
5943,TD22051187,Item220511359,SUP235,FAILED,DB Supplier Not Found
5944,TD22051187,Item220511359,SUP876,FAILED,DB Supplier Not Found
5945,TD22051187,Item220511359,SUP564,FAILED,DB Supplier Not Found
5946,TD22051118,Item220511484,SUP235,FAILED,DB Supplier Not Found
5947,TD22051118,Item220511484,SUP827,FAILED,DB Supplier Not Found
5948,TD22051118,Item220511484,SUP564,FAILED,DB Supplier Not Found
5949,TD22051129,Item22051149,SUP235,FAILED,DB Supplier Not Found
5950,TD22051129,Item22051149,SUP876,FAILED,DB Supplier Not Found
5951,TD22051129,Item22051149,SUP827,FAILED,DB Supplier Not Found
5952,TD22051129,Item22051149,SUP827,FAILED,DB Supplier Not Found
5953,TD22051129,Item22051149,SUP564,FAILED,DB Supplier Not Found
5954,TD22051811,Item22051857,SUP797,FAILED,DB Supplier Not Found
5955,TD22051811,Item22051857,SUP611,FAILED,DB Supplier Not Found
5956,TD22051811,Item22051857,SUP734,FAILED,DB Supplier Not Found
5957,TD22051811,Item22051857,SUP587,FAILED,DB Supplier Not Found
5958,TD2205191,Item220519952,SUP797,FAILED,DB Supplier Not Found
5959,TD2205191,Item220519952,SUP611,FAILED,DB Supplier Not Found
5960,TD2205191,Item220519952,SUP734,FAILED,DB Supplier Not Found
5961,TD2205191,Item220519952,SUP587,FAILED,DB Supplier Not Found
5962,TD22051958,Item220519514,SUP797,FAILED,DB Supplier Not Found
5963,TD22051958,Item220519514,SUP611,FAILED,DB Supplier Not Found
5964,TD22051958,Item220519514,SUP734,FAILED,DB Supplier Not Found
5965,TD22051958,Item220519514,SUP587,FAILED,DB Supplier Not Found
5966,TD22052490,Item220524431,SUP965,FAILED,DB Supplier Not Found
5967,TD22052490,Item220524431,SUP68,FAILED,DB Supplier Not Found
5968,TD22052490,Item220524431,SUP797,FAILED,DB Supplier Not Found
5969,TD22052455,Item220524863,SUP68,FAILED,DB Supplier Not Found
5970,TD22052455,Item220524863,SUP797,FAILED,DB Supplier Not Found
5971,TD22052414,Item220524720,SUP68,FAILED,DB Supplier Not Found
5972,TD22052414,Item220524720,SUP797,FAILED,DB Supplier Not Found
5973,TD22053156,Item220531944,SUP234,FAILED,Schedule Not Found
5974,TD22053156,Item220531639,SUP234,FAILED,Schedule Not Found
5975,TD22053156,Item220531944,SUP832,FAILED,Schedule Not Found
5976,TD22053156,Item220531639,SUP832,FAILED,Schedule Not Found
5977,TD22053156,Item220531944,SUP491,FAILED,Schedule Not Found
5978,TD22053156,Item220531944,SUP491,FAILED,Schedule Not Found
5979,TD22053156,Item220531944,SUP491,FAILED,Schedule Not Found
5980,TD22053156,Item220531944,SUP491,FAILED,Schedule Not Found
5981,TD22053156,Item220531944,SUP491,FAILED,Schedule Not Found
5982,TD22053156,Item220531944,SUP491,FAILED,Schedule Not Found
5983,TD22053156,Item220531944,SUP491,FAILED,Schedule Not Found
5984,TD22053156,Item220531944,SUP491,FAILED,Schedule Not Found
5985,TD22053156,Item220531944,SUP491,FAILED,Schedule Not Found
5986,TD22053156,Item220531944,SUP491,FAILED,Schedule Not Found
5987,TD22053156,Item220531944,SUP491,FAILED,Schedule Not Found
5988,TD22053156,Item220531944,SUP491,FAILED,Schedule Not Found
5989,TD22053156,Item220531944,SUP491,FAILED,Schedule Not Found
5990,TD22053156,Item220531944,SUP491,FAILED,Schedule Not Found
5991,TD22053156,Item220531944,SUP491,FAILED,Schedule Not Found
5992,TD22053156,Item220531944,SUP628,FAILED,Schedule Not Found
5993,TD22053156,Item220531944,SUP290,FAILED,Schedule Not Found
5994,TD22053156,Item220531639,SUP290,FAILED,Schedule Not Found
5995,TD22053159,Item220531883,SUP76,FAILED,DB Supplier Not Found
5996,TD22053159,Item220531124,SUP76,FAILED,DB Supplier Not Found
5997,TD22053159,Item220531883,SUP832,FAILED,DB Supplier Not Found
5998,TD22053159,Item220531124,SUP832,FAILED,DB Supplier Not Found
5999,TD22053159,Item220531883,SUP491,FAILED,DB Supplier Not Found
6000,TD22053159,Item220531883,SUP290,FAILED,DB Supplier Not Found
6001,TD22053159,Item220531124,SUP290,FAILED,DB Supplier Not Found
6002,TD22060177,Item220601759,SUP76,FAILED,DB Supplier Not Found
6003,TD22060177,Item220601675,SUP76,FAILED,DB Supplier Not Found
6004,TD22060177,Item220601759,SUP832,FAILED,DB Supplier Not Found
6005,TD22060177,Item220601675,SUP832,FAILED,DB Supplier Not Found
6006,TD22060177,Item220601759,SUP491,FAILED,DB Supplier Not Found
6007,TD22060177,Item220601759,SUP290,FAILED,DB Supplier Not Found
6008,TD22060177,Item220601675,SUP290,FAILED,DB Supplier Not Found
6009,TD22060742,Item220607624,SUP464,FAILED,DB Supplier Not Found
6010,TD22060742,Item220607624,SUP530,FAILED,DB Supplier Not Found
6011,TD22060742,Item220607624,SUP639,FAILED,DB Supplier Not Found
6012,TD22060724,Item220607938,SUP451,FAILED,DB Supplier Not Found
6013,TD22060724,Item220607938,SUP265,FAILED,DB Supplier Not Found
6014,TD22060775,Item220607303,SUP464,FAILED,DB Supplier Not Found
6015,TD22060775,Item220607303,SUP639,FAILED,DB Supplier Not Found
6016,TD22060826,Item220608407,SUP68,FAILED,DB Supplier Not Found
6017,TD22060826,Item220608407,SUP645,FAILED,DB Supplier Not Found
6018,TD22060823,Item2206081,SUP68,FAILED,DB Supplier Not Found
6019,TD22060823,Item2206081,SUP980,FAILED,DB Supplier Not Found
6020,TD22060823,Item2206081,SUP535,FAILED,DB Supplier Not Found
6021,TD22060823,Item2206081,SUP645,FAILED,DB Supplier Not Found
6022,TD22060993,Item220609144,SUP829,FAILED,DB Supplier Not Found
6023,TD22060993,Item220609144,SUP611,FAILED,DB Supplier Not Found
6024,TD22060993,Item220609144,SUP527,FAILED,DB Supplier Not Found
6025,TD22060988,Item220609181,SUP89,FAILED,Schedule Not Found
6026,TD22061064,Item220610530,SUP89,FAILED,DB Supplier Not Found
6027,TD22061064,Item220610530,SUP829,FAILED,DB Supplier Not Found
6028,TD22061064,Item220610530,SUP235,FAILED,DB Supplier Not Found
6029,TD22061012,Item220610331,SUP883,FAILED,DB Supplier Not Found
6030,TD22061012,Item220610331,SUP89,FAILED,DB Supplier Not Found
6031,TD22061470,Item220614879,SUP617,FAILED,DB Supplier Not Found
6032,TD22061470,Item220614879,SUP530,FAILED,DB Supplier Not Found
6033,TD22061753,Item220617474,SUP68,FAILED,DB Supplier Not Found
6034,TD22061753,Item220617474,SUP980,FAILED,DB Supplier Not Found
6035,TD22061753,Item220617474,SUP535,FAILED,DB Supplier Not Found
6036,TD22061753,Item220617474,SUP645,FAILED,DB Supplier Not Found
6037,TD22061780,Item220617644,SUP645,FAILED,DB Supplier Not Found
6038,TD22061780,Item220617644,SUP68,FAILED,DB Supplier Not Found
6039,TD2206277,Item220627918,SUP997,FAILED,Schedule Not Found
6040,TD22062788,Item220627141,SUP997,FAILED,Schedule Not Found
6041,TD22062731,Item220627890,SUP847,FAILED,Schedule Not Found
6042,TD22070494,Item220704628,SUP763,FAILED,DB Supplier Not Found
6043,TD22070452,Item220704948,SUP370,FAILED,Schedule Not Found
6044,TD22070541,Item220705869,SUP370,FAILED,Schedule Not Found
6045,TD22070692,Item220706918,SUP370,FAILED,Schedule Not Found
6046,TD22070719,Item220707577,SUP370,FAILED,DB Supplier Not Found
6047,TD22070719,Item220707577,SUP156,FAILED,DB Supplier Not Found
6048,TD22070760,Item220707596,SUP370,FAILED,DB Supplier Not Found
6049,TD22070760,Item220707596,SUP156,FAILED,DB Supplier Not Found
6050,TD22071181,Item22071121,SUP370,FAILED,DB Supplier Not Found
6051,TD22071181,Item22071121,SUP156,FAILED,DB Supplier Not Found
6052,TD22071199,Item220711256,SUP370,FAILED,DB Supplier Not Found
6053,TD22071199,Item220711256,SUP156,FAILED,DB Supplier Not Found
6054,TD22071230,Item220712269,SUP784,FAILED,DB Supplier Not Found
6055,TD22071230,Item220712269,SUP68,FAILED,DB Supplier Not Found
6056,TD22071230,Item220712269,SUP154,FAILED,DB Supplier Not Found
6057,TD22071230,Item220712269,SUP428,FAILED,DB Supplier Not Found
6058,TD22071422,Item220714571,SUP564,FAILED,DB Supplier Not Found
6059,TD22071436,Item22071494,SUP564,FAILED,DB Supplier Not Found
6060,TD2207143,Item220714218,SUP564,FAILED,DB Supplier Not Found
6061,TD2207213,Item220721931,SUP43,FAILED,DB Supplier Not Found
6062,TD2207213,Item220721931,SUP876,FAILED,DB Supplier Not Found
6063,TD2207213,Item220721931,SUP827,FAILED,DB Supplier Not Found
6064,TD22072128,Item220721907,SUP827,FAILED,DB Supplier Not Found
6065,TD22072128,Item220721907,SUP564,FAILED,DB Supplier Not Found
6066,TD22072128,Item220721907,SUP649,FAILED,DB Supplier Not Found
6067,TD22072128,Item220721907,SUP43,FAILED,DB Supplier Not Found
6068,TD22072128,Item220721907,SUP224,FAILED,DB Supplier Not Found
6069,TD22072841,Item220728955,SUP453,FAILED,DB Supplier Not Found
6070,TD22072841,Item220728955,SUP68,FAILED,DB Supplier Not Found
6071,TD22072841,Item220728955,SUP804,FAILED,DB Supplier Not Found
6072,TD22072875,Item220728742,SUP68,FAILED,DB Supplier Not Found
6073,TD22072875,Item220728742,SUP453,FAILED,DB Supplier Not Found
6074,TD22072875,Item220728742,SUP340,FAILED,DB Supplier Not Found
6075,TD2207296,Item22072947,SUP451,FAILED,DB Supplier Not Found
6076,TD2207296,Item22072947,SUP829,FAILED,DB Supplier Not Found
6077,TD2207296,Item22072947,SUP259,FAILED,DB Supplier Not Found
6078,TD22072926,Item220729461,SUP617,FAILED,DB Supplier Not Found
6079,TD22072926,Item220729461,SUP238,FAILED,DB Supplier Not Found
6080,TD22072933,Item220729393,SUP424,FAILED,DB Supplier Not Found
6081,TD22072933,Item220729393,SUP564,FAILED,DB Supplier Not Found
6082,TD22072933,Item220729393,SUP259,FAILED,DB Supplier Not Found
6083,TD22072933,Item220729393,SUP244,FAILED,DB Supplier Not Found
6084,TD22072933,Item220729393,SUP800,FAILED,DB Supplier Not Found
6085,TD22080170,Item220801719,SUP80,FAILED,DB Supplier Not Found
6086,TD22080170,Item220801719,SUP205,FAILED,DB Supplier Not Found
6087,TD22080170,Item220801719,SUP829,FAILED,DB Supplier Not Found
6088,TD22080443,Item22080433,SUP751,FAILED,DB Supplier Not Found
6089,TD22080470,Item220804396,SUP751,FAILED,DB Supplier Not Found
6090,TD22080585,Item220805945,SUP453,FAILED,DB Supplier Not Found
6091,TD22080585,Item220805945,SUP973,FAILED,DB Supplier Not Found
6092,TD22080585,Item220805945,SUP230,FAILED,DB Supplier Not Found
6093,TD22080585,Item220805945,SUP230,FAILED,DB Supplier Not Found
6094,TD22080585,Item220805945,SUP68,FAILED,DB Supplier Not Found
6095,TD22080585,Item220805945,SUP183,FAILED,DB Supplier Not Found
6096,TD22080532,Item220805297,SUP453,FAILED,DB Supplier Not Found
6097,TD22080532,Item220805297,SUP973,FAILED,DB Supplier Not Found
6098,TD22080532,Item220805297,SUP230,FAILED,DB Supplier Not Found
6099,TD22080532,Item220805297,SUP68,FAILED,DB Supplier Not Found
6100,TD22080518,Item220805933,SUP453,FAILED,DB Supplier Not Found
6101,TD22080518,Item220805933,SUP230,FAILED,DB Supplier Not Found
6102,TD22080518,Item220805933,SUP973,FAILED,DB Supplier Not Found
6103,TD22080518,Item220805933,SUP68,FAILED,DB Supplier Not Found
6104,TD22081117,Item220811334,SUP42,FAILED,DB Supplier Not Found
6105,TD22081117,Item220811334,SUP334,FAILED,DB Supplier Not Found
6106,TD22081117,Item220811334,SUP451,FAILED,DB Supplier Not Found
6107,TD22081117,Item220811334,SUP829,FAILED,DB Supplier Not Found
6108,TD22081117,Item220811334,SUP259,FAILED,DB Supplier Not Found
6109,TD22081866,Item220818910,SUP497,FAILED,DB Supplier Not Found
6110,TD22081866,Item220818910,SUP189,FAILED,DB Supplier Not Found
6111,TD22081897,Item220818279,SUP497,FAILED,DB Supplier Not Found
6112,TD22081897,Item220818279,SUP189,FAILED,DB Supplier Not Found
6113,TD22081846,Item220818105,SUP497,FAILED,DB Supplier Not Found
6114,TD22081846,Item220818105,SUP189,FAILED,DB Supplier Not Found
6115,TD22081891,Item220818987,SUP189,FAILED,DB Supplier Not Found
6116,TD22081891,Item220818987,SUP564,FAILED,DB Supplier Not Found
6117,TD22082649,Item220826871,SUP185,FAILED,DB Supplier Not Found
6118,TD22082649,Item220826871,SUP876,FAILED,DB Supplier Not Found
6119,TD22082649,Item220826871,SUP564,FAILED,DB Supplier Not Found
6120,TD22082934,Item220829551,SUP185,FAILED,DB Supplier Not Found
6121,TD22082934,Item220829551,SUP876,FAILED,DB Supplier Not Found
6122,TD22082934,Item220829551,SUP564,FAILED,DB Supplier Not Found
6123,TD22082976,Item220829464,SUP281,FAILED,DB Supplier Not Found
6124,TD22082976,Item220829464,SUP635,FAILED,DB Supplier Not Found
6125,TD22082976,Item220829464,SUP635,FAILED,DB Supplier Not Found
6126,TD22082976,Item220829464,SUP564,FAILED,DB Supplier Not Found
6127,TD22082964,Item220829438,SUP876,FAILED,DB Supplier Not Found
6128,TD22082964,Item220829438,SUP797,FAILED,DB Supplier Not Found
6129,TD22082964,Item220829438,SUP564,FAILED,DB Supplier Not Found
6130,TD22082964,Item220829438,SUP185,FAILED,DB Supplier Not Found
6131,TD22090835,Item220908631,SUP340,FAILED,DB Supplier Not Found
6132,TD22090835,Item220908631,SUP4,FAILED,DB Supplier Not Found
6133,TD22090835,Item220908631,SUP980,FAILED,DB Supplier Not Found
6134,TD2209084,Item220908457,SUP635,FAILED,DB Supplier Not Found
6135,TD2209084,Item220908457,SUP281,FAILED,DB Supplier Not Found
6136,TD2209084,Item220908457,SUP564,FAILED,DB Supplier Not Found
6137,TD22090893,Item220908596,SUP658,FAILED,DB Supplier Not Found
6138,TD22090893,Item220908596,SUP281,FAILED,DB Supplier Not Found
6139,TD22091474,Item22091453,SUP453,FAILED,DB Supplier Not Found
6140,TD22091474,Item22091453,SUP68,FAILED,DB Supplier Not Found
6141,TD22091474,Item22091453,SUP230,FAILED,DB Supplier Not Found
6142,TD22091425,Item220914685,SUP453,FAILED,DB Supplier Not Found
6143,TD22091425,Item220914685,SUP68,FAILED,DB Supplier Not Found
6144,TD22091425,Item220914685,SUP230,FAILED,DB Supplier Not Found
6145,TD22091544,Item220915628,SUP527,FAILED,DB Supplier Not Found
6146,TD22091544,Item220915628,SUP635,FAILED,DB Supplier Not Found
6147,TD22091544,Item220915628,SUP555,FAILED,DB Supplier Not Found
6148,TD22091544,Item220915628,SUP687,FAILED,DB Supplier Not Found
6149,TD22092373,Item220923790,SUP34,FAILED,Schedule Not Found
6150,TD22092373,Item220923790,SUP687,FAILED,Schedule Not Found
6151,TD22092373,Item220923790,SUP555,FAILED,Schedule Not Found
6152,TD22092373,Item220923790,SUP235,FAILED,Schedule Not Found
6153,TD22092348,Item220923439,SUP687,FAILED,DB Supplier Not Found
6154,TD22092348,Item220923439,SUP555,FAILED,DB Supplier Not Found
6155,TD22092348,Item220923439,SUP635,FAILED,DB Supplier Not Found
6156,TD22092348,Item220923439,SUP235,FAILED,DB Supplier Not Found
6157,TD22092348,Item220923439,SUP832,FAILED,DB Supplier Not Found
6158,TD22092369,Item220923911,SUP687,FAILED,DB Supplier Not Found
6159,TD22092369,Item220923911,SUP555,FAILED,DB Supplier Not Found
6160,TD22092369,Item220923911,SUP635,FAILED,DB Supplier Not Found
6161,TD22092369,Item220923911,SUP235,FAILED,DB Supplier Not Found
6162,TD22092369,Item220923911,SUP832,FAILED,DB Supplier Not Found
6163,TD22101477,Item221014125,SUP901,FAILED,DB Supplier Not Found
6164,TD22101477,Item221014125,SUP861,FAILED,DB Supplier Not Found
6165,TD22101477,Item221014125,SUP564,FAILED,DB Supplier Not Found
6166,TD22101477,Item221014125,SUP247,FAILED,DB Supplier Not Found
6167,TD22101477,Item221014125,SUP851,FAILED,DB Supplier Not Found
6168,TD22101848,Item221018125,SUP464,FAILED,DB Supplier Not Found
6169,TD22101848,Item221018125,SUP778,FAILED,DB Supplier Not Found
6170,TD22101988,Item221019905,SUP611,FAILED,Schedule Not Found
6171,TD22101988,Item221019905,SUP152,FAILED,Schedule Not Found
6172,TD22101977,Item221019808,SUP947,FAILED,DB Supplier Not Found
6173,TD22101977,Item221019808,SUP810,FAILED,DB Supplier Not Found
6174,TD22101965,Item221019400,SUP861,FAILED,DB Supplier Not Found
6175,TD22101965,Item221019400,SUP247,FAILED,DB Supplier Not Found
6176,TD22101965,Item221019400,SUP468,FAILED,DB Supplier Not Found
6177,TD22101965,Item221019400,SUP592,FAILED,DB Supplier Not Found
6178,TD22101965,Item221019400,SUP438,FAILED,DB Supplier Not Found
6179,TD22101965,Item221019400,SUP901,FAILED,DB Supplier Not Found
6180,TD22102027,Item221020660,SUP901,FAILED,DB Supplier Not Found
6181,TD22102027,Item221020660,SUP861,FAILED,DB Supplier Not Found
6182,TD22102027,Item221020660,SUP468,FAILED,DB Supplier Not Found
6183,TD22102027,Item221020660,SUP592,FAILED,DB Supplier Not Found
6184,TD22102027,Item221020660,SUP247,FAILED,DB Supplier Not Found
6185,TD22102051,Item221020814,SUP247,FAILED,DB Supplier Not Found
6186,TD22102051,Item221020343,SUP247,FAILED,DB Supplier Not Found
6187,TD22102051,Item221020814,SUP468,FAILED,DB Supplier Not Found
6188,TD22102051,Item221020343,SUP468,FAILED,DB Supplier Not Found
6189,TD22102051,Item221020814,SUP592,FAILED,DB Supplier Not Found
6190,TD22102051,Item221020343,SUP592,FAILED,DB Supplier Not Found
6191,TD22102051,Item221020814,SUP901,FAILED,DB Supplier Not Found
6192,TD22102051,Item221020343,SUP901,FAILED,DB Supplier Not Found
6193,TD22102051,Item221020814,SUP861,FAILED,DB Supplier Not Found
6194,TD22102051,Item221020343,SUP861,FAILED,DB Supplier Not Found
6195,TD22102051,Item221020814,SUP438,FAILED,DB Supplier Not Found
6196,TD22102051,Item221020343,SUP438,FAILED,DB Supplier Not Found
6197,TD22102039,Item221020889,SUP313,FAILED,DB Supplier Not Found
6198,TD22102039,Item221020889,SUP94,FAILED,DB Supplier Not Found
6199,TD22102039,Item221020889,SUP80,FAILED,DB Supplier Not Found
6200,TD22102039,Item221020889,SUP829,FAILED,DB Supplier Not Found
6201,TD22102039,Item221020889,SUP911,FAILED,DB Supplier Not Found
6202,TD22102039,Item221020889,SUP42,FAILED,DB Supplier Not Found
6203,TD22102085,Item221020405,SUP313,FAILED,DB Supplier Not Found
6204,TD22102085,Item221020405,SUP94,FAILED,DB Supplier Not Found
6205,TD22102085,Item221020405,SUP611,FAILED,DB Supplier Not Found
6206,TD22102085,Item221020405,SUP618,FAILED,DB Supplier Not Found
6207,TD22102085,Item221020405,SUP428,FAILED,DB Supplier Not Found
6208,TD22102085,Item221020405,SUP265,FAILED,DB Supplier Not Found
6209,TD22102085,Item221020405,SUP80,FAILED,DB Supplier Not Found
6210,TD22102085,Item221020405,SUP829,FAILED,DB Supplier Not Found
6211,TD22102085,Item221020405,SUP42,FAILED,DB Supplier Not Found
6212,TD22102099,Item221020482,SUP313,FAILED,DB Supplier Not Found
6213,TD22102099,Item221020482,SUP42,FAILED,DB Supplier Not Found
6214,TD22102099,Item221020482,SUP829,FAILED,DB Supplier Not Found
6215,TD22102099,Item221020482,SUP80,FAILED,DB Supplier Not Found
6216,TD22102099,Item221020482,SUP428,FAILED,DB Supplier Not Found
6217,TD22102099,Item221020482,SUP265,FAILED,DB Supplier Not Found
6218,TD22102099,Item221020482,SUP94,FAILED,DB Supplier Not Found
6219,TD22102099,Item221020482,SUP611,FAILED,DB Supplier Not Found
6220,TD22102099,Item221020482,SUP618,FAILED,DB Supplier Not Found
6221,TD22102071,Item221020344,SUP618,FAILED,DB Supplier Not Found
6222,TD22102071,Item221020344,SUP611,FAILED,DB Supplier Not Found
6223,TD22102071,Item221020344,SUP265,FAILED,DB Supplier Not Found
6224,TD22102071,Item221020344,SUP94,FAILED,DB Supplier Not Found
6225,TD22102071,Item221020344,SUP428,FAILED,DB Supplier Not Found
6226,TD22102071,Item221020344,SUP80,FAILED,DB Supplier Not Found
6227,TD22102071,Item221020344,SUP829,FAILED,DB Supplier Not Found
6228,TD22102071,Item221020344,SUP42,FAILED,DB Supplier Not Found
6229,TD22102071,Item221020344,SUP313,FAILED,DB Supplier Not Found
6230,TD22102088,Item221020911,SUP313,FAILED,DB Supplier Not Found
6231,TD22102088,Item221020911,SUP94,FAILED,DB Supplier Not Found
6232,TD22102088,Item221020911,SUP80,FAILED,DB Supplier Not Found
6233,TD22102088,Item221020911,SUP829,FAILED,DB Supplier Not Found
6234,TD22102088,Item221020911,SUP911,FAILED,DB Supplier Not Found
6235,TD22102088,Item221020911,SUP42,FAILED,DB Supplier Not Found
6236,TD22102075,Item221020106,SUP348,FAILED,DB Supplier Not Found
6237,TD22102060,Item221020642,SUP313,FAILED,DB Supplier Not Found
6238,TD22102075,Item221020106,SUP230,FAILED,DB Supplier Not Found
6239,TD22102075,Item221020106,SUP797,FAILED,DB Supplier Not Found
6240,TD22102060,Item221020642,SUP94,FAILED,DB Supplier Not Found
6241,TD22102060,Item221020642,SUP265,FAILED,DB Supplier Not Found
6242,TD22102075,Item221020106,SUP68,FAILED,DB Supplier Not Found
6243,TD22102060,Item221020642,SUP428,FAILED,DB Supplier Not Found
6244,TD22102060,Item221020642,SUP611,FAILED,DB Supplier Not Found
6245,TD22102075,Item221020106,SUP453,FAILED,DB Supplier Not Found
6246,TD22102060,Item221020642,SUP80,FAILED,DB Supplier Not Found
6247,TD22102060,Item221020642,SUP829,FAILED,DB Supplier Not Found
6248,TD22102060,Item221020642,SUP42,FAILED,DB Supplier Not Found
6249,TD22102060,Item221020642,SUP618,FAILED,DB Supplier Not Found
6250,TD22102057,Item22102030,SUP348,FAILED,DB Supplier Not Found
6251,TD22102057,Item22102030,SUP797,FAILED,DB Supplier Not Found
6252,TD22102057,Item22102030,SUP453,FAILED,DB Supplier Not Found
6253,TD22102057,Item22102030,SUP230,FAILED,DB Supplier Not Found
6254,TD22102057,Item22102030,SUP68,FAILED,DB Supplier Not Found
6255,TD22102049,Item221020272,SUP611,FAILED,DB Supplier Not Found
6256,TD22102049,Item221020272,SUP265,FAILED,DB Supplier Not Found
6257,TD22102049,Item221020272,SUP313,FAILED,DB Supplier Not Found
6258,TD22102049,Item221020272,SUP94,FAILED,DB Supplier Not Found
6259,TD22102049,Item221020272,SUP80,FAILED,DB Supplier Not Found
6260,TD22102049,Item221020272,SUP618,FAILED,DB Supplier Not Found
6261,TD22102049,Item221020272,SUP829,FAILED,DB Supplier Not Found
6262,TD22102049,Item221020272,SUP42,FAILED,DB Supplier Not Found
6263,TD22102587,Item221025917,SUP313,FAILED,DB Supplier Not Found
6264,TD22102587,Item221025917,SUP94,FAILED,DB Supplier Not Found
6265,TD22102587,Item221025917,SUP671,FAILED,DB Supplier Not Found
6266,TD22102587,Item221025917,SUP829,FAILED,DB Supplier Not Found
6267,TD22102587,Item221025917,SUP911,FAILED,DB Supplier Not Found
6268,TD22102587,Item221025917,SUP42,FAILED,DB Supplier Not Found
6269,TD22102527,Item22102570,SUP611,FAILED,DB Supplier Not Found
6270,TD22102527,Item22102570,SUP265,FAILED,DB Supplier Not Found
6271,TD22102527,Item22102570,SUP313,FAILED,DB Supplier Not Found
6272,TD22102527,Item22102570,SUP94,FAILED,DB Supplier Not Found
6273,TD22102527,Item22102570,SUP80,FAILED,DB Supplier Not Found
6274,TD22102527,Item22102570,SUP618,FAILED,DB Supplier Not Found
6275,TD22102527,Item22102570,SUP829,FAILED,DB Supplier Not Found
6276,TD22102527,Item22102570,SUP42,FAILED,DB Supplier Not Found
6277,TD22102544,Item221025682,SUP313,FAILED,DB Supplier Not Found
6278,TD22102544,Item221025682,SUP94,FAILED,DB Supplier Not Found
6279,TD22102544,Item221025682,SUP152,FAILED,DB Supplier Not Found
6280,TD22102544,Item221025682,SUP428,FAILED,DB Supplier Not Found
6281,TD22102544,Item221025682,SUP611,FAILED,DB Supplier Not Found
6282,TD22102544,Item221025682,SUP671,FAILED,DB Supplier Not Found
6283,TD22102544,Item221025682,SUP829,FAILED,DB Supplier Not Found
6284,TD22102544,Item221025682,SUP42,FAILED,DB Supplier Not Found
6285,TD22102544,Item221025682,SUP618,FAILED,DB Supplier Not Found
6286,TD22102554,Item221025514,SUP313,FAILED,DB Supplier Not Found
6287,TD22102554,Item221025514,SUP94,FAILED,DB Supplier Not Found
6288,TD22102554,Item221025514,SUP80,FAILED,DB Supplier Not Found
6289,TD22102554,Item221025514,SUP829,FAILED,DB Supplier Not Found
6290,TD22102554,Item221025514,SUP911,FAILED,DB Supplier Not Found
6291,TD22102554,Item221025514,SUP42,FAILED,DB Supplier Not Found
6292,TD22102571,Item221025313,SUP4,FAILED,DB Supplier Not Found
6293,TD22102571,Item221025313,SUP643,FAILED,DB Supplier Not Found
6294,TD22102571,Item221025313,SUP589,FAILED,DB Supplier Not Found
6295,TD22102571,Item221025313,SUP68,FAILED,DB Supplier Not Found
6296,TD22102571,Item221025313,SUP687,FAILED,DB Supplier Not Found
6297,TD22102571,Item221025313,SUP91,FAILED,DB Supplier Not Found
6298,TD22110714,Item221107707,SUP46,FAILED,DB Supplier Not Found
6299,TD22110714,Item221107707,SUP507,FAILED,DB Supplier Not Found
6300,TD22111016,Item221110861,SUP564,FAILED,DB Supplier Not Found
6301,TD22111016,Item221110861,SUP797,FAILED,DB Supplier Not Found
6302,TD22111016,Item221110861,SUP19,FAILED,DB Supplier Not Found
6303,TD22111070,Item221110350,SUP564,FAILED,DB Supplier Not Found
6304,TD22111070,Item221110350,SUP797,FAILED,DB Supplier Not Found
6305,TD22111070,Item221110350,SUP19,FAILED,DB Supplier Not Found
6306,TD22112130,Item221121556,SUP342,FAILED,DB Supplier Not Found
6307,TD22112130,Item221121556,SUP829,FAILED,DB Supplier Not Found
6308,TD22112134,Item221121423,SUP342,FAILED,DB Supplier Not Found
6309,TD22112134,Item221121423,SUP829,FAILED,DB Supplier Not Found
6310,TD22112179,Item22112150,SUP342,FAILED,DB Supplier Not Found
6311,TD22112179,Item22112150,SUP829,FAILED,DB Supplier Not Found
6312,TD22112144,Item221121420,SUP222,FAILED,Schedule Not Found
6313,TD22112177,Item221121951,SUP222,FAILED,DB Supplier Not Found
6314,TD22112177,Item221121951,SUP829,FAILED,DB Supplier Not Found
6315,TD22112824,Item221128209,SUP273,FAILED,DB Supplier Not Found
6316,TD22112824,Item221128209,SUP635,FAILED,DB Supplier Not Found
6317,TD22112824,Item221128209,SUP281,FAILED,DB Supplier Not Found
6318,TD22112857,Item221128589,SUP827,FAILED,DB Supplier Not Found
6319,TD22112857,Item221128589,SUP205,FAILED,DB Supplier Not Found
6320,TD2211297,Item221129634,SUP205,FAILED,DB Supplier Not Found
6321,TD2211297,Item221129634,SUP302,FAILED,DB Supplier Not Found
6322,TD2211297,Item221129634,SUP734,FAILED,DB Supplier Not Found
6323,TD22112912,Item221129275,SUP830,FAILED,DB Supplier Not Found
6324,TD22112912,Item221129275,SUP527,FAILED,DB Supplier Not Found
6325,TD22113094,Item221130664,SUP903,FAILED,DB Supplier Not Found
6326,TD22113094,Item221130664,SUP438,FAILED,DB Supplier Not Found
6327,TD22113094,Item221130664,SUP205,FAILED,DB Supplier Not Found
6328,TD22113094,Item221130664,SUP916,FAILED,DB Supplier Not Found
6329,TD22113094,Item221130664,SUP592,FAILED,DB Supplier Not Found
6330,TD22113094,Item221130664,SUP901,FAILED,DB Supplier Not Found
6331,TD22113067,Item221130576,SUP438,FAILED,DB Supplier Not Found
6332,TD22113067,Item221130576,SUP903,FAILED,DB Supplier Not Found
6333,TD22113067,Item221130576,SUP205,FAILED,DB Supplier Not Found
6334,TD22120566,Item221205826,SUP400,FAILED,DB Supplier Not Found
6335,TD22120566,Item221205826,SUP829,FAILED,DB Supplier Not Found
6336,TD22120566,Item221205826,SUP527,FAILED,DB Supplier Not Found
6337,TD22120566,Item221205826,SUP152,FAILED,DB Supplier Not Found
6338,TD22120566,Item221205826,SUP80,FAILED,DB Supplier Not Found
6339,TD22121439,Item221214497,SUP91,FAILED,DB Supplier Not Found
6340,TD22121459,Item221214841,SUP91,FAILED,DB Supplier Not Found
6341,TD22121459,Item221214841,SUP68,FAILED,DB Supplier Not Found
6342,TD2212148,Item221214108,SUP91,FAILED,DB Supplier Not Found
6343,TD2212148,Item221214108,SUP68,FAILED,DB Supplier Not Found
6344,TD22121913,Item221219515,SUP708,FAILED,Schedule Not Found
6345,TD22121913,Item221219515,SUP464,FAILED,Schedule Not Found
6346,TD22121913,Item221219515,SUP567,FAILED,Schedule Not Found
6347,TD22121929,Item221219498,SUP708,FAILED,DB Supplier Not Found
6348,TD22121929,Item221219498,SUP464,FAILED,DB Supplier Not Found
6349,TD22121929,Item221219498,SUP567,FAILED,DB Supplier Not Found
6350,TD22122133,Item221221119,SUP205,FAILED,DB Supplier Not Found
6351,TD22122133,Item221221119,SUP43,FAILED,DB Supplier Not Found
6352,TD22122133,Item221221119,SUP947,FAILED,DB Supplier Not Found
6353,TD22122133,Item221221119,SUP761,FAILED,DB Supplier Not Found
6354,TD23010480,Item230104494,SUP45,FAILED,Schedule Not Found
6355,TD23010480,Item230104494,SUP43,FAILED,Schedule Not Found
6356,TD23010480,Item230104494,SUP211,FAILED,Schedule Not Found
6357,TD23010480,Item230104494,SUP947,FAILED,Schedule Not Found
6358,TD23010484,Item230104418,SUP45,FAILED,DB Supplier Not Found
6359,TD23010484,Item230104418,SUP304,FAILED,DB Supplier Not Found
6360,TD23010484,Item230104418,SUP211,FAILED,DB Supplier Not Found
6361,TD23010484,Item230104418,SUP947,FAILED,DB Supplier Not Found
6362,TD23010484,Item230104418,SUP564,FAILED,DB Supplier Not Found
6363,TD23010935,Item230109680,SUP369,FAILED,DB Supplier Not Found
6364,TD23010935,Item230109680,SUP783,FAILED,DB Supplier Not Found
6365,TD23011033,Item230110739,SUP42,FAILED,DB Supplier Not Found
6366,TD23011033,Item230110739,SUP8,FAILED,DB Supplier Not Found
6367,TD23011033,Item230110739,SUP235,FAILED,DB Supplier Not Found
6368,TD23011020,Item230110515,SUP235,FAILED,DB Supplier Not Found
6369,TD23011020,Item230110515,SUP42,FAILED,DB Supplier Not Found
6370,TD23011020,Item230110515,SUP8,FAILED,DB Supplier Not Found
6371,TD23011059,Item230110626,SUP555,FAILED,Schedule Not Found
6372,TD23011059,Item230110626,SUP829,FAILED,Schedule Not Found
6373,TD23011089,Item230110894,SUP555,FAILED,DB Supplier Not Found
6374,TD23011089,Item230110894,SUP829,FAILED,DB Supplier Not Found
6375,TD23011089,Item230110894,SUP748,FAILED,DB Supplier Not Found
6376,TD23011866,Item230118705,SUP658,FAILED,DB Supplier Not Found
6377,TD23011866,Item230118705,SUP919,FAILED,DB Supplier Not Found
6378,TD23011877,Item230118627,SUP658,FAILED,DB Supplier Not Found
6379,TD23011877,Item230118627,SUP281,FAILED,DB Supplier Not Found
6380,TD23011923,Item230119885,SUP185,FAILED,Schedule Not Found
6381,TD23011923,Item230119885,SUP42,FAILED,Schedule Not Found
6382,TD23011923,Item230119885,SUP700,FAILED,Schedule Not Found
6383,TD23011923,Item230119885,SUP313,FAILED,Schedule Not Found
6384,TD23011991,Item230119493,SUP185,FAILED,DB Supplier Not Found
6385,TD23011991,Item230119493,SUP42,FAILED,DB Supplier Not Found
6386,TD23011991,Item230119493,SUP700,FAILED,DB Supplier Not Found
6387,TD23011991,Item230119493,SUP313,FAILED,DB Supplier Not Found
6388,TD23011991,Item230119493,SUP624,FAILED,DB Supplier Not Found
6389,TD23011991,Item230119493,SUP687,FAILED,DB Supplier Not Found
6390,TD23011991,Item230119493,SUP797,FAILED,DB Supplier Not Found
6391,TD23011992,Item230119277,SUP185,FAILED,DB Supplier Not Found
6392,TD23011992,Item230119277,SUP42,FAILED,DB Supplier Not Found
6393,TD23011992,Item230119277,SUP700,FAILED,DB Supplier Not Found
6394,TD23011992,Item230119277,SUP313,FAILED,DB Supplier Not Found
6395,TD23011992,Item230119277,SUP624,FAILED,DB Supplier Not Found
6396,TD23011992,Item230119277,SUP687,FAILED,DB Supplier Not Found
6397,TD23011992,Item230119277,SUP797,FAILED,DB Supplier Not Found
6398,TD23011913,Item23011983,SUP185,FAILED,DB Supplier Not Found
6399,TD23011913,Item23011983,SUP42,FAILED,DB Supplier Not Found
6400,TD23011913,Item23011983,SUP700,FAILED,DB Supplier Not Found
6401,TD23011913,Item23011983,SUP313,FAILED,DB Supplier Not Found
6402,TD23011913,Item23011983,SUP624,FAILED,DB Supplier Not Found
6403,TD23011913,Item23011983,SUP687,FAILED,DB Supplier Not Found
6404,TD23011913,Item23011983,SUP544,FAILED,DB Supplier Not Found
6405,TD23011913,Item23011983,SUP797,FAILED,DB Supplier Not Found
6406,TD2301209,Item230120528,SUP185,FAILED,DB Supplier Not Found
6407,TD2301209,Item230120528,SUP42,FAILED,DB Supplier Not Found
6408,TD2301209,Item230120528,SUP700,FAILED,DB Supplier Not Found
6409,TD2301209,Item230120528,SUP313,FAILED,DB Supplier Not Found
6410,TD2301209,Item230120528,SUP624,FAILED,DB Supplier Not Found
6411,TD2301209,Item230120528,SUP687,FAILED,DB Supplier Not Found
6412,TD2301209,Item230120528,SUP544,FAILED,DB Supplier Not Found
6413,TD2301209,Item230120528,SUP797,FAILED,DB Supplier Not Found
6414,TD23012026,Item230120397,SUP185,FAILED,DB Supplier Not Found
6415,TD23012026,Item230120397,SUP42,FAILED,DB Supplier Not Found
6416,TD23012026,Item230120397,SUP700,FAILED,DB Supplier Not Found
6417,TD23012026,Item230120397,SUP313,FAILED,DB Supplier Not Found
6418,TD23012026,Item230120397,SUP624,FAILED,DB Supplier Not Found
6419,TD23012026,Item230120397,SUP687,FAILED,DB Supplier Not Found
6420,TD23012026,Item230120397,SUP544,FAILED,DB Supplier Not Found
6421,TD23012026,Item230120397,SUP797,FAILED,DB Supplier Not Found
6422,TD23012062,Item230120630,SUP185,FAILED,DB Supplier Not Found
6423,TD23012062,Item230120630,SUP42,FAILED,DB Supplier Not Found
6424,TD23012062,Item230120630,SUP700,FAILED,DB Supplier Not Found
6425,TD23012062,Item230120630,SUP313,FAILED,DB Supplier Not Found
6426,TD23012062,Item230120630,SUP624,FAILED,DB Supplier Not Found
6427,TD23012062,Item230120630,SUP687,FAILED,DB Supplier Not Found
6428,TD23012062,Item230120630,SUP797,FAILED,DB Supplier Not Found
6429,TD23012025,Item230120882,SUP185,FAILED,DB Supplier Not Found
6430,TD23012025,Item230120882,SUP42,FAILED,DB Supplier Not Found
6431,TD23012025,Item230120882,SUP700,FAILED,DB Supplier Not Found
6432,TD23012025,Item230120882,SUP313,FAILED,DB Supplier Not Found
6433,TD23012025,Item230120882,SUP624,FAILED,DB Supplier Not Found
6434,TD23012025,Item230120882,SUP687,FAILED,DB Supplier Not Found
6435,TD23012025,Item230120882,SUP797,FAILED,DB Supplier Not Found
6436,TD23012427,Item230124447,SUP797,FAILED,Schedule Not Found
6437,TD23012427,Item230124616,SUP797,FAILED,Schedule Not Found
6438,TD23012473,Item23012413,SUP797,FAILED,Schedule Not Found
6439,TD23012473,Item230124931,SUP797,FAILED,Schedule Not Found
6440,TD23012473,Item23012413,SUP527,FAILED,Schedule Not Found
6441,TD23012473,Item230124931,SUP527,FAILED,Schedule Not Found
6442,TD23012473,Item23012413,SUP636,FAILED,Schedule Not Found
6443,TD23012473,Item230124931,SUP636,FAILED,Schedule Not Found
6444,TD23012473,Item23012413,SUP80,FAILED,Schedule Not Found
6445,TD23012473,Item230124931,SUP80,FAILED,Schedule Not Found
6446,TD23012473,Item23012413,SUP618,FAILED,Schedule Not Found
6447,TD23012473,Item230124931,SUP618,FAILED,Schedule Not Found
6448,TD23012473,Item23012413,SUP42,FAILED,Schedule Not Found
6449,TD23012473,Item230124931,SUP42,FAILED,Schedule Not Found
6450,TD23012489,Item230124484,SUP235,FAILED,Schedule Not Found
6451,TD23012489,Item230124357,SUP235,FAILED,Schedule Not Found
6452,TD23012489,Item230124618,SUP235,FAILED,Schedule Not Found
6453,TD23012489,Item2301245,SUP235,FAILED,Schedule Not Found
6454,TD23012489,Item230124755,SUP235,FAILED,Schedule Not Found
6455,TD23012489,Item230124867,SUP235,FAILED,Schedule Not Found
6456,TD23012489,Item230124951,SUP235,FAILED,Schedule Not Found
6457,TD2301247,Item230124327,SUP235,FAILED,Schedule Not Found
6458,TD2301247,Item23012412,SUP235,FAILED,Schedule Not Found
6459,TD2301247,Item230124400,SUP235,FAILED,Schedule Not Found
6460,TD2301247,Item230124166,SUP235,FAILED,Schedule Not Found
6461,TD2301247,Item230124965,SUP235,FAILED,Schedule Not Found
6462,TD2301247,Item230124109,SUP235,FAILED,Schedule Not Found
6463,TD2301247,Item230124664,SUP235,FAILED,Schedule Not Found
6464,TD2301247,Item230124914,SUP235,FAILED,Schedule Not Found
6465,TD2301247,Item230124190,SUP235,FAILED,Schedule Not Found
6466,TD2301247,Item230124151,SUP235,FAILED,Schedule Not Found
6467,TD23012414,Item230124230,SUP235,FAILED,Schedule Not Found
6468,TD23012414,Item230124185,SUP235,FAILED,Schedule Not Found
6469,TD23012414,Item23012464,SUP235,FAILED,Schedule Not Found
6470,TD23012414,Item230124262,SUP235,FAILED,Schedule Not Found
6471,TD23012414,Item230124404,SUP235,FAILED,Schedule Not Found
6472,TD23012414,Item230124202,SUP235,FAILED,Schedule Not Found
6473,TD23012414,Item230124254,SUP235,FAILED,Schedule Not Found
6474,TD23012414,Item230124205,SUP235,FAILED,Schedule Not Found
6475,TD23012414,Item230124373,SUP235,FAILED,Schedule Not Found
6476,TD23012414,Item23012463,SUP235,FAILED,Schedule Not Found
6477,TD23012414,Item230124230,SUP88,FAILED,Schedule Not Found
6478,TD23012414,Item230124185,SUP88,FAILED,Schedule Not Found
6479,TD23012414,Item23012464,SUP88,FAILED,Schedule Not Found
6480,TD23012414,Item230124262,SUP88,FAILED,Schedule Not Found
6481,TD23012414,Item230124404,SUP88,FAILED,Schedule Not Found
6482,TD23012414,Item230124202,SUP88,FAILED,Schedule Not Found
6483,TD23012414,Item230124254,SUP88,FAILED,Schedule Not Found
6484,TD23012414,Item230124205,SUP88,FAILED,Schedule Not Found
6485,TD23012414,Item230124373,SUP88,FAILED,Schedule Not Found
6486,TD23012414,Item23012463,SUP88,FAILED,Schedule Not Found
6487,TD23012414,Item230124230,SUP185,FAILED,Schedule Not Found
6488,TD23012414,Item230124185,SUP185,FAILED,Schedule Not Found
6489,TD23012414,Item23012464,SUP185,FAILED,Schedule Not Found
6490,TD23012414,Item230124262,SUP185,FAILED,Schedule Not Found
6491,TD23012414,Item230124404,SUP185,FAILED,Schedule Not Found
6492,TD23012414,Item230124202,SUP185,FAILED,Schedule Not Found
6493,TD23012414,Item230124254,SUP185,FAILED,Schedule Not Found
6494,TD23012414,Item230124205,SUP185,FAILED,Schedule Not Found
6495,TD23012414,Item230124373,SUP185,FAILED,Schedule Not Found
6496,TD23012414,Item23012463,SUP185,FAILED,Schedule Not Found
6497,TD23012414,Item230124230,SUP42,FAILED,Schedule Not Found
6498,TD23012414,Item230124185,SUP42,FAILED,Schedule Not Found
6499,TD23012414,Item23012464,SUP42,FAILED,Schedule Not Found
6500,TD23012414,Item230124262,SUP42,FAILED,Schedule Not Found
6501,TD23012414,Item230124404,SUP42,FAILED,Schedule Not Found
6502,TD23012414,Item230124202,SUP42,FAILED,Schedule Not Found
6503,TD23012414,Item230124254,SUP42,FAILED,Schedule Not Found
6504,TD23012414,Item230124205,SUP42,FAILED,Schedule Not Found
6505,TD23012414,Item230124373,SUP42,FAILED,Schedule Not Found
6506,TD23012414,Item23012463,SUP42,FAILED,Schedule Not Found
6507,TD23012414,Item230124230,SUP102,FAILED,Schedule Not Found
6508,TD23012414,Item230124185,SUP102,FAILED,Schedule Not Found
6509,TD23012414,Item23012464,SUP102,FAILED,Schedule Not Found
6510,TD23012414,Item230124262,SUP102,FAILED,Schedule Not Found
6511,TD23012414,Item230124404,SUP102,FAILED,Schedule Not Found
6512,TD23012414,Item230124202,SUP102,FAILED,Schedule Not Found
6513,TD23012414,Item230124254,SUP102,FAILED,Schedule Not Found
6514,TD23012414,Item230124205,SUP102,FAILED,Schedule Not Found
6515,TD23012414,Item230124373,SUP102,FAILED,Schedule Not Found
6516,TD23012414,Item23012463,SUP102,FAILED,Schedule Not Found
6517,TD23012414,Item230124230,SUP102,FAILED,Schedule Not Found
6518,TD23012414,Item230124185,SUP102,FAILED,Schedule Not Found
6519,TD23012414,Item23012464,SUP102,FAILED,Schedule Not Found
6520,TD23012414,Item230124262,SUP102,FAILED,Schedule Not Found
6521,TD23012414,Item230124404,SUP102,FAILED,Schedule Not Found
6522,TD23012414,Item230124202,SUP102,FAILED,Schedule Not Found
6523,TD23012414,Item230124254,SUP102,FAILED,Schedule Not Found
6524,TD23012414,Item230124205,SUP102,FAILED,Schedule Not Found
6525,TD23012414,Item230124373,SUP102,FAILED,Schedule Not Found
6526,TD23012414,Item23012463,SUP102,FAILED,Schedule Not Found
6527,TD23012416,Item230124149,SUP948,FAILED,Schedule Not Found
6528,TD23012416,Item230124431,SUP948,FAILED,Schedule Not Found
6529,TD23012416,Item230124475,SUP948,FAILED,Schedule Not Found
6530,TD23012416,Item230124178,SUP948,FAILED,Schedule Not Found
6531,TD23012416,Item230124766,SUP948,FAILED,Schedule Not Found
6532,TD23012442,Item230124454,SUP948,FAILED,Schedule Not Found
6533,TD23012442,Item230124944,SUP948,FAILED,Schedule Not Found
6534,TD23012442,Item230124389,SUP948,FAILED,Schedule Not Found
6535,TD23012442,Item2301241,SUP948,FAILED,Schedule Not Found
6536,TD23012442,Item230124278,SUP948,FAILED,Schedule Not Found
6537,TD23012584,Item230125372,SUP948,FAILED,Schedule Not Found
6538,TD23012584,Item230125486,SUP948,FAILED,Schedule Not Found
6539,TD23012584,Item230125904,SUP948,FAILED,Schedule Not Found
6540,TD23012584,Item230125418,SUP948,FAILED,Schedule Not Found
6541,TD23012584,Item230125997,SUP948,FAILED,Schedule Not Found
6542,TD23012584,Item230125372,SUP641,FAILED,Schedule Not Found
6543,TD23012584,Item230125486,SUP641,FAILED,Schedule Not Found
6544,TD23012584,Item230125904,SUP641,FAILED,Schedule Not Found
6545,TD23012584,Item230125418,SUP641,FAILED,Schedule Not Found
6546,TD23012584,Item230125997,SUP641,FAILED,Schedule Not Found
6547,TD23012584,Item230125372,SUP102,FAILED,Schedule Not Found
6548,TD23012584,Item230125486,SUP102,FAILED,Schedule Not Found
6549,TD23012584,Item230125904,SUP102,FAILED,Schedule Not Found
6550,TD23012584,Item230125418,SUP102,FAILED,Schedule Not Found
6551,TD23012584,Item230125997,SUP102,FAILED,Schedule Not Found
6552,TD23012584,Item230125372,SUP527,FAILED,Schedule Not Found
6553,TD23012584,Item230125486,SUP527,FAILED,Schedule Not Found
6554,TD23012584,Item230125904,SUP527,FAILED,Schedule Not Found
6555,TD23012584,Item230125418,SUP527,FAILED,Schedule Not Found
6556,TD23012584,Item230125997,SUP527,FAILED,Schedule Not Found
6557,TD23012584,Item230125372,SUP88,FAILED,Schedule Not Found
6558,TD23012584,Item230125486,SUP88,FAILED,Schedule Not Found
6559,TD23012584,Item230125904,SUP88,FAILED,Schedule Not Found
6560,TD23012584,Item230125418,SUP88,FAILED,Schedule Not Found
6561,TD23012584,Item230125997,SUP88,FAILED,Schedule Not Found
6562,TD23012584,Item230125372,SUP185,FAILED,Schedule Not Found
6563,TD23012584,Item230125486,SUP185,FAILED,Schedule Not Found
6564,TD23012584,Item230125904,SUP185,FAILED,Schedule Not Found
6565,TD23012584,Item230125418,SUP185,FAILED,Schedule Not Found
6566,TD23012584,Item230125997,SUP185,FAILED,Schedule Not Found
6567,TD23012584,Item230125372,SUP28,FAILED,Schedule Not Found
6568,TD23012584,Item230125486,SUP28,FAILED,Schedule Not Found
6569,TD23012584,Item230125904,SUP28,FAILED,Schedule Not Found
6570,TD23012584,Item230125418,SUP28,FAILED,Schedule Not Found
6571,TD23012584,Item230125997,SUP28,FAILED,Schedule Not Found
6572,TD23012547,Item230125268,SUP948,FAILED,Schedule Not Found
6573,TD23012547,Item230125891,SUP948,FAILED,Schedule Not Found
6574,TD23012547,Item230125848,SUP948,FAILED,Schedule Not Found
6575,TD23012547,Item230125109,SUP948,FAILED,Schedule Not Found
6576,TD23012547,Item230125171,SUP948,FAILED,Schedule Not Found
6577,TD23012547,Item230125268,SUP641,FAILED,Schedule Not Found
6578,TD23012547,Item230125891,SUP641,FAILED,Schedule Not Found
6579,TD23012547,Item230125848,SUP641,FAILED,Schedule Not Found
6580,TD23012547,Item230125109,SUP641,FAILED,Schedule Not Found
6581,TD23012547,Item230125171,SUP641,FAILED,Schedule Not Found
6582,TD23012547,Item230125268,SUP102,FAILED,Schedule Not Found
6583,TD23012547,Item230125891,SUP102,FAILED,Schedule Not Found
6584,TD23012547,Item230125848,SUP102,FAILED,Schedule Not Found
6585,TD23012547,Item230125109,SUP102,FAILED,Schedule Not Found
6586,TD23012547,Item230125171,SUP102,FAILED,Schedule Not Found
6587,TD23012547,Item230125268,SUP527,FAILED,Schedule Not Found
6588,TD23012547,Item230125891,SUP527,FAILED,Schedule Not Found
6589,TD23012547,Item230125848,SUP527,FAILED,Schedule Not Found
6590,TD23012547,Item230125109,SUP527,FAILED,Schedule Not Found
6591,TD23012547,Item230125171,SUP527,FAILED,Schedule Not Found
6592,TD23012547,Item230125268,SUP88,FAILED,Schedule Not Found
6593,TD23012547,Item230125891,SUP88,FAILED,Schedule Not Found
6594,TD23012547,Item230125848,SUP88,FAILED,Schedule Not Found
6595,TD23012547,Item230125109,SUP88,FAILED,Schedule Not Found
6596,TD23012547,Item230125171,SUP88,FAILED,Schedule Not Found
6597,TD23012547,Item230125268,SUP37,FAILED,Schedule Not Found
6598,TD23012547,Item230125891,SUP37,FAILED,Schedule Not Found
6599,TD23012547,Item230125848,SUP37,FAILED,Schedule Not Found
6600,TD23012547,Item230125109,SUP37,FAILED,Schedule Not Found
6601,TD23012547,Item230125171,SUP37,FAILED,Schedule Not Found
6602,TD23012547,Item230125268,SUP28,FAILED,Schedule Not Found
6603,TD23012547,Item230125891,SUP28,FAILED,Schedule Not Found
6604,TD23012547,Item230125848,SUP28,FAILED,Schedule Not Found
6605,TD23012547,Item230125109,SUP28,FAILED,Schedule Not Found
6606,TD23012547,Item230125171,SUP28,FAILED,Schedule Not Found
6607,TD23012547,Item230125268,SUP42,FAILED,Schedule Not Found
6608,TD23012547,Item230125891,SUP42,FAILED,Schedule Not Found
6609,TD23012547,Item230125848,SUP42,FAILED,Schedule Not Found
6610,TD23012547,Item230125109,SUP42,FAILED,Schedule Not Found
6611,TD23012547,Item230125171,SUP42,FAILED,Schedule Not Found
6612,TD23013148,Item230131121,SUP948,FAILED,Schedule Not Found
6613,TD23013148,Item230131203,SUP948,FAILED,Schedule Not Found
6614,TD23013148,Item230131377,SUP948,FAILED,Schedule Not Found
6615,TD23013148,Item230131640,SUP948,FAILED,Schedule Not Found
6616,TD23013148,Item230131168,SUP948,FAILED,Schedule Not Found
6617,TD23013148,Item230131121,SUP88,FAILED,Schedule Not Found
6618,TD23013148,Item230131203,SUP88,FAILED,Schedule Not Found
6619,TD23013148,Item230131377,SUP88,FAILED,Schedule Not Found
6620,TD23013148,Item230131640,SUP88,FAILED,Schedule Not Found
6621,TD23013148,Item230131168,SUP88,FAILED,Schedule Not Found
6622,TD23013148,Item230131121,SUP102,FAILED,Schedule Not Found
6623,TD23013148,Item230131203,SUP102,FAILED,Schedule Not Found
6624,TD23013148,Item230131377,SUP102,FAILED,Schedule Not Found
6625,TD23013148,Item230131640,SUP102,FAILED,Schedule Not Found
6626,TD23013148,Item230131168,SUP102,FAILED,Schedule Not Found
6627,TD23013148,Item230131121,SUP671,FAILED,Schedule Not Found
6628,TD23013148,Item230131203,SUP671,FAILED,Schedule Not Found
6629,TD23013148,Item230131377,SUP671,FAILED,Schedule Not Found
6630,TD23013148,Item230131640,SUP671,FAILED,Schedule Not Found
6631,TD23013148,Item230131168,SUP671,FAILED,Schedule Not Found
6632,TD23013148,Item230131121,SUP37,FAILED,Schedule Not Found
6633,TD23013148,Item230131203,SUP37,FAILED,Schedule Not Found
6634,TD23013148,Item230131377,SUP37,FAILED,Schedule Not Found
6635,TD23013148,Item230131640,SUP37,FAILED,Schedule Not Found
6636,TD23013148,Item230131168,SUP37,FAILED,Schedule Not Found
6637,TD23013148,Item230131121,SUP42,FAILED,Schedule Not Found
6638,TD23013148,Item230131203,SUP42,FAILED,Schedule Not Found
6639,TD23013148,Item230131377,SUP42,FAILED,Schedule Not Found
6640,TD23013148,Item230131640,SUP42,FAILED,Schedule Not Found
6641,TD23013148,Item230131168,SUP42,FAILED,Schedule Not Found
6642,TD23020647,Item23020616,SUP102,FAILED,Schedule Not Found
6643,TD23020647,Item230206285,SUP102,FAILED,Schedule Not Found
6644,TD23020647,Item230206206,SUP102,FAILED,Schedule Not Found
6645,TD23020647,Item230206836,SUP102,FAILED,Schedule Not Found
6646,TD23020647,Item230206208,SUP102,FAILED,Schedule Not Found
6647,TD23020647,Item23020616,SUP88,FAILED,Schedule Not Found
6648,TD23020647,Item230206285,SUP88,FAILED,Schedule Not Found
6649,TD23020647,Item230206206,SUP88,FAILED,Schedule Not Found
6650,TD23020647,Item230206836,SUP88,FAILED,Schedule Not Found
6651,TD23020647,Item230206208,SUP88,FAILED,Schedule Not Found
6652,TD23020647,Item23020616,SUP527,FAILED,Schedule Not Found
6653,TD23020647,Item230206285,SUP527,FAILED,Schedule Not Found
6654,TD23020647,Item230206206,SUP527,FAILED,Schedule Not Found
6655,TD23020647,Item230206836,SUP527,FAILED,Schedule Not Found
6656,TD23020647,Item230206208,SUP527,FAILED,Schedule Not Found
6657,TD23020647,Item23020616,SUP641,FAILED,Schedule Not Found
6658,TD23020647,Item230206285,SUP641,FAILED,Schedule Not Found
6659,TD23020647,Item230206206,SUP641,FAILED,Schedule Not Found
6660,TD23020647,Item230206836,SUP641,FAILED,Schedule Not Found
6661,TD23020647,Item230206208,SUP641,FAILED,Schedule Not Found
6662,TD23020647,Item23020616,SUP37,FAILED,Schedule Not Found
6663,TD23020647,Item230206285,SUP37,FAILED,Schedule Not Found
6664,TD23020647,Item230206206,SUP37,FAILED,Schedule Not Found
6665,TD23020647,Item230206836,SUP37,FAILED,Schedule Not Found
6666,TD23020647,Item230206208,SUP37,FAILED,Schedule Not Found
6667,TD23020647,Item23020616,SUP28,FAILED,Schedule Not Found
6668,TD23020647,Item230206285,SUP28,FAILED,Schedule Not Found
6669,TD23020647,Item230206206,SUP28,FAILED,Schedule Not Found
6670,TD23020647,Item230206836,SUP28,FAILED,Schedule Not Found
6671,TD23020647,Item230206208,SUP28,FAILED,Schedule Not Found
6672,TD23020647,Item23020616,SUP42,FAILED,Schedule Not Found
6673,TD23020647,Item230206285,SUP42,FAILED,Schedule Not Found
6674,TD23020647,Item230206206,SUP42,FAILED,Schedule Not Found
6675,TD23020647,Item230206836,SUP42,FAILED,Schedule Not Found
6676,TD23020647,Item230206208,SUP42,FAILED,Schedule Not Found
6677,TD2303061,Item230306337,SUP829,FAILED,DB Supplier Not Found
6678,TD2303061,Item230306337,SUP671,FAILED,DB Supplier Not Found
6679,TD23030640,Item230306190,SUP641,FAILED,Schedule Not Found
6680,TD23030640,Item230306587,SUP641,FAILED,Schedule Not Found
6681,TD23030630,Item230306583,SUP641,FAILED,Schedule Not Found
6682,TD23030666,Item230306390,SUP641,FAILED,DB Supplier Not Found
6683,TD23030666,Item230306390,SUP829,FAILED,DB Supplier Not Found
6684,TD23030717,Item230307830,SUP829,FAILED,DB Supplier Not Found
6685,TD23030717,Item230307830,SUP671,FAILED,DB Supplier Not Found
6686,TD23030712,Item230307249,SUP641,FAILED,DB Supplier Not Found
6687,TD23030712,Item230307249,SUP829,FAILED,DB Supplier Not Found
6688,TD2303082,Item230308368,SUP646,FAILED,Schedule Not Found
6689,TD23030891,Item230308745,SUP646,FAILED,Schedule Not Found
6690,TD23030872,Item23030891,SUP646,FAILED,DB Supplier Not Found
6691,TD23030872,Item23030891,SUP829,FAILED,DB Supplier Not Found
6692,TD23030873,Item230308752,SUP641,FAILED,DB Supplier Not Found
6693,TD23030873,Item230308752,SUP829,FAILED,DB Supplier Not Found
6694,TD23030946,Item230309476,SUP868,FAILED,DB Supplier Not Found
6695,TD23030946,Item230309476,SUP46,FAILED,DB Supplier Not Found
6696,TD23030946,Item230309476,SUP897,FAILED,DB Supplier Not Found
6697,TD23030939,Item230309957,SUP868,FAILED,DB Supplier Not Found
6698,TD23030939,Item230309957,SUP46,FAILED,DB Supplier Not Found
6699,TD23030939,Item230309957,SUP897,FAILED,DB Supplier Not Found
6700,TD23030954,Item230309109,SUP868,FAILED,DB Supplier Not Found
6701,TD23030954,Item230309109,SUP46,FAILED,DB Supplier Not Found
6702,TD23030954,Item230309109,SUP897,FAILED,DB Supplier Not Found
6703,TD23030912,Item230309783,SUP868,FAILED,DB Supplier Not Found
6704,TD23030912,Item230309783,SUP46,FAILED,DB Supplier Not Found
6705,TD23030912,Item230309783,SUP897,FAILED,DB Supplier Not Found
6706,TD23031043,Item230310885,SUP868,FAILED,DB Supplier Not Found
6707,TD23031043,Item230310885,SUP564,FAILED,DB Supplier Not Found
6708,TD23031043,Item230310885,SUP897,FAILED,DB Supplier Not Found
6709,TD23031310,Item230313101,SUP993,FAILED,Schedule Not Found
6710,TD23031310,Item230313101,SUP68,FAILED,Schedule Not Found
6711,TD2303138,Item230313274,SUP993,FAILED,DB Supplier Not Found
6712,TD2303138,Item230313274,SUP68,FAILED,DB Supplier Not Found
6713,TD2303138,Item230313274,SUP645,FAILED,DB Supplier Not Found
6714,TD23031450,Item230314298,SUP197,FAILED,Schedule Not Found
6715,TD23032350,Item230323832,SUP868,FAILED,Schedule Not Found
6716,TD23032859,Item230328875,SUP868,FAILED,Schedule Not Found
6717,TD23032859,Item230328547,SUP868,FAILED,Schedule Not Found
6718,TD23032859,Item230328875,SUP46,FAILED,Schedule Not Found
6719,TD23050425,Item230504418,SUP281,FAILED,DB Supplier Not Found
6720,TD23050425,Item230504418,SUP635,FAILED,DB Supplier Not Found
6721,TD23050416,Item230504222,SUP281,FAILED,DB Supplier Not Found
6722,TD23050416,Item230504222,SUP658,FAILED,DB Supplier Not Found
6723,TD23050470,Item230504726,SUP281,FAILED,DB Supplier Not Found
6724,TD23050470,Item230504726,SUP658,FAILED,DB Supplier Not Found
6725,TD23050418,Item230504782,SUP281,FAILED,DB Supplier Not Found
6726,TD23050418,Item230504782,SUP658,FAILED,DB Supplier Not Found
6727,TD23051762,Item230517138,SUP872,FAILED,DB Supplier Not Found
6728,TD23051762,Item230517138,SUP917,FAILED,DB Supplier Not Found
6729,TD23051762,Item230517138,SUP251,FAILED,DB Supplier Not Found
6730,TD23051762,Item230517138,SUP195,FAILED,DB Supplier Not Found
6731,TD23051762,Item230517138,SUP829,FAILED,DB Supplier Not Found
6732,TD23051762,Item230517138,SUP42,FAILED,DB Supplier Not Found
6733,TD23051762,Item230517138,SUP451,FAILED,DB Supplier Not Found
6734,TD23051762,Item230517138,SUP898,FAILED,DB Supplier Not Found
6735,TD23063096,Item230630724,SUP606,FAILED,DB Supplier Not Found
6736,TD23063096,Item230630194,SUP606,FAILED,DB Supplier Not Found
6737,TD23063096,Item230630960,SUP606,FAILED,DB Supplier Not Found
6738,TD23063096,Item230630548,SUP606,FAILED,DB Supplier Not Found
6739,TD23063096,Item230630724,SUP832,FAILED,DB Supplier Not Found
6740,TD23063096,Item230630194,SUP832,FAILED,DB Supplier Not Found
6741,TD23063096,Item230630960,SUP832,FAILED,DB Supplier Not Found
6742,TD23063096,Item230630548,SUP832,FAILED,DB Supplier Not Found
6743,TD23063096,Item230630724,SUP577,FAILED,DB Supplier Not Found
6744,TD23063096,Item230630194,SUP577,FAILED,DB Supplier Not Found
6745,TD23063096,Item230630960,SUP577,FAILED,DB Supplier Not Found
6746,TD23063096,Item230630548,SUP577,FAILED,DB Supplier Not Found
6747,TD23090877,Item230908595,SUP67,FAILED,Schedule Not Found
6748,TD23090877,Item230908595,SUP228,FAILED,Schedule Not Found
6749,TD23092898,Item230928812,SUP67,FAILED,DB Supplier Not Found
6750,TD23092898,Item230928812,SUP228,FAILED,DB Supplier Not Found
6751,TD23092898,Item230928812,SUP783,FAILED,DB Supplier Not Found
6752,TD23092812,Item230928124,SUP658,FAILED,DB Supplier Not Found
6753,TD23092812,Item230928124,SUP227,FAILED,DB Supplier Not Found
6754,TD23092812,Item230928124,SUP876,FAILED,DB Supplier Not Found
6755,TD23092812,Item230928124,SUP91,FAILED,DB Supplier Not Found
6756,TD23092854,Item230928819,SUP658,FAILED,DB Supplier Not Found
6757,TD23092854,Item230928819,SUP227,FAILED,DB Supplier Not Found
6758,TD23092854,Item230928819,SUP876,FAILED,DB Supplier Not Found
6759,TD23101382,Item231013805,SUP211,FAILED,DB Supplier Not Found
6760,TD23101382,Item231013805,SUP653,FAILED,DB Supplier Not Found
6761,TD2310312,Item231031830,SUP205,FAILED,DB Supplier Not Found
6762,TD2310312,Item231031830,SUP653,FAILED,DB Supplier Not Found
6763,TD2310312,Item231031830,SUP86,FAILED,DB Supplier Not Found
6764,TD2310312,Item231031830,SUP263,FAILED,DB Supplier Not Found
6765,TD23110956,Item231109924,SUP67,FAILED,DB Supplier Not Found
6766,TD23110956,Item231109924,SUP45,FAILED,DB Supplier Not Found
6767,TD23110956,Item231109924,SUP783,FAILED,DB Supplier Not Found
6768,TD23111323,Item231113923,SUP770,FAILED,DB Supplier Not Found
6769,TD23113072,Item231130719,SUP948,FAILED,DB Supplier Not Found
6770,TD23113072,Item231130719,SUP815,FAILED,DB Supplier Not Found
6771,TD23113066,Item231130936,SUP815,FAILED,DB Supplier Not Found
6772,TD23113066,Item231130936,SUP617,FAILED,DB Supplier Not Found
6773,TD23113066,Item231130936,SUP948,FAILED,DB Supplier Not Found
6774,TD23113066,Item231130936,SUP53,FAILED,DB Supplier Not Found
6775,TD23113096,Item231130907,SUP945,FAILED,DB Supplier Not Found
6776,TD23113096,Item231130907,SUP783,FAILED,DB Supplier Not Found
6777,TD24041956,Item240419252,SUP663,FAILED,DB Supplier Not Found
6778,TD24041956,Item240419252,SUP498,FAILED,DB Supplier Not Found
6779,TD24041956,Item240419252,SUP510,FAILED,DB Supplier Not Found
6780,TD24041956,Item240419252,SUP947,FAILED,DB Supplier Not Found
6781,TD24041956,Item240419252,SUP769,FAILED,DB Supplier Not Found
6782,TD24041956,Item240419252,SUP832,FAILED,DB Supplier Not Found
6783,TD24041946,Item240419952,SUP201,FAILED,DB Supplier Not Found
6784,TD24041946,Item240419952,SUP215,FAILED,DB Supplier Not Found
6785,TD24041946,Item240419952,SUP455,FAILED,DB Supplier Not Found
6786,TD24041946,Item240419952,SUP205,FAILED,DB Supplier Not Found
6787,TD24041946,Item240419952,SUP735,FAILED,DB Supplier Not Found
6788,TD24041946,Item240419952,SUP784,FAILED,DB Supplier Not Found
6789,TD24041946,Item240419952,SUP43,FAILED,DB Supplier Not Found
6790,TD24041946,Item240419952,SUP947,FAILED,DB Supplier Not Found
6791,TD24041946,,SUP947,FAILED,DB Supplier Not Found
6792,TD24041946,Item240419952,SUP94,FAILED,DB Supplier Not Found
6793,TD2404227,Item24042233,SUP617,FAILED,DB Supplier Not Found
6794,TD2404227,Item24042233,SUP543,FAILED,DB Supplier Not Found
6795,TD2404227,Item24042233,SUP948,FAILED,DB Supplier Not Found
6796,TD24042217,Item240422666,SUP65,FAILED,DB Supplier Not Found
6797,TD24042217,Item240422666,SUP996,FAILED,DB Supplier Not Found
