"id","document_id","item_id","item","required_qty","unit_of_measurement","rfq_no"
"6","TD18100313","Item181003732","Shirts Short Sleeve","100","each","10152646"
"7","TD18100313","Item1810031","Shirts Long Sleeve","10","each","10152646"
"8","TD18100313","Item181003346","Dresses ","10","each","10152646"
"9","TD18100413","Item181004975","Sun Hats ","120","each","10152642"
"10","TD18100414","Item181004429","Substation Numbers","450","each","10155806"
"11","TD18100415","Item181004955","Substation Numbers","450","each","10155804"
"12","TD18100416","Item181004766","Substation Numbers","450","each","10155805"
"13","TD18100417","Item181004924","16mm2 4Core Cable","200","metres","10154709"
"14","TD18100813","Item181008830","Substation Numbers","450","each","10154704"
"15","TD18100816","Item181008899","Substation Numbers","450","each","10154706"
"16","TD18100819","Item181008930","Hire of 7 Tonne Truck","30","each","10153956"
"17","TD18100820","Item181008769","Hire of 7 Tonne Truck","31","each","10153955"
"18","TD18102446","Item18102448","185mm2 4core Cable","40","metres","10158400"
"19","TD18102479","Item181024519","Low bed Lorry","1","each","10157101"
"20","TD18102410","Item181024916","15 Ton Crane Truck","1","each","10157104"
"22","TD18102599","Item181025242","Conference Bags","120","each","10155928"
"31","TD18102595","Item181025675","8 Gig USB ","120","each","10157355"
"32","TD18102560","Item181025312","Writing pads and Parker Pens","120","each","10156289"
"33","TD18102532","Item181025183","Repainting Nyanga depot","1","each","10157465"
"34","TD18102564","Item181025630","Tar Reinstatement ","1","each","10154514"
"35","TD18102556","Item181025698","Fix concrete, cable markers along cabs feeder","1","each","10154516"
"36","TD18102537","Item181025280","Fix and supply pit latrines in Chipinge","4","each","10150235"
"37","TD18102554","Item181025804","supply fix pit latrines in Middle Sabi ","3","each","10152684"
"38","TD18102518","Item181025407","Supply and fix pit latrine","3","each","10152679"
"39","TD18102551","Item181025483","Service of Fire Extinguisher","1","each","10152193"
"40","TD18102597","Item181025760","Service of Fire Extinguisher","1","each","10157120"
"41","TD18102917","Item181029298","bbbb","12","each","101531442"
"42","TD18103130","Item181031527","erection of zcdc line","1","each","2001000004"
"43","TD18103130","Item181031949","erect of  zcdc line","1","each","2001000004"
"44","TD18103194","Item181031696","Stringing of landing spans and erection of pole structures at ZCDC VR Station","1","each","10158700"
"45","TD18103194","Item181031288",,"0","each","10158700"
"46","TD18111242","Item181112981","PG Clamp 50-100mm2 AL/AL","2000","each","10152360"
"47","TD18111295","Item18111236","PG Clamp 50-100mm2 CA/AL","1000","each","10152361"
"48","TD18111293","Item181112914","100mm2 PG Clamp ACSR 2bolt Aloyy","1000","each","10151816"
"49","TD1811122","Item181112809","Piercing connectors","1000","each","10151813"
"50","TD18111239","Item181112997","Soap Bars","3500","each","10151822"
"51","TD18111225","Item181112766","HP ENVY 17 Laptop","1","each","10154821"
"52","TD18111283","Item181112729","ENVY 17 Laptop","1","each","10156058"
"53","TD18111263","Item181112412","ENVY 17 Laptop","1","each","10154349"
"54","TD18111298","Item181112866","ESET Secure","150","each","10159179"
"55","TD18111289","Item181112593","HP72 (C9403A) Matte Black Catridge","2","each","10155782"
"56","TD1811134","Item181113302","Reception Counter","1","each","10155506"
"57","TD18111316","Item181113958","2 Seater reception chairs","6","each","10155657"
"58","TD18111316","Item181113113","3 Seater  reception chairs","1","each","10155657"
"61","TD18111440","Item181114638","11kV D Fuse Mounts ","200","each","10151817"
"62","TD18111410","Item181114581","33Kv D' Fuse Mounts ","200","each","10151821"
"63","TD1811163","Item181116211","Crane Hire","1","each","10160363"
"64","TD1811163","Item181116910","Mileage","365","each","10160363"
"66","TD18111977","Item181119897","System Numbers","450","each","10159923"
"67","TD18111916","Item181119703","System Numbers","450","each","10159923"
"68","TD18111936","Item181119516","Substation Numbers","450","each","10159924"
"69","TD18111974","Item181119474","Substation Numbers","450","each","10159924"
"70","TD1811199","Item181119597","Substation Numbers","450","each","10159923"
"71","TD18111969","Item181119764","HP ProBook 470 G5","1","each","10154821/1"
"73","TD18111957","Item181119428","Craning hours","1","each","10160363"
"74","TD18111957","Item181119144","Mileage to Chipinge","1","each","10160363"
"75","TD18111980","Item181119425","Craning hours","5","each","10160363"
"76","TD18111980","Item1811191","Mileage to Chipinge","365","each","10160363"
"77","TD18111928","Item181119592","Billboards","21","each","10160115"
"78","TD18111979","Item181119931","Pit latrines","8","each","10154661"
"79","TD18111952","Item181119982","Pit latrines","3","each","10154667"
"80","TD1811201","Item18112041","Water Fountain Pumps","2","each","10159367"
"81","TD18112133","Item181121410","Craning hours","5","each","10160363"
"82","TD18112133","Item18112174","Mileage to Chipinge","365","each","10160363"
"83","TD18112696","Item181126400","200mm Gun Clamps","30","each","10157637"
"84","TD18112628","Item181126964","20L PVA White","8","each","10160329"
"85","TD18112628","Item18112682","Oil Paint Blue","10","each","10160329"
"86","TD18112628","Item181126473","5L Turpentine","2","each","10160329"
"87","TD18112628","Item181126523","20L PVA Black","4","each","10160329"
"88","TD18112628","Item18112677","20L Red Roof & Stoep","6","each","10160329"
"89","TD18112641","Item181126906","HP970XL Black","1","each","10160940"
"90","TD18112641","Item181126123","HP970XL Cyan","1","each","10160940"
"91","TD18112641","Item181126847","HP970XL Yellow","1","each","10160940"
"92","TD18112641","Item181126472","HP970XL Magenta","1","each","10160940"
"93","TD18112657","Item181126425","HP55A Toner Cartridge","1","each","10155782"
"94","TD18112689","Item18112642","2 seater reception chairs","6","each","10155657"
"95","TD18112684","Item18112621","Reception Counter","1","each","10155506"
"96","TD18112672","Item181126187","1000x20 New Tyres","4","each","10154658"
"97","TD18112687","Item18112665","New Tyres 195 x 14 for F/N ER2100","5","each","101605502"
"98","TD1811269","Item181126690","New Tyres 215/70R15 for F/N ER2098","5","each","10154681"
"99","TD18112697","Item181126362","New Tyres 215/70R15 for F/N ER2104","5","each","10154679"
"100","TD1811265","Item18112665","Front and Rear Shocks for ER2010","4","each","10160540"
"101","TD18120437","Item181204453","Stay washer 3/4","2000","each","10161190"
"102","TD1812041","Item181204508","Stay plate 3/4","600","each","10161192"
"103","TD18120495","Item181204814","Stay rod 3/4","350","each","10161193"
"104","TD18120427","Item181204349","Stay plate 5/8","650","each","10161194"
"105","TD18120474","Item181204249","Stay rod 5/8","200","each","10161195"
"106","TD18120485","Item181204930","Cross arms strain 100x50x3200mm channel","20","each","10161347"
"107","TD18120486","Item181204893","32.5 Cement","8","each","10160122"
"108","TD18120493","Item181204412","19mm Stones","10","each","10160123"
"109","TD18120424","Item181204412","9m Wood poles","1000","each","10139151"
"110","TD18120451","Item181204608","32.5 Cement","8","each","10160122"
"111","TD18120450","Item181204744","9m Wood poles","1300","each","10139153"
"112","TD18120496","Item181204346","9m Wood poles","900","each","10139154"
"113","TD18120460","Item181204900","9m Wood poles","100","each","10139156"
"114","TD18120468","Item181204931","9m Wood poles","300","each","10139158"
"115","TD1812042","Item181204133","9m Wood poles","200","each","10139159"
"116","TD18120494","Item18120460","9m Wood poles","300","each","10139162"
"117","TD18120436","Item181204328","9m Wood poles","100","each","10139164"
"118","TD18120461","Item181204551","9m Wood poles","100","each","10139165"
"119","TD18120464","Item181204554","11m Wood Poles","1000","each","10139167"
"120","TD18120441","Item181204217","11m Wood poles","1000","each","10139168"
"121","TD18120514","Item181205592","Repair of Current Transformer from 400/1 to 800/1","1","each","10160716"
"122","TD18120589","Item181205473","11m Wood poles","1000","each","10139168"
"123","TD18120559","Item18120528","11m Wood poles","1000","each","10139169"
"124","TD18120539","Item181205835","11m Wood poles","1000","each","10139171"
"125","TD18120558","Item181205165","11m Wood poles","1000","each","10139172"
"126","TD18120583","Item181205329","11m Wood poles","150","each","10139177"
"127","TD18120584","Item18120571","11m Wood poles","200","each","10139180"
"128","TD18120547","Item181205280","11m Wood poles","280","each","10139183"
"129","TD18120518","Item181205228","11m Wood poles","200","each","10139188"
"130","TD18120541","Item181205795","11m Wood poles","300","each","10139189"
"131","TD18120551","Item181205226","11m Wood poles","300","each","10139190"
"132","TD1812053","Item181205403","12.6m wood poles","400","each","10139191"
"133","TD18120562","Item181205886","12.6m wood poles","1000","each","10139192"
"134","TD1812054","Item181205385","12.6m wood poles","1000","each","10139194"
"135","TD18120560","Item181205791","12.6m wood poles","1000","each","10139197"
"136","TD1812059","Item181205770","12.6m wood poles","120","each","10139198"
"137","TD18120528","Item181205148","12.6m wood poles","200","each","10139199"
"138","TD18120572","Item181205350","12.6m wood poles","120","each","10139197"
"139","TD1812051","Item181205130","12.6m wood poles","70","each","10139200"
"140","TD18120571","Item181205235","12.6m wood poles","140","each","10139202"
"141","TD18120563","Item181205219","12.6m wood poles","100","each","10139204"
"142","TD18120586","Item181205375","12.6m wood poles","200","each","10139205"
"143","TD1812058","Item181205799","12.6m wood poles","100","each","10139206"
"144","TD18120557","Item181205941","12.6m wood poles","1200","each","10139209"
"145","TD18120590","Item181205498","PG Clamps 2 bolt","24","each","10161196"
"146","TD18120585","Item181205679","32.5 Cement","8","each","10160122"
"147","TD18120587","Item181205178","19mm Stones","10","each","10160123"
"148","TD18120513","Item181205201","Stringing of Landing spans and erection of pole structures at ZCDC VR Station","1","each","10158700"
"149","TD18120526","Item181205361","Cellphones","7","each","10161267"
"150","TD18120546","Item181205270","Timing Belt","1","each","10151021"
"151","TD18120546","Item181205413","Inner & Outer Tie rod Ends ","1","each","10151021"
"152","TD18120546","Item18120531","Upper Control arms L/R (complete)","2","each","10151021"
"153","TD18120546","Item181205743","Lower Control arms L/R (complete)","2","each","10151021"
"154","TD18120578","Item181205949","Cylinder Head for Mazda BT50 for ER2085","1","each","10159662"
"155","TD18120749","Item181207546","Labour for tiling","1","each","10153057"
"156","TD18120738","Item181207650","Labour for Tiling","1","each","10153057"
"157","TD18120731","Item181207114","4FT LED Fluorescent tubes","8","each","10156665"
"158","TD18120791","Item181207988","4FT LED Fluorescent tubes","8","each","10156665"
"159","TD18120791","Item18120710","Spherical fitting","9","each","10156665"
"160","TD18120791","Item181207386","self tapping screws","1","packets","10156665"
"161","TD18120791","Item18120769","1200*600 Panel Light","1","each","10156665"
"162","TD18120791","Item181207217","LED Ceiling Light","4","each","10156665"
"163","TD18120791","Item181207711","Fibre 13amp Single Socket","10","each","10156665"
"164","TD18120791","Item181207487","Fibre 13amp Double Socket","38","each","10156665"
"165","TD18120791","Item181207958","Fibre 3 gang 2way ","1","each","10156665"
"166","TD18120791","Item181207649","Trunking 16*25 3M","60","each","10156665"
"167","TD18120791","Item181207348","Fisher plugs box S8","3","each","10156665"
"168","TD18120791","Item181207486","Woodscrew box","3","each","10156665"
"169","TD18120791","Item181207508","PVC Surface box 6*3","38","each","10156665"
"170","TD18120791","Item181207543","Red & Black Cable 1.5mm Single Core","2","each","10156665"
"171","TD18120791","Item181207313","Red, Black & Earth Cable 2.5mm Single Core","3","each","10156665"
"172","TD18120748","Item18120787","20L PVA Cream","15","each","10152748"
"173","TD18120748","Item181207777","5L Red Oxide","5","each","10152748"
"174","TD18120748","Item181207896","5L Undercoat","2","each","10152748"
"175","TD18120748","Item18120742","5L Midnight Blue","14","each","10152748"
"176","TD18120748","Item18120716","5L Brick Dressing","15","each","10152748"
"177","TD18120717","Item1812072","20L PVA Cream","15","each","10152748"
"178","TD18120717","Item181207539","5L Red Oxide","5","each","10152748"
"179","TD18120717","Item181207542","5L Undercoat White","2","each","10152748"
"180","TD18120717","Item181207831","5L Midnight Blue","14","each","10152748"
"181","TD18120717","Item181207460","5L Brick Dressing","15","each","10152748"
"182","TD18121120","Item181211481","Electronic Injector Pump for Nissan UD95 F/N ER2192","1","each","10159659"
"183","TD18121161","Item181211888","Upper Control arms complete","2","each","10150973"
"184","TD18121161","Item181211187","Lower Control arms complete","2","each","10150973"
"185","TD18121161","Item181211760","Center Bearing","1","each","10150973"
"186","TD18121161","Item181211489","Complete Exhaust","1","each","10150973"
"187","TD18121134","Item181211834","683 Batteries","2","each","10152850"
"188","TD18121168","Item181211136","Clutch Kit for Nissan NP300 4WD ER2159","1","each","10155447"
"189","TD18121148","Item181211637","PVA Cream 20l","20","each","10161695"
"190","TD18121138","Item181211193","Ceiling White 20l","10","each","10161696"
"191","TD18121433","Item181214771","First Aid Kit Refiil","13","each","10157517"
"192","TD18121484","Item181214357","First Aid Kit Refiil","15","each","10157518"
"193","TD18121493","Item181214151","Cellphones","7","each","10161267"
"194","TD18121481","Item181214558","1kg Soap Bars","635","each","10161952"
"195","TD18121456","Item181214224","1kg Soap Bars","635","each","10161952"
"196","TD18121479","Item181214216","1kg Soap Bars","2000","each","10161304"
"197","TD18121465","Item181214329","1kg Soap Bars","2000","each","10161302"
"198","TD18121495","Item181214698","4mm Lugs","400","each","10132583"
"199","TD18121472","Item181214855","200mm PG Clamps 2 Bolts Al/Al","24","each","10161196"
"200","TD18121440","Item181214992","Shrack Relays 50v DC","10","each","10132623"
"201","TD18121460","Item18121461","Panel MCBs 50v/220V DC/AC Double Pole 5A/15A","15","each","10131442"
"202","TD18121431","Item181214981","MCB S/P AC 60AMP","1000","each","10161305"
"203","TD18121468","Item181214998","200mm Cast iron 3 Bolt Gun Clamps","30","each","10157637"
"204","TD18121453","Item181214314","5000Lt Plastic Water Tank","1","each","10160151"
"205","TD18121793","Item181217476","UTP Cable for Jotali Networking Project","300","metres","10162617"
"206","TD18121769","Item181217195","Cellphones","2","each","10161919"
"207","TD18121712","Item181217940","Black Leather Shoes Size 7","4","each","10161463"
"208","TD18121712","Item181217935","Black Leather Shoes Size 8","4","each","10161463"
"209","TD18121712","Item181217598","Black Leather Shoes Size 10","2","each","10161463"
"210","TD18121712","Item181217852","Black Leather Shoes Size 11","2","each","10161463"
"211","TD18121712","Item181217842","Mens Black/Dark Grey Trousers Size 32","6","each","10161463"
"212","TD18121712","Item181217318","Mens Black/Dark Grey Trousers Size 34","3","each","10161463"
"213","TD18121712","Item181217714","Mens Black/Dark Grey Trousers Size 36","3","each","10161463"
"214","TD18121712","Item181217317","Mens Black/Dark Grey Trousers Size 46","6","each","10161463"
"215","TD18121712","Item181217865","Mens White/Blue Shirts Size 16","4","each","10161463"
"216","TD18121712","Item181217859","Mens White/Blue Shirts Size 15","8","each","10161463"
"217","TD18121712","Item181217844","Mens White/Blue Shirts Size 18.5","8","each","10161463"
"218","TD18121712","Item181217706","Mens White/Blue Shirts Size 17","4","each","10161463"
"219","TD1812179","Item181217563","Labour for Painting Ceiling at Jotali building measuring approx. 109m2","1","each","10162568"
"220","TD18121766","Item181217249","5000Lt Plastic Water Tank","1","each","10162717"
"221","TD18121789","Item181217268","L- Shaped Desk","1","each","10162718"
"222","TD18121794","Item181217311","L- Shaped Desk","1","each","10162720"
"223","TD18121715","Item181217280","L- Shaped Desk","1","each","10162721"
"224","TD18121719","Item181217151","L- Shaped Desk","1","each","10162722"
"225","TD18121782","Item181217510","Porcelain 60*60 Tiles (boxes)","40","each","10159647"
"226","TD18121795","Item181217189","20L PVA Ivory","6","each","10162676"
"227","TD18121795","Item181217611","20L Ceiling White","5","each","10162676"
"228","TD18121795","Item18121767","5L Gloss Ivory","6","each","10162676"
"229","TD18121795","Item181217701","5L Gloss White","12","each","10162676"
"230","TD18121795","Item181217829","5L Vanish","1","each","10162676"
"231","TD18121795","Item181217921","20L PVA White","10","each","10162676"
"232","TD18121795","Item181217851","5L Red Stoep","3","each","10162676"
"233","TD18121795","Item181217735","10L Black Stoep","2","each","10162676"
"234","TD18121795","Item181217251","20L Gloss Blue","1","each","10162676"
"235","TD1812177","Item181217232","HPCE 310A Cartridge","1","each","10160120"
"236","TD1812177","Item181217266","HPCE 311A Cartridge","1","each","10160120"
"237","TD1812177","Item181217707","HPCE 312A Cartridge","1","each","10160120"
"238","TD1812177","Item18121762","HPCE 313A Cartridge","1","each","10160120"
"239","TD18121747","Item181217937","New tyres 205/70R15 for F/N2042","5","each","10161880"
"240","TD18121778","Item181217784","230 Heavy Duty Double door frame","1","each","10162747"
"241","TD18121713","Item181217325","Exterior door saligna","1","each","10143120"
"242","TD18121763","Item181217408","Exterior Door","1","each","10143174"
"243","TD18121730","Item181217990","Polythene sheet 7*5","1","each","10140731"
"244","TD18121730","Item181217952","Close couple/Toilet suit","1","each","10140731"
"245","TD18121730","Item181217668","PVC sewer pipes/ 6m lengths","5","each","10140731"
"246","TD1812173","Item181217742","New Tyres 175/70R13 for F/N ER2084","4","each","10158689"
"247","TD18121717","Item181217927","New Tyres 175/70R13 for F/N ER2084","4","each","10158689"
"248","TD18121770","Item181217980"," New Tyres 175/70R13 for F/N ER2086","4","each","10158688"
"249","TD18121773","Item181217323","Crane Hire to ferry transformer from Mashava to Harare.","1","each","10162207"
"250","TD18121790","Item181217152","Crane Hire to ferry transformer from Osbourne to Harare.","1","each","10162205"
"251","TD19011494","Item190114699","Samsung J7 Pro","2","each","10161919"
"252","TD19021387","Item190213406","Renaissance A5 Note book","180","each","10164710"
"253","TD19021387","Item190213199","Trebeca A4 Note book","12","each","10164710"
"254","TD19021330","Item190213395","Forth Estate Note Book black","320","each","10164711"
"255","TD19021440","Item190214399","Acid proof Worksuits","26","each","10164041"
"256","TD19021443","Item190214683","Acid proof Worksuits","26","each","10164041"
"257","TD1902153","Item190215382","Anti slip shoes","13","each","10164040"
"258","TD19021845","Item190218851","Battery 650","1","each","10163742"
"259","TD19021832","Item190218132","Battery 671","2","each","10161455"
"260","TD19021899","Item190218638","Servicing of Fuel Tanks","1","each","10163229"
"261","TD19021821","Item190218813","Servicing of Fuel Tanks","1","each","10162445"
"262","TD19021886","Item190218565","Servicing of Fuel Tanks","1","each","10163229"
"263","TD19022037","Item190220604","Genuine Cylinder head","1","each","10159662"
"264","TD19022099","Item19022062","Flash larry fibre flex","20","each","10165616"
"265","TD19022099","Item1902209","Dutton flush pack","1","each","10165616"
"266","TD1902205","Item190220320","Battery 622","1","each","10163745"
"267","TD19022022","Item190220368","Battery 650","1","each","10163743"
"268","TD19022054","Item190220210","Battery 650","1","each","10163741"
"269","TD19022097","Item190220259","Battery 650","1","each","10163740"
"270","TD19022046","Item190220949","Battery 622","1","each","10163744"
"271","TD19022224","Item190222324","Battery 671","2","each","10163169"
"272","TD19022252","Item190222413","Battery 650","1","each","10161456"
"273","TD19022537","Item190225238","Samsung J7 ","1","each","10167146"
"274","TD19022524","Item190225904","Cement portland","60","each","10166465"
"275","TD19022514","Item190225511","Gloss white ","100","each","10166470"
"276","TD19022514","Item19022574","Transformer Grey paint","100","each","10166470"
"277","TD19022516","Item190225695","Degreaser ","120","each","10166466"
"278","TD19022561","Item190225193","60 Amp S/P","5000","each","10165696"
"279","TD19022512","Item190225838","33Kv D Fuse Mounts","200","each","10165722"
"280","TD19022644","Item190226316","Apple Ipad Pro 2017","1","each","10167474"
"281","TD19022646","Item190226590","HPCE310A Black Toner cartridge","1","each","10165991"
"282","TD19022646","Item190226597","HPCE311A Cyan Toner cartridge","1","each","10165991"
"283","TD19022646","Item190226581","HPCE312A Yellow Toner cartridge","1","each","10165991"
"284","TD19022646","Item190226438","HPCE313A Magenta Toner cartridge","1","each","10165991"
"285","TD19022682","Item190226621","Renaissance A5 Note Books","180","each","10164710"
"286","TD19022682","Item190226214","Tribeca Executive A4 Note Books","12","each","10164710"
"287","TD1902261","Item190226548","Fourth Estate Note Books","320","each","10164711"
"288","TD19022616","Item190226905","11kV D'Fuse Mounts ","200","each","10165720"
"289","TD19022683","Item190226377","5/8 Stay plates","250","each","10165708"
"290","TD19022611","Item190226180","3/4 Stay plate","250","each","10165707"
"291","TD19022639","Item190226449","5/8 Stay Rods ","250","each","10165713"
"292","TD1902263","Item190226524","3/4 Stay Rods","250","each","10165706"
"293","TD19022743","Item190227303","Stay Brackets","300","each","10165711"
"294","TD19022743","Item190227754","5/8 Stay Washers","250","each","10165711"
"295","TD19022885","Item190228115","Acid proof Worksuits","26","each","10164041"
"296","TD19022837","Item190228586","Gross white paint","100","each","10166470"
"297","TD19022837","Item190228824","Transformer Grey paint","100","each","10166470"
"298","TD19030571","Item19030553","Gross paint","100","each","10166470"
"299","TD19030571","Item190305942","Transformer Grey paint","100","each","10166470"
"300","TD19030564","Item190305403","Gross paint","20","each","10166740"
"301","TD19030564","Item190305547","Transformer Grey paint","20","each","10166740"
"302","TD19030555","Item190305389","33Kv D Fuse Mounts","200","each","10165722"
"303","TD19030513","Item190305870","Acid proof Worksuits","26","each","10164041"
"304","TD19030528","Item190305112","Battery 622","1","each","10163744"
"305","TD19030575","Item190305436","Battery 622","1","each","10163745"
"306","TD19030587","Item190305927","Battery 622","1","each","10163745"
"307","TD19030523","Item190305931","Renaissance A5 Note Book","180","each","10164710"
"308","TD19030523","Item190305836","Tribeca A4 Note book","12","each","10164710"
"309","TD19030568","Item190305576","11kV D'Fuse Mounts ","200","each","10165720"
"310","TD19031183","Item190311103","New tyres 9R22.5 for F/N2090","6","each","10166413"
"311","TD19031125","Item190311289","New tyres 1400R20 for F/N2198","2","each","10165651"
"312","TD19031151","Item190311873","New tyres 215R15 for F/N2138","4","each","10166399"
"313","TD19031144","Item190311469","New tyres 215R15 for F/N3132","4","each","10166380"
"314","TD19031170","Item190311558","New tyres 215R15 for F/N2129","4","each","10166400"
"315","TD19031117","Item190311613","New tyres 215R15 for F/N2136","4","each","10166378"
"316","TD19031134","Item190311748","New tyres 245/70R16 for F/N2152","4","each","10166406"
"317","TD19031123","Item190311872","New tyres 215R15 for F/N2131","4","each","10166373"
"318","TD19031180","Item190311181","New tyres 245/70R16 for F/N2195","4","each","10166401"
"319","TD1903111","Item190311594","New tyres 245/70R16 for F/N2185","4","each","10166411"
"320","TD19031197","Item19031180","New tyres 245/70R16 for F/N2165","4","each","10166403"
"321","TD19031122","Item190311108","New tyres 245/70R16 for F/N2153","4","each","10166404"
"322","TD19031189","Item190311429","New tyres 9R22.5 for F/N2120","6","each","10166419"
"323","TD19031191","Item190311643","New tyres 215R15 for F/N2148","4","each","10166374"
"324","TD19031196","Item190311212","17 inch rim for Mazda BT 50 F/N 2199","1","each","10166422"
"325","TD19031135","Item190311500","New tyres 9R22.5 for F/N2109","6","each","10166412"
"326","TD19031213","Item190312978","Upper control arm left","1","each","10166483"
"327","TD19031213","Item19031287","Upper control arm right","1","each","10166483"
"328","TD19031213","Item190312618","Front shocks","2","each","10166483"
"329","TD19031213","Item190312938","Rear shocks","2","each","10166483"
"330","TD19031213","Item190312416","Lower ball joints","2","each","10166483"
"331","TD19031274","Item190312716","Upper Control wish bone right","1","each","10166479"
"332","TD19031274","Item190312251","Upper control wish bone left","1","each","10166479"
"333","TD19031274","Item190312301","Lower control arm right","1","each","10166479"
"334","TD19031274","Item190312390","Lower control arm left","1","each","10166479"
"335","TD19031274","Item190312397","Tierod ends outter","2","each","10166479"
"336","TD19031274","Item190312794","Tierod ends inner","2","each","10166479"
"337","TD19031274","Item190312975","Idler arm","1","each","10166479"
"338","TD19031274","Item190312990","Front shocks","2","each","10166479"
"339","TD19031274","Item190312332","Rear shocks","2","each","10166479"
"340","TD19031274","Item190312228","Lower ball joints","2","each","10166479"
"341","TD19031495","Item190314546","Walls","1","each","10165906"
"342","TD19031495","Item190314777","Roof","1","each","10165906"
"343","TD19031447","Item190314634","Walls","1","each","10165906"
"344","TD19031447","Item190314807","Roof","1","each","10165906"
"345","TD19031446","Item190314290","Supply and Fit of Air Conditioner 18000BTU for Masvingo","1","each","10167219"
"346","TD19031474","Item190314299","Air Compressor 12000BTU for Accounting Officer Masvingo","1","each","10164336"
"347","TD19031432","Item190314731","Hiring of 1 tonne truck - Rusape Central","1","each","10167105"
"348","TD1903148","Item19031479","Hiring of 1 tonne truck - Rusape","1","each","10167104"
"349","TD19031439","Item19031486","Hiring of 1 tonne truck - Rusape East","1","each","10167103"
"350","TD1903142","Item190314787","Hiring of 1 tonne truck - Rusape South","1","each","10167102"
"351","TD19031568","Item190315663","Bioguard Belts for Maintenance","30","each","10168010"
"352","TD19031512","Item190315827","Pole saver rods","6000","each","10168012"
"353","TD19031531","Item19031547","5/8 Stay rods","200","each","10166582"
"354","TD19031553","Item190315765","Line taps 50mm","300","each","10166583"
"355","TD19031546","Item190315750","3/4 Stay Plates","500","each","10166560"
"356","TD19031578","Item190315365","50-100mm Ai/Ai PG Clamps","2500","each","10166523"
"357","TD1903159","Item190315343","33kV Wood Crossarms","300","each","10166611"
"358","TD19031528","Item190315784","11kV wood crossarms","300","each","10166608"
"359","TD19031536","Item190315766","5/8 Stay Washers","2000","each","10166565"
"360","TD19031540","Item190315116","3/4 Stay Rods","400","each","10166559"
"361","TD19031524","Item19031594","60 amps S/P","1000","each","10166524"
"362","TD19031565","Item190315229","11kV d mounts c/w carrier","50","each","10166597"
"363","TD19031513","Item190315448","33kV D Mounts c/w carrier","60","each","10167764"
"364","TD1903153","Item190315971","3/4 Stay washer","250","each","10167668"
"365","TD19031558","Item190315772","PG Clamps 50-100mm Al/Al","2500","each","10166523"
"366","TD19031543","Item190315486","5/8 Stay Washers","250","each","10167675"
"367","TD19031511","Item190315371","3/4 Stay Rods","400","each","10166559"
"368","TD1903157","Item190315401","33kV Wood Crossarms","300","each","10166610"
"369","TD19031518","Item190315366","11kV wood crossarms","300","each","10166607"
"370","TD19031559","Item190315468","5/8 Stay rods","250","each","10167676"
"371","TD19031569","Item190315316","3/4 Stay Rods","250","each","10167665"
"372","TD19031597","Item190315979","60 amps S/P","500","each","10167685"
"373","TD1903156","Item190315975","11kV d mounts c/w carrier","130","each","10167763"
"374","TD19031570","Item190315740","33kV Wood Crossarms","300","each","10166609"
"375","TD19031579","Item190315445","11kV Wood Crossarms","300","each","10166605"
"376","TD19031572","Item19031582","33kV D Mounts c/w carrier","50","each","10167762"
"377","TD19031814","Item190318471","33kV Wood Crossarms","300","each","10166609"
"378","TD19031867","Item19031859","33kV D Mounts c/w carrier","50","each","10167762"
"379","TD19031899","Item190318669","11kV d mounts c/w carrier","50","each","10166597"
"380","TD19031862","Item190318956","3/4 Stay Plates","500","each","10166560"
"381","TD19031831","Item190318270","50-100mm PG Clamps","2500","each","10166523"
"382","TD19031818","Item190318871","33kV Wood Crossarms","300","each","10166611"
"383","TD19031854","Item190318804","11kV Wood Crossarms","300","each","10166608"
"384","TD19031891","Item190318753","5/8 Stay Washers","2000","each","10166565"
"385","TD19031832","Item190318771","3/4 Stay Rods","400","each","10166559"
"386","TD19031834","Item190318327","33kV D Mounts c/w carrier","60","each","10167764"
"387","TD19031870","Item190318753","33kV Wood Crossarms","300","each","10166610"
"388","TD19031859","Item190318791","11kV Wood Crossarms","300","each","10166607"
"389","TD19031858","Item190318355","3/4 Stay Rods","250","each","10167665"
"390","TD19031830","Item190318449","11kV d mounts c/w carrier","130","each","10167763"
"391","TD19031927","Item190319448","9R22.5 for F/N2109","6","each","10166412"
"392","TD19031932","Item190319751","New tyres 9R22.5 for F/N2120","6","each","10166419"
"393","TD19031911","Item19031989","New tyres 9R22.5 for F/N2090","6","each","10166413"
"394","TD19031931","Item190319448","New tyres 9R22.5 for F/N2198","2","each","10165651"
"395","TD19032024","Item190320407","50-100mm Al/Al PG Clamps","2000","each","10165691"
"396","TD19032055","Item190320614","50-100mm Al/Al PG Clamps","1000","each","10167681"
"397","TD19032072","Item190320107","5/8 Stay Plates","300","each","10166563"
"398","TD19032097","Item190320523","33kV D Mounts c/w carrier","130","each","10166601"
"399","TD19032022","Item190320770","5/8 Stay Plates","250","each","10167696"
"400","TD19032224","Item190322608","32.5 Cement","50","each","10164756"
"401","TD19032224","Item190322302","Transport","1","each","10164756"
"402","TD19032221","Item190322645","Gravel at Megawatt Car Park","10","metres","10167412"
"403","TD19032229","Item190322855","Pitsand at Nyanga Executive Guest House","60","metres","10164759"
"404","TD19032698","Item190326995","Mazda BT 50 Beast Gearbox for F/N ER2154","1","each","10167024"
"405","TD19032678","Item190326388","15W40 (5lt) Engine Oil","80","each","10165662"
"406","TD19032647","Item190326957","15W40 Engine Oil","300","litres","10167909"
"407","TD19032669","Item19032623","New Tyres 245/70R16 for F/N ER2157","5","each","10166561"
"408","TD19032623","Item190326332","New Tyres 245/70R16 for F/N ER2151","5","each","10167756"
"409","TD19032614","Item190326678","New Tyres 195R15C for F/N ER2200","5","each","10166543"
"410","TD19032659","Item190326129","New Tyres 245/70R16 for F/N ER2158","5","each","10167750"
"411","TD19032628","Item190326570","New Tyres 195 x 14 for F/N ER2010","5","each","10168225"
"412","TD19032611","Item190326336","New tyres 245/70R16 F/N 2075","5","each","10168224"
"413","TD19032660","Item190326790","New Tyres 195R15C for F/N ER2201","5","each","10166545"
"414","TD19032694","Item190326102","New Tyres 245/70R16 for F/N ER2161","5","each","10167757"
"415","TD19032631","Item190326997"," New Tyres 215/70R15 for F/N ER2114","5","each","10166574"
"416","TD19032629","Item190326652"," New Tyres 9R22.5 F/N ER2119","6","each","10167887"
"417","TD19032689","Item190326193","New Tyres 215/70R15 for F/N ER2082","5","each","10166562"
"418","TD19032686","Item190326848","New Tyres 215/70R 2117 F/N 2117","5","each","10166578"
"419","TD19032730","Item190327186","Shrouds size 4 for Mutare","100","each","10165703"
"420","TD1903273","Item190327621","Airdac","5000","metres","10165687"
"421","TD19032712","Item190327995","100A T/P","100","each","10165699"
"422","TD1903271","Item190327540","4 door cubicle","20","each","10165717"
"423","TD1903277","Item190327245","Florescent tubes 4ft","66","each","10168346"
"424","TD1903277","Item190327925","Ballast 36W","20","each","10168346"
"425","TD1903277","Item190327372","Starters","66","each","10168346"
"426","TD19032765","Item190327685","cable glands size 4","100","each","10165702"
"427","TD19032760","Item19032748","60A T/P","100","each","10165698"
"428","TD19032716","Item19032720","16mm 4 core cable","500","metres","10167171"
"429","TD1903272","Item190327895","225A T/P","250","each","10165700"
"430","TD19032726","Item190327294","Shrouds Size 2","100","each","10165705"
"431","TD19032748","Item190327851","Spindles 5/8","750","each","10165714"
"432","TD19032797","Item190327302","10mm Rubberized Cork Gaskets","10","each","10167300"
"433","TD19032797","Item190327937","6mm Rubberized Cork Gaskets","10","each","10167300"
"434","TD1903274","Item190327350","50A T/P","500","each","10165697"
"435","TD19041380","Item190413225","IBR Sheets","20","each","10171435"
"436","TD19041380","Item190413772","Timber length 114 x 38mm","10","each","10171435"
"437","TD19041380","Item190413469","Fisher plugs 60mm","2","each","10171435"
"438","TD19041380","Item190413951","Brandering 38 x 38 x 6m","4","each","10171435"
"439","TD19041364","Item190413549","HP 450 i7","2","each","10170280"
"440","TD19041369","Item190413209","HP 450 Pro book","2","each","10168419"
"459","TD19042418","Item190424228","Piercing connectors","2500","each","10165700"
"460","TD19042420","Item190424477","Cement 32.5% PPC","50","each","10154700"
"461","TD19042491","Item190424183","Cement common bricks","3000","each","10160582"
"462","TD19042469","Item19042480","Erect landing span at ZCDC VR substation","1","each","10158700"
"463","TD19042467","Item190424486","Supply and Erection of 27.5 x 23 x 1.6 meters 3 mm of Diamond mesh wire complete with barbed wire, 1 x 5.4 metre wide vehicle gate an one x 0.9 metre wide pedestrain gate ","1","each","10146887"
"464","TD19042841","Item190428168","3.6 IBR Sheets","20","each","10171435"
"465","TD19042841","Item190428871","114 x 40mm r/s timber","10","each","10171435"
"466","TD19042841","Item190428563","60mm fisher plugs","2","each","10171435"
"467","TD19042841","Item190428241","Brandering 40 x 40","4","each","10171435"
"468","TD19042986","Item190429540","Cement 32.5% PPC","80","each","10171344"
"469","TD19042986","Item190429140","19mm stones","4","each","10171344"
"470","TD19042986","Item190429737","washed river sand","4","each","10171344"
"471","TD19042986","Item190429792","pitsand","2","each","10171344"
"472","TD19042986","Item190429140","230mm dpc","3","each","10171344"
"473","TD19042986","Item190429724","clinger (solid) bricks","3000","each","10171344"
"474","TD19042986","Item190429675","face bricks","8000","each","10171344"
"475","TD19042967","Item190429978","38*152 par timber","5","each","10165663"
"476","TD19042967","Item190429647","38*76 par timber","5","each","10165663"
"477","TD19042967","Item190429117","5l pinkwood primer","1","each","10165663"
"478","TD19042967","Item190429975","5l undercoat","1","each","10165663"
"479","TD19042967","Item190429460","5l gloss white","1","each","10165663"
"480","TD19042967","Item190429703","2L red oxide undercoat","1","each","10165663"
"481","TD19042967","Item190429986","97*2mm tubular poles","3","each","10165663"
"482","TD19042967","Item190429938","90mm roofing nails","1","each","10165663"
"483","TD19042967","Item190429651","228*38 fascia board","3","each","10165663"
"484","TD19042967","Item190429775","32.5 cement","2","each","10165663"
"485","TD19042970","Item190429931","angle iron 40*40*3mm","72","each","10171355"
"486","TD19042970","Item190429579","tubular poles 85mm*4mm*25mm*3mm","80","each","10171355"
"487","TD19042970","Item190429693","galvernised steel pipe","30","each","10171355"
"488","TD19042970","Item190429444","m14*350mm bolts and nut","60","each","10171355"
"489","TD19042970","Item190429304","3.25mm vitemax welding ","5","each","10171355"
"490","TD19042970","Item190429328","car shade cloth 80%","40","each","10171355"
"491","TD19042970","Item190429578","228*40mm fr/s timber","6","each","10171355"
"492","TD19042970","Item190429196","75mm wire nails","2","each","10171355"
"493","TD19042970","Item190429666","dulux red oxide undercoat 5L","4","each","10171355"
"494","TD19042970","Item190429497","midnight blue gloss 5L","4","each","10171355"
"495","TD19042970","Item190429328","Turpentine x 5lt","0","each","10171355"
"496","TD19051994","Item190519548","A4 Bond Paper Typek/Mondi","50","each","10167761"
"497","TD19051915","Item190519437","HP Laser Pro M402dne ","1","each","10169874"
"498","TD1905192","Item19051917","Supply and Erect 1.8m high security fence with 3 strands of barbed wire on top including 2 x 4.2m VEH Dates at Middle Sabi Staff Houses","1","each","10176883"
"499","TD1905193","Item190519862","Samsung J7 Pro, Pouch and Tempered glass","7","each","10161267"
"500","TD19051961","Item190519845","Book Case - Solid Mahogany","1","each","10173425"
"501","TD19051978","Item190519407","Visitors Chairs - Solid Mahogany","4","each","10173416"
"502","TD19051957","Item190519464","Round Table - Solid Mahogany","1","each","10173427"
"503","TD19051917","Item19051993","Erect Parimeter Fence (8x5x1.8) with 5m wide gate at Nyakomba D in Nyanga ","1","each","10174932"
"504","TD19051996","Item190519570","230 x 285","2","each","10175392"
"505","TD19051996","Item190519470","215 x 275","3","each","10175392"
"506","TD19051996","Item190519430","435 x 275","13","each","10175392"
"507","TD19051996","Item190519410","250 x 285","2","each","10175392"
"508","TD19051996","Item190519821","275 x 435","4","each","10175392"
"509","TD19051996","Item190519637","455 x 290","2","each","10175392"
"510","TD19051996","Item190519854","465 x 285","4","each","10175392"
"511","TD19051996","Item190519543","435 x 255","1","each","10175392"
"512","TD19051996","Item190519751","435 x 285","2","each","10175392"
"513","TD19051996","Item190519614","440 x 275","12","each","10175392"
"514","TD19052175","Item190521261","Ball float valve brass","2","each","10175397"
"515","TD19052175","Item190521640","15mm garden tapes","20","each","10175397"
"516","TD19052175","Item190521963","20mm garden tapes","0","each","10175397"
"517","TD19052149","Item190521373","Ball float valve brass","2","each","10175397"
"518","TD19052149","Item190521683","15mm garden tapes","20","each","10175397"
"519","TD19052149","Item190521614","20mm garden tapes","10","each","10175397"
"520","TD19052195","Item190521533","Asbestos fascia boards","10","each","10175386"
"521","TD19052195","Item190521666","Roof tiles (Sam[le provided)","120","each","10175386"
"522","TD19052195","Item190521238","Air vents","2","each","10175386"
"523","TD19052195","Item190521289","4.2m x 1m zim;ex ceiling boards 6mm","2","each","10175386"
"524","TD19052195","Item190521311","25kg rhinoset","2","each","10175386"
"525","TD19052195","Item190521643","Door lockset","40","each","10175386"
"526","TD19052195","Item190521180","Fitted wardrobe door handles","2","each","10175386"
"527","TD19052195","Item190521525","Cover strip","2","each","10175386"
"528","TD19052195","Item190521818","Cornice","2","each","10175386"
"529","TD19052162","Item190521360","20Lt PVA Ivory ","80","each","10175381"
"530","TD19052162","Item190521720","20Lt PVA red roof stoep","40","each","10175381"
"531","TD19052162","Item190521817","5Lt gloss white","25","each","10175381"
"532","TD19052162","Item190521445","5Lt gloss black ","15","each","10175381"
"533","TD19052162","Item190521214","20Lt PVA black roof stoep","15","each","10175381"
"534","TD19052162","Item19052170","20Lt PVA white","30","each","10175381"
"535","TD19052162","Item190521965","20Lt ceiling ","12","each","10175381"
"536","TD19052162","Item190521657","20Lt undercoat","2","each","10175381"
"537","TD19052162","Item190521692","5Lt sky blue pva","2","each","10175381"
"538","TD19052162","Item190521248","5Lt brick finish","4","each","10175381"
"539","TD19052123","Item19052184","Tile adhesive","8","each","10175401"
"540","TD19052123","Item190521732","Porcelain tiles","90","each","10175401"
"541","TD19052123","Item190521456","Porcelain tile adhesive","90","each","10175401"
"542","TD19052123","Item1905211","Bathroom and toilet floor tiles","8","each","10175401"
"543","TD19052121","Item190521430","Cable replacement from Meikles to Megawatt ","1","each","10169330"
"544","TD19052395","Item190523179","Battery 671","1","each","10167884"
"545","TD19052360","Item19052316","Battery 650","1","each","10174575"
"546","TD19052313","Item190523470","Battery 650","1","each","10174575"
"547","TD19052365","Item19052312","Battery 683","1","each","10167777"
"548","TD19052383","Item190523858","Car Battery 650","1","each","10174574"
"549","TD19052378","Item190523577","Car Battery 650","1","each","10167875"
"550","TD19052319","Item190523701","Car Battery 650","1","each","10174580"
"551","TD19052314","Item190523535","Car Battery 622","1","each","10174571"
"552","TD19052343","Item190523937","Car Battery 622","1","each","10174573"
"553","TD19052338","Item190523420","Car Battery 671","2","each","10167875"
"554","TD19052367","Item190523894","Car Battery 650","1","each","10174620"
"555","TD19052346","Item190523671","Car Battery 650","1","each","10174582"
"556","TD19061310","Item190613244","Swivel chair","1","each","10170270"
"557","TD19061358","Item190613779","Round table - solid mahogany","1","each","10173427"
"558","TD19061385","Item190613357","55A toner cartridge","4","each","10167807"
"559","TD19061363","Item190613588","visitors' chairs - solid mahogany","4","each","10173416"
"560","TD19061432","Item19061481","water feature","2","each","10175039"
"561","TD19061427","Item19061421","42.5 cement","80","each","10176063"
"562","TD1906144","Item190614272","tile adhesive e/fire 20kg","8","each","10175401"
"563","TD1906144","Item1906149","tile porcilin creambox 60x60","90","each","10175401"
"564","TD1906144","Item190614450","porcelene fix 20kg","90","each","10175401"
"565","TD1906144","Item190614269","tile granito grey 330x330 box","8","each","10175401"
"566","TD19061493","Item190614688","4ft flourescent tubes","80","each","10176881"
"567","TD19061493","Item190614747","5ft flourescent tubes","4","each","10176881"
"568","TD19061493","Item190614596","4ft balast","30","each","10176881"
"569","TD19061493","Item190614151","4ft starter","50","each","10176881"
"570","TD19061493","Item190614667","double outlet socket","8","each","10176881"
"571","TD19061493","Item190614484","4ft led flourescent tube","8","each","10176881"
"572","TD19061493","Item190614126","spherical fitting (led)","9","each","10176881"
"573","TD19061493","Item190614647","4.0*40mm self tapping screws","1","each","10176881"
"574","TD19061493","Item190614230","1200x600 panel light","41","each","10176881"
"575","TD19061493","Item190614994","led ceiling lights 24w (screw)","4","each","10176881"
"576","TD19061493","Item190614447","fibre drop lights","52","each","10176881"
"577","TD19061493","Item19061451","fibre 6*6 cooker","1","each","10176881"
"578","TD19061493","Item190614143","wood screw box","3","each","10176881"
"579","TD19061493","Item190614963","red & black cable 1.5mm single core","2","each","10176881"
"580","TD19061493","Item190614892","red, black and earth cable 2.5 single core","3","each","10176881"
"581","TD19062132","Item190621177","05A toner","1","each","10178037"
"582","TD19062579","Item190625209","Degreaser oil (20L)","6","each","10166466"
"583","TD19062515","Item190625333","Angle grinders","8","each","10168018"
"584","TD19062529","Item190625603","vehicle sheds","12","each","10164610"
"585","TD19062510","Item190625351","directional signs","2","each","10164603"
"586","TD19062593","Item190625813","torque wrench","3","each","10168024"
"587","TD19062521","Item19062520","fumigation","950","each","10175804"
"588","TD19062713","Item190627358","Tyres size 255/70/16","4","each","10174581"
"589","TD1906279","Item190627919","Tyres size 255/70R16","3","each","10166407"
"590","TD19062733","Item190627951","Tyres size 255/70R16","2","each","10166411"
"591","TD19062767","Item190627168","Tyres size 255/70R16","1","each","10166408"
"592","TD19062754","Item19062740","battery size 631","1","each","10177475"
"593","TD19062760","Item190627975","chasis punch sets","2","each","10168031"
"594","TD19062791","Item190627721","hand blowers","3","each","10168026"
"595","TD19070953","Item19070979","05A toner cartridge","1","each","10175562"
"596","TD19071092","Item190710229","DEEP WINDOW CLEANING(INSIDE AND OUTSIDE)","1","each","10167248"
"597","TD19071015","Item190710697","interlocking bricks along CABS feeder on Meikles and Spar sections","1","each","10179223"
"598","TD19071027","Item190710502","new battery for cherry er 2181","1","each","10177475"
"599","TD19071062","Item19071038","new battery for er 2143 ","1","each","10177461"
"600","TD19071028","Item190710841","new battery for er 2187","1","each","10177459"
"601","TD19071031","Item190710589","new battery for er 2129","1","each","10177467"
"602","TD19071084","Item190710353","new battery for er 2109","2","each","10177450"
"603","TD19071050","Item190710566","new battery for UD truck","2","each","10177448"
"604","TD19071061","Item190710109","new battery for er 2150","1","each","10177468"
"605","TD19071018","Item190710479","new battery for Benz Artego er 1062","2","each","10177451"
"606","TD1907107","Item190710272","neck ties ","70","each","10178914"
"607","TD1907107","Item19071089","branded scarfs","30","each","10178914"
"608","TD19071066","Item190710832","new car battery size 652 for er 2163","1","each","10177473"
"609","TD19071068","Item190710328","printing of disconnection books","50","each","10177555"
"610","TD19071095","Item190710907","porcelain tiles","50","each","10178941"
"611","TD19071049","Item190710605","pva off white paint (20L)","10","each","10178939"
"612","TD19071156","Item190711435","plastic chairs","50","each","10176917"
"613","TD19071185","Item190711551","205/70R15 brand new tyres","5","each","10171738"
"614","TD19071135","Item190711816","installation inspection books (E117)","100","each","10177756"
"615","TD19071569","Item190715740","Window Blinds EM's Office","2","each","10179146"
"616","TD19071569","Item190715796","Window Blinds EM's Secretary","1","each","10179146"
"617","TD19071569","Item190715550","HR Manager's Office","1","each","10179146"
"618","TD19071569","Item190715464","HR Manager's Secretary","1","each","10179146"
"619","TD1907154","Item190715337","W3520 x 2145","1","each","10179150"
"620","TD1907154","Item190715842","W3450 x 2140","1","each","10179150"
"621","TD1907154","Item190715680","W3900 x 2140","1","each","10179150"
"622","TD1907154","Item190715682","W1200 x 2140","1","each","10179150"
"623","TD1907154","Item190715531","W3300 x 2140","1","each","10179150"
"624","TD1907154","Item190715945","W2950 x 2140","1","each","10179150"
"625","TD1907154","Item190715869","W2950 x 2140 ","1","each","10179150"
"626","TD1907154","Item190715555","W3950 x 2140","1","each","10179150"
"627","TD1907154","Item190715869","W3000 x 2140","1","each","10179150"
"628","TD1907154","Item190715710","W3000 x 2140","1","each","10179150"
"629","TD1907154","Item19071522","W3250 x 2140","1","each","10179150"
"630","TD1907154","Item19071565","W900 x 2140 ","1","each","10179150"
"631","TD1907154","Item190715406","W2000 x 2140","1","each","10179150"
"632","TD19071525","Item190715452","100mm guaze bandages","20","each","10173940"
"633","TD19071525","Item190715146","guaze swabs packets of 100","1","each","10173940"
"634","TD19071525","Item190715340","50mm crepe bandages","10","each","10173940"
"635","TD19071525","Item190715772","75mm crepe bandages","10","each","10173940"
"636","TD19071525","Item19071596","100mm crepe bandages ","10","each","10173940"
"637","TD19071525","Item190715853","elastoplast strips","50","each","10173940"
"638","TD19071525","Item190715616","triangular bandages","12","each","10173940"
"639","TD19071525","Item190715852","safety pins","12","each","10173940"
"640","TD19071525","Item190715947","blunt point scissors","1","each","10173940"
"641","TD19071525","Item190715854","steril points scissors ","12","each","10173940"
"642","TD19071525","Item190715211","first aid box","6","each","10173940"
"643","TD1907165","Item190716678","05A toner cartridge","1","each","10179642"
"644","TD1907181","Item190718965","Swivel chair","1","each","10178080"
"645","TD19071857","Item190718802","HP 210A toner cartridge","2","each","10176237"
"646","TD19071857","Item190718529","HP 211A","1","each","10176237"
"647","TD1907239","Item190723873","interlocking pavers for megawatt pavement","1","each","10179324"
"648","TD19072341","Item190723604","10mm fine cock rubberised gaskets","10","each","10167300"
"649","TD19072341","Item190723397","6mm fine cock rubberised gaskets","10","each","10167300"
"650","TD19072393","Item190723583","3.6 IBR sheets","20","each","10171435"
"651","TD19072393","Item19072315","114*40mm r/s  timber","10","each","10171435"
"652","TD19072393","Item190723964","60mm fisher plugs and screws","2","each","10171435"
"653","TD19072393","Item190723462","brandering 40*40","4","each","10171435"
"654","TD19072349","Item190723377","car batteries size 671","2","each","10167884"
"655","TD19072351","Item190723468","car batteries size 650","1","each","10178515"
"656","TD19072339","Item190723130","car batteries size 683","2","each","10167777"
"657","TD19072342","Item190723469","car batteries size 683","2","each","10167747"
"658","TD19072391","Item190723956","car batteries size 650","1","each","10174579"
"659","TD19072325","Item190723373","car batteries size 650","1","each","10174582"
"660","TD19072333","Item190723768","car batteries size 622","1","each","10174573"
"661","TD19072359","Item190723389","car batteries size 650","1","each","10174575"
"662","TD19072362","Item190723111","car batteries size 622","1","each","10174570"
"663","TD19072367","Item19072353","car batteries size 622","1","each","10174571"
"664","TD19072337","Item190723616","car batteries size 650","1","each","10174580"
"665","TD19072329","Item19072310","car batteries size 671","2","each","10170246"
"666","TD19072328","Item190723433","car batteries size 650","1","each","10174574"
"667","TD19072396","Item190723848","car batteries size 650","1","each","10167875"
"668","TD19072354","Item190723841","first aid kit","1","each","10178132"
"669","TD19072338","Item190723558","205/70R15 brand new tyres","5","each","10162925"
"670","TD1907233","Item190723642","205/70R15 brand new tyres","5","each","10165763"
"671","TD19072487","Item190724898","195R14  brand new tyres","5","each","10165765"
"672","TD1907249","Item190724214","245/70R16 brand new tyres","5","each","10178447"
"673","TD19072426","Item190724136","285R16 brand new tyres","6","each","10165783"
"674","TD19072458","Item190724318","295/70R15 brand new tyres","5","each","10165741"
"675","TD19072433","Item190724304","new battery 650 for er 2149","1","each","10178514"
"676","TD1907244","Item190724869","new battery 650 for er 2149","1","each","10178514"
"677","TD19072490","Item19072432","brand new battery 650 for er 2143","1","each","10178515"
"678","TD19072418","Item190724109","tyres 265/70/R17","4","each","10178695"
"679","TD19072573","Item190725132","car batteries size 652","1","each","10177453"
"680","TD19072566","Item190725535","car batteries size 650","1","each","10177456"
"681","TD19072568","Item190725930","car batteries size 650","1","each","10177462"
"682","TD19072565","Item190725669","car batteries size 631","1","each","10178857"
"683","TD19072579","Item190725896","car batteries size 652","1","each","10177473"
"684","TD1908058","Item190805656","9kg DCP Ext service only","4","each","10177171"
"685","TD1908058","Item190805616","9Lt H2O Ext service only","3","each","10177171"
"686","TD1908058","Item190805114","9lt AFFF Ext Service only","7","each","10177171"
"687","TD1908058","Item190805851","Mileage and subsistence","1","each","10177171"
"688","TD19080556","Item190805521","9kg DCP Ext Service only","4","each","10177171"
"689","TD19080556","Item190805380","9Lt","14","each","10177171"
"690","TD19080556","Item190805297","Mileage and Subsistence","1","each","10177171"
"691","TD19080543","Item190805473","9kg DCP Ext service only","10","each","10177171"
"692","TD19080543","Item190805593","9lt H2O Ext service only","9","each","10177171"
"693","TD19080543","Item190805193","2.27kg Co2 Ext Service only","1","each","10177171"
"694","TD19080543","Item190805413","9lt AFFF Ext Service only","1","each","10177171"
"695","TD19080543","Item190805122","mileage and subsistence","1","each","10177171"
"696","TD19080516","Item190805777","9kg DCP Ext Service only","15","each","10177171"
"697","TD19080516","Item190805768","2.27kg Co2 Ext Service only ","2","each","10177171"
"698","TD19080516","Item19080579","9lt H2o Ext Service only","11","each","10177171"
"699","TD19080516","Item190805969","Mileage and subsistence","1","each","10177171"
"700","TD19080569","Item190805663","9kg DCP Ext service only","10","each","10177171"
"701","TD19080569","Item190805431","9lt H2O Ext service only ","9","each","10177171"
"702","TD19080569","Item190805441","Mileage and Subsistence","1","each","10177171"
"703","TD19080590","Item190805102","9kg DCP fire extinguisher service only","9","each","10177992"
"704","TD19080590","Item190805699","9LT H20 fire extinguisher service only","11","each","10177992"
"705","TD19080590","Item190805511","4.5kg DCP fire extinguisher ","10","each","10177992"
"706","TD19080590","Item190805294","4.5kg Co2 FIRE Extinguisher service","1","each","10177992"
"707","TD19080590","Item190805888","2.27kg  fire extinguisher service only","1","each","10177992"
"708","TD19080590","Item190805749","illuminating fire point signs","1","each","10177992"
"709","TD19080590","Item190805872","illuminating fire escape signs ","1","each","10177992"
"710","TD19080590","Item190805299","tamper seal ","10","each","10177992"
"711","TD19080590","Item190805894","stickers replacement","32","each","10177992"
"712","TD19080575","Item190805902","transportation and offloading of transformer","1","each","10180827"
"713","TD19080566","Item190805697","Golf shirts Black branded ZETDC logo","15","each","10180692"
"714","TD19080566","Item190805417","Golf shirts khakhi branded ZETDC","15","each","10180692"
"715","TD19080528","Item190805267","golf shirts navy blue branded ZETDC logo","15","each","10180694"
"716","TD19080528","Item190805579","golf shirts red branded ZETDC logo","15","each","10180694"
"717","TD19080572","Item190805652","visitors' chairs","20","each","10179794"
"718","TD19080572","Item190805872",,"0","each","10179794"
"719","TD1908053","Item190805480","visitors' chairs","20","each","10179794"
"720","TD19080990","Item190809642","spring charging motor","1","each","10175923"
"721","TD19080981","Item190809749","spring charging motor","1","each","10175916"
"722","TD19082131","Item190821647","Core I7 15inch Mac Book pro Laptop","1","each","10180381"
"723","TD19082143","Item190821622","water pump","2","each","10180990"
"724","TD1908227","Item190822431","E1 books","100","each","10178801"
"725","TD19082285","Item190822692","CIF books","100","each","10178800"
"726","TD19082270","Item190822557","2hp water pump","2","each","10181917"
"727","TD19091349","Item190913105","clamp pg cu/alm  (16-50mm) 2 bolt","5000","each","RFQ10182204"
"728","TD1909136","Item190913627","mcb s/p ac 60amp","5000","each","10182205"
"729","TD19091345","Item190913482","taps line 25mm full tin plated","5000","each","10182207"
"730","TD19091392","Item190913400","MCB S/P AC 60AMP","5000","each","RFQ10182205"
"731","TD19091318","Item190913953","16mm2 2 core CU PVC SWA 660V","500","metres","10182216"
"732","TD19091311","Item19091359","A.C.B 60A 440V 3 Phase","1000","each","10182206"
"733","TD19091337","Item190913710","Spacer Spindle 5/8 x 13 dwg d.96s","5000","each","10182212"
"734","TD19091764","Item190917884","IRON D 3.5 SHACKLE E TYPE INSUL DWG","5000","each","10182210"
"735","TD19091729","Item190917862","IRON D 3.5 SHACKLE E TYPE INSUL DWG","5000","each","10182210"
"736","TD19091794","Item190917843","ABC insulation piercing connector","5000","each","10182215"
"737","TD19091815","Item190918927","ABC insulation piercing connector","2900","each","10182215"
"738","TD19091946","Item190919840","soap bar 1kg","5000","each","10180905"
"739","TD19091916","Item190919128","55A Toner ","1","each","10181089"
"740","TD19091950","Item190919309","Supply and Fix of screen doors at Nyanga staff houses","11","each","10181089"
"741","TD19091957","Item190919519","tree cutting ","6","each","10181728"
"742","TD19091942","Item190919559","engine oil","500","each","10179622"
"743","TD19091970","Item190919189","repair of falling office","1","each","10181618"
"744","TD19091953","Item190919105","door locksets","40","each","10181228"
"745","TD19091935","Item190919310","hp 971 yellow ink cartridge","1","each","10183597"
"746","TD19091935","Item190919492","hp 971 cyan ink cartridge","1","each","10183597"
"747","TD19092062","Item190920866","I.T work station desk","2","each","10182318"
"748","TD19092079","Item190920344","cement bricks","3000","each","10182139"
"749","TD19092378","Item190923248","shackle insul 3.5 dia, 100v","5000","each","10182208"
"750","TD19092332","Item190923667","clamp pg cul alm (16-50mm)","5000","each","10182098"
"751","TD19092443","Item190924971","12.6m treated wood poles","110","each","10182097"
"752","TD19092412","Item190924172","treated wood poles 11m","100","each","10182096"
"753","TD1909249","Item190924600","Live taps 25mm ","5000","each","10182102"
"754","TD19092464","Item190924787","wood poles 9m","178","each","10182094"
"755","TD19092595","Item190925336","concrete pavers","272","each","10182138"
"756","TD19092919","Item190929289","ball float valve","2","each","10175397"
"757","TD19092919","Item190929683","15mm garden tapes","20","each","10175397"
"758","TD19092919","Item190929237","20mm garden tapes","10","each","10175397"
"759","TD19092991","Item190929535","20L PVA ivory","40","each","10175381"
"760","TD19092991","Item190929667","20L PVA red roof stoep","20","each","10175381"
"761","TD19092991","Item190929490","5L gloss white","12","each","10175381"
"762","TD19092991","Item190929634","5L gloss black","7","each","10175381"
"763","TD19092991","Item190929234","20L PVA black roof stoep","7","each","10175381"
"764","TD19092991","Item190929736","20L PVA white","15","each","10175381"
"765","TD19092991","Item190929907","20L ceiling","6","each","10175381"
"766","TD19092991","Item190929788","20L undercoat","1","each","10175381"
"767","TD19092991","Item190929145","5L sky-blue pva","1","each","10175381"
"768","TD19092991","Item190929910","5L brick finish","2","each","10175381"
"769","TD19092915","Item190929394","05A toner cartridge","1","each","10179491"
"770","TD19092921","Item190929946","05A toner cartridge","3","each","10179494"
"771","TD19092961","Item190929915","971 toner cartridge","1","each","10179549"
"772","TD19092941","Item190929489","05A toner cartridge","1","each","10183823"
"773","TD19092948","Item1909295","05A toner cartridge","1","each","10183853"
"774","TD19092952","Item190929844","HP 950 toner cartridge","1","each","10184023"
"775","TD19093018","Item190930998","HP 80A toner cartridge","1","each","10183365"
"776","TD1909308","Item190930487","pedal sanitary bins","5","each","10177629"
"777","TD19093071","Item190930331","bond paper","6","each","10184018"
"778","TD19093071","Item190930920","flat files","100","each","10184018"
"779","TD19093071","Item190930468","lever arch files","200","each","10184018"
"780","TD19093089","Item190930356","bond paper","15","each","10179089"
"781","TD19093088","Item190930105","cleaning services","2","each","10183229"
"782","TD19093092","Item190930233","cleaning services","2","each","10183229"
"783","TD19101034","Item191010808","cable 16mm2 4c Cu pvc swa 660v","500","each","10182218"
"784","TD19101686","Item191016139","Laundry soap 1kg (box)","50","each","10183784"
"785","TD19102228","Item191022524","porcelain tiles","20","each","10181093"
"786","TD19102232","Item191022167","Facebricks","15000","each","10183418"
"787","TD19102358","Item191023620","adjustable wrench 300mm","10","each","10184809"
"788","TD19102383","Item1910234","toilet papers (50 pack)","75","each","10152699"
"789","TD19102393","Item191023300","toilet papers (50 pack)","75","each","10152699"
"790","TD19102340","Item191023752","soap  green bar (1 kg)","1200","each","10180905"
"791","TD19102370","Item191023550","soap  green bar (1 kg)","1200","each","10180902"
"792","TD19102359","Item191023219","Laundry soap 1kg (box)","30","each","10183776"
"793","TD19102315","Item191023599","Laundry soap 1kg (box)","100","each","10183787"
"794","TD19102363","Item191023750","7 tone truck","1","each","10184744"
"795","TD19102336","Item191023675","7 tone truck","1","each","10184746"
"796","TD19102317","Item191023399","servicing fire extinguishers","158","each","10182351"
"797","TD1910232","Item191023563","fencing pliers 300mm","5","each","10184807"
"798","TD19102371","Item191023731","switch numbers","350","each","10184925"
"799","TD19102365","Item191023637","switch numbers","350","each","10184925"
"800","TD19102392","Item191023274","bond paper ( reams)","30","each","10184899"
"801","TD19102392","Item191023822","blue pens","150","each","10184899"
"802","TD19102392","Item191023870","black pens","100","each","10184899"
"803","TD19102392","Item191023345","red pens","100","each","10184899"
"804","TD19102392","Item191023776","A4 Khaki envelop (self-adhesive)","500","each","10184899"
"805","TD19102392","Item191023581","A5 khaki envelop (self-adhesive)","250","each","10184899"
"806","TD19102392","Item191023368","A3 Khaki envelop (self-adhesive)","100","each","10184899"
"807","TD19102392","Item191023681","A4 Counter books (white papers)","30","each","10184899"
"808","TD19102394","Item191023696","HP 980 Toner Catridge","1","each","10169830"
"809","TD19103046","Item191030813","First Aid Kits","28","each","10182906"
"810","TD1910313","Item191031339","C5/6 Envelopes (self-adhesive)","2","cartons","10185652"
"811","TD19112590","Item191125661","staff houses perimeter fence","1","each","10168883"
"812","TD19120543","Item191205370","Acid proof worksuites","28","each","10181365"
"813","TD19120551","Item191205462","05A toner cartridge","1","each","10186142"
"814","TD19120590","Item191205423","repair and painting of buildings","1","each","10186032"
"815","TD19120563","Item191205129","HP 131A Toner Cartridges ","4","each","10187202"
"816","TD19120533","Item191205792","CF 210A","1","each","10187202"
"817","TD19120533","Item191205280","CF 211A ","1","each","10187202"
"818","TD19120533","Item191205346","CF 212A","1","each","10187202"
"819","TD19120533","Item191205732","CF 213A","1","each","10187202"
"820","TD19120594","Item191205141","anti slip safety shoes","14","each","10181367"
"821","TD19120575","Item191205464","PVC White ","30","litres","10187085"
"822","TD19120575","Item191205398","Roof Guard","15","litres","10187085"
"823","TD19120575","Item191205169","Pink Wood Primer","2","litres","10187085"
"824","TD19120575","Item191205693","Gloss Enamel White","2","litres","10187085"
"825","TD19120575","Item191205245","Turpentine","5","litres","10187085"
"826","TD19120530","Item19120566","HP 80A toner cartridge","1","each","10186618"
"827","TD19120556","Item191205286","Gutter 6m s/ro","6","each","10187086"
"828","TD19120556","Item191205681","pvc gutter down pipe 3m sab","4","each","10187086"
"829","TD19120556","Item191205749","pvc gutter pipe bend 90"" s/p","12","each","10187086"
"830","TD19120556","Item191205633","pvc gutter supp bracket","33","each","10187086"
"831","TD19120556","Item191205817","pvc gutter pipe clamp s/pro","12","each","10187086"
"832","TD19120566","Item191205902","sliding gates","2","each","10184424"
"833","TD19120945","Item191209590","275W Grade A Solar Panels","6","each","10187588"
"834","TD19120945","Item191209171","5000VA 24V Invetor UPS with charge controller","1","each","10187588"
"835","TD19120945","Item191209506","200AH Batteries Gel","6","each","10187588"
"836","TD19120945","Item191209729","Battery Trolley","1","each","10187588"
"837","TD19120945","Item191209720","Automatic Changeover","1","each","10187588"
"838","TD19120945","Item191209559","Cabling Solar 4mm2","50","each","10187588"
"839","TD19120945","Item191209443","1.5mm2 3 Core","50","each","10187588"
"840","TD19120945","Item191209841","2.5mm 4 core","50","each","10187588"
"841","TD19120945","Item191209456","Trunking (per length)","9","each","10187588"
"842","TD19121155","Item191211521","form E60 inspection and overhaul of consumers substation in triplicate","300","each","10187182"
"843","TD19121178","Item19121188","window blinds","1","each","10187211"
"844","TD19121198","Item191211597","injectors ","4","each","10187316"
"845","TD19121198","Item191211914","injector pump","1","each","10187316"
"846","TD19121198","Item191211501","labour","1","each","10187316"
"847","TD19121196","Item191211726","new injectors","4","each","10187317"
"848","TD19121196","Item1912111","injector pump","1","each","10187317"
"849","TD19121196","Item191211543","injector registration","1","each","10187317"
"850","TD19121152","Item191211701","office partitioning","1","each","10186490"
"851","TD19121183","Item191211234","05A toner cartridge","1","each","10187919"
"852","TD19121629","Item191216921","8mm galvanized chain","140","metres","10187793"
"853","TD19121629","Item191216438","12mm round bar","2","each","10187793"
"854","TD19121629","Item191216951","2.5mm welding rod","1","each","10187793"
"855","TD19121618","Item191216552","painting and fixing of staff house house(supply and fix) - inside and outside","1","each","10187902"
"856","TD19121690","Item191216812","Labour for installation of solar power system for jotali building","1","each","10187891"
"857","TD19121737","Item191217375","11R 22.5 Tyres (dunlop)","6","each","10174584"
"858","TD1912172","Item191217154","245/70R16 brand new tyres","5","each","10166411"
"859","TD19121795","Item191217692","245/70R16C brand new tyres","5","each","10166411"
"860","TD19121762","Item191217553","245/70R16 brand new tyres","5","each","10166408"
"861","TD19121710","Item191217408","245/70R16 brand new tyres","5","each","10174576"
"862","TD19121721","Item191217525","245/75 RC brand new tyres","5","each","10187434"
"863","TD20020759","Item200207241","ABC Piercing Connectors","5000","each","10189519"
"864","TD20020735","Item200207449","Piercing connectors 25mm","5000","each","10189517"
"865","TD20020764","Item200207815","D' Iron 3.5 Shackle Type","3000","each","10189521"
"866","TD20020739","Item200207906","MCB S/P 60amp ","5000","each","10189522"
"867","TD20020752","Item200207961","Cable 16MM2 2 CORE SWA PVC ","1000","each","10189520"
"868","TD2002074","Item200207338","PG Clamp Al/Al 50 - 100mm 2 Bolt","5000","each","10189516"
"869","TD2002075","Item200207643","20L Ceiling White","3","each","10190261"
"870","TD2002075","Item200207651","20L PVA Lilly Cream","10","each","10190261"
"871","TD2002075","Item200207315","5L Gloss Lilly Cream","17","each","10190261"
"872","TD2002075","Item200207720","5L Gloss Blue","12","each","10190261"
"873","TD2002075","Item200207314","5L Gloss White","4","each","10190261"
"874","TD2002075","Item200207148","5L Brick Dressing","10","each","10190261"
"875","TD2002075","Item200207781","20L Red Roof & Stoep","10","each","10190261"
"876","TD2002075","Item200207703","5L Gloss Black","5","each","10190261"
"877","TD2002075","Item200207965","5L Gloss Signal Red","4","each","10190261"
"878","TD2002075","Item200207224","5L Gloss Golden Yellow","4","each","10190261"
"879","TD2002075","Item200207820","5L Clear Vanish Wood","1","each","10190261"
"880","TD2002075","Item200207652","5L Thinners","5","each","10190261"
"881","TD20021047","Item200210341","Tyres 215R15 Continental ","5","each","10189203"
"882","TD20021063","Item200210980","Tyres 245/70R16 Continental ","5","each","10189210"
"883","TD20021057","Item20021011","Tyres 215R15 Dunlop","5","each","10189209"
"884","TD20021060","Item200210872","Tyres 195R14 Continental ","5","each","10189205"
"885","TD20021021","Item200210910","Tyres 205/70R15 Dunlop","5","each","10189199"
"886","TD20021079","Item200210490","Tyres 215R15 Continental ","5","each","10189208"
"887","TD20021079","Item200210994",,"0","each","10189208"
"888","TD20021035","Item200210522","Tyres 175/65R14 Continental ","5","each","10189197"
"889","TD20021055","Item200210966","Tyres 285/70R17 Continental ","5","each","10189843"
"890","TD20021132","Item200211873","60mm Red interlocking Pavers ","7500","each","10190188"
"891","TD20021132","Item200211697","60mm Black Interlocking Pavers","7500","each","10190188"
"892","TD20021998","Item200219171","Car shade cloth","50","each","10190805"
"893","TD20072059","Item200720832","MUTTON CLOTH","100","kgs","RQ20052010"
"894","TD20072920","Item200729166","20mm Fine cork gaskets","20","each","10191229"
"895","TD20072920","Item200729466","4.5mm fine cork gasket","20","each","10191229"
"896","TD20072915","Item20072955","SF6 Gas ","2","each","10194650"
"897","TD20073043","Item200730364","HP470 core i7","6","each","ER8/2020"
"898","TD20080575","Item200805182","Tyres 24 Ply 1400 ","2","each","10192476"
"899","TD20081755","Item200817358","Clean Air Face Mask","2000","each","10197726"
"900","TD20081968","Item200819957","Clean Air Face Mask","2000","each","10197726"
"901","TD2008197","Item200819926","Clean Air Face Masks Reusable ","2000","each","10197726"
"902","TD20082682","Item200826664","4 Plate Stove Sup Princess White","1","each","10192418"
"903","TD20090235","Item200902498","5 Lt Engine OIl","80","each","10197883"
"904","TD20090224","Item200902144","5Lt Gear Oil","1","each","10197637"
"905","TD20090224","Item200902422","5Lt  ATF","1","each","10197637"
"906","TD20090224","Item200902646","5Lt Brake Fluid","1","each","10197637"
"907","TD20090224","Item200902965","5Lt Degreaser","1","each","10197637"
"908","TD20090224","Item200902253","650 Batteries","2","each","10197637"
"909","TD20090224","Item200902782","Heavy duty battery terminals","4","each","10197637"
"910","TD20090224","Item200902116","Mutton Cloth","1","kgs","10197637"
"911","TD20090381","Item200903860","Tyres 245/70R16","5","each","10197727"
"912","TD20090391","Item200903806","Tyres 245/70R16","5","each","10197728"
"913","TD20090352","Item200903499","Tyres 245/70R16","5","each","10197728"
"914","TD20090313","Item200903998","Tyres 245/70R16","5","each","10197730"
"915","TD20090398","Item200903144","TYRES 11R22.5 20 Ply","6","each","10197718"
"916","TD20090426","Item200904156","TYRES 1400 20 Ply","2","each","10195206"
"917","TD20090498","Item200904797","TYRES 9R22.5 - 20 Ply","6","each","10197715"
"918","TD2009042","Item200904482","Tyres 245/70R16","5","each","10197721"
"919","TD20090433","Item200904565","Tyres 215R15","5","each","10197726"
"920","TD20090488","Item200904692","Tyres 245/70R16","5","each","10197724"
"921","TD20090496","Item200904398","Cutting Disc","2","each","10194762"
"922","TD20090496","Item200904789","Grinding Disc","1","each","10194762"
"923","TD20090496","Item200904131","Welding Rods","2","each","10194762"
"924","TD20090496","Item200904235","Barrel Bolt 100mm","1","each","10194762"
"925","TD20090496","Item200904575","French Door Hinges","2","each","10194762"
"926","TD20090496","Item200904644","Red Oxide","5","each","10194762"
"927","TD20090496","Item200904373","50 x 50 x1.6mm Square Tube","2","each","10194762"
"928","TD20090496","Item200904320","40 x40 x 1.6mm Square Tube","4","each","10194762"
"929","TD20090496","Item200904384","1mm CR Sheets","2","each","10194762"
"930","TD20090496","Item200904145","30 x 3mm Flat Bars","1","each","10194762"
"931","TD20090496","Item200904586","20 x 3mm Flat Bars","2","each","10194762"
"932","TD20090430","Item20090487","Cutting Disc","2","each","10194760"
"933","TD20090430","Item200904385","Grinding Disc","1","each","10194760"
"934","TD20090430","Item200904998","Welding Rods","2","each","10194760"
"935","TD20090430","Item200904808","Barrel Bolt 100mm","1","each","10194760"
"936","TD20090430","Item200904886","French Door Hinges","2","each","10194760"
"937","TD20090430","Item200904196","Red Oxide","5","each","10194760"
"938","TD20090430","Item200904989","50 x 50 x1.6mm Square Tube","2","each","10194760"
"939","TD20090430","Item20090458","40 x40 x 1.6mm Square Tube","4","each","10194760"
"940","TD20090430","Item200904403","1mm CR Sheets","2","each","10194760"
"941","TD20090430","Item200904890","30 x 3mm Flat Bars","1","each","10194760"
"942","TD20090430","Item200904739","20 x 3mm Flat Bars","2","each","10194760"
"943","TD20090472","Item200904494","Cutting Disc","2","each","10194763"
"944","TD20090472","Item200904930","Grinding Disc","1","each","10194763"
"945","TD20090472","Item200904848","Welding Rods","2","each","10194763"
"946","TD20090472","Item200904407","Barrel Bolt 100mm","1","each","10194763"
"947","TD20090472","Item20090460","French Door Hinges","2","each","10194763"
"948","TD20090472","Item20090477","Red Oxide ","5","each","10194763"
"949","TD20090472","Item200904280","50 x 50 x1.6mm Square Tube","2","each","10194763"
"950","TD20090472","Item200904405","40 x40 x 1.6mm Square Tube","4","each","10194763"
"951","TD20090472","Item200904954","1mm CR Sheets","2","each","10194763"
"952","TD20090472","Item20090489","30 x 3mm Flat Bars","1","each","10194763"
"953","TD20090472","Item200904434","20 x 3mm Flat Bars","2","each","10194763"
"954","TD20090481","Item200904208","Tyres 245/70R16 ","5","each","10197723"
"955","TD20090445","Item200904413","Tyres 245/70R16 ","5","each","10197722"
"956","TD20090413","Item200904851","Tyres 175/65R14","5","each","10197720"
"957","TD2009045","Item200904978","Tyres 175/65R14","5","each","10197719"
"958","TD20090715","Item200907346","Cutting Disc","2","each","10194762"
"959","TD20090715","Item200907101","Grinding Disc","1","each","10194762"
"960","TD20090715","Item200907213","Welding Rods","2","each","10194762"
"961","TD20090715","Item200907388","Barrel Bolt 100mm","1","each","10194762"
"962","TD20090715","Item200907796","French Door Hinges","2","each","10194762"
"963","TD20090715","Item200907929","Red Oxide","5","each","10194762"
"964","TD20090715","Item200907386","50 x 50 x1.6mm Square Tube","2","each","10194762"
"965","TD20090715","Item200907888","40 x40 x 1.6mm Square Tube","4","each","10194762"
"966","TD20090715","Item20090789","1mm CR Sheets","2","each","10194762"
"967","TD20090758","Item200907273","Cutting Disc","2","each","10194762"
"968","TD20090758","Item200907422","Grinding Disc","1","each","10194762"
"969","TD20090758","Item200907696","Welding Rods","2","kgs","10194762"
"970","TD20090758","Item200907782","Barrel Bolt 100mm","1","each","10194762"
"971","TD20090758","Item200907106","French Door Hinges","2","each","10194762"
"972","TD20090758","Item200907891","Red Oxide","5","litres","10194762"
"973","TD20090758","Item200907197","50 x 50 x1.6mm Square Tube","2","each","10194762"
"974","TD20090758","Item200907336","40 x40 x 1.6mm Square Tube","4","each","10194762"
"975","TD20090758","Item200907932","1mm CR Sheets","2","each","10194762"
"976","TD20090758","Item200907643","30 x 3mm Flat Bars","1","each","10194762"
"977","TD20090758","Item200907531","20 x 3mm Flat Bars","2","each","10194762"
"978","TD2009076","Item200907617","Cutting Disc","2","each","10194760"
"979","TD2009076","Item200907782","Grinding Disc","1","each","10194760"
"980","TD2009076","Item2009079","Welding Rods","2","each","10194760"
"981","TD2009076","Item20090748","Barrel Bolt 100mm","1","each","10194760"
"982","TD2009076","Item20090738","French Door Hinges","2","each","10194760"
"983","TD2009076","Item200907632","Red Oxide","5","each","10194760"
"984","TD2009076","Item200907196","50 x 50 x1.6mm Square Tube","2","each","10194760"
"985","TD2009076","Item200907576","40 x40 x 1.6mm Square Tube","4","each","10194760"
"986","TD2009076","Item200907558","1mm CR Sheets","2","each","10194760"
"987","TD2009076","Item200907555","30 x 3mm Flat Bars","1","each","10194760"
"988","TD2009076","Item200907527","20 x 3mm Flat Bars","2","each","10194760"
"989","TD20090944","Item200909873","HP COLOR LASERJET PRO MFP M281fdw PRINTER 4 IN 1","1","each","PR10198148"
"990","TD20090994","Item200909511","HIGH BACK SWIVEL CHAIRS","44","each","RFQ20082625"
"991","TD20090920","Item200909517","LOW BACK VISITORS' CHAIRS","60","each","RFQ20082654"
"992","TD20090978","Item200909312","LOW BACK VISITORS' CHAIRS","60","each","RFQ20082654"
"993","TD20091089","Item200910423","Royal Blue Trousers","160","each","PR10191770"
"994","TD20091053","Item200910583","Black shoes laced ladies shoes","16","each","PR10191775"
"995","TD20091016","Item200910919","Black shoes laced gents shoes","46","each","PR10191776"
"996","TD20091093","Item200910155","Royal Blue Skirts","69","each","PR10192467"
"997","TD2009115","Item20091136","Royal Blue Skirts","69","each","PR10192467"
"998","TD20091155","Item200911593","White blouses","64","each","PR10192468"
"999","TD2009117","Item200911247","Long sleeved white shirts","85","each","PR10191769"
"1000","TD2009117","Item200911668","Long sleeved sky blue shirts","85","each","PR10191769"
"1001","TD20091181","Item20091172","Long sleeved white shirts","85","each","PR10191769"
"1002","TD20091181","Item200911641","Short sleeved sky blue shirts","85","each","PR10191769"
"1003","TD2009243","Item200924193","NEW TYRES 265/70R16","5","each","PR10198682"
"1004","TD20092412","Item20092435","NEW TYRES 11R22.5","6","each","PR10198071"
"1005","TD20092483","Item200924792","NEW TYRES 11R22.5","6","each","PR10197047"
"1006","TD20092893","Item200928176","Borehole drilling,equipment and casing","1","each","RFQ20051115"
"1007","TD20092887","Item200928845","Borehole drilling,equipment and casing","1","each","RFQ20081921"
"1008","TD20092837","Item200928585","Borehole drilling,equipment and casing","1","each","RFQ20051112"
"1009","TD20092951","Item200929258","FOUR PLATE STOVE","1","each","RFQ20030957"
"1010","TD2009297","Item200929295","UPRIGHT DEEP FREEZER","1","each","RFQ20030982"
"1011","TD20092995","Item200929494","LEFT UPPER CONTROL ARM","1","each","RFQ20090194"
"1012","TD20092995","Item200929760","RIGHT UPPER CONTROL ARM","1","each","RFQ20090194"
"1013","TD20092995","Item20092935","FRONT WHEEL BEARING KITS","2","each","RFQ20090194"
"1014","TD20092974","Item200929457","GENUINE CLUTCH KIT NP300 4X4","1","each","RFQ20080584"
"1015","TD20092967","Item200929549","GENUINE CLUTCH KIT NP300 4X4","1","each","RFQ20092312"
"1016","TD20092961","Item200929666","GENUINE CLUTCH KIT NP300 4X4","1","each","RFQ20092355"
"1017","TD20092948","Item20092952","GENUINE CLUTCH KIT NP300 2 WHEEL DRIVE","1","each","RFQ20092366"
"1018","TD20092931","Item200929527","NEW TYRES 215R15","5","each","RFQ20092358"
"1019","TD20092933","Item200929580","NEW TYRES 215R15","5","each","RFQ20092329"
"1020","TD20092960","Item2009291000","NEW TYRES 215R15","5","each","RFQ2009236"
"1021","TD20092934","Item200929660","NEW TYRES 215R15","5","each","RFQ20092386"
"1022","TD20092930","Item200929933","NEW TYRES 215R15","5","each","RQ20092369"
"1023","TD20092971","Item200929622","NEW TYRES 215R15","5","each","RQ2009235"
"1024","TD20100555","Item201005961","Standard cement bricks","10000","each","RFQ20082694"
"1025","TD2010065","Item201006279","Load of 12.6m poles","1","each","RFQ20092321"
"1026","TD20100692","Item201006639","Load of 9m poles","1","each","RFQ20092365"
"1027","TD20100610","Item201006194","Load of 11m poles","1","each","RFQ20092325"
"1028","TD20100674","Item201006465","Load of 12.6m poles","1","each","RFQ20091022"
"1029","TD20100630","Item201006856","Load of 11m poles","1","each","RFQ20091022"
"1030","TD20100651","Item201006798","Load of 12.6m poles","1","each","RFQ20092551"
"1031","TD20100629","Item201006637","Load of 9m poles","1","each","RFQ20092575"
"1032","TD20100658","Item20100620","Load of 10.8m poles","1","each","RFQ20091421"
"1033","TD20100625","Item201006773","Load of 12.6m poles","1","each","RFQ20091673"
"1034","TD2010066","Item201006598","Load of 9m poles","1","each","RFQ20091645"
"1035","TD20100691","Item201006954","Load of 11m poles","1","each","RFQ20091667"
"1036","TD20100688","Item201006295","Load of 12.6m poles","1","each","RFQ20091694"
"1037","TD2010069","Item201006264","Load of 9m poles","1","each","RFQ2009176"
"1038","TD2010063","Item201006185","Load of 11m poles","1","each","RFQ20091617"
"1039","TD20100618","Item201006823","Load of 12.6m poles","1","each","RFQ20092375"
"1040","TD20100661","Item201006877","Load of 9m poles","1","each","RFQ2009231"
"1041","TD20100699","Item201006656","Load of 11m poles","1","each","RFQ20092394"
"1042","TD20100631","Item201006952","Load of 12.6m poles","1","each","RFQ20091527"
"1043","TD20100671","Item201006793","Load of 9m poles","1","each","RFQ20091553"
"1044","TD2010061","Item201006451","Load of 11m poles","1","each","RFQ20091546"
"1045","TD20100647","Item201006352","Load of wood poles","1","each","RFQ20092244"
"1046","TD20100678","Item201006616","UPRIGHT FRIDGE","1","each","RFQ20032397"
"1047","TD20100687","Item201006465","228*38 ROUGH SAWN TIMBER-6METRES LENGTH","16","each","RFQ20082624"
"1048","TD20100627","Item201006278","228*38 ROUGH SAWN TIMBER-6METRES LENGTH","16","each","RFQ20082624"
"1049","TD20100715","Item201007543","NEW TYRES 245/70R16","5","each","RFQ20092890"
"1050","TD20100795","Item201007785","NEW TYRES 245/70R16","5","each","RFQ20092850"
"1051","TD20100742","Item201007558","NEW TYRES 11R22.5","4","each","RFQ20092461"
"1052","TD20100779","Item201007139","NEW TYRES 9R22.5-20","6","each","RFQ2009285"
"1053","TD20100759","Item201007736","NEW TYRES 245/70R16","5","each","RFQ20092815"
"1054","TD20100745","Item201007621","NEW TYRES 1000*20","6","each","RFQ20092820"
"1055","TD20100745","Item201007377","TUBES","6","each","RFQ20092820"
"1056","TD20100745","Item201007329","FLAPS","6","each","RFQ20092820"
"1057","TD20100747","Item201007203","4 PLATE STOVE","1","each","RFQ20032356"
"1058","TD20100792","Item201007560","UPPER CONTROL ARMS","2","each","RFQ20090194"
"1059","TD20100792","Item201007306","LOWER CONTROL ARMS","2","each","RFQ20090194"
"1060","TD20100792","Item2010077","PRIME PUMP","1","each","RFQ20090194"
"1061","TD20100792","Item201007245","BRAKE MASTER CYLINDER","1","each","RFQ20090194"
"1062","TD20100792","Item201007409","BRAKE PADS","1","each","RFQ20090194"
"1063","TD20100792","Item201007453","RADIATOR","1","each","RFQ20090194"
"1064","TD20100792","Item201007539","LOWER BALL JOINTS","2","each","RFQ20090194"
"1065","TD20100792","Item201007723","BRAKE DISC","2","each","RFQ20090194"
"1066","TD20100792","Item201007931","FRONT SHOCKS","2","each","RFQ20090194"
"1067","TD20100792","Item201007944","U-BOLTS","4","each","RFQ20090194"
"1068","TD20100792","Item201007351","SET SHACKLE BUSHES","1","each","RFQ20090194"
"1069","TD20100792","Item201007226","SET REAR H/BRAKE CABLE","1","each","RFQ20090194"
"1070","TD20100792","Item201007808","HANDBRAKE MECHANISM","1","each","RFQ20090194"
"1071","TD20100743","Item201007920","UPPER CONTROL ARMS","2","each","RFQ20090194"
"1072","TD20100743","Item201007379","LOWER CONTROL ARMS","2","each","RFQ20090194"
"1073","TD20100743","Item201007907","FRONT WHEEL BEARING KITS","2","each","RFQ20090194"
"1074","TD20100743","Item201007565","PRIMER PUMP","1","each","RFQ20090194"
"1075","TD20100743","Item20100732","BRAKE MASTER CYLINDER","1","each","RFQ20090194"
"1076","TD20100743","Item201007685","BRAKE PADS","1","each","RFQ20090194"
"1077","TD20100743","Item201007233","RADIATOR","1","each","RFQ20090194"
"1078","TD20100743","Item201007768","LOWER BALL JOINTS","2","each","RFQ20090194"
"1079","TD20100743","Item201007906","BRAKE DISCS","2","each","RFQ20090194"
"1080","TD20100743","Item201007687","FRONT SHOCKS","2","each","RFQ20090194"
"1081","TD20100743","Item20100743","REAR SHOCKS","2","each","RFQ20090194"
"1082","TD20100743","Item201007278","U BOLTS","4","each","RFQ20090194"
"1083","TD20100743","Item201007964","SET SPRING BUSHES","1","each","RFQ20090194"
"1084","TD20100743","Item201007672","COMPLETE HAND BRAKE CABLE","1","each","RFQ20090194"
"1085","TD20100743","Item201007332","HANDBRAKE CABLE MECHANISM","1","each","RFQ20090194"
"1086","TD20100893","Item201008815","NEW TYRES 265/65R17","5","each","RFQ2009297"
"1087","TD20100835","Item201008772","NEW TYRES 245/70R16","5","each","RFQ20092851"
"1088","TD20100816","Item201008883","NEW TYRES 245/70R16","5","each","RFQ20092823"
"1089","TD20100818","Item201008865","NEW TYRES 9R22.5","7","each","RFQ20092473"
"1090","TD20100827","Item201008951","32.5 CEMENT","65","each","RFQ20200143"
"1091","TD20100924","Item201009762","1 Load of 9m poles","1","each","RFQ2009575"
"1092","TD20100999","Item201009362","Load of 10.8m poles","1","each","RFQ20091421"
"1093","TD2010099","Item201009510","Load of 11m poles","1","each","RFQ20092325"
"1094","TD20100989","Item201009284","Load of 12.6m poles","1","each","RFQ20091673"
"1095","TD2010097","Item201009890","LAPTOPS","2","each","RFQ2009245"
"1096","TD2010097","Item201009670","LAPTOP BAGS","2","each","RFQ2009245"
"1097","TD20100962","Item201009283","Hand sanitizers (5L)","100","each","RFQ20092990"
"1098","TD20101235","Item201012469","SCARFS BRANDED LOGO WITH DIFFERENT YEARS","139","each","RFQ10197902"
"1099","TD20101235","Item201012746","TIES BRANDED LOGO WITH DIFFERENT YEARS","218","each","RFQ10197902"
"1100","TD20101294","Item20101215","100ML HAND SANITIZERS","1000","each","RFQ20092990"
"1101","TD20101324","Item201013131","Hand sanitizers (5L)","100","each","RFQ20092990"
"1102","TD20101391","Item201013149","NECK TIES","218","each","RFQ10197902"
"1103","TD20101391","Item201013572","SCARFS ","139","each","RFQ10197902"
"1104","TD20101357","Item201013807","NEW TYRES 205/65R16","5","each","RFQ20100562"
"1105","TD20101493","Item201014588","Black laced ladies shoes all sizes","16","each","PR10191775"
"1106","TD20101461","Item201014251","Black laced ladies shoes all sizes","16","each","PR10191775"
"1107","TD20101460","Item20101421","Black laced gents shoes all sizes","46","each","PR10191776"
"1108","TD2010148","Item20101428","NAVY BLUE TROUSERS","160","each","10191770"
"1109","TD20101584","Item201015408","LONG SLEEVED WHITE SHIRTS","85","each","PR10191769"
"1110","TD20101532","Item201015485","NAVY BLUE TROUSERS","160","each","PR10191770"
"1111","TD2010195","Item201019417","HIGH BACK SWIVEL CHAIRS","44","each","RQ20082625"
"1112","TD20101974","Item201019257","HIGH BACK SWIVEL CHAIRS","44","each","RQ20082625"
"1113","TD20101918","Item201019323","FACE MASKS","2000","each","RFQ20092968"
"1114","TD20101947","Item201019997","FACE MASKS","2000","each","RFQ20092968"
"1115","TD20101987","Item201019268","290lt Upright Fridge","1","each","RQ20032397"
"1116","TD20101990","Item201019140","Standard cement bricks","4000","each","RFQ20092332"
"1117","TD2010208","Item201020973","Load of 12.6m poles","1","each","RQ20092321"
"1118","TD20102026","Item201020460","Load of 9m poles","1","each","RQ20092365"
"1119","TD20102041","Item201020686","Load of 11m poles","1","each","RQ20092325"
"1120","TD20102029","Item20102089","Load of 10.8m poles","1","each","RQ20091421"
"1121","TD20102037","Item201020487","Load of 12.6m poles","1","each","RQ20092551"
"1122","TD20102089","Item20102068","Load of 9m poles","1","each","RQ20092575"
"1123","TD20102020","Item201020855","Load of 10.8m poles","1","each","RQ20091421"
"1124","TD2010206","Item201020972","Load of 12.6m poles","1","each","RQ20091527"
"1125","TD2010209","Item201020498","Load of 9m poles","1","each","RQ20091553"
"1126","TD20102046","Item201020264","Load of 11m poles","1","each","RQ20091546"
"1127","TD20102056","Item201020183","Load of wood poles to Chipinge","1","each","RQ20092244"
"1128","TD20102040","Item20102041","Load of 12.6m poles","1","each","RQ20091022"
"1129","TD20102063","Item201020115","Load of 11m poles","1","each","PR10198533"
"1130","TD20102010","Item20102083","Load of 12.6m poles","1","each","RQ20092321"
"1131","TD20102038","Item201020506","Load of 9m poles","1","each","RQ20092365"
"1132","TD20102059","Item201020480","Load of 11m poles","1","each","RQ20092325"
"1133","TD20102022","Item201020341","5 LITRES GEAR OIL 80W90","12","each","RQ20092896"
"1134","TD20102297","Item201022295","NAVY BLUE TROUSERS","160","each","PR10191770"
"1135","TD20102344","Item201023734","SF6 GAS-50KG","2","each","RQ2005223"
"1136","TD20102317","Item201023573","1mx1mx6mm Gaskets","20","each","RQ20031826"
"1137","TD20102317","Item201023244","1mx1mx4,5mm Gaskets","20","each","RQ20031826"
"1138","TD20102319","Item201023420","Swivel Chair","1","each","RQ20092214"
"1139","TD20102354","Item201023407","NEW TYRES 245/70R16","5","each","RQ2009289"
"1140","TD20102392","Item201023932","GEAR BOX  OIL 80W90 5LITRES","12","each","RQ20092896"
"1141","TD20102398","Item201023782","Load of 12.6m poles","1","each","RQ20092375"
"1142","TD20102346","Item201023750","Load of 12.6m poles","1","each","RQ20092375"
"1143","TD20102386","Item201023975","Load of 12.6m poles","1","each","RQ20092375"
"1144","TD20102357","Item201023888","LONG SLEEVED WHITE SHIRTS","85","each","RQ10191769"
"1145","TD20102314","Item201023471","NEW FACE MASKS","2000","each","RQ20092968"
"1146","TD2010271","Item201027121","1.8mX75X3mm diamond mesh","380","each","RQ20100522"
"1147","TD2010271","Item201027324","2.4mX75 overhang capped corner posts","24","each","RQ20100522"
"1148","TD2010271","Item201027477","2.4X w/section standard posts plus overhang","76","each","RQ20100522"
"1149","TD2010271","Item20102735","38mm tubing stays","58","each","RQ20100522"
"1150","TD2010271","Item201027807","2.0mm barbed wire-kgs","100","each","RQ20100522"
"1151","TD2010271","Item201027562","1.6/2.0mm tying wire-kg","25","each","RQ20100522"
"1152","TD2010271","Item201027259","2.24mm high strain wire-kg","50","each","RQ20100522"
"1153","TD20102819","Item201028579","Rear spring pins","4","each","RQ20091712"
"1154","TD20102819","Item201028139","Front spring pins","4","each","RQ20091712"
"1155","TD20102819","Item20102825","Rear bushes","4","each","RQ20091712"
"1156","TD20102819","Item201028777","Front bushes","4","each","RQ20091712"
"1157","TD20102819","Item201028519","Bracket front springs","2","each","RQ20091712"
"1158","TD20102819","Item201028889","Universal joint and king pin kit set","1","each","RQ20091712"
"1159","TD20102845","Item201028512","Suspension material for Nissan UD70","11","each","RQ20091712"
"1160","TD20102813","Item2010288","Suspension material for Nissan UD70","1","each","RQ20091712"
"1161","TD20102943","Item201029644","FEMALE CONTACTS FOR 11KV SWITCHGEAR","12","each","RQ20082687"
"1162","TD20102927","Item201029266","GENUINE CLUTCH KIT FOR NISSAN UD95","1","each","RFQ20090721"
"1163","TD20102996","Item201029364","MALE CONTACTS FOR 11KV SWITCHGEAR","12","each","RQ20082670"
"1164","TD20102986","Item201029643","MALE CONTACTS FOR 11KV SWITCHGEAR","12","each","RQ20082670"
"1165","TD20102966","Item20102963","ENGINE OIL 15W40","60","each","RFQ20092882"
"1166","TD20102981","Item201029514","LONG SLEEVED WHITE SHIRTS","85","each","RFQ10191769"
"1167","TD20102993","Item201029990","RADIATOR","1","each","RFQ20101243"
"1168","TD2011037","Item201103389","1mX1mX6mm gaskets","20","each","RQ20031826"
"1169","TD2011037","Item2011032","1mX1mX4.5mm gaskets","20","each","RQ20031826"
"1170","TD20110326","Item201103195","1mX1mX6mm gaskets","20","each","RQ20031826"
"1171","TD20110326","Item201103254","1mX1mX4.5mm gaskets","20","each","RQ20031826"
"1172","TD20110375","Item201103976","1.5 Horsepower submersible pump","1","each","RQ20102171"
"1173","TD20110358","Item201103505","1.5 Horsepower submersible pump","1","each","RQ20102128"
"1174","TD20110380","Item201103203","Rough sawn timber","95","each","RQ20102778"
"1175","TD20110314","Item201103769","7 Ton Truck owner driven -dry rate 42days","1","each","RQ20101911"
"1176","TD20110352","Item201103712","Air compressor 2.5 horsepower 100l","1","each","RQ20102323"
"1177","TD20110352","Item20110369","Hammer Body and Fender","1","each","RQ20102323"
"1178","TD20110333","Item201103734","BLINDS","25","each","RQ2010209"
"1179","TD20110324","Item201103753","NEW TYRES 245/70R16","5","each","RQ20102211"
"1180","TD20110357","Item201103692","ATL OIL (5L)","40","each","RQ20092848"
"1181","TD20110480","Item201104719","WHEEL BEARING GREASE ","30","each","RQ20092830"
"1182","TD20110494","Item201104208","BLAKE FLUID (500ML)","20","each","RQ20092856"
"1183","TD20110447","Item201104264","Multi-purpose grease","2","each","RQ20092833"
"1184","TD2011045","Item201104842","Multi-purpose grease","2","each","RQ20092833"
"1185","TD20110436","Item201104680","ENGINE OIL (5W40) FULLY SYNTHETIC","20","each","RQ20092839"
"1186","TD20110465","Item201104479","C937474A GRAY CARTRIDGE","2","each","RQ20101991"
"1187","TD20110465","Item201104551","C9370A PHOTO BLACK CARTRIDGE","2","each","RQ20101991"
"1188","TD20110465","Item201104135","C9403A MATTE BLACK","4","each","RQ20101991"
"1189","TD20110465","Item201104674","C9373A YELLOW","2","each","RQ20101991"
"1190","TD20110465","Item201104390","C9372A MAGENTA","2","each","RQ20101991"
"1191","TD20110465","Item201104712","C9371A CYAN","2","each","RQ20101991"
"1192","TD20110466","Item201104387","TROUSERS ","17","each","RQ20102034"
"1193","TD20110466","Item201104118","JACKETS","17","each","RQ20102034"
"1194","TD20110594","Item201105608","Load of 9m poles","1","each","RQ20091633"
"1195","TD20110524","Item201105621","Load of 9m poles","1","each","RQ20091633"
"1196","TD20110556","Item20110537","Load of 11m poles","1","each","RQ20091661"
"1197","TD20110564","Item201105832","Load of 12.5m poles","1","each","RQ2009176"
"1198","TD20110592","Item201105470","NAVY BLUE TROUSERS","17","each","RQ20102034"
"1199","TD20110592","Item201105894","NAVY BLUE JACKETS","17","each","RQ20102034"
"1200","TD20110544","Item201105304","NAVY BLUE TROUSERS","17","each","RQ20102034"
"1201","TD20110544","Item201105215","NAVY BLUE JACKETS","17","each","RQ20102034"
"1202","TD20110694","Item201106634","FRONT SHOCKS","2","each","RQ20090477"
"1203","TD20110694","Item201106276","REAR SHOCKS","2","each","RQ20090477"
"1204","TD20110941","Item201109629","White blousers","64","each"," PR10192468"
"1205","TD20111032","Item201110228","FUEL TOTALISERS","12","each","RQ20102047"
"1206","TD20111032","Item201110868","KERBSIDE FUEL HORSES(4.1)","12","each","RQ20102047"
"1207","TD20111026","Item201110628","Short sleeved sky blue shirts","85","each","RQ10191769"
"1208","TD20111058","Item201110742","10 TONNE PORTA POWER","1","each","RQ20102342"
"1209","TD20111058","Item201110708","SPRAY GUN HP TOOLS 785 TRADE","1","each","RQ20102342"
"1210","TD20111081","Item201110477","Short sleeved sky blue shirts","85","each","RQ10191769"
"1211","TD20111030","Item201110518","FIRST AID KITS","27","each","RQ20100785"
"1212","TD20111078","Item20111071","NEW TYRES 195 R14","5","each","RQ20102330"
"1213","TD20111183","Item201111829","LONG SLEEVED WHITE SHIRTS","85","each","RQ10191769"
"1214","TD20111157","Item201111617","PANEL SKIRTS","34","each","RQ10192467"
"1215","TD20111184","Item201111164","NEW TYRES 9R22.5","6","each","RQ20102957"
"1216","TD20111185","Item201111790","200 Watts LED flood lights 50000","10","each","RQ20102783"
"1217","TD20111185","Item201111287","50 Watt LED flood lights 50 000hrs","5","each","RQ20102783"
"1218","TD20111185","Item20111189","20 Watt LED flood lights 50000hrs","8","each","RQ20102783"
"1219","TD20111185","Item201111797","10 Watt LED flood lights 50 000hrs","4","each","RQ20102783"
"1220","TD20111185","Item201111477","16amp Daylight Switches","15","each","RQ20102783"
"1221","TD20111185","Item201111495","2.5mm x 100m 3 Core C","1","each","RQ20102783"
"1222","TD20111271","Item201112255","Aluminium sliding windows","3","each","RQ20101276"
"1223","TD20111246","Item201112451","WET AND DRY VACUUM CLEANER","2","each","RQ20082678"
"1224","TD2011129","Item201112118","4-IN-ONE PRINTER","1","each","RQ2011046"
"1225","TD20111380","Item201113414","Swivel Chair","1","each","RQ20102674"
"1226","TD20111345","Item201113276","Swivel Chair","1","each","RQ20102674"
"1227","TD20111316","Item201113220","Swivel Chair","1","each","RQ20102653"
"1228","TD20111311","Item201113898","Swivel Chair","1","each","RQ210269"
"1229","TD20111378","Item201113878","Swivel Chair","1","each","RQ2012623"
"1230","TD20111350","Item201113524","Swivel Chair","1","each","RQ2012623"
"1231","TD20111623","Item20111649","Load of 9m poles","1","each","RQ20092285"
"1232","TD20111630","Item201116342","Load of 11m poles","1","each","RQ20092211"
"1233","TD20111676","Item201116239","Load of 12.6m poles","1","each","RQ20092247"
"1234","TD20111640","Item201116151","Steel Filing Cabinets","6","each","RQ20032373"
"1235","TD2011163","Item201116657","River sand in m3","20","each","RQ20102248"
"1236","TD2011163","Item201116797","Pitsand","30","each","RQ20102248"
"1237","TD20111761","Item201117557","HPCE255A TONER CARTRIDGE","1","each","RQ20103064"
"1238","TD20111761","Item201117137","HP 920XL BLACK INK CARTRIDGE","1","each","RQ20103064"
"1239","TD20111761","Item201117825","HP920XL CYAN INK CARTRIDGE","1","each","RQ20103064"
"1240","TD20111761","Item201117724","HP920XL YELLOW INK CARTRIDGE","1","each","RQ20103064"
"1241","TD20111761","Item201117168","HP920XL MAGENTA INK CARTRIDGE","1","each","RQ20103064"
"1242","TD20111761","Item201117889","HP131 BLACK TONER CARTRIDGE","1","each","RQ20103064"
"1243","TD20111761","Item201117367","HP131 CYAN TONER CARTRIDGE","1","each","RQ20103064"
"1244","TD20111761","Item201117240","HP131 YELLOW TONER CARTRIDGE","1","each","RQ20103064"
"1245","TD20111761","Item201117810","HP131 MAGENTA TONER CARTRIDGE","1","each","RQ20103064"
"1246","TD20111761","Item201117786","RJ-45 CONNECTORS","1","each","RQ20103064"
"1247","TD20111880","Item20111844","Gaskets 1m*1m*6mm","20","each","RQ20031826"
"1248","TD20111880","Item201118887","Gaskets 1m*1m*4,5mm","20","each","RQ20031826"
"1249","TD20111859","Item201118674","Gaskets 1m*1m*6mm","15","each","RQ20031826"
"1250","TD20111859","Item201118818","Gaskets 1m*1m*4,5mm","15","each","RQ20031826"
"1251","TD20111822","Item201118661","PRINTING OF CIF BOOKS","95","each","RQ20090758"
"1252","TD20111830","Item201118234","PRINTING OF E22 FORMS","75","each","RQ20090774"
"1253","TD20111884","Item201118825","PRINTING OF PERMIT TO WORK BOOKS","50","each","RQ20090777"
"1254","TD2011188","Item201118802","LAPTOP AND BAG","1","each","RQ20110483"
"1255","TD20111928","Item201119891","CEMENT","450","each","RQ20102248"
"1256","TD20111912","Item201119661","NEW TYRES 245/70R16","5","each","RQ20092887"
"1257","TD20111942","Item201119205","GEAR SELECTOR CABLE","1","each","RQ20092411"
"1258","TD20111942","Item201119934","GEAR SHIFT CABLE","1","each","RQ20092411"
"1259","TD20111942","Item201119407","REAR BRAKE CHAMBERS","2","each","RQ20092411"
"1260","TD20111942","Item201119299","RIGHT HAND REAR NUTS","2","each","RQ20092411"
"1261","TD20111942","Item201119429","LEFT HAND REAR NUTS","2","each","RQ20092411"
"1262","TD20111942","Item201119397","LEFT HAND TUBE NUTS","2","each","RQ20092411"
"1263","TD20111991","Item201119144","WATER PUMP FOR NISSAN YD25","1","each","RQ20090734"
"1264","TD20111934","Item201119809","SHORT-SLEEVED SKY BLUE SHIRTS FOR MEN","85","each","PR10191769"
"1265","TD2011231","Item201123136","PRINTER","1","each","RQ20102364"
"1266","TD20112312","Item201123242","COMMON BRICKS","3000","each","RQ20111324"
"1267","TD20112378","Item201123541","COMMON BRICKS","3000","each","RQ20111324"
"1268","TD20112339","Item201123111","COMMON BRICKS","3000","each","RQ20111324"
"1269","TD20112347","Item201123672","ANTISLIP SAFETY SHOES","15","each","RQ20111789"
"1270","TD20112477","Item201124382","LAPTOPS","4","each","RQ20111647"
"1271","TD20112417","Item201124192","TYRES (1400R20)","2","each","RQ20110939"
"1272","TD20112446","Item201124413","Mobile handsets","15","each","RQ20101568"
"1273","TD20112494","Item201124707","Gaskets 1m*1m*6mm","20","each","RQ20031826"
"1274","TD20112494","Item201124375","Gaskets 1m*1m*4,5mm","20","each","RQ20031826"
"1275","TD20112731","Item201127751","SKY BLUE SHORT-SLEEVED SHIRTS ","85","each","PR10191769"
"1276","TD20112721","Item201127318","SWITCH LABELS","21","each","RQ20110942"
"1277","TD20113095","Item201130709","Mobile handsets","15","each","RQ20101568"
"1278","TD20120368","Item201203260","NAVY BLUE TROUSERS","17","each","RQ20102034"
"1279","TD20120368","Item201203978","NAVY BLUE JACKETS","17","each","RQ20102034"
"1280","TD20120331","Item201203633","Steel Filing Cabinets","6","each","RQ20032373"
"1281","TD20120361","Item201203438","Steel Filing Cabinets","6","each","RQ20032373"
"1282","TD20120475","Item201204862","NEW TYRES 175/65R14","5","each","RQ20111949"
"1283","TD20120431","Item201204203","POLE REPLACEMENT","21","each","RQ20112626"
"1284","TD20120454","Item201204656","POLE REPLACEMENT","20","each","RQ20112643"
"1285","TD20120454","Item201204954","WAYLEAVE CLEARANCE ","26","each","RQ20112643"
"1286","TD2012048","Item201204793","POLE REPLACEMENT","19","each","RQ20112635"
"1287","TD2012048","Item201204651","WAYLEAVE CLEARANCE ","26","each","RQ20112635"
"1288","TD2012043","Item201204847","Round stainless steel lengths 6mX9mm","4","each","RQ20110629"
"1289","TD2012043","Item201204233","Round stainless steel lengths 6mX50mm","3","each","RQ20110629"
"1290","TD2012043","Item201204763","Round stainless steel lenghts 6mX100mm","6","each","RQ20110629"
"1291","TD20120435","Item201204218","Pre-fabricated Roof","1","each","RQ20101351"
"1292","TD20120892","Item201208291","3/4 QUARRY STONES FOR ZAKA SUBSTATION","40","each","RFQ20101293"
"1293","TD20120872","Item201208347","3/4 QUARRY STONES FOR ZAKA SUBSTATION","40","each","RFQ20101293"
"1294","TD2012088","Item201208597","3/4 QUARRY STONES FOR FLAMBOYANT","60","each","RFQ20101292"
"1295","TD20120842","Item201208157","3/4 QUARRY STONES FOR RENCO MINE","50","each","RFQ20102272"
"1296","TD20120879","Item201208457","3/4 QUARRY STONES FOR CHIREDZI EAST","70","each","RFQ20101261"
"1297","TD20120844","Item201208613","3/4 QUARRY STONES FOR MASVINGO SUBSTATION","80","each","RFQ20102266"
"1298","TD20120881","Item201208483","3/4 QUARRY STONES  FOR FARMERS HALL","40","each","RFQ20101290"
"1299","TD20120888","Item201208341","3/4 QUARRY STONES FOR HIPPO VALLEY","40","each","RFQ20102239"
"1300","TD20120825","Item201208912","3/4 QUARRY STONES FOR TRIANGLE MILL SUBSTATION","50","each","RFQ20102249"
"1301","TD20120876","Item20120872","ANTI SLIP SAFETY SHOES","15","each","RQ20111789"
"1302","TD2012082","Item201208738","ANTI SLIP SAFETY SHOES","15","each","RQ20111789"
"1303","TD20120899","Item201208528","ANTI SLIP SAFETY SHOES","15","each","RQ20111789"
"1304","TD20120831","Item201208155","3/4 QUARRY STONES FOR TOKWE MKOSI SUBSTATION","30","each","RQ20102258"
"1305","TD2012087","Item201208202","3/4 QUARY STONES FOR MTERI SUBSTATION","40","each","RFQ20102244"
"1306","TD20120887","Item201208530","3/4 QUARRY STONES FOR RUTENGA","50","each","RFQ20102222"
"1307","TD20120810","Item201208631","3/4 QUARRY STONES FOR TRIANGLE EAST SUBSTATION","40","each","RFQ20102276"
"1308","TD20120946","Item20120953","3/4 QUARRY STONES FOR TOKWE MKOSI","30","each","RFQ20102258"
"1309","TD2012096","Item201209917","3/4 QUARRY STONES FOR  TOKWE MKOSI","30","each","rfq20102258"
"1310","TD20120936","Item201209576","3/4 QUARRY STONES FOR  TOKWE MKOSI","30","each","RFQ20102258"
"1311","TD20120970","Item201209376","3/4 QUARRY STONES FOR  TOKWE MKOSI","30","each","RFQ20102258"
"1312","TD20120968","Item201209158","3/4 QUARRY STONES FOR MTERI SUBSTATION","40","each","RFQ20102244"
"1313","TD20120969","Item20120956","3/4 QUARRY STONES FOR RUTENGA","50","each","RFQ20102222"
"1314","TD20120937","Item201209670","3/4 QUARRY STONES FOR GLENLIVET","40","each","RFQ20102276"
"1315","TD20120934","Item20120972","3/4 QUARRY STONES FOR TRIANGLE EAST SUBSTATION","50","each","RFQ20102292"
"1316","TD20120923","Item201209607","3/4 QUARRY STONES FOR TRIANGLE TOWN","5","each","RFQ20102284"
"1317","TD20121096","Item201210939","POLE REPLACEMENT","21","each","RQ20112626"
"1318","TD20121012","Item201210572","POLE REPLACEMENT","20","each","RQ20112643"
"1319","TD20121012","Item20121074","WAYLEAVE CLEARANCE ","26","each","RQ20112643"
"1320","TD20121089","Item20121079","POLE REPLACEMENT","19","each","RQ20112635"
"1321","TD20121089","Item201210554","WAYLEAVE CLEARANCE ","26","each","RQ20112635"
"1322","TD20121475","Item201214320","BATTERIES SIZE 683 FOR BENZ ARTEGO LORRY","2","each","RQ2011275"
"1323","TD20121474","Item201214136","BATTERIES SIZE 652 FOR UD","2","each","RQ20112737"
"1324","TD20121429","Item201214250","FUEL TOTALISERS","4","each","RQ20120372"
"1325","TD20121429","Item201214648","KERBSIDE FUEL HORSES (4.1m)","4","each","RQ20120372"
"1326","TD20121476","Item201214289","NEW TYRES","6","each","RQ20081942"
"1327","TD20121473","Item201214692","FLOW METERS (DIESEL)","4","each","RQ2011203"
"1328","TD20121473","Item201214484","FARM TANK HOSE AND NOZZLE","4","each","RQ2011203"
"1329","TD20121553","Item201215499","BATTERIES SIZE 683 FOR BENZ ARTEGO LORRY","2","each","RFQ2011275"
"1330","TD20121576","Item201215442","BATTERIES SIZE 652 FOR UD","2","each","RFQ20112737"
"1331","TD20121556","Item201215362","NEW TYRES","5","each","RQ20112723"
"1332","TD20121521","Item201215505","NEW TYRES (175/70R13) FOR LANCER","5","each","RFQ20112769"
"1333","TD20121566","Item201215843","NEW TYRES (215R15) FOR NP300","5","each","RFQ20112791"
"1334","TD20121575","Item201215612","NEW TYRES (205/60R15) FOR PEUGEOT","5","each","RFQ20112798"
"1335","TD20121586","Item201215605","PRINTING OF E86 BOOKS","100","each","RFQ20111929"
"1336","TD2012158","Item201215253","PRINTING OF E86 BOOKS","100","each","RFQ20111929"
"1337","TD20121529","Item201215892","PRINTING OF PRE-TASK BOOKS","100","each","RFQ20111948"
"1338","TD20121574","Item201215452","PRINTING OF E117 BOOKS","100","each","RFQ20111976"
"1339","TD20121546","Item201215267","BLINDS","1","each","RFQ20112325"
"1340","TD20121667","Item201216211","BLINDS","1","each","RFQ20112325"
"1341","TD20121615","Item201216769","M20 X 260MM BOLTS AND NUTS","1780","each","RFQ20112617"
"1342","TD20121668","Item201216469","M20 X 260MM BOLTS AND NUTS","1780","each","RFQ20112617"
"1343","TD20121694","Item201216911","M20 X 200MM BOLTS AND NUTS","1780","each","RFQ20112610"
"1344","TD20121663","Item201216283","131A CF210A","1","each","RFQ20120737"
"1345","TD20121663","Item20121660","131A CF211A","1","each","RFQ20120737"
"1346","TD20121663","Item201216633","131A CF212A","1","each","RFQ20120737"
"1347","TD2012171","Item201217330","NEW TYRES 215 R15 FOR F/N ER2187","5","each","RFQ20120145"
"1348","TD20121766","Item201217626","NEW TYRES 245/70 R16 FOR F/N ER2187","5","each","RFQ20120117"
"1349","TD20121717","Item201217611","ACID PROOF WORKSUITS","30","each","RFQ20111796"
"1350","TD20121794","Item201217292","ACID PROOF WORKSUITS","30","each","RFQ20111796"
"1351","TD20121735","Item201217885","GALVANISED WOODPOLE WASHERS 20MM","5820","each","RFQ20112621"
"1352","TD20122820","Item201228822","OIL FILTERS Z95","50","each","RQ20121129"
"1353","TD20122867","Item201228725","DIESEL FILTER Z219","50","each","RQ20121134"
"1354","TD20122976","Item201229747","Air filter ADG865","50","each","RQ20121155"
"1355","TD2012298","Item201229949","DIESEL FILTER Z425","50","each","RQ20121194"
"1356","TD2012297","Item201229196","HIGH BACK SWIVEL CHAIRS","6","each","RQ20112318"
"1357","TD20122948","Item201229867","VISITORS' CHAIRS","12","each","RQ20112312"
"1358","TD20122975","Item201229279","5m*2.8m Metal Shutter Door","1","each","RQ20121411"
"1359","TD20122975","Item201229506","3m*2.8 Metal Sliding Door","1","each","RQ20121411"
"1360","TD20122975","Item201229586","2.5m*2.6m Metal Sliding Door","1","each","RQ20121411"
"1361","TD20122975","Item201229835","4m*5m Metal Sliding Door","1","each","RQ20121411"
"1362","TD20122929","Item201229434","ANGLE IRONS 30*30*6m","75","each","RQ2011178"
"1363","TD2012313","Item201231738","FACE MASKS","1000","each","RFQ20120450"
"1364","TD20123128","Item201231221","ANTI SLIP SAFETY SHOES","15","each","RFQ20111789"
"1365","TD20123183","Item201231225","ANTI SLIP SAFETY SHOES","15","each","RFQ20111789"
"1366","TD20123156","Item201231518","ANTI SLIP SAFETY SHOES","15","each","RFQ20111789"
"1367","TD21010496","Item210104863","16mm 4core CU PVC SWA 660v","1000","each","RQ20122065"
"1368","TD21010414","Item210104669","SOAP 1KG BAR","2000","each","RQ10204938"
"1369","TD21010440","Item210104394","SOAP 1KG BAR","2500","each","RQ10204939"
"1370","TD2101047","Item210104465","SOAP 1KG BAR","2500","each","RQ20122490"
"1371","TD21010470","Item210104108","MALE JERSEYS","30","each","RQ20031923"
"1372","TD21010469","Item210104583","FEMALE JERSEYS","3","each","RQ20031923"
"1373","TD2101061","Item210106475","Light duty lightning arrestors","1500","each","RQ20121742"
"1374","TD21010657","Item210106938","Light duty lightning arrestors","500","each","RQ20121742"
"1375","TD21010689","Item210106502","Light duty lightning arrestors","200","each","RQ20121742"
"1376","TD21010642","Item210106183","Light duty lightning arrestors","200","each","RQ20121742"
"1377","TD21010655","Item210106995","Light duty lightning arrestors","150","each","RQ20121742"
"1378","TD21010636","Item210106948","Light duty lightning arrestors","180","each","RQ20121742"
"1379","TD2101073","Item210107633","16mm 4core CU PVC SWA 660v","400","each","RQ20122065"
"1380","TD21010757","Item210107424","16mm crimp ferrules","900","each","RQ20122015"
"1381","TD21010757","Item210107727","35mm crimp ferrules","900","each","RQ20122015"
"1382","TD21010757","Item210107935","50mm crimp ferrules","900","each","RQ20122015"
"1383","TD21010757","Item210107269","70mm crimp ferrules","900","each","RQ20122015"
"1384","TD21010757","Item210107809","95mm crimp ferrules","900","each","RQ20122015"
"1385","TD2101077","Item210107534","16mm crimp ferrules","800","each","RQ20122015"
"1386","TD2101077","Item210107435","35mm crimp ferrules","800","each","RQ20122015"
"1387","TD2101077","Item210107283","50mm crimp ferrules","800","each","RQ20122015"
"1388","TD2101077","Item210107972","70mm crimp ferrules","800","each","RQ20122015"
"1389","TD2101077","Item210107923","95mm crimp ferrules","800","each","RQ20122015"
"1390","TD21010737","Item210107547","16mm crimp ferrules","750","each","RQ20122015"
"1391","TD21010737","Item210107738","35mm crimp ferrules","750","each","RQ20122015"
"1392","TD21010737","Item210107742","50mm crimp ferrules","750","each","RQ20122015"
"1393","TD21010737","Item210107944","70mm crimp ferrules","750","each","RQ20122015"
"1394","TD21010737","Item210107285","95mm crimp ferrules","750","each","RQ20122015"
"1395","TD21010769","Item210107718","MCB 2255A 600V 3PHASE","90","each","RQ20122097"
"1396","TD21010787","Item210107931","MCB S/P AC 60amp","1850","each","RQ20122019"
"1397","TD21011269","Item210112965","1KG BAR SOAP","2000","each","RQ20122444"
"1398","TD21011232","Item210112371","1KG BAR SOAP","2500","each","RQ20122459"
"1399","TD21011262","Item210112317","1KG BAR SOAP","2500","each","RQ20122490"
"1400","TD21012667","Item210126118","ANTI SLIP SAFETY SHOES","15","each","RQ20111789"
"1401","TD21012648","Item21012664","ANTI SLIP SAFETY SHOES","15","each","RQ20111789"
"1402","TD21031958","Item210319838","Blinds W4000mm*1920mm","1","each","RQ20112325"
"1403","TD21031958","Item210319289","Blinds W4750mm*1920mm","1","each","RQ20112325"
"1404","TD21031965","Item210319362","SOAP- 1KG BAR","2000","each","RQ21031144"
"1405","TD21032271","Item210322723","BLINDS","1","each","RQ20112325"
"1406","TD21032456","Item21032410","1.8mX75X3mm diamond mesh(m)","380","each","RQ2103151"
"1407","TD21032456","Item210324261","2.24mm High strain wire (kg)","50","each","RQ2103151"
"1408","TD21032456","Item210324425","2.0mm Barbed wire(kg)","100","each","RQ2103151"
"1409","TD21032477","Item210324375","Trieste swivel chairs","8","each","RQ21031154"
"1410","TD21032437","Item21032441","Trieste swivel chairs","5","each","RQ21031140"
"1411","TD2103258","Item210325143","Trieste swivel chairs","5","each","RQ21031140"
"1412","TD21032587","Item210325527","60a s/p mcb","1000","each","RQ21031147"
"1413","TD21032557","Item21032595","50mm-95mm pilc joining kits","25","each","RQ21031192"
"1414","TD21032560","Item210325194","D-IRONS","2000","each","RQ21031142"
"1415","TD21032923","Item210329388","16mm crimp ferrules","3000","each","RQ21030481"
"1416","TD21032923","Item210329442","35mm crimp ferrules","3000","each","RQ21030481"
"1417","TD21032923","Item210329313","50mm crimp ferrules","3000","each","RQ21030481"
"1418","TD21032941","Item210329164","W4000*1920MM BLINDS","1","each","RQ20112325"
"1419","TD21032941","Item210329559","W47081920MM BLINDS","1","each","RQ20112325"
"1420","TD21033082","Item210330273","70mm crimp ferrules","1500","each","RQ21030476"
"1421","TD21033082","Item210330187","95mm crimp ferrules","1500","each","RQ21030476"
"1422","TD21033138","Item21033146","HP980 BLACK","1","each","RQ21030497"
"1423","TD21033138","Item210331357","HP980 CYAN","1","each","RQ21030497"
"1424","TD21033138","Item210331793","HP980 YELLOW","1","each","RQ21030497"
"1425","TD21033138","Item210331800","HP980 MAGENTA","1","each","RQ21030497"
"1426","TD21040131","Item210401614","1.8m*75*3m","380","each","RQ2103151"
"1427","TD21040117","Item210401679","FUMIGATION OF PESTS AND RODENTS","1","each","RQ21032290"
"1428","TD21040615","Item210406930","1.8mX75X3mm diamond mesh(m)","380","each","RQ2103151"
"1429","TD21040615","Item210406723","2.24mm High strain wire (kg)","50","each","RQ2103151"
"1430","TD21040615","Item210406874","2.0mm Barbed wire(kg)","100","each","RQ2103151"
"1431","TD2104078","Item210407803","FUMIGATION OF PESTS AND RODENTS","1","each","RQ21032290"
"1432","TD21041257","Item210412941","MASKS( a box of 50)","1200","each","RQ21032925"
"1433","TD21041277","Item210412679","INFRA-RED THERMOMETER","18","each","RQ21031830"
"1434","TD21041296","Item210412888","5L Hand Sanitizers","200","each","RQ21040141"
"1435","TD21041256","Item210412707","INFRA-RED THERMOMETER","18","each","RQ21031830"
"1436","TD21041242","Item210412837","TYVEK SUITS","18","each","RQ21031813"
"1437","TD21041265","Item210412890","New tyres 8.25R16, tubes and flaps","7","each"," RQ21032966"
"1438","TD21041344","Item210413622","Swivel Chair","8","each","RQ21031154"
"1439","TD21041376","Item210413652","Swivel Chair","5","each","RQ21031140"
"1440","TD21041373","Item210413916","D-IRONS","2000","each","RQ21031142"
"1441","TD21041377","Item210413101","50mm pilc joining kits","25","each","RQ21031192"
"1442","TD21041375","Item210413272","D-IRONS","2000","each","RQ21031142"
"1443","TD21041382","Item210413305","16mm CRIMP FERRULES","3000","each","RQ21030481"
"1444","TD21041382","Item210413960","35mm CRIMP FERRULES","3000","each","RQ21030481"
"1445","TD21041382","Item210413334","50mm CRIMP FERRULES","3000","each","RQ21030481"
"1446","TD21041333","Item210413443","16mm CRIMP FERRULES","3000","each","RQ21030481"
"1447","TD2104134","Item210413469","16mm CRIMP FERRULES","3000","each","RQ21030481"
"1448","TD2104134","Item210413739","35mm CRIMP FERRULES","3000","each","RQ21030481"
"1449","TD2104134","Item210413974","50mm CRIMP FERRULES","3000","each","RQ21030481"
"1450","TD21041330","Item210413851","NEW TYRES 245/70R16","5","each","RQ21030574"
"1451","TD21041351","Item210413527","NEW TYRES 245/70R16","5","each","RQ21030596"
"1452","TD21041329","Item21041371","70mm crimp ferrules","1500","each","RQ21030497"
"1453","TD21041329","Item210413615","95mm crimp ferrules","1500","each","RQ21030497"
"1454","TD21041389","Item210413958","NEW TYRES 245/70R16","5","each","RQ21030552"
"1455","TD21041337","Item210413488","NEW TYRES 245/70R16","5","each","RQ21030563"
"1456","TD21041338","Item210413259","NEW TYRES 245/70R16","5","each","RQ21030812"
"1457","TD21041345","Item210413359","NEW TYRES 245/70R16","5","each","RQ21030527"
"1458","TD21041640","Item210416540","New Tyres 245/70R16","5","each","RQ21030816"
"1459","TD21041666","Item210416737","NEW TYRES 245/70R16","5","each","RQ21030813"
"1460","TD21041698","Item210416855","NEW TYRES 245/70R16","5","each","RQ21030824"
"1461","TD21041692","Item210416442","SPINDLES 5/8","500","each","RQ21041198"
"1462","TD21041670","Item210416800","MALE CONDOMS","18","each","RQ21031891"
"1463","TD21041628","Item210416593","LIGHT DUTY LIGHTNING ARRESTORS","170","each","RQ21040911"
"1464","TD21041657","Item210416988","HP980 BLACK","1","each","RQ21030497"
"1465","TD21041657","Item210416616","HP980 CYAN","1","each","RQ21030497"
"1466","TD21041657","Item210416742","HP980 YELLOW","1","each","RQ21030497"
"1467","TD21041657","Item210416728","HP980 MAGENTA","1","each","RQ21030497"
"1468","TD21042265","Item210422541","Stay Brackets","500","each","RQ21041183"
"1469","TD21042256","Item210422675","LAPTOP AND BAG","5","each","RQ21032961"
"1470","TD21042280","Item210422430","LIGHT DUTY LIGHTNING ARRESTORS","149","each","RQ21040911"
"1471","TD21042244","Item210422151","NEW TYRES 215R15","5","each","RQ21030842"
"1472","TD21042269","Item210422724","NEW TYRES 215R15","5","each","RQ21030848"
"1473","TD21042237","Item210422827","NEW TYRES 215R15","5","each","RQ21030846"
"1474","TD21042383","Item210423465","Female contacts","6","each","RQ21040920"
"1475","TD21042392","Item210423333","Male contacts","6","each","RQ21040934"
"1476","TD21042323","Item210423969","First aid boxes and contents","50","each","RQ21040724"
"1477","TD2104266","Item210426953","Till rolls 80*83","250","each","RQ2103295"
"1478","TD21042690","Item210426991","NEW TYRES 205/70R15","5","each","RQ21030527"
"1479","TD21050336","Item210503223","Window Cleaning","1","each","RQ21040920"
"1480","TD21050363","Item210503246","CHANNEL BLOCKS","0","each","RQ21042076"
"1481","TD21050363","Item210503498","TOILET CLEANER","95","each","RQ21042076"
"1482","TD21050363","Item210503653","BROOMS","54","each","RQ21042076"
"1483","TD21050363","Item210503106","MOPS","54","each","RQ21042076"
"1484","TD21050363","Item21050386","TOILET BRUSHES","101","each","RQ21042076"
"1485","TD21050363","Item210503526","MUTTON CLOTHS","90","each","RQ21042076"
"1486","TD21050363","Item210503562","BUCKETS","22","each","RQ21042076"
"1487","TD21050363","Item21050378","FLOOR POLISH","210","each","RQ21042076"
"1488","TD21050345","Item210503284","Window Cleaning","1","each","RQ21040920"
"1489","TD21050453","Item210504386","All in one desktop","4","each","RQ21042693"
"1490","TD21050495","Item210504426","Swivel Chair","15","each","RQ2103243"
"1491","TD21050512","Item210505256","CHANNEL BLOCKS","95","each","RQ21042076"
"1492","TD21050512","Item210505544","TOILET CLEANER","95","each","RQ21042076"
"1493","TD21050512","Item210505515","FLOOR POLISH","210","each","RQ21042076"
"1494","TD21050512","Item210505613","BROOMS","54","each","RQ21042076"
"1495","TD21050512","Item210505923","MOPS","54","each","RQ21042076"
"1496","TD21050512","Item210505446","MUTTON CLOTHS","90","each","RQ21042076"
"1497","TD21050512","Item210505280","TOILET BRUSHES","101","each","RQ21042076"
"1498","TD21050512","Item21050574","BUCKETS","22","each","RQ21042076"
"1499","TD21051084","Item210510116","NEW TYRES 215R15","5","each","RQ21030850"
"1500","TD21051098","Item210510837","NEW TYRES 215R15","5","each","RQ21030814"
"1501","TD21051058","Item210510220","NEW TYRES 245/70R16","5","each","RQ21030849"
"1502","TD21051097","Item210510857","NEW TYRES 245/70R16","5","each","RQ2103088"
"1503","TD21051087","Item210510139","New tyres 8.25R16, tubes and flaps","7","each","RQ21032966"
"1504","TD21051160","Item210511207","CHANNEL BLOCKS IN KGS","95","each","RQ21042076"
"1505","TD21051160","Item210511859","TOILET CLEANER IN LITRES","95","each","RQ21042076"
"1506","TD21051160","Item210511787","FLOOR POLISH IN KGS","210","each","RQ21042076"
"1507","TD21051160","Item210511323","BROOMS","54","each","RQ21042076"
"1508","TD21051160","Item210511918","MOPS","54","each","RQ21042076"
"1509","TD21051160","Item210511252","MUTTON CLOTH IN KGS","90","each","RQ21042076"
"1510","TD21051160","Item210511158","TOILET BRUSHES","101","each","RQ21042076"
"1511","TD21051160","Item210511460","BUCKETS (10L)","22","each","RQ21042076"
"1512","TD21051138","Item210511771","Permit to work form books","100","each","RQ21042097"
"1513","TD21051199","Item210511613","CIF Books","100","each","RQ21042037"
"1514","TD2105123","Item210512296","NEW TYRES 245/70R16","5","each","RQ21030527"
"1515","TD21051278","Item210512253","NEW TYRES 245/70R16","5","each","RQ21030552"
"1516","TD21051273","Item210512206","NEW TYRES 245/70R16","5","each","RQ21030663"
"1517","TD21051288","Item21051211","NEW TYRES 245/70R16","5","each","RQ21030663"
"1518","TD21051253","Item210512457","NEW TYRES 245/70R16","5","each","RQ21030574"
"1519","TD21051378","Item210513328","NEW TYRES 245/70R16","5","each","RQ21030596"
"1520","TD21051384","Item210513674","NEW TYRES 245/70R16","5","each","RQ21030812"
"1521","TD21051960","Item210519266","NEW TYRES 205/70R15","5","each","RQ21030527"
"1522","TD21052087","Item210520105","Painting services 0f 975m2 ","1","each","RQ2105111"
"1523","TD21052083","Item210520483","Painting services 0f 975m2 ","1","each","RQ2105111"
"1524","TD21052089","Item210520987","Painting services 0f 975m2 ","1","each","RQ2105111"
"1525","TD21052091","Item210520391","First aid boxes and contents","50","each","RQ21040724"
"1526","TD21052022","Item210520174","First aid boxes and contents","50","each","RQ21040724"
"1527","TD21052069","Item21052058","First aid boxes and contents","50","each","RQ21040724"
"1528","TD21052113","Item210521732","Core i5 Laptops","5","each","RQ2104303"
"1529","TD21052492","Item21052429","Borehole drilling,equipment and casing","1","each","RQ21032476"
"1530","TD21052660","Item210526135","BROOMS","54","each","RQ21042076"
"1531","TD21052660","Item210526927","MOPS","54","each","RQ21042076"
"1532","TD21052660","Item210526456","TOILET BRUSHES","101","each","RQ21042076"
"1533","TD21052660","Item210526457","BUCKETS ( 10L)","22","each","RQ21042076"
"1534","TD21052670","Item210526402","CHANNEL BLOCKS IN KGS","95","each","RQ21042076"
"1535","TD21052670","Item210526362","TOILET CLEANER IN LITRES","95","each","RQ21042076"
"1536","TD21052670","Item210526332","FLOOR POLISH IN KGS","210","each","RQ21042076"
"1537","TD21052670","Item210526238","MUTTON CLOTH","90","each","RQ21042076"
"1538","TD21052749","Item21052745","FACE MASKS ( box of 50)","1200","each","RQ21051763"
"1539","TD2105272","Item210527631","FACE MASKS ( box of 50)","1200","each","RQ21051763"
"1540","TD21052841","Item210528538","CHANNEL BLOCKS IN KGS","95","each","RQ21042076"
"1541","TD21052841","Item210528316","TOILET CLEANER IN LITRES","95","each","RQ21042076"
"1542","TD21052841","Item210528841","FLOOR POLISH IN KGS","210","each","RQ21042076"
"1543","TD21052841","Item21052881","BROOMS","54","each","RQ21042076"
"1544","TD21052841","Item210528274","MOPS","54","each","RQ21042076"
"1545","TD21052841","Item210528324","MUTTON CLOTH IN KGS","90","each","RQ21042076"
"1546","TD21052841","Item210528375","TOILET BRUSHES","101","each","RQ21042076"
"1547","TD21052841","Item210528866","BUCKETS (10L)","22","each","RQ21042076"
"1548","TD21052819","Item210528253","H Pole strain","8","each","RQ21041377"
"1549","TD21052819","Item210528382","Pole swing angle","4","each","RQ21041377"
"1550","TD21052819","Item210528407","Poles double pin","3","each","RQ21041377"
"1551","TD21052819","Item210528790","Pole single pole","4","each","RQ21041377"
"1552","TD21052819","Item210528429","Poles intermediate","74","each","RQ21041377"
"1553","TD21052819","Item210528698","wayleave clearance in spans","916","each","RQ21041377"
"1554","TD21052892","Item210528141","H Pole strain","6","each","RQ21041363"
"1555","TD21052892","Item21052840","Pole single pole","1","each","RQ21041363"
"1556","TD21052892","Item210528997","V-strain","1","each","RQ21041363"
"1557","TD21052892","Item210528352","Pole intermediate ","60","each","RQ21041363"
"1558","TD21052892","Item210528434","wayleave clearance in  spans","1073","each","RQ21041363"
"1559","TD21053169","Item210531929","H Pole strain","5","each","RQ2041352"
"1560","TD21053169","Item210531526","H pole intermediate","109","each","RQ2041352"
"1561","TD21053169","Item210531850","H pole angle","1","each","RQ2041352"
"1562","TD21053169","Item210531993","Pole intermediate  T-OFF","1","each","RQ2041352"
"1563","TD21053169","Item210531150","H pole( needs straightening-badly leaning","6","each","RQ2041352"
"1564","TD21053169","Item210531714","wayleave clearance in spans","824","each","RQ2041352"
"1565","TD21053135","Item210531311","6 drawer desk","3","each","RQ2103970"
"1566","TD21060242","Item210602759","Swivel Chair","15","each","RQ2103243"
"1567","TD21060384","Item210603776","Swivel Chair","8","each","RQ21031154"
"1568","TD21060310","Item210603827","Swivel Chair","5","each","RQ21031140"
"1569","TD21060327","Item21060382","FACE MASKS ( box of 50)","1200","each","RQ21051763"
"1570","TD21060386","Item210603281","First aid boxes and contents","50","each","RQ21040724"
"1571","TD21060741","Item210607841","Z219 fuel filters","48","each","RQ2105269"
"1572","TD21060741","Item210607389","Z220 fuel filters","48","each","RQ2105269"
"1573","TD21060741","Item210607129","295 oil filters","48","each","RQ2105269"
"1574","TD21060741","Item210607673","ADG865 air filters","24","each","RQ2105269"
"1575","TD21060833","Item210608955","Laptop core i5","1","each","RQ2103970"
"1576","TD21060986","Item210609419","Core i5 Laptops","5","each","RQ2104303"
"1577","TD21060921","Item210609407","All in one desktops","4","each","RQ21042693"
"1578","TD21061059","Item210610730","MULTI-PURPOSE ENGINE OIL","500","each","RQ 21051731"
"1579","TD21061014","Item210610468","Z425 Fuel filters","82","each","RQ2105662"
"1580","TD21061014","Item21061027","Z153 Oil filters","82","each","RQ2105662"
"1581","TD21061014","Item210610686","ADG865 Air filters","41","each","RQ2105662"
"1582","TD21061037","Item210610575","National flags","20","each","RQ21051970"
"1583","TD21061037","Item210610298","ZESA flags","20","each","RQ21051970"
"1584","TD2106103","Item210610305","Z296 Oil filters","30","each","RQ21052612"
"1585","TD2106103","Item210610633","Z94 Fuel filters","30","each","RQ21052612"
"1586","TD2106103","Item210610362","G989 Chassis filter","30","each","RQ21052612"
"1587","TD2106103","Item210610609","ADG990R Air filters","18","each","RQ21052612"
"1588","TD2106103","Item210610408","ADR991R Air filters","18","each","RQ21052612"
"1589","TD2106103","Item210610643","ADR955 Air filters","12","each","RQ21052612"
"1590","TD2106103","Item210610725","ASDR956 Air filters","12","each","RQ21052612"
"1591","TD21061185","Item210611607","100m*25mm*4 core cable","1","each","RQ21052133"
"1592","TD21061185","Item210611324","100m*70mm*4 core ca","1","each","RQ21052133"
"1593","TD21061450","Item21061454","90L FRIDGE ","1","each","RQ21052094"
"1594","TD21061634","Item210616462","H Pole strain","8","each","RQ21041377"
"1595","TD21061634","Item210616218","Pole swing angle","4","each","RQ21041377"
"1596","TD21061634","Item210616472","Poles double pin","3","each","RQ21041377"
"1597","TD21061634","Item210616174","Pole single pin","4","each","RQ21041377"
"1598","TD21061634","Item210616615","Poles intermediate","74","each","RQ21041377"
"1599","TD21061634","Item210616733","wayleave clearance in spans","916","each","RQ21041377"
"1600","TD21061677","Item210616492","Wayleave Clearance","1","each","RQ21041377"
"1601","TD21061614","Item210616474","Metal filling cabinets","8","each","RQ21052097"
"1602","TD21061750","Item21061752","Wayleave Clearance and pole replacement","1","each","RQ21041363"
"1603","TD21061749","Item210617537","Wayleave Clearance and pole replacement","1","each","RQ21041352"
"1604","TD21061733","Item21061763","Plastic chairs","60","each","RQ21041929"
"1605","TD21061720","Item210617356","Gear shift cable","1","each","RQ21052633"
"1606","TD21061720","Item210617217","Gear selector cable","1","each","RQ21052633"
"1607","TD21061887","Item210618422","HP80A Cartridge","5","each","RQ21042671"
"1608","TD21061815","Item210618451","VISITORS' CHAIRS","8","each","RQ21052063"
"1609","TD21061846","Item210618816","NEW TYRES 215R15","5","each","RQ21051120"
"1610","TD21061832","Item210618215","NEW TYRES 215R15","5","each","RQ21051176"
"1611","TD21061889","Item210618314","NEW TYRES 195R14","5","each","RQ21051144"
"1612","TD21061890","Item210618766","NEW TYRES 195R14","5","each","RQ21051170"
"1613","TD21061867","Item210618729","NEW TYRES 195R14","5","each","RQ21051186"
"1614","TD21061824","Item210618782","NEW TYRES 245/70R16","5","each","RQ2105113"
"1615","TD21061876","Item210618635","NEW TYRES 245/70R16","5","each","RQ21051124"
"1616","TD21061842","Item210618448","NEW TYRES 245/70R16","5","each","RQ21051128"
"1617","TD2106189","Item210618355","NEW TYRES 245/70R16","5","each","RQ21051152"
"1618","TD21062115","Item210621923","PERIMETER FENCE","1","each","RQ21060328"
"1619","TD21062237","Item210622305","Bush clearing","1","each","RQ21042671"
"1620","TD21062266","Item210622523","Wayleave Clearance and pole replacement","1","each","RQ2105040"
"1621","TD21062287","Item210622716","Wayleave Clearance and pole replacement","1","each","RQ2105204"
"1622","TD21062424","Item210624907","Hydrogen Peroxide 25l","18","each","RQ21062812"
"1623","TD21062473","Item210624323","Male contacts","6","each","RQ21040920"
"1624","TD21062433","Item210624325","Female contacts","6","each","RQ21040920"
"1625","TD21062555","Item210625688","BJ1052","30","each","RQ21052651"
"1626","TD21062555","Item210625410","BJ958","50","each","RQ21052651"
"1627","TD21062579","Item210625660","BJ1099","80","each","RQ21052651"
"1628","TD21062579","Item210625911","BJ1052","30","each","RQ21052651"
"1629","TD21062579","Item21062531","BJ958","50","each","RQ21052651"
"1630","TD21062537","Item210625138","Transformer Oil 210L","8","each","RQ21060462"
"1631","TD21062523","Item21062528","160mmx6m pvc pipes","12","each","RQ21033145"
"1632","TD2107154","Item210715549","Mechanical fuel pump ","1","each","RQ2106236"
"1633","TD21071632","Item210716981","Mechanical fuel pump ","1","each","RQ2106236"
"1634","TD21071658","Item210716945","Mechanical fuel pump ","1","each","RQ21062326"
"1635","TD21072917","Item210729974","FACE MASKS ( box of 50)","200","each","RQ21062234"
"1636","TD21072959","Item210729193","FACE MASKS ( box of 50)","200","each","RQ21062234"
"1637","TD21072957","Item210729895","FACE MASKS ( box of 50)","200","each","RQ21062234"
"1638","TD21072986","Item210729220","Hand sanitizers (5L)","150","each","RQ21040141"
"1639","TD21073054","Item210730628","Hand sanitizers (5L)","150","each","RQ21040141"
"1640","TD2107301","Item210730786","Foot operated hand sanitizer dispenser","10","each","RQ21062410"
"1641","TD21073055","Item210730719","TYVEK SUITS","54","each","RQ21062240"
"1642","TD21073012","Item210730943","Safety googles","54","each","RQ21062226"
"1643","TD21073053","Item21073063","Female contacts","12","each","RQ21040920"
"1644","TD21073064","Item210730449","Male contacts","12","each","RQ21040920"
"1645","TD2108066","Item210806852","FACE MASKS ( box of 50)","1500","each","RQ21071250"
"1646","TD21081712","Item210817977","Mechanical fuel pump ","1","each","RQ2106236"
"1647","TD21081882","Item210818951","Mechanical fuel pump ","1","each","RQ21062326"
"1648","TD2108195","Item210819375","RADIATOR","1","each","RQ21060287"
"1649","TD2108195","Item210819688","UPPER CONTROL ARMS","2","each","RQ21060287"
"1650","TD2108195","Item210819152","LOWER CONTROL ARMS","2","each","RQ21060287"
"1651","TD2108195","Item210819502","UPPER BALL JOINTS","2","each","RQ21060287"
"1652","TD2108195","Item210819397","LOWER BALL JOINTS","2","each","RQ21060287"
"1653","TD2108195","Item210819343","FRONT WHEEL BEARING KITS","2","each","RQ21060287"
"1654","TD2108195","Item210819417","FRONT WHEEL HUBS","2","each","RQ21060287"
"1655","TD21081967","Item210819274","RADIATOR","1","each","RQ21060287"
"1656","TD21081967","Item210819678","UPPER CONTROL ARMS","2","each","RQ21060287"
"1657","TD21081967","Item210819794","LOWER CONTROL ARMS","2","each","RQ21060287"
"1658","TD21081967","Item210819106","UPPER BALL JOINTS (SET)","1","each","RQ21060287"
"1659","TD21081967","Item210819473","LOWER BALL JOINTS(SET)","1","each","RQ21060287"
"1660","TD21081967","Item210819300","FRONT WHEEL BEARING KITS","2","each","RQ21060287"
"1661","TD21081967","Item210819682","FRONT WHEEL HUBS","2","each","RQ21060287"
"1662","TD21082041","Item210820593","Hydrogen Peroxide 25l","54","each","RQ2108021"
"1663","TD21082753","Item210827313","HP920XL BLACK","1","each","RQ21062371"
"1664","TD21082753","Item210827126","HP920XL CYAN","1","each","RQ21062371"
"1665","TD21082753","Item210827844","HP920XL YELLOW","1","each","RQ21062371"
"1666","TD21082753","Item210827612","HP920XL MAGENTA","1","each","RQ21062371"
"1667","TD21082772","Item210827530","HP920XL TONER CARTRIDGE FULL SET","1","each","RQ21062371"
"1668","TD21082749","Item210827749","415 CARTRIDGES FULL SET","1","each","RQ21042671"
"1669","TD21082796","Item210827301","970 TONER CARTRIDGE FULL SET","1","each","RQ21062397"
"1670","TD21091539","Item210915112","NEW TYRES 265/65R17","5","each","RQ21031851"
"1671","TD2109154","Item210915339","NEW TYRES 285/70R17","5","each","RQ21062840"
"1672","TD21091649","Item210916504","NEW TYRES 11R22.5","7","each","RQ21060913"
"1673","TD21091685","Item210916778","Clutch kit","1","each","RQ21060237"
"1674","TD21091677","Item210916570","ID Cards","151","each","RQ21062472"
"1675","TD21092775","Item210927980","Valuation of property","1","each","21082432"
"1676","TD21092799","Item21092799","Swivel Chair","4","each","RQ21052071"
"1677","TD2109289","Item210928481","Ergonomic Swivel Chair","1","each","RQ21062159"
"1678","TD21092857","Item210928209","Swivel Chair","1","each","RQ21061130"
"1679","TD2109298","Item210929734","Swivel Chair","1","each","RQ21062117"
"1680","TD21092987","Item210929672","Swivel Chair","1","each","RQ21062117"
"1681","TD21092919","Item210929136","Swivel Chair","1","each","RQ21062187"
"1682","TD21093080","Item210930781","NEW TYRES 215R15","5","each","RQ21080419"
"1683","TD21093055","Item210930213","NEW TYRES 215R15","5","each","RQ21080422"
"1684","TD21093042","Item21093060","NEW TYRES 215R15","5","each","RQ2080430"
"1685","TD21093061","Item210930928","NEW TYRES 215R15","5","each","RQ21080493"
"1686","TD21100486","Item211004977","FACE MASKS ( box of 50)","1500","each","RQ21091466"
"1687","TD21100442","Item211004398","Sanitizer 5l","200","each","RQ2109146"
"1688","TD21100498","Item211004992","E86 Forms books","200","each","RQ21042899"
"1689","TD21100739","Item211007953","NEW TYRES 215R15","5","each","RQ21080442"
"1690","TD2110075","Item211007868","NEW TYRES 215R15","5","each","RQ21080423"
"1691","TD21100772","Item211007520","NEW TYRES 215R15","5","each","RQ21080484"
"1692","TD21100790","Item211007351","NEW TYRES 215R15","5","each","RQ21080416"
"1693","TD21100717","Item211007348","NEW TYRES 215R15","5","each","RQ21080425"
"1694","TD21100817","Item21100894","Core i7 Laptops","3","each","RQ21082444"
"1695","TD21100885","Item211008367","Swivel Chair","8","each","RQ21032227"
"1696","TD21100811","Item21100879","Swivel Chair","8","each","RQ21032227"
"1697","TD21101930","Item21101944","Valuation of property","1","each","RQ21082432"
"1698","TD21102015","Item211020310","Core i7 Laptops","3","each","RQ21082444"
"1699","TD21102139","Item211021693","NEW TYRES 11R22.5","6","each","RQ21090839"
"1700","TD21102540","Item211025306","L-shaped desk","1","each","PR10209098"
"1701","TD21110980","Item211109305","Printer","2","each","12345674"
"1702","TD21111051","Item21111099","Swivel Chair","2","each","RQ21040724"
"1703","TD2111109","Item211110721","Swivel Chair","2","each","RQ21040724"
"1704","TD21111083","Item211110488","NEW TYRES 215R15","5","each","RQ21080464"
"1705","TD21111034","Item211110871","FACE MASKS ( box of 50)","2","each","RQ21080464"
"1706","TD21111081","Item211110111","NEW TYRES 215R15","5","each","RQ21080464"
"1707","TD21111096","Item21111036","L-shaped desk","1","each","RQ21100449"
"1708","TD21111196","Item211111652","NEW TYRES 215R15","5","each","RQ21080464"
"1709","TD21111122","Item211111641","Core i7 Laptops","3","each","RQ2107297"
"1710","TD21111118","Item211111786","Swivel Chair","13","each","RQ21032443"
"1711","TD21111120","Item211111658","Oxygen cylinder","2","each","RQ21082723"
"1712","TD21111160","Item211111952","National flags","20","each","RQ21051970"
"1713","TD21111160","Item211111365","ZESA flags","20","each","RQ21051970"
"1714","TD21111157","Item211111763","Staff id's","151","each","RQ21062472"
"1715","TD21111144","Item211111592","oxygen concentrator 5l","2","each","RQ21062134"
"1716","TD21111112","Item211111754","L-shaped desk","1","each","RQ21100449"
"1717","TD21111125","Item211111432","Core i7 Laptops","3","each","RQ2107297"
"1718","TD21111592","Item211115127","Telescopic linksticks","5","each","RQ21072128"
"1719","TD2111238","Item211123873","FACE MASKS ( box of 50)","1800","each","RQ21091466"
"1720","TD21112673","Item211126561","ID Cards","80","each","RQ21062281"
"1721","TD21112611","Item21112612","Upgrade of solar system","1","each","RQ21102013"
"1722","TD21112927","Item211129541","Upgrade of solar system","1","each","RQ21102010"
"1723","TD21112930","Item21112942","Upgrade of solar system","1","each","RQ21102035"
"1724","TD21112996","Item21112982","ID Cards","151","each","RQ21062450"
"1725","TD21120284","Item211202174","Borehole drilling,equipment and casing","1","each","RQ21101936"
"1726","TD21120294","Item21120212","Borehole drilling,equipment and casing","1","each","RQ21110276"
"1727","TD21120279","Item21120288","Borehole drilling,equipment and casing","1","each","RQ21110265"
"1728","TD21120232","Item211202840","ANTI SLIP SAFETY SHOES","16","each","RQ21100463"
"1729","TD21120216","Item211202298","Servicing of fire extinguishers","148","each","RQ21091728"
"1730","TD21120275","Item211202371","Servicing of fire extinguishers","148","each","RQ21091728"
"1731","TD21120347","Item211203540","Light duty lightning arrestors","30","each","RQ21092175"
"1732","TD21120328","Item211203330","Core i5 Laptops","1","each","RQ21102954"
"1733","TD2112032","Item211203591","PRINTER 4 in 1","1","each","RQ21111091"
"1734","TD21120395","Item211203641","Laptop core i5","1","each","RQ21102970"
"1735","TD21121030","Item211210147","male contact","24","each","21101349"
"1736","TD21121045","Item211210692","male contact","24","each","21101349"
"1737","TD21121047","Item21121070","Female contacts","24","each","RQ2110137"
"1738","TD21121087","Item211210923","Swivel Chair","1","each","RQ21101519"
"1739","TD21121533","Item21121599","NEW TYRES 265/65R17","5","each","RQ21031851"
"1740","TD21121786","Item211217493","HPE 2TB SATA","1","each","RQ21102093"
"1741","TD21122961","Item21122947","CCTV","1","each","RQ21102978"
"1742","TD22011277","Item220112484","Wayleave Clearance and pole replacement","1","each","RQ21052040"
"1743","TD22011257","Item220112579","NEW TYRES 205/70R15","5","each","RQ21100717"
"1744","TD22011247","Item220112453","NEW TYRES 175/65R14","4","each","RQ2110276"
"1745","TD22011276","Item220112685","NEW TYRES 11R22.5","7","each","RQ21092947"
"1746","TD22011397","Item220113765","NEW TYRES 265/75R17","5","each","RQ21100743"
"1747","TD22012025","Item220120537","Wayleave Clearance and pole replacement","1","each","RQ2105204"
"1748","TD22012174","Item220121636","FACE MASKS ( box of 50)","1900","each","RQ21121459"
"1749","TD22012499","Item220124740","FACE MASKS ( box of 50)","1900","each","RQ21121459"
"1750","TD22012469","Item220124886","Hand sanitizers (5L)","200","each","RQ21121493"
"1751","TD22012420","Item220124849","Hand sanitizers (5L)","200","each","RQ21121493"
"1752","TD22012584","Item220125829","Hand sanitizers (5L)","200","each","RQ21121493"
"1753","TD22020199","Item220201202","Hydrogen Peroxide 25l","58","each","RQ21121479"
"1754","TD22021426","Item220214892","Bromacil (25kg)","4","each","RQ22012561"
"1755","TD22022290","Item220222483","supply and fit of fence at makondo","1","each","RQ22012646"
"1756","TD22022266","Item220222764","Battery cubicle","3","each","RQ22012569"
"1757","TD2202228","Item220222936","Servicing of fire extinguishers","91","each","RQ22012182"
"1758","TD22022242","Item220222962","Servicing of fire extinguishers","91","each","RQ22012182"
"1759","TD22022233","Item220222940","NEW TYRES 175/65R14","4","each","RQ2110276"
"1760","TD22022328","Item220223353","Servicing of fire extinguishers","1","each","RQ22012182"
"1761","TD2202232","Item220223838","Telescopic linksticks","3","each","RQ21072128"
"1762","TD22022371","Item220223852","NEW TYRES 11R22.5","7","each","RQ21092947"
"1763","TD22022386","Item220223761","NEW TYRES 11R22.5","7","each","RQ22011358"
"1764","TD22022427","Item220224888","Servicing of fire extinguishers","1","each","RQ22012174"
"1765","TD22022470","Item220224865","NEW TYRES 245/70R16","5","each","RQ22011353"
"1766","TD22022429","Item220224300","NEW TYRES 295/80R22.5","6","each","RQ22011377"
"1767","TD22022587","Item220225751","NEW TYRES 286/70R17","5","each","RQ22012563"
"1768","TD22030183","Item220301346","Servicing of fire extinguishers","1","each","RQ22012164"
"1769","TD22030327","Item220303541","NEW TYRES 245/70R16","5","each","RQ22011313"
"1770","TD22030341","Item220303480","NEW TYRES 245/70R16","5","each","RQ22011362"
"1771","TD22030734","Item220307734","NEW TYRES 245/70R16","5","each","RQ22011344"
"1772","TD22030731","Item220307166","NEW TYRES 215R15","5","each","RQ22011314"
"1773","TD22030747","Item220307757","NEW TYRES 215R15","5","each","RQ22011317"
"1774","TD22030745","Item220307900","NEW TYRES 245/70R16","5","each","RQ2201057"
"1775","TD22030841","Item220308197","NEW TYRES 215R15","5","each","RQ22011330"
"1776","TD22030948","Item220309564","NEW TYRES 245/70R16","5","each","RQ22011372"
"1777","TD22030989","Item220309372","NEW TYRES 185/65R15","5","each","RQ22010570"
"1778","TD22030934","Item220309353","Servicing of fire extinguishers","1","each","RQ22012158"
"1779","TD22030920","Item220309911","NEW TYRES 245/70R16","5","each","RQ2201133"
"1780","TD22030998","Item220309812","NEW TYRES 245/70R16","5","each","RQ22011339"
"1781","TD22030946","Item220309321","NEW TYRES 245/70R16","4","each","RQ22021094"
"1782","TD2203091","Item220309633","NEW TYRES 245/70R16","4","each","RQ22021037"
"1783","TD22030911","Item220309628","NEW TYRES 195/65R16","5","each","RQ2201425"
"1784","TD22030954","Item220309214","NEW TYRES 245/70R16","4","each","RQ22021037"
"1785","TD22031076","Item220310876","Erection of perimeter fence","1","each","RQ22012720"
"1786","TD22031672","Item220316151","Telescopic linkstick","3","each","RQ21111029"
"1787","TD22031661","Item220316366","NEW TYRES 245/70R16","5","each","RQ22011310"
"1788","TD22032488","Item220324876","Transformer oil","8","each","RQ22021018"
"1789","TD22032412","Item220324162","Weedkiller ","100","each","RQ22021618"
"1790","TD22032423","Item220324215","Large 8 bolt clamps","80","each","RQ22021442"
"1791","TD22032583","Item220325300","Large 8 bolt clamps","35","each","RQ22021442"
"1792","TD22032916","Item220329449","FACE MASKS( Box of 50)","1800","each","RQ22021181"
"1793","TD22032933","Item220329948","Transformer oil (210L)","8","each","RQ2203018"
"1794","TD22033138","Item220331832","05A BLACK TONER","30","each","RQ22022366"
"1795","TD22033128","Item220331665","80A  BLACK TONER","6","each","RQ22022367"
"1796","TD22033128","Item220331420","55A BLACK TONER","9","each","RQ22022367"
"1797","TD22033121","Item220331658","Canon 737 black ","1","each","RQ22022362"
"1798","TD22033186","Item220331173","NEW TYRES 215R15","5","each","RQ22011381"
"1799","TD2204041","Item22040439","CORE I7 LAPTOP","1","each","RQ22030298"
"1800","TD2204042","Item220404625","4 IN 1 PRINTER","4","each","RQ22020748"
"1801","TD22040438","Item220404666","CORE I7 LAPTOP","1","each","RQ22030310"
"1802","TD22040550","Item220405759","Laptop corei7","2","each","RQ22021719"
"1803","TD2204076","Item220407202","NEW TYRES 215R15","5","each","RQ22021079"
"1804","TD22041120","Item220411116","BLINDS","1","each","RQ2202229"
"1805","TD22041279","Item220412824","REAR SPRING BUSHES","12","each","RQ22020752"
"1806","TD22041279","Item220412152","UPPER WISHBONE","2","each","RQ22020752"
"1807","TD22041279","Item220412911","UPPER BALL JOINTS","2","each","RQ22020752"
"1808","TD22041279","Item220412398","FRONT WHEEL DISCS","2","each","RQ22020752"
"1809","TD22041279","Item220412456","FRONT WHEEL BEARINGS","2","each","RQ22020752"
"1810","TD22041279","Item220412408","FRONT SHOCKS","2","each","RQ22020752"
"1811","TD22041279","Item220412504","REAR SHOCKS","2","each","RQ22020752"
"1812","TD22041279","Item220412745","STEERING DROP ARM BUSHES","2","each","RQ22020752"
"1813","TD22041279","Item220412265","BRAKE PADS","1","each","RQ22020752"
"1814","TD22041248","Item220412447","LOWER CONTROL ARMS","2","each","RQ22020752"
"1815","TD22041248","Item220412738","OUTER TIE ROD ENDS","2","each","RQ22020752"
"1816","TD22041248","Item220412409","INNER TIE ROD ENDS","2","each","RQ22020752"
"1817","TD22041248","Item220412164","BRAKE CALIPERS","2","each","RQ22020752"
"1818","TD22041336","Item220413795","Aluminium door","1","each","RQ22022239"
"1819","TD22041314","Item220413963","Aluminium door","1","each","RQ22022239"
"1820","TD22041910","Item22041967","NEW TYRES 245/70R16","5","each","RQ2201138"
"1821","TD22041998","Item220419799","NEW TYRES 750R16","7","each","RQ22021424"
"1822","TD22041919","Item220419574","NEW TYRES 205/60R15 ","5","each","RQ22021832"
"1823","TD22042056","Item220420513","NEW TYRES 245/70R16","5","each","RQ2201137"
"1824","TD22042020","Item220420223","NEW TYRES 245/70R16","5","each","RQ22021833"
"1825","TD22042094","Item220420139","NEW TYRES 215R15","5","each","RQ22011337"
"1826","TD22042027","Item220420957","NEW TYRES 215R15","5","each","RQ22011338"
"1827","TD22042795","Item220427694","REAR SPRING BUSHES","12","each","RQ22020752"
"1828","TD22042795","Item220427572","UPPER WISHBONE","2","each","RQ22020752"
"1829","TD22042795","Item220427157","UPPER BALL JOINTS","2","each","RQ22020752"
"1830","TD22042795","Item220427499","LOWER CONTROL ARMS","2","each","RQ22020752"
"1831","TD22042795","Item220427348","FRONT WHEEL DISCS","2","each","RQ22020752"
"1832","TD22042795","Item220427400","FRONT WHEEL BEARINGS","2","each","RQ22020752"
"1833","TD22042795","Item220427718","FRONT SHOCKS","2","each","RQ22020752"
"1834","TD22042795","Item220427583","REAR SHOCK","2","each","RQ22020752"
"1835","TD22042795","Item220427344","OUTER TIE ROD ENDS","2","each","RQ22020752"
"1836","TD22042795","Item220427976","INNER TIE ROD ENDS","2","each","RQ22020752"
"1837","TD22042795","Item220427795","STEERING DROP ARM BUSHES","2","each","RQ22020752"
"1838","TD22042795","Item22042774","BRAKE PADS ","1","each","RQ22020752"
"1839","TD22042795","Item220427881","BRAKE CALIPERS","2","each","RQ22020752"
"1840","TD22051187","Item220511359","HYDROGEN PEROXIDE 35%","50","each","RQ22041377"
"1841","TD22051118","Item220511484","FACE MASKS( Box of 50)","1800","each","RQ22041349"
"1842","TD22051129","Item22051149","HAND SANITIZERS","150","each","RQ22041377"
"1843","TD22051811","Item22051857","PERIMETER FENCE","1","each","RQ22012646"
"1844","TD2205191","Item220519952","PERIMETER FENCE","1","each","RQ22012646"
"1845","TD22051958","Item220519514","PERIMETER FENCE","1","each","RQ22012646"
"1846","TD22052490","Item220524431","4 IN 1 PRINTER","1","each","RQ22031893"
"1847","TD22052455","Item220524863","4 IN 1 PRINTER","2","each","RQ22021635"
"1848","TD22052414","Item220524720","4 IN 1 PRINTER","1","each","22031865"
"1849","TD22053156","Item220531944","NECK TIES","75","each","RQ21111640"
"1850","TD22053156","Item220531639","LADIES SCARFS","50","each","RQ21111640"
"1851","TD22053159","Item220531883","NECK TIES","75","each","RQ21111640"
"1852","TD22053159","Item220531124","LADIES SCARFS","50","each","RQ21111640"
"1853","TD22060177","Item220601759","NECK TIES","75","each","RQ21111640"
"1854","TD22060177","Item220601675","LADIES SCARFS","50","each","RQ21111640"
"1855","TD22060742","Item220607624","WELDING MACHINE","1","each","RQ22042561"
"1856","TD22060724","Item220607938","LARGE 8 BOLT CLAMPS","45","each","RQ22032451"
"1857","TD22060775","Item220607303","10 TONNE PORTA POWER","1","each","RQ22042594"
"1858","TD22060826","Item220608407","4 IN 1 PRINTER","1","each","RQ22020830"
"1859","TD22060823","Item2206081","LAPTOPS CORE I7","2","each","RQ22021723"
"1860","TD22060993","Item220609144","POLYSTEEL ROPE","500","metres","RQ2201249"
"1861","TD22060988","Item220609181","SUSPENSION MATERIALS","1","each","RQ22021196"
"1862","TD22061064","Item220610530","SUSPENSION MATERIALS","1","each","RQ22021196"
"1863","TD22061012","Item220610331","SUSPENSION MATERIALS","1","each","RQ22040387"
"1864","TD22061470","Item220614879","GRASS CUTTING AND BUSH CLEARING","1","each","RQ22010625"
"1865","TD22061753","Item220617474","LAPTOPS CORE I7","2","each","RQ22021723"
"1866","TD22061780","Item220617644","4 IN 1 PRINTER","1","each","RQ22020830"
"1867","TD2206277","Item220627918","FAULT REPORT BOOKS","100","each","RQ2202244"
"1868","TD22062788","Item220627141","FAULT REPORT BOOKS","100","each","RQ2202244"
"1869","TD22062731","Item220627890","FAULT REPORT BOOKS","100","each","RQ2202244"
"1870","TD22070494","Item220704628","CALIBRATION OF TANKS ","1","each","R22042712"
"1871","TD22070452","Item220704948","FABRICATION AND INSTALLATION OF HALF CANOPY, SEATS AND LAODING GANTRIES","1","each","RQ22061636"
"1872","TD22070541","Item220705869","FABRICATION AND INSTALLATION OF HALF CANOPY, SEATS AND LAODING GANTRIES","1","each","RQ22061636"
"1873","TD22070692","Item220706918","FABRICATION AND INSTALLATION OF HALF CANOPY, SEATS AND LAODING GANTRIES","1","each","RQ22061636"
"1874","TD22070719","Item220707577","FABRICATION AND INSTALLATION OF HALF CANOPY, SEATS AND LAODING GANTRIES","1","each","RQ22061636"
"1875","TD22070760","Item220707596","FABRICATION AND INSTALLATION OF HALF CANOPY, SEATS AND LAODING GANTRIES","1","each","RQ22061669"
"1876","TD22071181","Item22071121","FABRICATION AND INSTALLATION OF HALF CANOPY, SEATS AND LAODING GANTRIES","1","each","RQ22061636"
"1877","TD22071199","Item220711256","FABRICATION AND INSTALLATION OF HALF CANOPY, SEATS AND LAODING GANTRIES","1","each","RQ22061669"
"1878","TD22071230","Item220712269","Note counters","3","each","RQ22061032"
"1879","TD22071422","Item220714571","VISITORS CHAIRS","6","each","RQ22032285"
"1880","TD22071436","Item22071494","SWIVEL CHAIRS","4","each","R22032389"
"1881","TD2207143","Item220714218","VISITORS CHAIRS","20","each","RQ22032216"
"1882","TD2207213","Item220721931","HAND SANITISERS","1800","each","RQ22061534"
"1883","TD22072128","Item220721907","FACE MASKS","1800","each","RQ22060947"
"1884","TD22072841","Item220728955","Projector","1","each","RQ22030163"
"1885","TD22072875","Item220728742","UPT Solid cable 305m","1","each","RQ2206144"
"1886","TD2207296","Item22072947","Large 8 bolt clamps","31","each","RQ22032451"
"1887","TD22072926","Item220729461","Painting services","1","each","RQ22053011"
"1888","TD22072933","Item220729393","Thermal till rolls","250","each","RQ22051349"
"1889","TD22080170","Item220801719","SF6 GAS (50KG)","1","each","RQ2203189"
"1890","TD22080443","Item22080433","Transportation of wood poles","3","each","RQ22031870"
"1891","TD22080470","Item220804396","Transportation of wood poles","3","each","RQ22031830"
"1892","TD22080585","Item220805945","4 IN 1 COLOUR PRINTER","1","each","RQ22061475"
"1893","TD22080532","Item220805297","4 IN 1 PRINTER","1","each","RQ22040530"
"1894","TD22080518","Item220805933","4 IN 1 PRINTERS","5","each","RQ22021694"
"1895","TD22081117","Item220811334","Telescopic linkstick","3","each","RQ21111029"
"1896","TD22081866","Item220818910","FUEL PUMP","1","each","RQ22051632"
"1897","TD22081897","Item220818279","FUEL PUMP","1","each","RQ22051697"
"1898","TD22081846","Item220818105","FUEL PUMP","1","each","RQ22051629"
"1899","TD22081891","Item220818987","Calibration of fuel tank ","2","each","RQ22042715"
"1900","TD22082649","Item220826871","70MM CRIMPING FERRULES","200","each","RQ22030174"
"1901","TD22082934","Item220829551","70MM FERRULES","200","each","RQ22030174"
"1902","TD22082976","Item220829464","FAULT REPORT BOOKS","100","each","RQ22061393"
"1903","TD22082964","Item220829438","20MM POLYSTEEL ROPE","500","metres","RQ2201249"
"1904","TD22090835","Item220908631","131A TONER CARTRIDGES","1","each","RQ22080448"
"1905","TD2209084","Item220908457","PERMIT TO WORK FORM BOOKS","100","each","RQ22071976"
"1906","TD22090893","Item220908596","CONTROLLERS INSTRUCTON FORM BOOKS","200","each","RQ22071968"
"1907","TD22091474","Item22091453","LAPTOP","1","each","RQ22082590"
"1908","TD22091425","Item220914685","LAPTOP","1","each","RQ22082517"
"1909","TD22091544","Item220915628","ZETDC CONTROLLERS INSTRUCTION FORM BOOK","200","each","RQ22072055"
"1910","TD22092373","Item220923790","STAFF IDS","159","each","RQ22033084"
"1911","TD22092348","Item220923439","STAFF IDS","159","each","RQ22033084"
"1912","TD22092369","Item220923911","STAFF IDS","79","each","RQ22033027"
"1913","TD22101477","Item221014125","VISITORS CHAIRS","9","each","RQ22080128"
"1914","TD22101848","Item221018125","INCINERATORS","3","each","RQ22061315"
"1915","TD22101988","Item221019905","50MM-100MM COME ALONG CLAMPS ","9","each","RQ22091565"
"1916","TD22101977","Item221019808","HIGH BACK SWIVEL CHAIRS","5","each","22072655"
"1917","TD22101965","Item221019400","SWIVEL MID-BACK MESH CHAIR FABRIC","14","each","22080153"
"1918","TD22102027","Item221020660","12 SEATER BOARDROOM TABLE","2","each","22080153"
"1919","TD22102051","Item221020814","L-SHAPED DESK","3","each","22080158"
"1920","TD22102051","Item221020343",,"0","each","22080158"
"1921","TD22102039","Item221020889","39FT EXT. ALUMINIUM LINESMAN LADDER","10","each","22091520"
"1922","TD22102085","Item221020405","LEVER HOIST 3/4 (O,75) PULLEY","15","each","22091520"
"1923","TD22102099","Item221020482","LEVER HOIST 1.5 TONNE PULLEY","9","each","22091549"
"1924","TD22102071","Item221020344","1.5 TONNE PULLEY","15","each","22091586"
"1925","TD22102088","Item221020911","38FT EXT. ALUMINIUM LINESMAN LADDER","6","each","R2209156"
"1926","TD22102075","Item221020106","4 IN 1 PRINTER","1","each","RQ22092295"
"1927","TD22102060","Item221020642","COME ALONG 2T","30","each","22091511"
"1928","TD22102057","Item22102030","4 IN 1 PRINTER","6","each","RQ22092292"
"1929","TD22102049","Item221020272","50MM-100MM COME ALONG CLAMPS","9","each","22091565"
"1930","TD22102587","Item221025917","38FT EXT. ALUMINIUM LINESMAN LADDER","10","each","RQ22091520"
"1931","TD22102527","Item22102570","50MM-100MM COME ALONG CLAMPS","9","each","RQ22091565"
"1932","TD22102544","Item221025682","50MM-100MM COME ALONG CLAMPS","30","each","RQ22091511"
"1933","TD22102554","Item221025514","38FT EXT. ALUMINIUM LINESMAN LADDER","6","each","RQ2209156"
"1934","TD22102571","Item221025313","59A Toner Cartridge","20","each","RQ22091319"
"1935","TD22110714","Item221107707","SERVICING FIRE EXTINGUISHERS","100","each","RQ2209268"
"1936","TD22111016","Item221110861","CALIBRATION OF FUEL TANK","2","each","RQ2204271"
"1937","TD22111070","Item221110350","CALIBRATION OF FUEL TANK","2","each","RQ22042762"
"1938","TD22112130","Item221121556","10MM FINE RUBBERISED GASKET","10","each","RQ22101147"
"1939","TD22112134","Item221121423","6MM FINE RUBBERISED GASKETS","10","each","RQ22101137"
"1940","TD22112179","Item22112150","5MM FINE RUBBERISED GASKETS","5","each","RQ22101161"
"1941","TD22112144","Item221121420","BROMACIL WEED KILLER 25KG","4","each","RQ22101168"
"1942","TD22112177","Item221121951","BROMACIL WEED KILLER 25KG","4","each","RQ22101168"
"1943","TD22112824","Item221128209","PERMIT TO WORK FORM BOOKS","200","each","RQ22072071"
"1944","TD22112857","Item221128589","First aid contents","1","each","RQ22090883"
"1945","TD2211297","Item221129634","ERECT OF PERIMETER FENCE","1","each","RQ22072780"
"1946","TD22112912","Item221129275","GEARBOX ","1","each","RQ2211027"
"1947","TD22113094","Item221130664","Visitors Chairs","31","each","RQ22091691"
"1948","TD22113067","Item221130576","Office Desks","10","each","RQ2103970"
"1949","TD22120566","Item221205826","Leather Padded Safety Belts","10","each","RQ22091518"
"1950","TD22121439","Item221214497","HP971 MULTIPACK TONER CARTRIDGES","1","each","RQ22102037"
"1951","TD22121459","Item221214841","HP80A BLACK TONER CARTRIDGE","10","each","RQ22102037"
"1952","TD2212148","Item221214108","HP106A BLACK TONER CARTRIDGES","20","each","RQ22102068"
"1953","TD22121913","Item221219515","BOREHOLE SITING, DRILLING, EQUIPMENT AND CASING","1","each","RQ22112518"
"1954","TD22121929","Item221219498","BOREHOLE SITING, DRILLING, EQUIPMENT AND CASING","1","each","rq22112518"
"1955","TD22122133","Item221221119","ACID PROOF WORKSUITS","28","each","RQ22111742"
"1956","TD23010480","Item230104494","FACE MASKS","1800","each","RQ22110958"
"1957","TD23010484","Item230104418","FACE MASKS","1800","each","RQ22110958"
"1958","TD23010935","Item230109680","BLINDS","1","each","RQ22022241"
"1959","TD23011033","Item230110739","MALE CONTACTS","24","each","RQ22120861"
"1960","TD23011020","Item230110515","FEMALE CONTACTS","24","each","RQ22120861"
"1961","TD23011059","Item230110626","BROMACIL WEED KILLER 25KG","4","each","22101143"
"1962","TD23011089","Item230110894","BROMACIL WEED KILLER ","100","each","RQ22101143"
"1963","TD23011866","Item230118705","LIMITATION OF ACCESS BOOKS","100","each","RQ22102718"
"1964","TD23011877","Item230118627","PRE TASK RISK ASSESSMENT BOOKS","100","each","RQ22110741"
"1965","TD23011923","Item230119885","LIGHTNING ARRESTORS","161","each","PR10242538"
"1966","TD23011991","Item230119493","LIGHTNING ARRESTORS","161","each","PR10242538"
"1967","TD23011992","Item230119277","LIGHTNING ARRESTORS","167","each","PR10242537"
"1968","TD23011913","Item23011983","LIGHTNING ARRESTORS","167","each","PR10242536"
"1969","TD2301209","Item230120528","LIGHTNING ARRESTORS","167","each","PR10242536"
"1970","TD23012026","Item230120397","LIGHTNING ARRESTORS","167","each","PR10242536"
"1971","TD23012062","Item230120630","LIGHTNING ARRESTORS","167","each","PR10242537"
"1972","TD23012025","Item230120882","LIGHTNING ARRESTORS","161","each","PR10242538"
"1973","TD23012427","Item230124447","STAYWIRE GALVANISED STEEL 7/8","585","metres","22112932"
"1974","TD23012427","Item230124616","STAYWIRE GALVANISED 7/14","240","metres","22112932"
"1975","TD23012473","Item23012413","STAYWIRE GALVANISED STEEL 7/8","585","metres","22112932"
"1976","TD23012473","Item230124931","STAYWIRE GALVANISED 7/14","240","metres","22112932"
"1977","TD23012489","Item230124484","POLE CAP GALVANIZED","52","each","22112975"
"1978","TD23012489","Item230124357","POLE WASHER","190","each","22112975"
"1979","TD23012489","Item230124618","POLE TOP BRACKET","36","each","22112975"
"1980","TD23012489","Item2301245","TWISTED SHACKLE STRAP","36","each","22112975"
"1981","TD23012489","Item230124755","CLEVIS-ADAPTER 90 DEGREES ARCING HORN","36","each","22112975"
"1982","TD23012489","Item230124867","SUSPENSION CLAMP-WIDE ANGLE","9","each","22112975"
"1983","TD23012489","Item230124951","GUN CLAMP 50-100mm2","36","each","22112975"
"1984","TD2301247","Item230124327","POLE CAP GALVANIZED","52","each","22112975"
"1985","TD2301247","Item23012412","POLE WASHER","190","each","22112975"
"1986","TD2301247","Item230124400","POLE TOP BRACKET","36","each","22112975"
"1987","TD2301247","Item230124166","TWISTED SHACKLE STRAP","36","each","22112975"
"1988","TD2301247","Item230124965","CLEVIS-ADAPTER 90DEG","36","each","22112975"
"1989","TD2301247","Item230124109","ARCING HORN","90","each","22112975"
"1990","TD2301247","Item230124664","SUSPENSION CLAMP-WIDE ANGLE","9","each","22112975"
"1991","TD2301247","Item230124914","GUN CLAMP 50-100mm2","36","each","22112975"
"1992","TD2301247","Item230124190","PG CLAMP AI/AI 50-100mm2","72","each","22112975"
"1993","TD2301247","Item230124151","CORSBY CLIP 3/8","49","each","22112975"
"1994","TD23012414","Item230124230","POLE CAP GALVANIZED","52","each","22112975"
"1995","TD23012414","Item230124185","POLE WASHER","190","each","22112975"
"1996","TD23012414","Item23012464","POLE TOP BRACKET","36","each","22112975"
"1997","TD23012414","Item230124262","TWISTED SHACKLE STRAP","36","each","22112975"
"1998","TD23012414","Item230124404","CLEVIS-ADAPTER 90DEG","36","each","22112975"
"1999","TD23012414","Item230124202","ARCING HORN","90","each","22112975"
"2000","TD23012414","Item230124254","SUSPENSION CLAMP-WIDE ANGLE","9","each","22112975"
"2001","TD23012414","Item230124205","GUN CLAMP 50-100mm2","36","each","22112975"
"2002","TD23012414","Item230124373","PG CLAMP AI/AI 50-100mm2","72","each","22112975"
"2003","TD23012414","Item23012463","CORSBY CLIP 3/8","49","each","22112975"
"2004","TD23012416","Item230124149","20x230mm Bolt & Nuts","18","each","22112965"
"2005","TD23012416","Item230124431","20x115mm Bolt & Nut","72","each","22112965"
"2006","TD23012416","Item230124475","20x200mm Bolt & Nut","10","each","22112965"
"2007","TD23012416","Item230124178","20x240mm Bolt & Nut","144","each","22112965"
"2008","TD23012416","Item230124766","Spindles 3/4","70","each","22112965"
"2009","TD23012442","Item230124454","20x230mm Eye Bolts & Nuts","18","each","22112965"
"2010","TD23012442","Item230124944","20x115mm Bolt & Nut","72","each","22112965"
"2011","TD23012442","Item230124389","20x200mm Bolt & Nut","10","each","22112965"
"2012","TD23012442","Item2301241","20x240mm Bolt & Nut","144","each","22112965"
"2013","TD23012442","Item230124278","Spindles 3/4","70","each","22112965"
"2014","TD23012584","Item230125372","20x230mm Eye Bolts & Nuts","18","each","22112965"
"2015","TD23012584","Item230125486","20x115mm Bolt & Nut","72","each","22112965"
"2016","TD23012584","Item230125904","20x200mm Bolt & Nut","10","each","22112965"
"2017","TD23012584","Item230125418","20x240mm Bolt & Nut","144","each","22112965"
"2018","TD23012584","Item230125997","Spindles 3/4","70","each","22112965"
"2019","TD23012547","Item230125268","20x230mm Eye Bolts & Nuts","18","each","22112965"
"2020","TD23012547","Item230125891","20x115mm Bolt & Nut","72","each","22112965"
"2021","TD23012547","Item230125848","20x200mm Bolt & Nut","10","each","22112965"
"2022","TD23012547","Item230125109","20x240mm Bolt & Nut","144","each","22112965"
"2023","TD23012547","Item230125171","Spindles 3/4","70","each","22112965"
"2024","TD23013148","Item230131121","BRACING STRAP FIBRE GLASS 33Kv","72","each","22112986"
"2025","TD23013148","Item230131203","INSULATOR PIM LONG SHANK","108","each","22112986"
"2026","TD23013148","Item230131377","INSULATOR PIN SPACE","36","each","22112986"
"2027","TD23013148","Item230131640","STRAIN DISC INSULATOR PORCELAIN 36kV","168","each","22112986"
"2028","TD23013148","Item230131168","PIN INSULATOR","108","each","22112986"
"2029","TD23020647","Item23020616","STAY ROD 3/4","33","each","2211297-"
"2030","TD23020647","Item230206285","STAY BOW 3/4","33","each","2211297-"
"2031","TD23020647","Item230206206","STAY PLATE 3/4","33","each","2211297-"
"2032","TD23020647","Item230206836","STAY WASHER 3/4","33","each","2211297-"
"2033","TD23020647","Item230206208","STAY INSULATOR 36KV","33","each","2211297-"
"2034","TD2303061","Item230306337","SULPHUR HEXAFLUORIDE","3","kgs","23012517"
"2035","TD23030640","Item230306190","BROMACIL WEED KILLER","100","kgs","23012030"
"2036","TD23030640","Item230306587","AVONEY ENTERPRISES","100","kgs","23012030"
"2037","TD23030630","Item230306583","BROMACIL WEED KILLER","100","kgs","23012030"
"2038","TD23030666","Item230306390","BROMACIL WEED KILLER","100","kgs","23012030"
"2039","TD23030717","Item230307830","SF6 GAS","3","each","23012517"
"2040","TD23030712","Item230307249","BROMACIL GRANULATED WEED KILLER","100","kgs","23012030"
"2041","TD2303082","Item230308368","BROMACIL GRANULATED WEED KILLER","100","kgs","23012030"
"2042","TD23030891","Item230308745","BROMACIL GRANULATED WEED KILLER","100","kgs","23012030"
"2043","TD23030872","Item23030891","BROMACIL GRANULATED WEED KILLER","100","kgs","23012030"
"2044","TD23030873","Item230308752","BROMACIL GRANULATED WEED KILLER","100","kgs","23012030"
"2045","TD23030946","Item230309476","CALIBRATION OF UNDERGROUND FUEL TANK","2","each","23012549"
"2046","TD23030939","Item230309957","CALIBRATION OF UNDERGROUND FUEL TANK","2","each","23012549"
"2047","TD23030954","Item230309109","CALIBRATION OF UNDERGROUND FUEL TANK","1","each","23012549"
"2048","TD23030912","Item230309783","CALIBRATION OF UNDERGROUND FUEL TANK","1","each","23012567"
"2049","TD23031043","Item230310885","4500L underground tank calibration","2","each","RQ23012527"
"2050","TD23031310","Item230313101","LAPTOPS","3","each","10245360"
"2051","TD2303138","Item230313274","LAPTOPS","3","each","10245360"
"2052","TD23031450","Item230314298","LADDERS","10","each","PR10242536"
"2053","TD23032350","Item230323832","OVERHEAD FUEL TANK CALIBRATION","2","each","23012559"
"2054","TD23032859","Item230328875","OVERHEAD FUEL TANK CALIBRATION","2","each","23012559"
"2055","TD23032859","Item230328547",,"0","each","23012559"
"2056","TD23050425","Item230504418","PRE TASK RISK ASSESSMENT BOOKS","100","each","RQ23012374"
"2057","TD23050416","Item230504222","PERMIT TO WORK FORM BOOKS","100","each","RQ23012382"
"2058","TD23050470","Item230504726","CONTROLLERS INSTRUCTION FORM BOOKS","100","each","RQ23012316"
"2059","TD23050418","Item230504782","LIMITATION OF ACCESS BOOKS","100","each","RQ23012311"
"2060","TD23051762","Item230517138","LADDERS","100","each","PR102434"
"2061","TD23063096","Item230630724","T SHIRTS","600","each","RQ23050321"
"2062","TD23063096","Item230630194","PENS","200","each","RQ23050321"
"2063","TD23063096","Item230630960","PENCILS","200","each","RQ23050321"
"2064","TD23063096","Item230630548","RULERS","200","each","RQ23050321"
"2065","TD23090877","Item230908595","SUPPLY AND FIX OF VERTICAL CORDUROY BLINDS","4","each","23062880"
"2066","TD23092898","Item230928812","VERTICAL OFFICE BLINDS","4","each","23062880"
"2067","TD23092812","Item230928124","supply and delivery of till rolls","750","each","23080374"
"2068","TD23092854","Item230928819","THERMAL TILL ROLLS","1000","each","23070522"
"2069","TD23101382","Item231013805","SULPHUR HEXAFLOURIDE SF6 GAS","3","each","RQ23090567"
"2070","TD2310312","Item231031830","TRANSFORMER OIL","2100","each","RQ2309151"
"2071","TD23110956","Item231109924","roller blinds supply and fitting","1","each","23100372"
"2072","TD23111323","Item231113923","ROLLER SHUTTERS","2","each","RQ23102065"
"2073","TD23113072","Item231130719","CEILING REPAIRS","1","each","RQ23020793"
"2074","TD23113066","Item231130936","HOUSE RENOVATIONS","1","each","RQ23021034"
"2075","TD23113096","Item231130907","ROLLER BLINDS","1","each","RQ23110692"
"2076","TD24041956","Item240419252","BRANDED FLOPPY HATS","20","each","24040897"
"2077","TD24041946","Item240419952","Acid proof worksuits","16","each","24012934"
"2078","TD2404227","Item24042233","Levelling and painting of pavers","1","each","23112360"
"2079","TD24042217","Item240422666","FUMIGATION SERVICES","1","each","24011597"
