"document_id","item_required","qty","uom","id"
"RQ21111611","Long Service awards","100","each","202"
"RQ21111634","ZLG coupons","100","each","203"
"RQ21111819","Telephone Handsets","9","each","204"
"RQ21111829","Samsung Galaxy A21s 64gb","1","each","205"
"RQ21111827","PA System, DJ, Photographer and Mics for Long Services Awards","1","each","206"
"RQ21111879","PA System, DJ, Photographer and Mics for Long Services Awards","1","each","207"
"RQ21112476","Branded A4 Diaries ","200","each","208"
"RQ21112483","Branded A5 Diaries ","400","each","209"
"RQ21112486","Branded boxed executive notebooks with usb","25","each","210"
"RQ21112486","Branded standard A5 Notebook","100","each","211"
"RQ21112415","Harare Region sign on posts ","2","each","212"
"RQ21112415","Head protection sign ","2","each","213"
"RQ21112415","Think safety sign ","2","each","214"
"RQ21112415","No Alcohol, No guns, No Camera sign ","2","each","215"
"RQ21112491","branded shirts","40","each","216"
"RQ21112443","Branded A4 flat folders","1000","each","217"
"RQ21112538","Lightbox on poles","1","each","218"
"RQ21112538","refurbishment of existing signage ","2","each","219"
"RQ21112571","HR Excellence Awards IPMZ TABLE OF 10","1","each","220"
"RQ21120297","Black pens technic","50","each","221"
"RQ21120297","Blue Pens Technic","50","each","222"
"RQ21120297","Counter Books A4 288 PG","5","each","223"
"RQ21120297","Scissors","5","each","224"
"RQ21120297","Notebook Premim Deli 7901","5","each","225"
"RQ21120297","Paper Punch Medium 20 Sheets","3","each","226"
"RQ21120297","Staple Pins 26/6 (56)","5","each","227"
"RQ21120297","Letter Trays 3 tier","5","each","228"
"RQ21120297","Liquid Glue 125ml 7303","5","each","229"
"RQ21120271","orange pulp minute maid","24","each","230"
"RQ21120271","coke 500ml","12","each","231"
"RQ21120271","sprite 500ml sugar free","12","each","232"
"RQ21120271","shumba mahewu 500ml","24","each","233"
"RQ21120271","everyday powder milk 400g","2","each","234"
"RQ21120271","coffee break 100g","2","each","235"
"RQ21120271","proton choc chip","4","each","236"
"RQ21120271","brown sugar 2kg","3","each","237"
"RQ21120271","aqua clear 500ml","120","each","238"
"RQ21120271","guava minute maid","24","each","239"
"RQ21120271","apple minute maid","24","each","240"
"RQ21120271",,"0","each","241"
"RQ21120292","Purchase of two Samsung Galaxy A12 64gb for Lead Artisan and Artisan Southerton CSC (Mugure H & Mutambara A.) respectively","2","each","242"
"RQ21120211","PA System, DJ, Photographer and Mics for Long Services Awards","1","each","243"
"RQ21120295","PA System, DJ, Photographer and Mics for Long Services Awards","1","each","244"
"RQ21120389","1 tonne trcks","3","each","245"
"RQ21120837","TELEPHONE HANDSETS","3","each","246"
"RQ21120997","Apple Ipad Pro 11","1","each","247"
"RQ21121371","service ","1","each","248"
"RQ21121311","COVID 19 ANTIGEN TESTS FOR 500 EMPLOYEES","1","each","249"
"RQ21121370","COVID 19 PROVISIONS","1","each","250"
"RQ21121623","Lunch","20","each","251"
"RQ21121719","service ","1","each","252"
"RQ21121740","service ","1","each","253"
"RQ21121752","service ","1","each","254"
"RQ21121799","Sanitizer in 5L bottles","100","each","255"
"RQ21122170","supply clutch kit nissan ud95 f/n hr5190 (ops)","1","each","256"
"RQ21122179","supply clutch kit isuzu 5th gen f/n hr5191","1","each","257"
"RQ21122158","supply clutch kit isuzu 6th gen f/n hr5270","1","each","258"
"RQ21122359","TENT  FOR HR 5333","1","metres","259"
"RQ21122318","supply clutch kit nissan YD25 ","10","each","260"
"RQ21122484","TOOLS","19","each","261"
"RQ21122420","TELEPHONE HANDSETS","4","each","262"
"RQ2112297","display board mounted on 2 metre posts with 10cm inscription (HARARE REGION MOTOR VEHICLE WORKSHOP)","2","each","263"
"RQ2112296","MATRIX DKP DIGI HANDSET","4","each","264"
"RQ21122961","tile syf 600x600,porceain adhesive,grout tal,forge tile soacers,chasing comb,forge chasing or scutch hammer,ingco nitrile gloves,forge clear safety gloves and mix n bond it 5lt","180","each","265"
"RQ21122914","water taps and plumbing materials","4","each","266"
"RQ21122943","fit new ht cables & spark plugs isuzu 6th gen f/n hr5239","4","each","267"
"RQ21122941","fit new ht cables & idler valve on isuzu 6th gen f/n hr5239","4","each","268"
"RQ21123045","display board mounted on 2 metre posts with 10cm inscription (HARARE REGION MOTOR VEHICLE WORKSHOP)","2","each","269"
"RQ21123024","display board mounted on 2 metre posts with 10cm inscription (HARARE REGION MOTOR VEHICLE WORKSHOP)","2","each","270"
"RQ2112306","supply & fit fuel pump assembly on isuzu 6th gen f/n hr5275","1","each","271"
"RQ21123128","supply & fit h.t cables & spark plugs isuzu 6th gen f/n hr5239","1","each","272"
"RQ21123120","supply & fit h.t cables and idler valve on isuzu 5th gen f/n hr5200","1","each","273"
"RQ22010357","supply clutch kit nissan YD25 (geniune kits)","10","each","274"
"RQ22010345","building materials for garage extention","50","each","275"
"RQ22010433","ANTIGEN TESTS","500","each","276"
"RQ2201053","clutch & brake overhaul f/n hr5082","1","each","277"
"RQ22010592","wheel studs & nuts np300 f/n hr5266","24","each","278"
"RQ22010579","supply wheel studs & nuts np300 f/n hr5251","24","each","279"
"RQ22010594","supply wheel studs & nuts np300 f/n hr5217","24","each","280"
"RQ22010591","supply bearing grease for garage use","36","kgs","281"
"RQ22010532","Photography for Long Services Awards held at Golden Conifer","1","each","282"
"RQ22010520","geysor connection vaccum breaker,valve safety,valve masterflo","1","each","283"
"RQ22010529","Purchase of VIOP Phones for Southerton CSC","4","each","284"
"RQ2201057","CHAINSAW","1","each","285"
"RQ22010651","Tile adhesive","20","each","286"
"RQ22011035","fencing materials for garage","7","each","287"
"RQ22011132","service @30000km nissan np300 f/n hr5334","1","each","288"
"RQ22011149","6x1000x20 tyres for f/n 1040","6","each","289"
"RQ22011193","245x16 tyres stock items","20","each","290"
"RQ22011175","cement for garage use","100","each","291"
"RQ22011134","service kits for nissan YD25 (stock items)","20","each","292"
"RQ22011185","starter motor nissan np300 f/n hr5231","1","each","293"
"RQ22011198","supply starter motor nissan np300 f/n hr5253","1","each","294"
"RQ22011177","supply starter motor nissan np300 f/n hr5253","1","each","295"
"RQ22011143","Landing pad","4","each","296"
"RQ22011143","White board","1","each","297"
"RQ22011143","Serviceable fire extinguisher","2","each","298"
"RQ22011143","High visibility vest","20","each","299"
"RQ22011143","A4 picture frame","6","each","300"
"RQ22011143","Office label (door)","6","each","301"
"RQ22011143","Reflective jacket","6","each","302"
"RQ22011143","Exhibitor's tent","2","each","303"
"RQ22011143","Banner (1m x1m)","2","each","304"
"RQ22011152","partitioning materials H section, H section door and Hinges","1","each","305"
"RQ22011164","partitioning materials H section, H section door and Hinges","1","each","306"
"RQ22011122","water connection","1","each","307"
"RQ2201126","PORTABLE WELDING MACHINE","1","each","308"
"RQ2201127","front suspension overhaul f/n hr5152","1","each","309"
"RQ22011211","supply starter motor nissan np300 f/n hr5292","1","each","310"
"RQ22011222","Falcon Executive Swivel Chair","1","each","311"
"RQ22011222","Admiral Wall Unit","1","each","312"
"RQ22011222","Juana L Shaped desk","1","each","313"
"RQ22011222","Concode Maxi Highback swivel chair","1","each","314"
"RQ22011222","Concode visitors chairs","3","each","315"
"RQ22011222","Credenza 1500 x 800cm","1","each","316"
"RQ22011222","Grayston 1800 x 900cm stationery cabinet","1","each","317"
"RQ22011222","Admiral Wall Unit","1","each","318"
"RQ22011222","Eland Coffee Table","1","each","319"
"RQ22011222","Grayston filing cabinet 4 drawer","1","each","320"
"RQ22011222","Paper bin","1","each","321"
"RQ22011249","supply 4 rims 215x15 f/n hr5219","4","each","322"
"RQ22011231","nova socket outlet","1","each","323"
"RQ22011240","B service nissan np300 f/n hr5339","1","each","324"
"RQ22011255","supply clutch kit isuzu 5th gen f/n hr5198","1","each","325"
"RQ22011287","supply building materials for garage extention","68","each","326"
"RQ22011272","supply building materials for garage extention","1","each","327"
"RQ22011284","supply building materials for garage extention","6","each","328"
"RQ22011261","Herald & Sunday mail subscription","1","each","329"
"RQ2201121","110 VOLTS BATTERY CHARGER","4","each","330"
"RQ22011381","clutch overhaul & fit ht cables f/n hr5200","1","each","331"
"RQ22011323","CURRENT TRANSFORMER","1","each","332"
"RQ22011317","400MM2 BRASS CLAMPS","10","each","333"
"RQ22011351","service @ 20000km f/n hr5327","1","each","334"
"RQ22011396","service @ 10000km f/n hr5299","1","each","335"
"RQ22011370","WELDING CABLE AND ACCESSORIES","1","each","336"
"RQ22011358","glyphoshate 50liters","1","each","337"
"RQ22011357","055 A TONERS","2","each","338"
"RQ22011368","Hp 126A bLACK Toner Cartridge","1","each","339"
"RQ22011368","Hp 126A Cyan","1","each","340"
"RQ22011368","Hp 126A  Yellow","1","each","341"
"RQ22011368","Hp 126A Magenta Toner Cartridges","1","each","342"
"RQ22011368",,"0","each","343"
"RQ22011420","PORTABLE TORCHES","3","each","344"
"RQ22011410","FLEX CABLES","23","metres","345"
"RQ22011450","Tecno Cellphones","10","each","346"
"RQ22011465","Surgical masks (boxes of 50 masks each)","1400","each","347"
"RQ2201176","supply & fit 6 tyres (700x16) for generator cart","6","each","348"
"RQ22011721","Surgical masks (boxes of 50 masks each)","1400","each","349"
"RQ22011762","attend to vehicle not starting mazda bt50 f/n dh7006","1","each","350"
"RQ22011761","New statistics board","1","each","351"
"RQ22011746","Pneumatic valve","1","each","352"
"RQ22011729","Ladies safety shoes (pairs)","100","each","353"
"RQ22011784","1","1","each","354"
"RQ22011714","1","1","each","355"
"RQ22011789","pavers","45238","each","356"
"RQ22011710","COVID 19 ANTIGEN TESTS ","400","each","357"
"RQ22011838"," VISITORS CHAIRS","6","each","358"
"RQ22011829","TRENCHING","60","metres","359"
"RQ2201185","TRENCHING","40","metres","360"
"RQ22011817","TRENCHING","60","metres","361"
"RQ22011828","1","1","each","362"
"RQ22011962","wheel bearing kit front","2","each","363"
"RQ22011914","floor tiles for Hr and Admin Manager","1","each","364"
"RQ22011912","Ground floor boardroom table with chairs","1","each","365"
"RQ22011923","Air conditioning for GIS ground floor office","1","each","366"
"RQ22012062","service ","1","each","367"
"RQ22012039","interactive LED Screen TV Computer","1","each","368"
"RQ22012091","service ","1","each","369"
"RQ22012149","floor tiles for HRAM Manager office","1","each","370"
"RQ22012179","TRENCHING","40","metres","371"
"RQ22012460","TRENCHING","40","metres","372"
"RQ22012473","TRENCHING","20","metres","373"
"RQ22012438","Function room plumbing and water works","1","each","374"
"RQ22012491","Precast repair at New Waterfalls Depot","1","each","375"
"RQ22012425","function room water and plumbing materials","1","each","376"
"RQ2201255","cable trenching","33","each","377"
"RQ22012510","cable trenching","33","metres","378"
"RQ22012578","cable trenching","33","metres","379"
"RQ22012586","Quarry dust for NEW WATERFALLS DEPOT","1","each","380"
"RQ22012565","2","2","each","381"
"RQ22012553","SUPPLY CLUTCH KIT FOR ISUZU KB 240 HR5270","1","each","382"
"RQ22012517","STARTER AND MAJOR SERVICE ON HR 5223","1","each","383"
"RQ2201252","MATERIAL FOR GARAGE","1","each","384"
"RQ22012664","TRENCHING","100","metres","385"
"RQ22012675","TRENCHING","20","metres","386"
"RQ2201262","Payment of Photography for Long Service Function held at Golden Conifer in December 2021","1","each","387"
"RQ22012656","PURCHASE OF ITEL A56, 6 INCH SCREEN,16GB MEMORY, IGB RAM CELLPHONE FOR CHIKOMO ISHMAEL A REVENUE ASSURANCE ASSISTANT AT GLENVIEW CSC","1","each","388"
"RQ22012631","PROCUREMENT OF MOBILE PHONES FOR K. CHARAKUPA AND L. ZABA. ","2","each","389"
"RQ22012785","service and clutch o/haul on hr 5265 adr 0916","1","each","390"
"RQ22012790","attend to veh misfiring on hr 5239 ADL 3491 M/BEREIGN","1","each","391"
"RQ22012839","MEDICAL BILL","1","each","392"
"RQ22013073","SUPPLY AND FIT WHEEL CYLINDER KITS","2","each","393"
"RQ22013066","SUPPLY LOWER CONTROL ARMS FOR HR 5235","2","each","394"
"RQ2201312","CARRY OUT SERVICE HR 5325 REG AFN 3478 MABVUKU","1","each","395"
"RQ22013196","MACHINE ENGINE COMPONENTS FOR HR 5150 ACI4722","1","each","396"
"RQ22020187","Itel S16","7","each","397"
"RQ22020134","supply ignition switch and upholster seat","1","each","398"
"RQ22020185","supply and fit 4 new injectors on hr 5289 AES 4685","4","each","399"
"RQ2202011","SUPPLY CLUTCH ASSY FOR L 200","1","each","400"
"RQ22020115","RECONDTION DIFF AND SUPPLY SHACKLE BUSH HR5259","1","each","401"
"RQ22020164","SUPPLY AND FIT FUEL PUMP ON ISUZU HR 5275","1","each","402"
"RQ22020140","MACHINE   ENGINE COMPONENTS HR5150 ACI 4722","1","each","403"
"RQ22020136","SUPPLY AND FIT F/WHEEL BRGS AND RH MIRROR","1","each","404"
"RQ22020214","CARRY OUT SERVICE ON HR 5325 REG AFN3478","1","each","405"
"RQ22020259","SUPPLY FRT SPRING SHACKLES /PINS FOR HR 5153","4","each","406"
"RQ2202024","CARRY OUT 20000KM SERVICE ON NP 200 HR 5330","1","each","407"
"RQ22020291","Door signage for Drone office first floor","1","each","408"
"RQ22020327","cable trenching","1","each","409"
"RQ22020352","cable reclaim","1","metres","410"
"RQ22020341","cable tracing and reclaim","100","metres","411"
"RQ22020379","Dishwashing liquid in 5L containers","50","each","412"
"RQ22020316","Soap dispensers ","25","each","413"
"RQ22020330","Safety shoes for RMT (PAIRS)","21","each","414"
"RQ2202038","Infra red thermometers","15","each","415"
"RQ22020391","Catering services and venue","100","each","416"
"RQ22020377","Lunch","22","each","417"
"RQ22020364","Training Services","25","each","418"
"RQ22020325","rent","1","each","419"
"RQ22020355","rent","1","each","420"
"RQ22020344","painting","1","each","421"
"RQ22020439","staplerstd deli 0318/0414s","8","each","422"
"RQ22020439","meshed wire bin large 9189","8","each","423"
"RQ22020439","b/pen e/s blue","100","each","424"
"RQ22020439","ruler 30cm","16","each","425"
"RQ22020439","staple pins 26/6[56]","20","each","426"
"RQ22020439","stapler h/duty 0393/0395 deli","1","each","427"
"RQ22020439","staple pins 23/13","1","each","428"
"RQ22020439","paper punch h/duty yoken/dp800","1","each","429"
"RQ22020439","letter tray 3 tier wire","16","each","430"
"RQ22020434","Lunch","20","each","431"
"RQ22020440","Falcon Executive Swivel Chair","1","each","432"
"RQ22020440","Admiral Wall Unit","1","each","433"
"RQ22020440","Juana L Shaped desk","1","each","434"
"RQ22020440","Concode Maxi Highback swivel chair","1","each","435"
"RQ22020440","Concode visitors chairs","3","each","436"
"RQ22020440","Credenza 1500 x 800cm","1","each","437"
"RQ22020440","Grayston 1800 x 900cm stationery cabinet","1","each","438"
"RQ22020440","Admiral Wall Unit","1","each","439"
"RQ22020440","Eland Coffee Table","1","each","440"
"RQ22020440","Grayston filing cabinet 4 drawer","1","each","441"
"RQ22020440","Paper bin","1","each","442"
"RQ22020440",,"0","each","443"
"RQ22020594","REPAIR BIKE AS PER ESTIMATENO 9467 FOR AER2950","1","each","444"
"RQ22020590","telephones","3","each","445"
"RQ2202076","HPCF540A/203 toner cartridge black","2","each","446"
"RQ2202076","HPCF541A/203 toner cartridge cyan","1","each","447"
"RQ2202076","HPCF542A/203 toner cartridge Yellow","1","each","448"
"RQ2202076","HPCF543A/203 toner cartridge Magenta","1","each","449"
"RQ22020757","ADSL BUNDLE FOR GM,FM,HR","1","each","450"
"RQ22020777","ADSL BUNDLE FOR GM,FM,HR","1","each","451"
"RQ22020780","Samsung Galaxy Tablet S7","1","each","452"
"RQ22020715","Samsung Galaxy A30s","1","each","453"
"RQ22020744","10225110","1","each","454"
"RQ22020791","RENOVATIONS FOR WYNNE STREET","1","each","455"
"RQ22020758","RAPID RESPONSE 24 HOURS","1","each","456"
"RQ22020843","Basic tool box kit","2","each","457"
"RQ22020843","Electronic tools kit","2","each","458"
"RQ22020843","Exhibition Tent","2","each","459"
"RQ22020843","Rechargeable torch","8","each","460"
"RQ22020843","Binocular","2","each","461"
"RQ22020877","Office printer","1","each","462"
"RQ22020877","Office printer","1","each","463"
"RQ22020956","SUPPLY AND FIT SPRINGS AND BRACKET UD70","1","each","464"
"RQ22020944","RECHARGEABLE LEDS 20-30WATTS","5","each","465"
"RQ22020979","CELLPHONE HANDSES","5","each","466"
"RQ2202095","floor tiles for Procurement passage","1","each","467"
"RQ22021097","2.5MM2 X2 CORE SWA CABLE","100","metres","468"
"RQ22021086","INSTANT LAWN","500","metres","469"
"RQ22021071","FABRICATION MATERIALS","8","each","470"
"RQ22021073","SECURITY LIGHTS","90","each","471"
"RQ22021025","FLUORESCENT FITTINGS AND TUBES","200","each","472"
"RQ22021051","desks for costing","5","each","473"
"RQ22021092","OHS-39 12 x 16 Frame","12","each","474"
"RQ22021092","OHOS-34 12 x 18 Frame","4","each","475"
"RQ22021050","Beverages ","100","each","476"
"RQ22021012","SUPPLY 215/15 TYRES FOR NISSAN 300","40","each","477"
"RQ22021040","SUPPLY FOUR DRUMS OF ENGINE OIL","840","each","478"
"RQ22021017","SUPPLY FRONT WHEEL BRGS FOR NP300","10","each","479"
"RQ22021014","SUPPLY H4 BULBS ","100","each","480"
"RQ22021042","SUPPLY POWER STEERING BELTS FOR NP300","10","each","481"
"RQ2202109","SUPPLY 4X4 LOWER/UPPER CONTROL ARM NP 300","10","each","482"
"RQ22021076","SUPPLY LOWER/UPPER CONTROL ARM 4X4 NP300","10","each","483"
"RQ22021039","SUPPLY LOWER BALL JOINTS NP300 4X4","10","each","484"
"RQ22021032","SUPPLY SERVICE KIT FOR NP200 NISSAN","10","each","485"
"RQ2202107","16MM 4 CORE SWA PVC CABLE ","30","metres","486"
"RQ22021081","11KV STRAIGHT CONCRETE POLES 12.2M","5","each","487"
"RQ2202104","office furniture for Admin Officer","1","each","488"
"RQ22021078","100MM2 HDA BARE CONDUCTOR","2300","metres","489"
"RQ2202105","office furniture for Admin CLERKS","1","each","490"
"RQ22021169","SUPPLY FUEL PUMP ASSY ON HR5242 ADL 3494","1","each","491"
"RQ22021111","Air con for Drone office ground floor","1","each","492"
"RQ22021116","transportation of quarry dust to Waterfalls depot Parktown","1","each","493"
"RQ2202119","Dunkeld flood lights","1","each","494"
"RQ22021417","Air conditioning for switchboard SERVER room","1","each","495"
"RQ22021434","Sound Hire ","1","each","496"
"RQ22021442","Catering services and venue","1","each","497"
"RQ22021449","Catering services and venue","1","each","498"
"RQ22021492","supply brake pads","20","each","499"
"RQ22021416","Conference ","2","each","500"
"RQ22021477","Hotel accomodation & meals","3","each","501"
"RQ22021483","cable trenching","10","each","502"
"RQ22021474","cable trenching","10","each","503"
"RQ22021443","cable trenching","10","each","504"
"RQ22021424","cable trenching","1","each","505"
"RQ22021555","TRENCHING","20","metres","506"
"RQ22021535"," trenching","20","metres","507"
"RQ22021516"," trenching","20","metres","508"
"RQ22021560"," trenching","20","metres","509"
"RQ22021583","TRENCHING","20","metres","510"
"RQ22021577","TRENCHING","20","metres","511"
"RQ22021543","TRENCHING","20","metres","512"
"RQ2202155","TRENCHING","20","metres","513"
"RQ22021590","TRENCHING","20","metres","514"
"RQ2202159","TRENCHING","20","metres","515"
"RQ22021581","TRENCHING","20","metres","516"
"RQ22021546","TRENCHING","20","metres","517"
"RQ22021567","TRENCHING","20","metres","518"
"RQ2202152","TRENCHING","20","metres","519"
"RQ22021550","TRENCHING","20","metres","520"
"RQ22021520"," trenching","20","metres","521"
"RQ22021531","Transportation of bricks to Parktown Waterfalls","1","each","522"
"RQ22021538","Transportation of bricks to Parktown Waterfalls","1","each","523"
"RQ22021554","Transportation of 45 238 pavers from Zimtile to Parktown Waterfalls new Depot","1","each","524"
"RQ22021696","650 Battery","20","each","525"
"RQ2202168","ENGINE OIL","840","litres","526"
"RQ22021662","215R15 TYRES","40","each","527"
"RQ22021675","245R16 TYRES","30","each","528"
"RQ2202162","SERVICE KIT NP200","10","each","529"
"RQ22021673","wheel bearing","10","each","530"
"RQ22021648","isuzu timing belt 5th generation","10","each","531"
"RQ22021641","HT CABLES ISUZU ","5","each","532"
"RQ22021613","CLUCTH KIT ISUZU 6TH GENERATION","6","each","533"
"RQ22021632","STARTER MOTOR YD 25","3","each","534"
"RQ22021610","Alternator Nissan YD 25","3","each","535"
"RQ22021692","TRANSMISSION OIL","50","litres","536"
"RQ22021666","recondition injector pump & injectors","1","each","537"
"RQ2202167","Hotel/accomodation & meals","3","each","538"
"RQ22021758","Presidential visitors chairs","3","each","539"
"RQ22021758","Damp Valet","1","each","540"
"RQ22021758","Admiral mobile credenzer","1","each","541"
"RQ22021783","Bolton 6 seater","10","each","542"
"RQ22021731","3005-16/Red Brown 1,6m office desk","1","each","543"
"RQ22021731","WN1264A PU Boss Chair brown","1","each","544"
"RQ22021731","B20-3/RD Brown 3 door bookshelf","1","each","545"
"RQ22021769","CONTROL ARM UPPER 4X4 NP300","10","each","546"
"RQ22021759","ARMTURE NP 300 YD25","10","each","547"
"RQ22021784","CLUTCH FORK AND CLUTCH FORK SPRING NP300","10","each","548"
"RQ22021733","DRUMS AND SHOES NISSAN YD 25","10","each","549"
"RQ22021745","CELLPHONES","9","each","550"
"RQ2202177","CELLPHONES","4","each","551"
"RQ22021881","SUPPLY IGNITION SWITCH FOR NP 300","1","each","552"
"RQ22022251","Cleaning detergents for Wynne street offices","1","each","553"
"RQ22022338","SUPPLY CLUTCH KIT FOR ISUZU 5TH GEN KB240HR5194","1","each","554"
"RQ22022345","Walls and floor tiles for first floor toilets at WYNNE STREET","1","each","555"
"RQ22022457","reupholster seat on hr 5235 adi 3704","1","each","556"
"RQ22022476","REUPHOLSTER SEAT FOR HR5255 NP300 AEN3394","1","each","557"
"RQ22022481","REUPHOLSTER SEAT ON HR 5256 NP300 ADR 0895","1","each","558"
"RQ2202246","REUPHOLSTER SEAT ON HR5266 ADR 0917 NP300","1","each","559"
"RQ22022456","REUPHOLSTER SEAT ON HR5252 ADR0890 NP300","1","each","560"
"RQ22022466","REUPHOLSTER SEAT ON HR5263 ADR0912 NP300","1","each","561"
"RQ22022497","REUPHOLSTER ON SEAT FORHR5231ADI3584 NP300","1","each","562"
"RQ22022421","REUPHOLSTER SEAT ON HR 5213 ADA2142 NP300","1","each","563"
"RQ22022472","REUPHOLSTER SEAT ON HR5259 ADR0899 NP300","1","each","564"
"RQ22022465","REUPHOLSTER SEAT ON HR5259 ADR0899 NP300","1","each","565"
"RQ2202241","Hotel accomodation & meals","3","each","566"
"RQ2202256","rent","1","each","567"
"RQ22022596","rent","1","each","568"
"RQ22022536","rent","1","each","569"
"RQ22022519","rent","1","each","570"
"RQ22022531","rent","1","each","571"
"RQ22022573","rent","1","each","572"
"RQ2202255","rent","1","each","573"
"RQ22022595","rent","1","each","574"
"RQ22022518","telephones","1","each","575"
"RQ22022845","NP 300 CLUTCH KIT","5","each","576"
"RQ22022882","cable trenching","10","each","577"
"RQ22022820","cable trenching","10","each","578"
"RQ22022890","cable trenching","10","each","579"
"RQ22022836","cable trenching","20","each","580"
"RQ22022813","cable trenching","15","each","581"
"RQ22022878","supply 12V DC DF bulbs 10amp,15amp and 20amp fuses","100","each","582"
"RQ22022886","RECON CYLINDER HEAD FOR HR5183 ACP9947 CHEERY","1","each","583"
"RQ22022832","RECON 4 INJECTORS FOR NP 300 HR5258 ADR0898","4","each","584"
"RQ22022898","CARRY OUT SERVICE HR5223 ADF8077","1","each","585"
"RQ22022870","CARRY OUT SERVICE ON HR 5223 ADF 8077","1","each","586"
"RQ22022847","CARRY OUT SERVICE HR5223 ADF8077 NP300","1","each","587"
"RQ2202286","HEAD LAMPS","10","each","588"
"RQ22022865","REUPHOLSTER SEAT FOR HR5193 ACX2608 RUWA","1","each","589"
"RQ22022833","CARRY OUT SERVICE ON HR5223 ADF 8077 NP300","1","each","590"
"RQ22022814","bulk water for staff consumption","50","each","591"
"RQ22022826","Sanitizer in 5L bottles","100","each","592"
"RQ22030264","Malta D Padded Desk ","1","each","593"
"RQ22030264","Trieste Swivel Chair","1","each","594"
"RQ22030264","Malta 4 filling cabinet","2","each","595"
"RQ22030264","Presidential Visitors","2","each","596"
"RQ22030264","Grayston 2 door ","1","each","597"
"RQ22030264","Paper bin ","1","each","598"
"RQ22030264","Letter tray ","2","each","599"
"RQ2203029","RUBBER SEALANT & INDUSTRIAL METAL","40","each","600"
"RQ22030265","REWIND TRIP COILS","5","each","601"
"RQ22030296","CELLPHONE HANDSETS","8","each","602"
"RQ22030252","TELEPHONE HANDSETS","2","each","603"
"RQ22030377","Surgical masks (boxes of 50 masks each)","1450","each","604"
"RQ2203031","3005-16/Red Brown 1,6m office desk","1","each","605"
"RQ2203031","WN1264A PU Boss Chair brown","1","each","606"
"RQ2203031","B20-3/RD Brown 3 door bookshelf","1","each","607"
"RQ22030341","Bolton 6 seater","10","each","608"
"RQ22030357","Presidential visitors chairs","3","each","609"
"RQ22030357","Damp Valet","1","each","610"
"RQ22030357","Admiral mobile credenzer","1","each","611"
"RQ22030468","Surgical masks (boxes of 50 masks each)","1450","each","612"
"RQ22030465","Sanitizing disinfectant 5L bottles","50","each","613"
"RQ22030478","Daily news newspaper subscription","1","each","614"
"RQ22030895","supply clutch kit for NP300 for stock","5","each","615"
"RQ22030855","SUPPLY HIHG FUEL PRESSURE PUMP FOR ISUZU","1","each","616"
"RQ22030896","Transport service","1","each","617"
"RQ22030838","REWIND TRIP COILS","5","each","618"
"RQ22030962","SUPPLY CLUTCH KITS FOR NP300 FOR STOCK","5","each","619"
"RQ22031088","SUPPLY SUSPENSION SPARES FOR L200","1","each","620"
"RQ22031025","CLUTCH KIT NP300","5","each","621"
"RQ22031074","CLUCTH KIT NP300","2","each","622"
"RQ22031085","SUSPENSION BUSHES NP300","100","each","623"
"RQ22031086","SERVICE KIT UD CROONER","10","each","624"
"RQ22031098","DIESEL SEAL(LIFT PUMP)","10","each","625"
"RQ22031049","CLUCTH KIT UD 70","3","each","626"
"RQ22031048","HUB NP300","6","each","627"
"RQ22031017","WATER PUMP NP 300","5","each","628"
"RQ22031083","BALL JOINT UPPER 4X4 AND 4X2","10","each","629"
"RQ22031082","FUEL PUMP ASS ISUZU 6TH GENERATION","10","each","630"
"RQ22031022","FUEL PUMP ASS ISUZU 5TH GENERATION","5","each","631"
"RQ22031023","SUCTION VALVE NP300","10","each","632"
"RQ22031081","CHASIS FILTER UD 70 AND UD 90","10","each","633"
"RQ22031026","OIL COOLER NISSAN NP300","5","each","634"
"RQ22031031","IDLER ARM NISSAN NP300","10","each","635"
"RQ22031018","TIE ROD END NISSAN 4X4","20","each","636"
"RQ22031040","INJECTORS NISSAN YD 25","8","each","637"
"RQ22031029","TIE ROD END NISSAN YD25 4X4","20","each","638"
"RQ22031036","TIE ROD END NISSAN 4X4","20","each","639"
"RQ22031028","GEAR OIL 80W90","210","each","640"
"RQ22031080","PENETRATING OIL 500ML","10","each","641"
"RQ22031084","COOLANT (1 LITRE)","20","each","642"
"RQ22031038","CABLE TIES","100","each","643"
"RQ22031096","New Waterfalls urinary materials","1","each","644"
"RQ22031034","New Waterfalls urinary materials","1","each","645"
"RQ22031042","Fridge, 4 plate stove and microwave","1","each","646"
"RQ22031143","TIE ROD END 4X2","50","each","647"
"RQ22031128","UPPER CONTRL ARM NISSAN NP300","20","each","648"
"RQ22031185","SHOCKS REAR AND FRONT NP300","30","each","649"
"RQ2203114","BRAKE PADS NP300 4X2","30","each","650"
"RQ22031135","LOWER CONTROL ARM NISSAN 4X2","30","each","651"
"RQ22031169","BRAKE PADS NP300 4X2","30","each","652"
"RQ22031294","SUPPLY CLUTCH KIT FOR ISUZU 5TH GEN KB240 HR5199","1","each","653"
"RQ22031484","Lunches from Mambos ","600","each","654"
"RQ22031412","WORKSHOP DOORS MATERIALS","1","each","655"
"RQ22031438","REWIND COOLINF FAN MOTORS","4","each","656"
"RQ22031466","Photography","1","each","657"
"RQ22031411","Snacks ","1","each","658"
"RQ22031416","cable trenching","12","metres","659"
"RQ22031447","MEDICAL BILL","1","each","660"
"RQ2203144","External HDD","9","each","661"
"RQ22031421","1","1","each","662"
"RQ22031459","NYLON LINE","4","each","663"
"RQ22031535","CARRY OUT CLUTCH O/HAUL ","1","each","664"
"RQ2203153","CARRY OUT SERVICE ON W/SHOP COMPRESSOR","1","each","665"
"RQ22031522","RECTIFY SHORT ON ELECTRICS AND CLUTCH MATCHING","1","each","666"
"RQ22031598","24V FLASHER UNIT","5","each","667"
"RQ22031581","12V BULBS","100","each","668"
"RQ22031586","COLUM SWITCH L200","5","each","669"
"RQ22031545","CARRY CLUTCH O/HAUL ON JMC ACR 2050","1","each","670"
"RQ22031599","SUPPLY AND FIT CLUTCH KIT ON HR5176 ACR2050","1","each","671"
"RQ2203154","1","1","each","672"
"RQ22031523","ELECTRIC REPAIRS AND MATCH CLUTCH ASSY ISUZU","1","each","673"
"RQ2203152","Hotel accomodation & meals","3","each","674"
"RQ22031551","CARRY OUT 10000 KM SERVICE ON NP200","1","each","675"
"RQ22031549","1","1","each","676"
"RQ22031680","APPLE 11 INCH (2021 ) M1 IPAD PRO WI-FI + CEL 256GB - SPACE GREY  ","3","each","677"
"RQ22031680","SPECK BALANCE FOLIO FOR IPAD PRO 11"" S/W VARIOUS","3","each","678"
"RQ22031680","BODY GLOVE TEMPERED GLASS SCREEN GUARD FOR IPAD","3","each","679"
"RQ22031738","H Sections for Finance section storeroom additional materials","1","each","680"
"RQ22031758","timber for Finance section storeroom additional materials","1","each","681"
"RQ22031790","EMERGENCY WARNING SYSTEM","1","each","682"
"RQ22031734","Fire extinguishers and fire blankets (Sum as per PR)","9","each","683"
"RQ22031791","Safety signage (various) sum","1","each","684"
"RQ22031713","Staff Training ","60","each","685"
"RQ22031859","1","120","each","686"
"RQ22031865","concrete stones","140","each","687"
"RQ22031858","LIFTMASTER HIGHBACK FABRIC SWIVEL  CHAIRS","10","each","688"
"RQ22031830","tiling materials","1","each","689"
"RQ22031954","CARRY OUT SERVICE ON HR5333 AFN3287","1","each","690"
"RQ22031939","CARRY OUT ENGINE OVERHAUL ON HONDA AER2944","1","each","691"
"RQ22032137","New Waterfalls depot Parktown borehole pump and accessories","1","each","692"
"RQ22032294","SPARK PLUGS FOR ISUZU","100","each","693"
"RQ22032246","BATTERY TERMINAL","100","each","694"
"RQ22032297","100 GENUINE ISUZU KB 240 6TH GEN","100","each","695"
"RQ22032263","Trenching joint holes","6","each","696"
"RQ22032232","floodlights","8","each","697"
"RQ22032265","Lunch","200","each","698"
"RQ22032287","CABLE IDENTIFIER","1","each","699"
"RQ22032269","ELECTRIC AIR BLOWER","2","each","700"
"RQ2203225","DIELECTRIC STRENGTH OIL TESTER","1","each","701"
"RQ22032278","SCAFFOLDING","1","each","702"
"RQ22032255","ALUMINIUM LADDERS","4","each","703"
"RQ22032257","EARTH SETS","15","each","704"
"RQ22032271","BRUSH CUTTERS","4","each","705"
"RQ22032261","LINK STICKS","15","each","706"
"RQ22032227","CIRCUIT BREAKER ANALYSER","1","each","707"
"RQ22032267","TRANSFORMER TURNS RATIO METER","1","each","708"
"RQ22032217","TRANSFORMER TURNS RATIO METER","1","each","709"
"RQ2203227","VACUUM CIRCUIT BREAKER TESTER","1","each","710"
"RQ2203223","BATTERY RESISTANCE TESTER","1","each","711"
"RQ22032296","Waterstand","1","each","712"
"RQ22032254","Gate","1","each","713"
"RQ22032213","supply panel beating kit equipment for garage","1","each","714"
"RQ2203229","carry out engine o/haul on honda AER2944","1","each","715"
"RQ22032245","supply panelbeating equipment for garage use","1","each","716"
"RQ22032363","cable trenching","10","metres","717"
"RQ22032311","quarry stones","140","kgs","718"
"RQ22032428","650 BATTERY","20","each","719"
"RQ22032421","HEAVY DUTY BLACK AND WHITE PRINTER","1","each","720"
"RQ22032463","HP PROBOOK 450 G6 LAPTOP","1","each","721"
"RQ22032424","CARRY OUT 10000KM SERVICE","1","each","722"
"RQ22032449","SUPPLY CLUTCH KIT FOR NISSAN UD CPB 12","1","each","723"
"RQ22032498","CARRY OUT SERVICE ON NISSAN UD PKE250 HR5325","1","each","724"
"RQ22032430","TOW HR5152 FROM B/DALE TO DULYS","1","each","725"
"RQ22032482","SUPPLY SUB ASSY FOR ISUZU KB 240 HR5271","1","each","726"
"RQ22032466","SUPPLY ENGINE SUB ASSY FOR ISUZU KB240 HR5283","1","each","727"
"RQ22032497","CRANE HIRE TO FERRY AND PLANT 2 MV POLES ","2","each","728"
"RQ22032575","torches","11","each","729"
"RQ22032597","1","1","each","730"
"RQ22032568","APPLE 11 INCH (2021 ) M1 IPAD PRO WI-FI + CEL 256GB - SPACE GREY  ","3","each","731"
"RQ22032568","SPECK BALANCE FOLIO FOR IPAD PRO 11"" S/W VARIOUS","3","each","732"
"RQ22032568","BODY GLOVE TEMPERED GLASS SCREEN GUARD","3","each","733"
"RQ22032860","water connection","1","each","734"
"RQ22032831","cable trenching","22","metres","735"
"RQ22032899","cable trenching","22","metres","736"
"RQ22032890","cable trenching","27","metres","737"
"RQ22032857","cable trenching","27","metres","738"
"RQ22032823","1","1","each","739"
"RQ22032972","175/70x13 Tyres","20","each","740"
"RQ22033059","11R22.5 UD AND 90","6","each","741"
"RQ22033098","recondition steering rack & 2 upper control arms","3","each","742"
"RQ22033069","cable trenching","27","metres","743"
"RQ22033120","CARRY OUT SERVICE HR5333 Borrowdale depot","1","each","744"
"RQ22033162","CARRY OUT SERVICE HR5326 FOR OPS ","1","each","745"
"RQ22033189","6 drawer wooden filing cabinet","2","each","746"
"RQ22040167","24v single contact single filament bulb","50","each","747"
"RQ22040162","Pressure tank waterfalls new Depot ","1","each","748"
"RQ22040117","BRICKS","6000","each","749"
"RQ22040129","BRICKS","2000","each","750"
"RQ22040190","Accommodation for Chinguwo M","1","each","751"
"RQ22040190","Accommodation for Nyakatawa E","1","each","752"
"RQ22040190","Accommodation for Goba E","1","each","753"
"RQ22040151","OFFICE FURNITURE","1","each","754"
"RQ22040111","Plan fee for Ruwa depot","1","each","755"
"RQ22040498","SUPPLY FRONT WHEEL B/RINGS 4BY4 NP300","2","each","756"
"RQ22040463","1","1","each","757"
"RQ22040554","GENERATOR EXHAUST","1","each","758"
"RQ2204051","instant lawn for new waterfalls depot Parktown","1","each","759"
"RQ22040574","STAFF TRAINING","1","each","760"
"RQ22040540","STAFF TRAINING","1","each","761"
"RQ22040649","REPAIRS TO AIRCONDITIONER","1","each","762"
"RQ22040617","Dunkeld cottage ceiling repair works","1","each","763"
"RQ22040626","Reflective vests","150","each","764"
"RQ22040660","Inspection, servicing and supply of fire fighting equipment","1","each","765"
"RQ22040665","Refurbishment of statistics boards (various)","1","each","766"
"RQ22040644","Surgical masks (boxes of 50 masks each)","1500","each","767"
"RQ22040895"," DOUBLE DOORS WITH SIDELIGHT 6.38 C/LAMINATED CHARCOAL GREY 2434X2160 ","1","each","768"
"RQ22040860","MEDICAL BILL","1","each","769"
"RQ22041181","GENERATOR EXHAUST","1","each","770"
"RQ22041150","SERVICE 4 INJECTORS AND SUPPLY NEW CORE NP300","5","each","771"
"RQ22041128","SUPPLY DETERGENTS FOR W/SHOP USE","1","each","772"
"RQ22041195","SUPPLY DETERGENTS FOR W/SHOP USE","1","each","773"
"RQ22041120","SUPPLY WATER DISPENSER HOT AND COLD","1","each","774"
"RQ22041116","supply lighting materials for w/shop premises","1","each","775"
"RQ22041232","Dinner bed and breakfast","4","each","776"
"RQ22041362","Trenching services","1","each","777"
"RQ22041345","80mm interlocking plain pavers ","30000","each","778"
"RQ2204147","cable trenching","22","metres","779"
"RQ22041410","cable trenching","22","metres","780"
"RQ22041416","SUPPLY AND FIX OF AIR CONDITIONING UNITS","4","each","781"
"RQ2204144","WET STICKS","6","each","782"
"RQ22041473","SERVICE IT NP300","40","each","783"
"RQ22041442","SERVICE KIT NP300","20","each","784"
"RQ22041451","SIM card compatible Samsung Galaxy Tab S7 Tab","1","each","785"
"RQ22041964","Branded caps ","7","each","786"
"RQ22041964","Banded golf t-shirts","7","each","787"
"RQ22041956","110mm x 600mm Galvanised steel pipes","2","each","788"
"RQ22041958","Cellphone Handsets","2","each","789"
"RQ22041918","LASERJET MFP M479 FDW COLOUR PRINTER","1","each","790"
"RQ22041973","CARRY OUT SERVICE ON UD CRONER AFN 3484 HR5324","1","each","791"
"RQ2204207","teas","6","each","792"
"RQ22042086","2 x 110mm x 600mm Galvanised steel pipes","2","each","793"
"RQ22042089","Dust cleaning services","1","each","794"
"RQ2204215","CARRY OUT ENGINE O/HAUL ON HR5283 W/PARK DEPOT","1","each","795"
"RQ22042120","CARRY OUT ENGINE O/HAUL ON HR5271 FOR OPPS/MAINS","1","each","796"
"RQ22042157","110mm x 600mm Galvanised steel pipes","2","each","797"
"RQ22042189","CARRY OUT ENGINE O/HAUL ON 2648 T35 OF W/PARK","1","each","798"
"RQ22042197","CARRY OUT ENGINE ON 2648 T35 FOR W/PARK","1","each","799"
"RQ22042125","CARRY OUT ENGINE O/HAUL ON 2648 T35 FOR W/PARK","1","each","800"
"RQ22042158","CARRY OUT ENGINE O/HAUL ON 2648 FOR W/PARK","1","each","801"
"RQ22042194","carry out engine O/haul on 2648 T35 for W/Park","1","each","802"
"RQ22042211","CARRY OUT ENGINE O/HAUL ON 2648 T35 OF W/PARK","1","each","803"
"RQ22042243","Drawing hangers","200","each","804"
"RQ22042248","Drawing hangers","200","each","805"
"RQ22042272","1","500","metres","806"
"RQ22042513","CARRY OUT O/HAUL ON 2648 ON T35 FOR W/PARK","1","each","807"
"RQ22042533","Office Desk","1","each","808"
"RQ22042533","Swivell Chair","1","each","809"
"RQ22042533","Credenza","2","each","810"
"RQ22042533","Visitors Chair","2","each","811"
"RQ22042533","Filing Cabint","3","each","812"
"RQ22042533","Stationery cabinet","1","each","813"
"RQ22042569","Office Desk","1","each","814"
"RQ22042569","Swivell Chair","1","each","815"
"RQ22042569","Visitors Chair","2","each","816"
"RQ22042569",,"0","each","817"
"RQ22042672","Pearlenta 10kg","1","each","818"
"RQ22042672","Red Seal Rice 2kg","4","each","819"
"RQ22042672","Cooking oil 2LT","1","each","820"
"RQ22042672","Potatoes 10kg","1","each","821"
"RQ22042672","Stewing beef super 1kg","10","each","822"
"RQ22042672","Irvines chicken 5kg","2","each","823"
"RQ22042672","Lettuce head","4","each","824"
"RQ22042672","Carrots 1kg","4","each","825"
"RQ22042672","Tomatoes 1kg","5","each","826"
"RQ22042672","Cabbages head","2","each","827"
"RQ22042672","Onions 1kg","2","each","828"
"RQ22042672","Portuguese Chicken Spice 100ml","4","each","829"
"RQ22042672","Salt 2kg","1","each","830"
"RQ22042672","Irvines eggs crate","2","each","831"
"RQ22042672","Bacon 500g","5","each","832"
"RQ22042672","Cheddar Cheese 200g","5","each","833"
"RQ22042672","Ham 500g","5","each","834"
"RQ22042672","Tongue 500g","5","each","835"
"RQ22042672","Mazoe Blackberry 2LT","3","each","836"
"RQ22042672","Delta soft drinks 330ml","60","each","837"
"RQ22042672","Aquaclear mineral water 500ml","144","each","838"
"RQ22042672","Proton Bread","10","each","839"
"RQ22042672","C&B Mayonnaise 790g","2","each","840"
"RQ22042672","Vinegar 750ml","1","each","841"
"RQ22042672","Green pepper punnet","1","each","842"
"RQ22042672","Red pepper punnet","1","each","843"
"RQ22042672","English cucumber","6","each","844"
"RQ22042639","Plumbing materials","38","each","845"
"RQ22042690","Electrical repairs material","533","each","846"
"RQ22042638","Floor tilling material","296","each","847"
"RQ22042674","205X16 TYRES","20","each","848"
"RQ2204266","UPPER CONTRL ARM NISSAN NP300","10","each","849"
"RQ22042643","UPPER CONTRL ARM NISSAN NP300","10","each","850"
"RQ22042676","UPPER CONTRL ARM NISSAN NP300 4X4","10","each","851"
"RQ22042644","newspapers","1","each","852"
"RQ22042698","rent","1","each","853"
"RQ22042653","rent","1","each","854"
"RQ22042660","SERCURITY SERVICES","1","each","855"
"RQ22042691","cable trenching","56","metres","856"
"RQ22042611"," Cable trenching","10","metres","857"
"RQ22042666","cable trenching","38","metres","858"
"RQ22042741","ENGINE OIL","840","litres","859"
"RQ22042821","rent","1","each","860"
"RQ22042822","Lunch and Drinks","1","each","861"
"RQ22042875","rent","1","each","862"
"RQ22042929","Sievert Burner","3","each","863"
"RQ22042929","Sievert bent neck","3","each","864"
"RQ22042929","Sievert 88 Handle","3","each","865"
"RQ22042929","Nipple for 8mm hose & nut","3","each","866"
"RQ22042929","Nut 3/8"" LH","3","each","867"
"RQ22042929","O Clip 10 off (8mm hose)","6","each","868"
"RQ22042929","Regulator S 6000 LGS 400","3","each","869"
"RQ22042929","Hose 8mm orange for Handgas","3","each","870"
"RQ22050369","cable trenching","200","metres","871"
"RQ22050455","1mm press pan","10","each","872"
"RQ22050455","1.5mm press pan","10","each","873"
"RQ22050493","3mm press pan sheet","5","each","874"
"RQ22050493","6mm cork gasket","10","each","875"
"RQ22050445","size 7 safety shoes oil resistant","2","each","876"
"RQ22050445","size 8 safety shoes oil resistant","2","each","877"
"RQ22050445","size 10 safety shoes oil resistant","4","each","878"
"RQ22050434","X- Frame banners","2","each","879"
"RQ22050441","Roofing sheet kalahari red for function room 2","1","each","880"
"RQ22050494","cable 2,5mm core flex and hacksaw dodge","1","each","881"
"RQ22050471","TRANSFORMER 1OIL TEST","1","each","882"
"RQ22050479","CARRY OUT CLUTCH AND SUSP O/HAUL ON HR5297 RISK","1","each","883"
"RQ22050410","CARRY OUT PANEL BEATING ON HR 5003 G/VIEW L200","1","each","884"
"RQ22050571","CARRY OUT P/BEATING ON HR5003 L200 G/VIEW","1","each","885"
"RQ22050553","CARRY OUT P/BEATING ON L200 HR5003 G/VIEW","1","each","886"
"RQ2205059","CARRY OUT P/BEATING ON HR5003 FOR G/VIEW","1","each","887"
"RQ22050581","carry out p/beating onHR5003 L200 G/View ","1","each","888"
"RQ22050573","SUPPLY AND FIT OIL PUMP & PRESSURE SWITCH","1","each","889"
"RQ22050565","Purchasing of 3 core 2.5mm cable for Dunkeld residency","1","each","890"
"RQ22050566","Purchasing of 3 core 2.5mm cable for Dunkeld residency","1","each","891"
"RQ22050516","Purchasing of 3 core 2.5mm cable for Dunkeld residency","1","each","892"
"RQ22050525","Purchasing of 3 core 2.5mm cable for Dunkeld residency","1","each","893"
"RQ22050634","mv cable recovery","100","metres","894"
"RQ22050934","PURCHASE OF 6 X  OXYGEN TEC CYLINDER 14.2KG AND 3 X ACET TEC CYLINDER 8KG GAS","9","each","895"
"RQ22051059","RECON PROP SHAFT FOR HR5235 ADI 3704 FOR OPPS","1","each","896"
"RQ22051123","SUPPLY COMB SWITCH FOR T35 2644 ACU 0024","1","each","897"
"RQ22051167","new transformer oil","840","litres","898"
"RQ22051196","new transformer oil","840","litres","899"
"RQ2205117","NEW TRANSFORMER OIL","840","litres","900"
"RQ22051186","NEW TRANSFORMER OIL","840","litres","901"
"RQ22051156","NEW TRANSFORMER OIL","840","litres","902"
"RQ22051128","NEW TRANSFORMER OIL","840","litres","903"
"RQ22051254","purchasing of landline sockets and cords at Wynne Street","1","each","904"
"RQ22051228","bolt cutter 900mm adjustable jaw","1","each","905"
"RQ22051228","bolt cutter 600mm adjustable jaw","2","each","906"
"RQ22051212","Old waterfalls depot toilets refurbishment ","1","each","907"
"RQ22051337","repairs commercial toilet first floor","1","each","908"
"RQ22051355","repairs for commercial toilet first floor","1","each","909"
"RQ22051384","repairs for commercial toilet first floor","1","each","910"
"RQ22051321","1","2","each","911"
"RQ2205132","cable trenching","10","metres","912"
"RQ22051340","cable trenching","29","metres","913"
"RQ22051313","building materials for commercial toilet first floor","1","each","914"
"RQ22051369","Lunches","40","each","915"
"RQ22051613","Amoured Cable 3 core 16mm","30","metres","916"
"RQ22051613","Electrical conduit 25mm pvc 4.0m","20","each","917"
"RQ22051613","Electrical conduit 19mm pvc 4.0m","20","each","918"
"RQ22051613","Electrical conduit Nipples 19mm pvc","100","each","919"
"RQ22051613","Electrical conduit nipples 25mm pvc ","100","each","920"
"RQ22051613","Adaptor electrical 19mm pvc","5","each","921"
"RQ22051613","ACDC Armoured cable compression gland metal size 3","2","each","922"
"RQ22051613","Electrical conduit coupling 19mm pvc","100","each","923"
"RQ22051613","Prodorite solvent cement 500ml","1","each","924"
"RQ22051613","Box octagon 3/4in pvc","5","each","925"
"RQ22051613","Box flush 6x3in pvc","8","each","926"
"RQ22051613","Box flush 3x3in pvc","5","each","927"
"RQ22051613"," Plastic flush Din mount ip30 8 ways","1","each","928"
"RQ22051613","Himel switch 1 Gang 2way","3","each","929"
"RQ22051613","Xmpla Maxlite led tube 4ft 18w colour 6500k 1800lm","8","each","930"
"RQ22051613","Electrical saddles 19mm pvc ","100","each","931"
"RQ22051613","Switch double socket outlet 15A flush","8","each","932"
"RQ22051613","Cable single core 1.5mm Black per metre","100","metres","933"
"RQ22051613","Cable single core 1.5mm Red per metre","100","metres","934"
"RQ22051613","Cable single core 2.5mm Black per metre","100","metres","935"
"RQ22051613","Cable single core 2.5mm Red per metre","100","metres","936"
"RQ22051613","Cable single core 2.5mm Yellow/Green","100","metres","937"
"RQ22051613","Cable single core 6.0mm Black per metre","20","metres","938"
"RQ22051613","Cable single core 6.0 Red per metre","20","metres","939"
"RQ22051613","Earthwire cable 6.0mm Red per metre","15","metres","940"
"RQ22051613","Bush brass female 25mm","1","each","941"
"RQ22051613","Bush brass female 20mm","8","each","942"
"RQ22051613","Hy-Mag mcb 15Amp 1 pole","5","each","943"
"RQ22051613","Hy-Mag mcb 30Amp 1 pole","2","each","944"
"RQ22051613","Hy-Mag mcb 60Amp 1 pole","3","each","945"
"RQ22051613","Wood screw csk 3.5x40mm ","1","each","946"
"RQ22051613","Bush brass male 20mm","8","each","947"
"RQ22051613","Bush brass male 25mm","1","each","948"
"RQ22051644","building material for commercial toilet","1","each","949"
"RQ22051656","purchase for toilet repairs material commercial first floor","1","each","950"
"RQ22051653","Executive Single BB","3","each","951"
"RQ22051681","2","2","each","952"
"RQ22051647","1","1","each","953"
"RQ22051727","Gm residency and waterfalls plumbing materials ","1","each","954"
"RQ22051723","Purchasing of cleaning detergents for Wynne street use","1","each","955"
"RQ22051778","instant lawn 50 Dunkled","1","each","956"
"RQ22051720","instant lawn 50 Dunkled","1","each","957"
"RQ22051867","Glass","35","each","958"
"RQ22051867","Putty","40","kgs","959"
"RQ22051841","cable trenching","34","metres","960"
"RQ22051820","cable trenching","24","metres","961"
"RQ22051811","cable trenching","25","metres","962"
"RQ22051817","instant lawn 50 Dunkled","1","each","963"
"RQ22051877","instant lawn 50 Dunkled","1","each","964"
"RQ22051823","instant lawn","1","each","965"
"RQ22051860","instant lawn","1","each","966"
"RQ22051812","instant lawn 50 Dunkled","1","each","967"
"RQ22051836","instant lawn 50 Dunkled","1","each","968"
"RQ22051887","purchase for toilet repairs material commercial first floor","1","each","969"
"RQ22051835","instant lawn","1","each","970"
"RQ22051875","instant lawn","1","each","971"
"RQ22051834","instant lawn","1","each","972"
"RQ22051840","instant lawn","1","each","973"
"RQ22051836","kikuyu lawn for Dunkeld GM residency","1","each","974"
"RQ22051888","Wynne street 1st floor toilet material repairs","1","each","975"
"RQ22051929","instant lawn","1","each","976"
"RQ22051924","instant lawn","1","each","977"
"RQ22051973","floor tiles for 1st floor commercial offices","1","each","978"
"RQ22051954","floor tiles for 2nd floor commercial offices","1","each","979"
"RQ22051910","Plumbing materials","9","each","980"
"RQ22051930","Plumbing materials","3","each","981"
"RQ22051923","PURCHASING OF OD WATERFALLS DEPOT COVENTRY FLOOR TILES","1","each","982"
"RQ22051965","Secretary's Winter School workshop","5","each","983"
"RQ22051974","INTERNATIONAL SYMPOSIUM ON RISK AND SAFETY MANAGEMENT","1","each","984"
"RQ22051941","2","2","each","985"
"RQ22051933","Renovations of Old Waterfalls Depot","1","each","986"
"RQ22052053","Secretary's Winter School workshop","2","each","987"
"RQ22052014","Secretary's Winter School workshop","3","each","988"
"RQ22052051","Secretary's Winter School workshop","3","each","989"
"RQ22052044","Secretary's Winter School workshop","3","each","990"
"RQ22052087","Waterfalls renovations- Ceiling Coventry","1","each","991"
"RQ22052345","Red seal Pearlenta 10kg","1","each","992"
"RQ22052345","Basmatic rice 2kg","5","kgs","993"
"RQ22052345","Raha cooking oil 2lt","2","litres","994"
"RQ22052345","Potatoes 10kg","2","kgs","995"
"RQ22052345","T bone beef kg","15","kgs","996"
"RQ22052345","Irvines chicken 2kg","6","kgs","997"
"RQ22052345","Lettuce head","3","each","998"
"RQ22052345","Carrots 1kg","2","kgs","999"
"RQ22052345","Tomatoes p* kg","10","kgs","1000"
"RQ22052345","Cabbage head","2","each","1001"
"RQ22052345","Onions p* kg","2","kgs","1002"
"RQ22052345","Portuguese chicken spice 100ml","4","each","1003"
"RQ22052345","Salt 2kg","1","kgs","1004"
"RQ22052345","Irvines eggs","2","each","1005"
"RQ22052345","Bacon 500g","5","each","1006"
"RQ22052345","Cheddar melrose slice cheese","5","each","1007"
"RQ22052345","Ham p* kg","5","kgs","1008"
"RQ22052345","Beef polony p* kg","2","kgs","1009"
"RQ22052345","Mazoe orange crush 2lt","3","litres","1010"
"RQ22052345","Delta can drinks 330ml","60","each","1011"
"RQ22052345","Tingamira mineral water 500ml","144","each","1012"
"RQ22052345","Proton bread ","12","each","1013"
"RQ22052345","CB Mayonnaise 750g","2","each","1014"
"RQ22052345","Vinegar 750ml","1","each","1015"
"RQ22052345","Green paper PNT","1","each","1016"
"RQ22052345","Red pepper PNT ","1","each","1017"
"RQ22052345","English cucumber ","6","each","1018"
"RQ22052345","Royco","3","each","1019"
"RQ22052345","Butternut p* kg","6","kgs","1020"
"RQ22052368","Assorted platter","2","each","1021"
"RQ22052368","Assorted platter","2","each","1022"
"RQ22052368","Standard beef burger","10","each","1023"
"RQ22052368","Basmatic rice 2kg","2","kgs","1024"
"RQ22052368","Raha cooking oil 2lt","1","litres","1025"
"RQ22052368","Potatoes 10kg","1","kgs","1026"
"RQ22052368","T bone beef p* kg","10","kgs","1027"
"RQ22052368","Irvines chicken 5kg","2","kgs","1028"
"RQ22052368","Lettuce head","4","each","1029"
"RQ22052368","Carrots 1kg","2","kgs","1030"
"RQ22052368","Tomatoes p* kg","5","kgs","1031"
"RQ22052368","Cabbage head","2","each","1032"
"RQ22052368","Onions p* kg","2","kgs","1033"
"RQ22052368","Portuguese chicken spice 100ml","4","each","1034"
"RQ22052368","Salt 2kg","1","each","1035"
"RQ22052368","Mazoe orange crush 2lt","3","litres","1036"
"RQ22052368","Delta can drink 330ml ","40","each","1037"
"RQ22052368","Tingamira mineral water 500ml","72","each","1038"
"RQ22052368","CB Mayonnaise 750g","2","each","1039"
"RQ22052368","Green pepper PNT","1","each","1040"
"RQ22052368","Red pepper PNT","1","each","1041"
"RQ22052368","English cucumber ","6","each","1042"
"RQ22052368","Royco","3","each","1043"
"RQ22052368","Butternut p* kg","1","each","1044"
"RQ22052329","2450x1225x3mm HR Sheet","1","each","1045"
"RQ2205231","Purchasing of 19mm stone for Ruwa depot construction","1","each","1046"
"RQ22052325","River sand for Ruwa Depot new construction","1","each","1047"
"RQ22052354","Pitsand for Ruwa Depot new construction","1","each","1048"
"RQ22052360"," 88200 common bricks for ruwa depot","1","each","1049"
"RQ22052723","1/4 chicken & chips","31","each","1050"
"RQ22052723","burger","1","each","1051"
"RQ22052723","Spaletta cherry","12","each","1052"
"RQ22052723","coke","12","each","1053"
"RQ22052723","Fanta","8","each","1054"
"RQ22052723","Red grape","1","each","1055"
"RQ22052723","1L water","1","each","1056"
"RQ22052784","SQM Tam cream","232","each","1057"
"RQ22052784","Lafarge supafix porcelain","200","each","1058"
"RQ22052784","Bonding Liquid 20L","2","litres","1059"
"RQ22052784","Bonding liquid 5L","2","litres","1060"
"RQ22052784","3mm tile spacers (150)","8","each","1061"
"RQ22052784","Light grey grout 20kg","2","kgs","1062"
"RQ22052784","Aluminium tile trim 12mmx2.5m","80","each","1063"
"RQ22052796","Paint for Old Waterfalls depot Coventry","1","each","1064"
"RQ22053082","U/Ground pipe 110mm 6mtr","6","each","1065"
"RQ22053082","PVC Plain junction 45deg","4","each","1066"
"RQ22053082","PVC 110mm 135deg plain bend 1/8 underg","4","each","1067"
"RQ22053082","PVC plain bend 1/4 87.5","6","each","1068"
"RQ22053082","PVC Gulley p/trap 110mm","2","each","1069"
"RQ22053082","PVC Rodding eye (ABC)","3","each","1070"
"RQ22053082","110MM Two way vent valve","2","each","1071"
"RQ22053082","PVC Gulley head grate","2","each","1072"
"RQ22053082","PVC Tee 110mm 95deg","2","each","1073"
"RQ22053082","50mm waste pipe per metre","12","metres","1074"
"RQ22053082","PVC IE bend","9","each","1075"
"RQ22053082","PVC IE Junction 90deg","4","each","1076"
"RQ22053082","PVC Plain bend","6","each","1077"
"RQ22053082","Y Junction waste 50mm","4","each","1078"
"RQ22053082","1.5 mtr CAM drop in sink","2","each","1079"
"RQ22053082","Sink combination (Double)","2","each","1080"
"RQ22053082","Cobra metsi sink mixer wall type","2","each","1081"
"RQ22053082","Frankie sink waste big","4","each","1082"
"RQ22053082","5.5mtr Copper pipe 15mm","5","each","1083"
"RQ22053082","Cap elbow 15mm","30","each","1084"
"RQ22053082","Cap equal tee 15mm","12","each","1085"
"RQ22053082","Cap F/Elbow 15mm","14","each","1086"
"RQ22053082","Cap coupling 15mm","10","each","1087"
"RQ22053082","Angle valve 15mm","12","each","1088"
"RQ22053082","Stop cock 15mm","4","each","1089"
"RQ22053082","Cap C/FI coupling 15mm","4","each","1090"
"RQ22053082","Cap CU to M/I coupling","10","each","1091"
"RQ22053082","Thread seal tape","10","each","1092"
"RQ22053082","Solder roll","1","each","1093"
"RQ22053082","Prodorite S/Cement 500ml","1","each","1094"
"RQ22053082","6mm 25mm PVC pipe CL 16/1","4","each","1095"
"RQ22053082","PVC Plain tee 25mm","4","each","1096"
"RQ22053082","25mm PVC Plain elbow","9","each","1097"
"RQ22053082","Faucet thredded elbow","5","each","1098"
"RQ22053082","5.5mtr copper pipe 20mm","2","each","1099"
"RQ22053082","Stop cock 20mm","4","each","1100"
"RQ22053082","Cap copper to male coupling","12","each","1101"
"RQ22053082","Cap 22-15mm reducing coupling","4","each","1102"
"RQ22053082","Copper holder bat 15mm","6","each","1103"
"RQ22053082","Cobra garden tap 15mm","2","each","1104"
"RQ22053082","Cap elbow 20mm","9","each","1105"
"RQ22053082","Cap C/T 20mm","4","each","1106"
"RQ22053082","Cap red T 20/15","4","each","1107"
"RQ22053082","Conc sink dble large","1","each","1108"
"RQ22053082","Laundry waste 40mm CP NF","2","each","1109"
"RQ22053082","Cobra garden tap brass 20mm","2","each","1110"
"RQ22053082","Cobra metsi pillar tap 15mm","4","each","1111"
"RQ22053082","E/W Handbasin white","2","each","1112"
"RQ22053082","Basin waste","2","each","1113"
"RQ22053082","Rubber s trap basin","2","each","1114"
"RQ22053082","Basin screw and fascia plug","2","each","1115"
"RQ22053082","E/W Pedestal white","2","each","1116"
"RQ22053016","Waterfalls new depot Booster pump","1","each","1117"
"RQ22053133","Payment of Wynne street 4th floor board room","1","each","1118"
"RQ22060185","2HP SUBMERSIBLE PUMP COMPLETE WITH CONTROL BOX ","1","each","1119"
"RQ22060158","BEEF STEW","1","kgs","1120"
"RQ22060158","PLAIN RICE","10","kgs","1121"
"RQ22060158","COUNTRY STLE SAUSAGE","1","kgs","1122"
"RQ22060158","RUSSIAN SAUSAGE","1","each","1123"
"RQ22060158","CHICKEN SREW","2","kgs","1124"
"RQ22060158","PORK CHOPS","1","kgs","1125"
"RQ22060158","WINGS","1","kgs","1126"
"RQ22060158","DRUMSTICK","1","kgs","1127"
"RQ22060158","T-BONE STEAK","1","kgs","1128"
"RQ22060158","CHICKEN THIGHS","1","kgs","1129"
"RQ2206014","2 PIECER CHICKEN","42","each","1130"
"RQ2206014","500ML PEPSI PET","42","each","1131"
"RQ22060196","CELLPHONE","1","each","1132"
"RQ22060156","2 PIECER CHICKEN","42","each","1133"
"RQ22060156","PEPSI 500ML ","42","each","1134"
"RQ22060256","The Herald and Sunday Mail Newspapers","2","each","1135"
"RQ22060266","Daily News (Full Week) June 2022 to June 2023","1","each","1136"
"RQ22060269","CARRY OUT FRONT SUSP BRAKE O/HAUL","1","each","1137"
"RQ22060226","CARRY OUT SERVICE ON HR5222 NP300 ADF8078","1","each","1138"
"RQ22060243","CARRY OUT SERVICE ON HR5222 NP300","1","each","1139"
"RQ2206027","CARRY OUT SERVICE ON HR 5222 NP300","1","each","1140"
"RQ22060298","Procurement first floor toilet renovations plumbing materials","1","each","1141"
"RQ22060259","Julia Grey Tiles 600x600","217","packets","1142"
"RQ22060259","lafarge supa fix adhesive","125","each","1143"
"RQ22060259","Bonding liquid 20","2","each","1144"
"RQ22060259","3mm tile spacers","10","packets","1145"
"RQ22060259","light grey grout","10","each","1146"
"RQ22060259","alu tile trim 12mmx2.5m","20","each","1147"
"RQ2206034","NEUTRAL CT REPAIR AND REWIND ","1","each","1148"
"RQ22060570","PAYMENT FOR TRAINING-NTC","1","each","1149"
"RQ22060742","Hihgfibre Pearlenta 10kg","1","each","1150"
"RQ22060742","Proband Basmatic Rice 2kg","5","each","1151"
"RQ22060742","Raha  Cook more cooking oil 2L","2","each","1152"
"RQ22060742","Potatoes 10kg","1","each","1153"
"RQ22060742","TBone beef /kg","12","kgs","1154"
"RQ22060742","Irvines Chicken mixedprtions 2kg","6","each","1155"
"RQ22060742","Lettuce","3","each","1156"
"RQ22060742","Carrots/kg","2","kgs","1157"
"RQ22060742","Tomatoes/kg","10","kgs","1158"
"RQ22060742","Cabbage","2","each","1159"
"RQ22060742","Onions/kg","2","kgs","1160"
"RQ22060742","Portuguesee Seasoning","4","each","1161"
"RQ22060742","Irvines Eggs","2","cartons","1162"
"RQ22060742","Cheese chedder slices","5","packets","1163"
"RQ22060742","Ham/kg","5","kgs","1164"
"RQ22060742","Tounge","2","kgs","1165"
"RQ22060742","Bacon 500gms","5","each","1166"
"RQ22060742","Mazoe Blackberry 2Lt","4","each","1167"
"RQ22060742","Delta cans 300ml","60","each","1168"
"RQ22060742","Mineral water Aquarclear","144","each","1169"
"RQ22060742","Proton bread loaves","12","each","1170"
"RQ22060742","Nola Mayonnaise 750g","2","each","1171"
"RQ22060742","Green paper/kg","1","kgs","1172"
"RQ22060742","Red pepper","1","kgs","1173"
"RQ22060742","English Cucumber","5","each","1174"
"RQ22060873","Surgical masks (boxes of 50 masks each)","1450","each","1175"
"RQ22060852","Renovations of Old Waterfalls depot Coventry","1","each","1176"
"RQ22060868","Renovations of Old Waterfalls depot Coventry","1","each","1177"
"RQ22060894","Renovations of Old Waterfalls depot Coventry","1","each","1178"
"RQ22061055","NYLON LINE","2","kgs","1179"
"RQ22061062","NEUTRAL CT CABLE FOR ACES 33/11 KV TX","80","metres","1180"
"RQ22061017","CURRENT TRANSFORMERS","3","each","1181"
"RQ22061341","Dunkeld fish pond construction","1","each","1182"
"RQ22061382","Standard bed and breakfast for cable fault location team from Eastern Region","1","each","1183"
"RQ22061386","Coventry renovations","1","each","1184"
"RQ22061599","elbow","12","each","1185"
"RQ22061599","flex connector","10","each","1186"
"RQ22061599","multi purpose putty","4","kgs","1187"
"RQ22061599","angle valve","10","each","1188"
"RQ22061599","masterbat 15mm red","10","each","1189"
"RQ22061599","stop tap undertile","2","each","1190"
"RQ22061523","amoured cable","12","metres","1191"
"RQ22061523","electrical conduit nipples","100","each","1192"
"RQ22061523","electrical conduit coupling","100","each","1193"
"RQ22061523","box flus 6x3in","8","each","1194"
"RQ22061523","double switch socket","8","each","1195"
"RQ22061523","chasing comb","10","each","1196"
"RQ22061589","Newsday and Independent Newspapers for District Manager - East","1","each","1197"
"RQ22061527","Financial Gazette Newspaper for District Manager - East","1","each","1198"
"RQ22061587","Herald Newspaper subscription for District Manager - East","1","each","1199"
"RQ22061518","Daily news newspaper for District Manager - East Office","1","each","1200"
"RQ22061532","timber materials for Finance section store room","1","each","1201"
"RQ22061613","granite tiles","21","packets","1202"
"RQ22061613","supa fix bonding","6","each","1203"
"RQ22061613","Grout","5","each","1204"
"RQ22061613","Tylon","10","each","1205"
"RQ22061613","spacers","5","each","1206"
"RQ22061749","conferencing","1","each","1207"
"RQ22061740","cable trenching","24","metres","1208"
"RQ22061745","cable trenching","25","metres","1209"
"RQ22061759","cable trenching","22","metres","1210"
"RQ22061770","DUNKELD DECK MATERIALS","1","each","1211"
"RQ22061735","Cellphones handsets foe new employees under East District","3","each","1212"
"RQ22061773","TONNER CARTRIDGE","10","each","1213"
"RQ22061710","IPMZ Conference member own transport with accommodation","2","each","1214"
"RQ22061742","IPMZ Conference member own transport with accommodation","1","each","1215"
"RQ22062035","Tilling and skirting material","4200","each","1216"
"RQ22062093","Standard BB at Bronte","3","each","1217"
"RQ22062083","Purchase of Staff Id cards","45","each","1218"
"RQ22062034","Tonner Catridge","3","each","1219"
"RQ22062019","5 copies newspaper for RMT 3 months (12 weeks)","1","each","1220"
"RQ22062058","5 copies newspaper for RMT 3 months (12 weeks)","5","each","1221"
"RQ22062099","Airfares for IPMZ Convention L. Nyamande and G. Zhuwau","2","each","1222"
"RQ22062134","Heaters for switchboard, records and admin","4","each","1223"
"RQ22062134",,"0","each","1224"
"RQ22062123","materials for function room 2 kitchen","1","each","1225"
"RQ22062272","Beef/kg","18","kgs","1226"
"RQ22062272","Chicken 2kg","3","kgs","1227"
"RQ22062272","Chicken 1kg","12","kgs","1228"
"RQ22062272","Breast /kg","4","kgs","1229"
"RQ22062272","Rice 2kg prbrands","2","kgs","1230"
"RQ22062272","Bread","18","each","1231"
"RQ22062272","ZLG Mineral water","144","each","1232"
"RQ22062272","Carrots/kg","4","kgs","1233"
"RQ22062272","Green beans","9","packets","1234"
"RQ22062272","Tomatoes/kg","10","kgs","1235"
"RQ22062272","Onions","3","kgs","1236"
"RQ22062272","Cheese packets","8","each","1237"
"RQ22062272","Drinks","100","each","1238"
"RQ22062272","Margerine 500ml","1","each","1239"
"RQ22062272","Matumbu/kg","5","kgs","1240"
"RQ22062272","Maguru/kg","5","kgs","1241"
"RQ22062272","Salad cream","6","each","1242"
"RQ22062272","Eggs 18s","6","each","1243"
"RQ22062272","Bacon/kg","6","kgs","1244"
"RQ22062272","Ham/kg","3","kgs","1245"
"RQ22062272","Vim","1","each","1246"
"RQ22062272","Lemon and Herb","1","each","1247"
"RQ22062272","Samosas","3","packets","1248"
"RQ22062272","Butternuts/kg","12","kgs","1249"
"RQ22062272","Potatoes 5kg pac","3","each","1250"
"RQ22062272","Green Pepper","3","packets","1251"
"RQ22062272","Lettuce","9","each","1252"
"RQ22062272","Cucumber","6","each","1253"
"RQ22062272","Cabbage","3","each","1254"
"RQ22062272","Sothern couting","2","each","1255"
"RQ22062272","Spice","6","each","1256"
"RQ22062272","Raja All in one","2","each","1257"
"RQ22062272","Island Salad dressing","1","each","1258"
"RQ22062272","Mazoe","6","each","1259"
"RQ22062272","Spice Chicken ","1","each","1260"
"RQ22062272","Mince","5","kgs","1261"
"RQ22062224","ITEL A58 Phone","1","each","1262"
"RQ22062229","Recondition propshaft for HR 5292 Mabvuku Depot","1","each","1263"
"RQ22062269","Membership subscriptions","1","each","1264"
"RQ22062263","pvc gloves for cleaning purposes at Wynne street offices","40","each","1265"
"RQ22062218","1","1","each","1266"
"RQ22062241","5","5","each","1267"
"RQ22062496","Purchasing of Top soil 5 cubic for Dunkeld residency","1","each","1268"
"RQ22062432","PAINT","80","each","1269"
"RQ22062445","Falcon Swivel Chair","1","each","1270"
"RQ22062535","cable trenching","21","metres","1271"
"RQ22062849","cable trenching","17","metres","1272"
"RQ22062827","cable trenching","25","metres","1273"
"RQ2206287","10232650","19","metres","1274"
"RQ22062977","HPCF540A/203 toner cartridge black","2","each","1275"
"RQ22062977","HPCF541A/203 toner cartridge cyan","1","each","1276"
"RQ22062977","HPCF542A/203 toner cartridge Yellow","1","each","1277"
"RQ22062977","HPCF543A/203 toner cartridge Magenta","1","each","1278"
"RQ22062923","Common Bricks and loading fees","1","each","1279"
"RQ22062923",,"0","each","1280"
"RQ22063068","Recondition  cylinder heads for UG780 F/N2550","2","each","1281"
"RQ22070162","PAINT AND THINNERS","1","each","1282"
"RQ22070184","CANOPY","1","each","1283"
"RQ22070119","CANOPY","1","each","1284"
"RQ22070450","quarry stones","140","metres","1285"
"RQ22070473","welding machine","1","each","1286"
"RQ22070481","generator","1","each","1287"
"RQ2207047","drilling machines","2","each","1288"
"RQ22070429","compressor 100 liters","1","each","1289"
"RQ2207046","high pressure washer 2800w","1","each","1290"
"RQ22070561","Executive Single Accomodation BB","3","each","1291"
"RQ22070561","Standard Dinner","3","each","1292"
"RQ22070623","1","1","each","1293"
"RQ2207068","3/4 submersible pump","1","each","1294"
"RQ2207068","3/4 hp digital control box","1","each","1295"
"RQ2207068","32mm pvc socket union","1","each","1296"
"RQ2207068","joining kit","1","each","1297"
"RQ2207068","transport","1","each","1298"
"RQ2207068","labour","1","each","1299"
"RQ22070661","Carry out B service","1","each","1300"
"RQ22070634","quarry stones transportation","1","each","1301"
"RQ22070782","Repair stater motor and ring gear","1","each","1302"
"RQ22070765","Tilling material","480","each","1303"
"RQ22070799","Purchase of Sprinkler accessories","183","each","1304"
"RQ2207078","Course fees, morning teas and lunches","24","each","1305"
"RQ22070735","Course fees, morning teas and lunches","24","each","1306"
"RQ22070778","Course fees, morning teas and lunches","24","each","1307"
"RQ22070834","Solar Technology training for Harare Region Artisans","1","each","1308"
"RQ22071153","Floor tiles","49","each","1309"
"RQ22071136","training","2","each","1310"
"RQ22071144","Course fees, morning teas and lunches","105","each","1311"
"RQ22071298","TILES","55","packets","1312"
"RQ22071340","BATTERY ROOM SIGNS","50","each","1313"
"RQ2207145","Rewire vehicle and Calibrate fitted components","1","each","1314"
"RQ22071532","water connection accessories","1","each","1315"
"RQ22071513","Surgical masks (boxes of 50 masks each)","1500","each","1316"
"RQ22071540","Sanitizer in 5L bottles","120","each","1317"
"RQ22071563","Dishwashing liquid in 5L containers","50","each","1318"
"RQ22071530","plumbing materials for old waterfalls depot","1","each","1319"
"RQ2207152","Accessories for finance storeroom shelving","1","each","1320"
"RQ22071774","FEES FOR PHYSIOTHERAPY","1","each","1321"
"RQ22071883","HP W2030A Black 415A toner cartridge","1","each","1322"
"RQ22071883","HP W2031A Cyan 415A toner cartridge","1","each","1323"
"RQ22071883","HP W2032A Yellow 415A toner cartridge","1","each","1324"
"RQ22071883","HP W2033A Magenta 415A toner cartridge","1","each","1325"
"RQ22071829","Accommodation for cable fault location team","1","each","1326"
"RQ22071872","Accommodation for Engineeing Manager and HR & Admin Manager","1","each","1327"
"RQ22071870","Starter amature","5","each","1328"
"RQ2207183","ENGINE OIL","210","each","1329"
"RQ22071826","ENGINE OIL","210","each","1330"
"RQ22071822","ENGINE OIL","210","each","1331"
"RQ22071810","Recondition propshaft","1","each","1332"
"RQ22071873","Secretaries Workshop at Leopard Rock","1","each","1333"
"RQ2207186","Secretaries Workshop at Leopard Rock","1","each","1334"
"RQ22071822","Secretaries Workshop at Leopard Rock","1","each","1335"
"RQ22071874","Secretaries Workshop at Leopard Rock","1","each","1336"
"RQ22071915","Cam and crankshaft sprocket ,timing chain,cover,guides tensioner","6","each","1337"
"RQ22071921","ENGINE OIL","210","each","1338"
"RQ22071928","ENGINE OIL","210","each","1339"
"RQ22071978","supply and installation of modern control system machine and car for Wynne Street Offices Elevator","1","each","1340"
"RQ22071947","supply and installation of modern control system machine and car for Wynne Street Offices Elevator","1","each","1341"
"RQ22071995","supply and installation of modern control system machine and car for Wynne Street Offices Elevator","1","each","1342"
"RQ22071963","ENGINE OIL","210","litres","1343"
"RQ22071992","ENGINE OIL","210","litres","1344"
"RQ22071969","ENGINE OIL","210","litres","1345"
"RQ22071970","Gm Wynne street toilet tiles","1","each","1346"
"RQ22071987","ENGINE OIL","210","litres","1347"
"RQ22071959","100 METRES 10MM2 SWA PVC CABLE","100","metres","1348"
"RQ22071914","FLOODLIGHTS LED","66","each","1349"
"RQ22072067","Carry out B service and repairs","1","each","1350"
"RQ2207204","Carry out B service and repairs","1","each","1351"
"RQ22072020","Headlamp NP300","10","each","1352"
"RQ22072089","Oil and Fuel Filters Isuzu","10","each","1353"
"RQ22072014","SERVICE KIT NP300","20","each","1354"
"RQ22072098","ENGINE OIL","630","each","1355"
"RQ2207203","SHOCKS REAR AND FRONT NP300","40","each","1356"
"RQ22072046","UPPER CONTRL ARM NISSAN NP300 4X2","20","each","1357"
"RQ22072062","TIE ROD END NISSAN 4X2","50","each","1358"
"RQ2207208","BRAKE PADS NP300 4X2","20","each","1359"
"RQ22072084","Oil filters and plugs Isuzu","10","each","1360"
"RQ22072068","Brake fluid","100","each","1361"
"RQ22072061","CLUTCH KIT NP300","5","each","1362"
"RQ22072076","Tyres 205x15","50","each","1363"
"RQ22072034","Tyres205x16","50","each","1364"
"RQ22072071","Steering Belt NP300","10","each","1365"
"RQ22072015","ENGINE OIL","210","litres","1366"
"RQ22072026","Payment of transport of bricks to Ruwa depot","1","each","1367"
"RQ22072113","LOWER CONTROL ARM NISSAN 4X2","10","each","1368"
"RQ22072235","cable trenching","26","metres","1369"
"RQ22072510","Beyond line of sight training","1","each","1370"
"RQ22072510",,"0","each","1371"
"RQ22072510",,"0","each","1372"
"RQ22072547","hot dog","20","each","1373"
"RQ22072547","2kg brown sugar","1","each","1374"
"RQ22072547","everyday milk","2","each","1375"
"RQ22072547","rooibos ","1","each","1376"
"RQ22072547","aqua clear","24","each","1377"
"RQ22072547","blackbury","2","each","1378"
"RQ22072677","Carry out B service on Reg.AFR4686 PKE250","1","each","1379"
"RQ22080270","10MM2 PVC SWA CABLE","50","each","1380"
"RQ22080243","Transport hire service","1","each","1381"
"RQ22080363","Purchasing of electricals for Finance section","1","each","1382"
"RQ2208032","ZIE Conference Accommodation","1","each","1383"
"RQ22080443","WORKSHOP DOORS MATERIALS","8","each","1384"
"RQ2208046","Sanitary Bins and services","26","each","1385"
"RQ22080415","Vision zero educational flyers","1400","each","1386"
"RQ2208053","Chainsaw","2","each","1387"
"RQ22080536","CARRY OUT SERVICE AT 40000KM","1","each","1388"
"RQ2208058","1","1","each","1389"
"RQ22080595","Chainsaw","2","each","1390"
"RQ22081093","Recondition radiator","1","each","1391"
"RQ22081098","Repair none starting","1","each","1392"
"RQ22081023","Hire of contractor construction of 11kV feeder from Lynette Control to Ventersburg Industrial for System Reinforcement","1","each","1393"
"RQ22081053","car hire","1","each","1394"
"RQ22081051","car hire","1","each","1395"
"RQ22081139","Air fare","1","each","1396"
"RQ22081129","Gazebo with full walls ","1","each","1397"
"RQ22081191","3mx3m Gazebo with full walls ","1","each","1398"
"RQ22081191","3mx3m Gazebo without walls ","1","each","1399"
"RQ22081191","3mx3m Banner wall ","1","each","1400"
"RQ22081191","3m Teardrop banners","6","each","1401"
"RQ22081191","Deluxe pull up banners ","6","each","1402"
"RQ22081191","X-Frame banners","4","each","1403"
"RQ22081191","Exhibition promotional tables","2","each","1404"
"RQ22081191","Exhibition foldable chairs ","2","each","1405"
"RQ22081191","Branded Table cloth ","1","each","1406"
"RQ22081144","A5 Notebook Red, Yellow, Blue ","100","each","1407"
"RQ22081144","Pens red, yellow, blue ","100","each","1408"
"RQ22081144","water bottle red yellow blue ","100","each","1409"
"RQ22081199","A5 Notebook Red, Yellow, Blue ","100","each","1410"
"RQ22081131","Men and ladies Bailey Crew Neck t-shirts blue  ","50","each","1411"
"RQ22081131","Men and ladies Bailey Crew neck t-shirts red ","50","each","1412"
"RQ22081131","Men and ladies long sleeved shirts blue melange/black","50","each","1413"
"RQ22081131","Moisture management cap ","100","each","1414"
"RQ22081112","3mx3m Gazebo with full walls ","1","each","1415"
"RQ22081112","3mx3m Gazebo without walls ","1","each","1416"
"RQ22081112","3mx3m Banner wall ","1","each","1417"
"RQ22081112","3m Teardrop banners","6","each","1418"
"RQ22081146","3mx3m Gazebo with full walls ","1","each","1419"
"RQ22081146","3mx3m Gazebo without walls ","1","each","1420"
"RQ22081146","3mx3m Banner wall ","1","each","1421"
"RQ22081146","3m Teardrop banners","6","each","1422"
"RQ22081146","Deluxe pull up banners ","6","each","1423"
"RQ22081146","X-Frame banners","4","each","1424"
"RQ22081146","Exhibition promotional tables","2","each","1425"
"RQ22081146","Exhibition foldable chairs ","2","each","1426"
"RQ22081146","Branded Table cloth ","1","each","1427"
"RQ22081148","A5 Customer Information brochure on gloss paper ","1000","each","1428"
"RQ22081156","Design and print A5 customer information brochure on gloss","1000","each","1429"
"RQ22081152","Ruwa temporary toilet","1","each","1430"
"RQ2208122","Zimbabwe Infrastructure Summit in Vic Fall for Eng. A Gurupira","1","each","1431"
"RQ22081247","purchasing of paint for Harare Show Banking hall","1","each","1432"
"RQ2208124","FEMALE CONTACTS","6","each","1433"
"RQ22081255","purchasing of flush interior door for Harare Show Banking hall","1","each","1434"
"RQ22081531","Accommodation , bed and breakfast for participants","9","each","1435"
"RQ22081517","Accommodation, bed and breakfast","7","each","1436"
"RQ22081584","Bed and breakfast","7","each","1437"
"RQ22081569","Bed and breakfast","1","each","1438"
"RQ22081569","Bed &breakfast","9","each","1439"
"RQ22081569","Bed and breakfast","11","each","1440"
"RQ22081569","Bed & breakfast","5","each","1441"
"RQ22081525","Bed and breakfast","10","each","1442"
"RQ22081550","Volley balls by 3 and whistles by 2","1","each","1443"
"RQ22081574","Tennis equipment (sum of various)","1","each","1444"
"RQ2208159","Rope and gloves (sum)","1","each","1445"
"RQ22081544","Netballs and whistles(sum)","1","each","1446"
"RQ22081528","Soccer equipment","1","each","1447"
"RQ22081556","Cue sticks, chalks and leather bag","1","each","1448"
"RQ22081586","Chess and dart equipment","1","each","1449"
"RQ22081510","Sporting grounds","1","each","1450"
"RQ22081593","Staff IDs","200","each","1451"
"RQ22081588","Staff IDs","200","each","1452"
"RQ22081634","Soccer equipment","1","each","1453"
"RQ22081648","Staff Identity Cards for South District Employees","200","each","1454"
"RQ22081665","Plumbing for Ruwa Depot","1","each","1455"
"RQ22081717","Recondition clutch and machine flywheel","1","each","1456"
"RQ22081735","supply starter motor for YD25","1","each","1457"
"RQ2208171","supply starter motor for YD25","1","each","1458"
"RQ22081778","supply starter motor for YD25","1","each","1459"
"RQ22081899","Bed and breakfast","12","each","1460"
"RQ22081977","First aid kits ","100","each","1461"
"RQ22081992","handsfree handset","5","each","1462"
"RQ2208191","Surgical masks (boxes of 50 masks each)","1500","each","1463"
"RQ22081953","Supply Injector pump and 4Injectors for YD25","5","each","1464"
"RQ22081930","Supply Injector pump and 4Injectors for YD25","5","each","1465"
"RQ22082220","cable trenching","13","metres","1466"
"RQ22082282","Recondition leaf springs","2","each","1467"
"RQ22082243","cable trenching","13","metres","1468"
"RQ22082211","cable trenching","13","metres","1469"
"RQ22082263","cable trenching","13","metres","1470"
"RQ22082284","ACCOMODATION & AIRFARE","1","each","1471"
"RQ22082210","Supply crankshaft gear and belt timing camshaft","2","each","1472"
"RQ22082271","Bambo room","1","each","1473"
"RQ22082271","Cactus Room","1","each","1474"
"RQ22082271","Mopani Room","1","each","1475"
"RQ22082271","Jacaranda Room","1","each","1476"
"RQ22082271","Oak  Room","1","each","1477"
"RQ22082271","Kliaki Room","1","each","1478"
"RQ22082271","Rosewood Room","1","each","1479"
"RQ22082271","Teak room","1","each","1480"
"RQ22082271","Baoba Room","1","each","1481"
"RQ22082271","BanyanRoom","1","each","1482"
"RQ22082271","Bayleaf Room","1","each","1483"
"RQ22082263","First aid contents (sum)","1","each","1484"
"RQ22082268","First aid contents (sum)","1","each","1485"
"RQ22082293","Handsets for East District Depots","8","each","1486"
"RQ22082338","TONNER CARTRIDGE","10","each","1487"
"RQ22082374","Staff Identity Cards for South District Employees","200","each","1488"
"RQ22082348","Staff IDs for South District Employees","200","each","1489"
"RQ2208244","18mm Polysteel rope ","200","metres","1490"
"RQ2208244","24mm Polysteel rope","100","metres","1491"
"RQ22082483","Floor polish 1 Litre","1","each","1492"
"RQ22082483","Hand wash 400ml ","1","each","1493"
"RQ22082483","Hand lotion ","1","each","1494"
"RQ22082483","Tissues 9 pack ","2","each","1495"
"RQ22082483","Hard broom ","1","each","1496"
"RQ22082483","Air freshener ","1","each","1497"
"RQ22082483","Domestos ","1","each","1498"
"RQ22082483","Mutton cloth ","1","each","1499"
"RQ22082483","Floor brush ","1","each","1500"
"RQ22082564","1","1","each","1501"
"RQ22082593","PAINTS","520","litres","1502"
"RQ22082576","7 TON TRUCK","1","each","1503"
"RQ22082510","7 TON TRUCK","1","each","1504"
"RQ22082529","7 TON TRUCK","1","each","1505"
"RQ22082578","7 TON TRUCK","1","each","1506"
"RQ22082544","7 TON TRUCK","1","each","1507"
"RQ2208269","supply brake components for YD25","1","each","1508"
"RQ22082699","Deluxe single bed and breakfast","1","each","1509"
"RQ22082699","Deluxe single bed and breakfast","1","each","1510"
"RQ22082699","Buffet Dinner + drink","2","each","1511"
"RQ22082664","property removal","1","each","1512"
"RQ22082615","Safety signage (various) sum","1","each","1513"
"RQ22082955","Supply 631 Battery","1","each","1514"
"RQ22082933","Bed and breakfast","4","each","1515"
"RQ22083062","3 Course meal","25","each","1516"
"RQ22083062","Bar Bill estimate per person","25","each","1517"
"RQ22090185","Breakfast","14","each","1518"
"RQ22090227","Deluxe single room","1","each","1519"
"RQ22090227","Dinner+ meal drink","1","each","1520"
"RQ22090227","Lunch + meal drink","1","each","1521"
"RQ22090227","Kids dinner + 1 meal drink","1","each","1522"
"RQ22090227","Kids lunch + meal drink","1","each","1523"
"RQ22090210","Conference package full day gold","55","each","1524"
"RQ22090210","Conference package half day gold","55","each","1525"
"RQ22090294","Bed and breakfast","1","each","1526"
"RQ22090294","Buffet dinner and juice","1","each","1527"
"RQ22090566","Performance Review - Motivational Presentation - Arthur Marara","1","each","1528"
"RQ22090595","Performance Management Review Motivational Presentation - Arthur Marara","1","each","1529"
"RQ2209059","Deluxe double bed and breakfast","1","each","1530"
"RQ2209059","Deluxe single bed and breakfast","1","each","1531"
"RQ2209059","Buffet dinner + 1 Meal Drink","3","each","1532"
"RQ2209059","Buffet dinner + 1 Meal drink","3","each","1533"
"RQ22090564","Station Refurbishment (Tilling, Painting, Ceiling) Glenview CSC and Glenora Banking receipting Office","2","each","1534"
"RQ22090515","Motivational Talk Session","1","each","1535"
"RQ22090567","Motivational Talk Session","1","each","1536"
"RQ22090575","Staff training and meals ","15","each","1537"
"RQ22090630","Performance Review Motivational Presentation","1","each","1538"
"RQ22090695","Supply oil pump","1","each","1539"
"RQ22090612","handsets","50","each","1540"
"RQ22090672","plumbing materials  replacement of Old waterfalls depot which was used at showground offices","1","each","1541"
"RQ22090728","cable trenching","47","metres","1542"
"RQ22090798","cable trenching","47","metres","1543"
"RQ22090758","cable trenching","47","metres","1544"
"RQ22090768","cable trenching","47","metres","1545"
"RQ22090764","cable trenching","22","metres","1546"
"RQ22090749","cable trenching","21","metres","1547"
"RQ22090822","Samsun A22 128GB","2","each","1548"
"RQ22090890","ITEL P37 PRO","1","each","1549"
"RQ22090827","Repair gearbox","1","each","1550"
"RQ22090893","Repair gearbox","1","each","1551"
"RQ22090982","HR Metrics and Analytics","1","each","1552"
"RQ22090974","DIQUATE AND GLYPHOSATE CHEMICALS","20","litres","1553"
"RQ22090917","7 tonne truck hire","1","each","1554"
"RQ22090996","DIQUATE AND GLYPHOSATE CHEMICALS20","20","litres","1555"
"RQ22090964","Bed, breakfast and dinner ","1","each","1556"
"RQ22090992","Staff Training ","3","each","1557"
"RQ22091270","PAINTS","75","each","1558"
"RQ22091278","PAINTS","27","each","1559"
"RQ22091243","Accomodation","1","each","1560"
"RQ22091371","FRONT WHEEL BEARING NP300","20","each","1561"
"RQ22091315","650 BATTERY","20","each","1562"
"RQ22091343","Accommodation for Eng. P. Mundenda","1","each","1563"
"RQ22091328","Accommodation for Eng P Mundenda","1","each","1564"
"RQ22091367","Accommodation for Eng P Mundenda","1","each","1565"
"RQ22091366","Accommodation for Eng P Mundenda","1","each","1566"
"RQ22091311","Accommodation for Eng P Mundenda","1","each","1567"
"RQ22091344","Transformer oil","1","each","1568"
"RQ22091387","Transformer oil","2","each","1569"
"RQ22091372","Transformer oil","2","each","1570"
"RQ22091322","Lunch","2","each","1571"
"RQ22091311","Transformer oil","2","each","1572"
"RQ22091309274","Lunch","2","kgs","1573"
"RQ220913092828","Lunch","7","metres","1574"
"RQ220913093147","Crane hire","7","bags","1575"
"RQ220913093372","Transformer oil","1","each","1576"
"RQ220913094960","Transformer oil","7","kgs","1577"
"RQ220913095569","Transformer oil","7","each","1578"
"RQ220913095894","Transformer oil","7","each","1579"
"RQ220913100647","Crane hire","2","bags","1580"
"RQ220913100893","WAN link","3","metres","1581"
"RQ220913100958","Laptop","3","metres","1582"
"RQ220913101472","cleanng of walls, windows and carpets","1","each","1583"
"RQ220913101845","fix and supply of curtains","10","each","1584"
"RQ220913102737","Accommodation for Eng P Mundenda","1","each","1585"
"RQ22091310389","ThisItem","1","grammes","1586"
"RQ220913104593","ThisItemd","3","metres","1587"
"RQ220913105369","ThisItem1","2","grammes","1588"
"RQ220913105717","ThisItem2","2","grammes","1589"
"RQ220913105884","ThisItem3","3","litres","1590"
"RQ22091310599","ThisItem4","4","metres","1591"
"RQ220913110088","ThisItem5","3","each","1592"
"RQ220913110270","Lunch","1","each","1593"
"RQ220913111041","Transformer oil","2","each","1594"
"RQ220913123782","Laptop","1","grammes","1595"
"RQ220913124052","WAN link","2","kgs","1596"
"RQ22091312414","WAN link","2","bags","1597"
"RQ220913124388","Crane hire","1","bags","1598"
"RQ22091312474","Crane hire","2","bags","1599"
"RQ220913125030","Laptop","1","packets","1600"
"RQ220913130343","WAN link","2","metres","1601"
"RQ220913131379","WAN link","1","metres","1602"
"RQ220913131649","Laptop","1","metres","1603"
"RQ220913132136","Transformer oil","1","each","1604"
"RQ220913132232","Transformer oil","1","each","1605"
"RQ220913133174","WAN link","2","kgs","1606"
"RQ220913135257","ThisItem6","4","each","1607"
"RQ220913135495","ThisItem9","4","each","1608"
"RQ22091385","Accommodation for Eng P Mundenda","1","each","1609"
"RQ22091433","ccommodation for Eng P Mundenda","1","each","1610"
"RQ22091412","Accommodation for Eng P Mundenda ","1","each","1611"
"RQ22091443","test","1","each","1612"
"RQ22091470"," Accommodation for Eng P Mundenda","1","each","1613"
"RQ22091482","Flight booking for Eng. P Mundenda","1","each","1614"
"RQ22091471","20 Tonne overhead crane service and repairs for Transformer workshops","1","each","1615"
"RQ22091469","Regalia for Munyati Sports Festival (sum)","1","each","1616"
"RQ22091424","ASAP","1","each","1617"
"RQ22091488","Kit bags and water bottles","180","each","1618"
"RQ22091429","Soccer regalia (various)","1","each","1619"
"RQ22091415","Netball regalia (sum)","1","each","1620"
"RQ22091487","Sneakers (pairs)","180","each","1621"
"RQ22091434","Athletics team regalia ","1","each","1622"
"RQ2209143","Tug of war regalia for men","1","each","1623"
"RQ2209145","Tug of war regalia for women","1","each","1624"
"RQ22091472","Volley ball team regalia","1","each","1625"
"RQ22091447","Regalia for pool, chess, darts and draft teams","1","each","1626"
"RQ22091427","Lawn and table tennis regalia","1","each","1627"
"RQ2209141","test","1","each","1628"
"RQ22091594","BUILDING MATERIALS FOR RUWA DEPOT","1","each","1629"
"RQ22091551","pavers for New Waterfalls depot","1","each","1630"
"RQ22091629","80mm x 30000 plain pavers for New Waterfalls","1","each","1631"
"RQ22091642","Staff Training","1","each","1632"
"RQ22091655","material for partitioning for finance offices","1","each","1633"
"RQ22091656","Deluxe single bed and breakfast","1","each","1634"
"RQ22091656","Buffet Dinner + 1 meal","1","each","1635"
"RQ2209169","materials for partitioning finance offices","1","each","1636"
"RQ22091954","Medical tests","1","each","1637"
"RQ22091995","Medical tests","1","each","1638"
"RQ22091983","First aid items","1","each","1639"
"RQ22091948","Ultrasound scan","1","each","1640"
"RQ22092098","Bed and breakfast","1","each","1641"
"RQ22092020","Bed and breakfast","6","each","1642"
"RQ22092148","CLUTCH KIT","1","each","1643"
"RQ22092287","Herald & Sunday Mail Newspapers for DM & Snr Engineer","2","each","1644"
"RQ22092229","Financial Gazette Newspaper","1","each","1645"
"RQ2209225","Financial Gazette Newspaper one year Subscription","1","each","1646"
"RQ22092297","Samsung Galaxy M12 128GB","1","each","1647"
"RQ2209221","WETSTICKS","10","each","1648"
"RQ22092293","Cellphone Handsets","2","each","1649"
"RQ22092224","Cellphone Handset","1","each","1650"
"RQ22092631","Bed and breakfast","36","each","1651"
"RQ22092675","Delu1xe single bed and breakfast","1","each","1652"
"RQ22092675"," Buffet dinner and meal drink","1","each","1653"
"RQ22092694","SAMSUNG GALAXY A32","16","each","1654"
"RQ22092646","Formal suits","3","each","1655"
"RQ22092646","Bowtie shirts","3","each","1656"
"RQ22092646","Neckties","3","each","1657"
"RQ22092646","Bowties","3","each","1658"
"RQ22092646","Tuxedo suits","3","each","1659"
"RQ22092646","Formal suits","3","each","1660"
"RQ22092728","Supply brake calliper","1","each","1661"
"RQ22092765","Cellphones","9","each","1662"
"RQ22092741","Evening wear","3","each","1663"
"RQ22092741","Formal Wear","1","each","1664"
"RQ22092741","Wig Hire","2","each","1665"
"RQ2209278","Breakfast","22","each","1666"
"RQ22092717","Refreshments","200","each","1667"
"RQ22092750","20MVA 33/11kV Transformer Installation","1","each","1668"
"RQ22092841","Recondition propshaft for NP300","1","each","1669"
"RQ22092899","Recondition propshaft for NP300","1","each","1670"
"RQ22092880","Recondition propshaft for NP300","1","each","1671"
"RQ2209287","Refreshments","2000","each","1672"
"RQ22092867","Boxed Samsung S21","1","each","1673"
"RQ22092852","Evening wear","4","each","1674"
"RQ22092852","Formal wear","1","each","1675"
"RQ22092852","Wigs","3","each","1676"
"RQ22092924","machine engine components","1","each","1677"
"RQ22092911","HPCF280A #80A BLACK","1","each","1678"
"RQ22092980","machine engine components","1","each","1679"
"RQ22092971","machine engine components","1","each","1680"
"RQ22092977","Samsung m32","2","each","1681"
"RQ22092977","Samsung m22","5","each","1682"
"RQ22092977","Samsung A23","1","each","1683"
"RQ22093023","CT REPAIRS","1","each","1684"
"RQ2210034","Bed and breakfast","1","each","1685"
"RQ2210034","Buffet Dinner + 1 meal","1","each","1686"
"RQ22100355","SAMSUNG GALAXY HANDSETS","16","each","1687"
"RQ22100322","SAMSUNG GALAXY HANDSETS","16","each","1688"
"RQ22100363","SAMSUNG GALAXY HANDSETS","16","each","1689"
"RQ22100421","SAMSUNG GALAXY HANDSETS","16","each","1690"
"RQ22100457","SAMSUNG GALAXY HANDSETS","16","each","1691"
"RQ2210049","SAMSUNG GALAXY HANDSETS","16","each","1692"
"RQ22100424","Service 51 Tonne main hoist and 10 Tonne auxiliary hoist on Workshop overhead crane.","1","each","1693"
"RQ22100443","SAMSUNG GALAXY HANDSETS","16","each","1694"
"RQ22100419","SAMSUNG GALAXY HANDSETS","16","each","1695"
"RQ22100512","CELLPHONE","1","each","1696"
"RQ22100570","CELLPHONE","1","each","1697"
"RQ22100559","SAMSUNG GALAXY HANDSETS","16","each","1698"
"RQ22100534","SAMSUNG GALAXY HANDSETS","16","each","1699"
"RQ22100670","CELLPHONE HANDSET","1","each","1700"
"RQ22100635","CELLPHONE  HANDSET","1","each","1701"
"RQ22100668","CELLPHONE HANDSET","1","each","1702"
"RQ22100620","CELLPHONE HANDSET","1","each","1703"
"RQ22100687","CELLPHONE HANDSET","1","each","1704"
"RQ22100693","CELLPHONE HANDSET","1","each","1705"
"RQ2210063","CELLPHONE HANDSET","1","each","1706"
"RQ22100671","CELLPHONE HANDSET","1","each","1707"
"RQ22100676","4.5 kva Generator","1","each","1708"
"RQ2210062","TRANSFORMER OIL","630","litres","1709"
"RQ22100613","TRANSFORMER OIL","630","litres","1710"
"RQ22100723","CARRY OUT 30000KM SERVICE","1","each","1711"
"RQ2210076","CARRY OUT 20000KM SERVICE ON HR5331.","1","each","1712"
"RQ22100755","TRANSFORMER PAINT AND THINNERS","50","each","1713"
"RQ22100797","2XOIL SEALS, 6XBOLT KITS AND 2XSEAL OILS","10","each","1714"
"RQ22100746","carryout service as per qoutation","1","each","1715"
"RQ22101062","Samsung M33 cell phone","4","each","1716"
"RQ22101062","Samsung M33 cell phone","1","each","1717"
"RQ22101068","ROADLINER PAINT ,RED,YELLOW,BLACK  @ X 5LT","60","litres","1718"
"RQ22101026","VOIP IP HANDSETS ","5","each","1719"
"RQ22101049","Deluxe single room","1","each","1720"
"RQ22101049","Buffet dinner and juice","1","each","1721"
"RQ22101088","Bed and breakfast","1","each","1722"
"RQ22101072","1","1","each","1723"
"RQ22101019","1","1","each","1724"
"RQ22101193","Cellphone Techno Pova Neo","1","each","1725"
"RQ22101114","Toner Catridge HP 410 BlackCF410 Orig","2","each","1726"
"RQ22101244","Face mask","1500","each","1727"
"RQ22101227","1","1","each","1728"
"RQ22101220","1","1","each","1729"
"RQ22101246","1","1","each","1730"
"RQ22101285","Bath Sink Waste unslotted","4","each","1731"
"RQ22101285","flushmaster","4","each","1732"
"RQ22101285","urinaly mounting bracket","4","each","1733"
"RQ22101295","Bath /Sink Waste unslotted","4","each","1734"
"RQ22101295","flushmaster","4","each","1735"
"RQ22101295","urinaly mounting bracket","4","each","1736"
"RQ22101368","TRANSPORT HIRE","1","each","1737"
"RQ22101315","TRANSPORT HIRE","1","each","1738"
"RQ22101389","Accommodation bed only","1","each","1739"
"RQ22101389","Full English breakfast","34","each","1740"
"RQ22101389","Full English breakfast","22","each","1741"
"RQ2210136","supply Engine and clutch assy","1","each","1742"
"RQ22101330","1x 0.90x2.0m Rubberised door mats with zetdc log","2","each","1743"
"RQ22101330","2x 1.9x2.5m Rubberised door mats with zetdc logo","1","each","1744"
"RQ22101443","Repair Engine","1","each","1745"
"RQ22101427","Supply Brake components","9","each","1746"
"RQ2210147","Bath Sink Waste unslotted","4","each","1747"
"RQ2210147","flushmaster","4","each","1748"
"RQ2210147","urinaly mounting bracket","4","each","1749"
"RQ2210147","Plumbing materials for 4th Floor toilet","1","each","1750"
"RQ22101439","pumbling material","12","each","1751"
"RQ22101418","pumbling material","12","each","1752"
"RQ22101483","Plumbing materials for 4th dosset","3","each","1753"
"RQ22101436","Samsung A23 cellphone","6","each","1754"
"RQ22101436","Samsung M32 G4 cellphone","1","each","1755"
"RQ22101765","Bed and breakfast","1","each","1756"
"RQ22101765","Dinner+ meal drink","1","each","1757"
"RQ22101862","Servicing of fire fighting equipment","1","each","1758"
"RQ22101844","Aircon servicing","1","each","1759"
"RQ22101810","Servicing of fire fighting equipment","1","each","1760"
"RQ22101815","Servicing of fire fighting equipment","1","each","1761"
"RQ22101863","Copies of the Daily News","5","each","1762"
"RQ22101839","TRANSFORMER OIL REGENERATION","10400","litres","1763"
"RQ22101857","RUBBER SEALANT","24","each","1764"
"RQ22101915","Toner - Catridge","2","each","1765"
"RQ22101985","Herald Subscription of the office of Sales Manager - East","1","each","1766"
"RQ22101958","Payment of scan services(medical bills)","1","each","1767"
"RQ22101978","FinGaz","120","each","1768"
"RQ22102080","medical fees","1","each","1769"
"RQ22102060","1","26","each","1770"
"RQ22102085","6, 76mm x 2mm steel tube","140","each","1771"
"RQ22102085","1000w LED, solar light","140","each","1772"
"RQ22102085","6m x 40mm x 3mm flat bat","4","each","1773"
"RQ22102049","1) 0.4mm x 5 x 10metre Galvanised IBR metal roofing sheets 2) 0.4mm x 10 x 6Metre Galvanised IBR metal roofing sheets","50","metres","1774"
"RQ22102049","0.4mm x 10 x 6metre Galvanized IBR metal roofing sheets","60","metres","1775"
"RQ22102046","100 x 50mm channel iron steel ","14","each","1776"
"RQ22102034","cell phone","2","each","1777"
"RQ22102034","Cell phone","1","each","1778"
"RQ2210201","76 x 38mm channel iron","6","each","1779"
"RQ22102038","Decorated venue,food + desert, meal drink & water","180","each","1780"
"RQ22102038","Welcome snacks","110","each","1781"
"RQ22102038","Welcome drinks","110","each","1782"
"RQ22102065","Bed ","1","each","1783"
"RQ22102092","Band it tool","2","each","1784"
"RQ22102092","1.5m Crow bar","5","each","1785"
"RQ22102092","19mm spring bender","2","each","1786"
"RQ22102092","20mm spring bender","2","each","1787"
"RQ22102092","25mm spring bender","2","each","1788"
"RQ22102179","7tonne truck hire","1","each","1789"
"RQ2210216","ADSL Data Bundles","3","each","1790"
"RQ22102171","Rental","1","each","1791"
"RQ22102166","Nov 2022 rent","1","each","1792"
"RQ22102145","Tenant deposit & Rent Sept","1","each","1793"
"RQ22102476","Bed and breakfast","1","each","1794"
"RQ22102479","Castle","20","cartons","1795"
"RQ22102479","Carling black label","10","cartons","1796"
"RQ22102479","Castle lite","10","cartons","1797"
"RQ22102479","Pilsner","10","cartons","1798"
"RQ22102438","Assorted Soft drinks130","130","cartons","1799"
"RQ22102438","sugar free variant","15","cartons","1800"
"RQ22102438",,"0","each","1801"
"RQ22102438",,"0","each","1802"
"RQ22102415","Assorted drinks","130","cartons","1803"
"RQ22102415","Sugar free variant","15","cartons","1804"
"RQ2210242","Red Label Whiskey","6","each","1805"
"RQ2210242","Jack Daniels","2","each","1806"
"RQ2210242","JC Leroux","8","each","1807"
"RQ2210242","Amarula","8","each","1808"
"RQ2210242","Sweetlips","4","each","1809"
"RQ2210242","Southern Comfort","2","each","1810"
"RQ2210242","4th Street","20","each","1811"
"RQ2210242","Four Cousins","8","each","1812"
"RQ2210242","Hunters Gold 6s","6","packets","1813"
"RQ2210242","Savanna 6s","4","packets","1814"
"RQ2210242","Ceres Juice 1L  6s","4","packets","1815"
"RQ2210242","ZLG Mineral Water","42","packets","1816"
"RQ2210242","Jameson 750Ml","3","each","1817"
"RQ2210254","Music band","1","each","1818"
"RQ22102538","WIPER BLADES","100","each","1819"
"RQ22102574","INJECTORS NP 300","16","each","1820"
"RQ22102568","Round tube 76 x 2mm","8","each","1821"
"RQ22102568","Chromadeck standard 925 x 0.4mm x 5.2m","47","metres","1822"
"RQ22102568","Lipped channel 100 x 50 x 20 x 2.0mm x 6m","3","each","1823"
"RQ22102568","Vitemax Welding rods 2.5mm, 12 gauge","4","kgs","1824"
"RQ22102568","Roofing screws self driller 65mm and 75mm","1","kgs","1825"
"RQ22102568","Angle iron 40 x 40 x 5mm x 6m","4","each","1826"
"RQ22102530","bulk water for staff consumption","50000","litres","1827"
"RQ22102563","Cellphone Handset","1","each","1828"
"RQ22102591","bulk water for staff consumption","50000","litres","1829"
"RQ22102550","A4 Pro Photo Frame","120","each","1830"
"RQ22102566","Photoshoot & Printing 5x7"" photos","1","each","1831"
"RQ22102579","bulk water for staff consumption","50000","litres","1832"
"RQ22102519","Bed and breakfast1","1","each","1833"
"RQ22102519","1 pax X 3 lunches","1","each","1834"
"RQ22102519","2 pax X 1 lunch","2","each","1835"
"RQ22102696","C3 Cellphone handsets","5","each","1836"
"RQ22102696","C2 Cellphone handsets","2","each","1837"
"RQ22102696","B5 Cellphone handsets","2","each","1838"
"RQ22102636","PAINTS","50","each","1839"
"RQ22102666","C5 Cellphone handset","1","each","1840"
"RQ22102666","C4 Cellphone handset","1","each","1841"
"RQ22102666","C3 Cellphone handsets","2","each","1842"
"RQ22102666","C1 Cellphone handset","1","each","1843"
"RQ22102681","cleaning detergents","1","each","1844"
"RQ22102685","Silver Package Lunch with drink and bottled water","160","each","1845"
"RQ22102685","Welcome snacks","160","each","1846"
"RQ22102685","Centre pieces","16","each","1847"
"RQ22102685","Glass stage with lights","1","each","1848"
"RQ22102685","Branded Podium","1","each","1849"
"RQ22102685","PA System with DJ","1","each","1850"
"RQ22102645","toilet dip 25l","5","each","1851"
"RQ22102645","floor glaze 25l","5","each","1852"
"RQ22102645","pine Gel 25l","5","each","1853"
"RQ22102645",,"0","each","1854"
"RQ22102620","toilet dip 25l","5","each","1855"
"RQ22102620","floor glaze 25l","5","each","1856"
"RQ22102620","pine Gel 25l","5","each","1857"
"RQ22102667","toilet dip 25l","5","each","1858"
"RQ22102667","floor glaze 25l","5","each","1859"
"RQ22102667","pine Gel 25l","5","each","1860"
"RQ22102615","Silver Package Lunch with drink and bottled water","160","each","1861"
"RQ22102615","Table centre piece","1","each","1862"
"RQ22102615","Welcome snacks","160","each","1863"
"RQ22102615","Glass stage with lights","1","each","1864"
"RQ22102615","Branded Podium","1","each","1865"
"RQ22102654","CE410A Black","2","each","1866"
"RQ22102654","CE412A Yellow","1","each","1867"
"RQ22102654","CE413A Magenta","1","each","1868"
"RQ22102654","CE411A Cyan","1","each","1869"
"RQ22102695","toilet dip 25l","5","each","1870"
"RQ22102695","floor glaze 25l","5","each","1871"
"RQ22102695","pine Gel 25l","5","each","1872"
"RQ22103142","Tead and Lunches ","35","each","1873"
"RQ2210318","78A Catridge","1","each","1874"
"RQ22103130","carryout service as per qoutation","1","each","1875"
"RQ2210311","carryout service as per qoutation","1","each","1876"
"RQ22103194","Purchase of provision & meals for Engineering Forum Presentations","35","each","1877"
"RQ22103174","Purchase of provisions & meals for Engineering Forum Presentations","35","each","1878"
"RQ22103190","Purchase of provisions & meals for Engineering Forum Presentations","35","each","1879"
"RQ22103129","Purchase of provisions & meals for Engineering Forum Presentations","35","each","1880"
"RQ22103157","SWITCHES,PLASTIC LIDS,BOXS,CABLE","57","each","1881"
"RQ22103189","FLOODLIGHTS, ETC","7","each","1882"
"RQ22103178","Servicing of fire alarm","1","each","1883"
"RQ22103143","55A TONER CATRIDGE ","1","each","1884"
"RQ22110184","Hoover Vacuum Cleaner","1","each","1885"
"RQ22110184","Water Pump Daylife","1","each","1886"
"RQ2211012","Silver Package Lunch with drink and bottled water","180","each","1887"
"RQ2211012","Table centre piece","1","each","1888"
"RQ2211012","Welcome snacks","180","each","1889"
"RQ2211012","Branded podium","1","each","1890"
"RQ2211012","Glass stage with lights","1","each","1891"
"RQ2211025","Branded A4 Diaries ","400","each","1892"
"RQ2211025","Branded A5 Diaries ","400","each","1893"
"RQ2211025","Executive boxed USB notebooks ","25","each","1894"
"RQ2211025","Standard A5 Notebooks","200","each","1895"
"RQ22110266","12 paged A2 Desk Calendar ","500","each","1896"
"RQ22110266","1 page A1 Wall calendar ","1500","each","1897"
"RQ22110228","plumbing materials","1","each","1898"
"RQ22110285","Silver Package Lunch with drink and bottled water","180","each","1899"
"RQ22110285","Table centre piece","18","each","1900"
"RQ22110285","Welcome snacks","180","each","1901"
"RQ22110285","Glass stage with lights","1","each","1902"
"RQ22110285","Branded Podium","1","each","1903"
"RQ22110294","CRANE HIRE","1","each","1904"
"RQ22110383","Netball Tournament Affiliation Fee and food","1","each","1905"
"RQ22110333","Bed and breakfast","2","each","1906"
"RQ22110333",,"0","each","1907"
"RQ22110773","Branded A5 Diaries ","400","each","1908"
"RQ22110713","Branded boxed executive notebooks with usb","25","each","1909"
"RQ22110713","Branded standard A5 Notebook","200","each","1910"
"RQ22110770","Deluxe single room","1","each","1911"
"RQ22110770","Buffet Dinner + 1 meal","1","each","1912"
"RQ22110846","Morning teas","60","each","1913"
"RQ22110846","Executive Lunch","60","each","1914"
"RQ22110846","Conference","60","each","1915"
"RQ22110846","Afternoon teas","60","each","1916"
"RQ22110833","BRAAI PACKS","236","each","1917"
"RQ22110876","plumbing","1","each","1918"
"RQ22110812","plumbing","1","each","1919"
"RQ22110867","plumbing","1","each","1920"
"RQ22111473","Full band performance ","1","each","1921"
"RQ22111494","Live performance band ","1","each","1922"
"RQ22111596","PORTABLE GENERATOR","1","each","1923"
"RQ22111569","GENERATOR TRAILER","1","each","1924"
"RQ22111545","PORTABLE COMPRESSOR","1","each","1925"
"RQ22111588","HIGH PRESSURE CLEANER","1","each","1926"
"RQ22111586","cellphone","1","each","1927"
"RQ22111578","Standard Twin Room  B Mlambo","2","each","1928"
"RQ22111578","Standard Twin Room F Matonda","1","each","1929"
"RQ2211172","cable trenching ","22","metres","1930"
"RQ22111866","bulbs","30","each","1931"
"RQ22111830","bulbs","30","each","1932"
"RQ22111828","roof repairs","1","each","1933"
"RQ22112269","2","30","metres","1934"
"RQ22112232","Branded Ties ","100","each","1935"
"RQ22112479","Bed and breakfast","2","each","1936"
"RQ22112488","teas and lunches","30","each","1937"
"RQ22112442","cable","200","metres","1938"
"RQ22112421","Ergonomic swivel chairs","6","each","1939"
"RQ22112462","Ergonomic cashier stools/chairs","2","each","1940"
"RQ22112414","(Quarter chicken & Chips, Delta Cans) ","25","each","1941"
"RQ22112424","Band","1","each","1942"
"RQ2211258","Tiling material ","3","each","1943"
"RQ22112923","plumbing materials repairs","1","each","1944"
"RQ22112935","ROOF REAL","1","each","1945"
"RQ22112969","Photoshoot & Photo printing ","1","each","1946"
"RQ22113049","4","1","each","1947"
"RQ22113049",,"0","each","1948"
"RQ22120250","White shirts ","9","each","1949"
"RQ22120250","Sky Blue shirts ","9","each","1950"
"RQ22120250","Light yellow shirts ","1","each","1951"
"RQ22120250","Light Grey shirts ","1","each","1952"
"RQ22120558"," HP PROBOOK 450 G8 LAPTOP","2","each","1953"
"RQ22120757","plumbing materials","1","each","1954"
"RQ22120755","Hire of a 7 tonne truck","1","each","1955"
"RQ22120861","Cheese","5","each","1956"
"RQ22120861","Beef","10","kgs","1957"
"RQ22120861","Chicken 2kgs","6","each","1958"
"RQ22120861","Cooking Oil 2ltrs","1","each","1959"
"RQ22120861","Rice 2kgs","2","each","1960"
"RQ22120861","Salad Cream","2","each","1961"
"RQ22120861","Bread","10","each","1962"
"RQ22120861","Samoosa","8","each","1963"
"RQ22120861","Chicken Breasts 2kg","1","each","1964"
"RQ22120861","Bacon 500g","6","packets","1965"
"RQ22120861","Ham","4","packets","1966"
"RQ22120861","Eggs","2","each","1967"
"RQ22120861","Drinks 500ml","60","each","1968"
"RQ22120861","Tomatoes","5","kgs","1969"
"RQ22120861","Onions","2","kgs","1970"
"RQ22120861","Carrots","2","kgs","1971"
"RQ22120861","Green Beans","2","packets","1972"
"RQ22120861","Lettuce","4","each","1973"
"RQ22120861","Cucumber","4","each","1974"
"RQ22120861","Cabbage","1","each","1975"
"RQ22120861","Potatoes 10kg","1","each","1976"
"RQ22120861","Mazoe 2Ltrs","3","each","1977"
"RQ22120861","Sweets","2","packets","1978"
"RQ22120861","Royco","2","each","1979"
"RQ22120896","Consultation fee ","1","each","1980"
"RQ22120985","Lunch and Drinks","25","each","1981"
"RQ22121264","Tiling material","1","each","1982"
"RQ22121285","Tiling material","1","each","1983"
"RQ22121263","Tiling material","1","each","1984"
"RQ22121280","Tiling material Old Waterfalls","1","each","1985"
"RQ22121218","Tiling material new waterfalls depot","1","each","1986"
"RQ2212138","car hire","2","each","1987"
"RQ22121381","4","1","each","1988"
"RQ22121349","1/4 chicken & Chips","35","each","1989"
"RQ22121349","UB Cans","35","each","1990"
"RQ22121349","Islands Salads","35","each","1991"
"RQ22121349","Prince burgers","35","each","1992"
"RQ22121329","welding & cutting kit","1","each","1993"
"RQ22121328","Tiling material","1","each","1994"
"RQ22121470","partioning finance","1","each","1995"
"RQ22121457","cable trenching","31","metres","1996"
"RQ22121471","cable trenching","31","metres","1997"
"RQ22121487","cable trenching","31","metres","1998"
"RQ22121453","cable trenching","31","metres","1999"
"RQ22121414","car hire","3","each","2000"
"RQ22121442","127 X 2.0MM ROUND TUBES","10","each","2001"
"RQ22121968","Carry out suspension overhaul","1","each","2002"
"RQ22122056","1","20","each","2003"
"RQ22122064","accomodation","1","each","2004"
"RQ23010430","Accommodation","1","each","2005"
"RQ23010523","Cellphones","2","each","2006"
"RQ23010550","FLAT BAR 50X10MM","1","each","2007"
"RQ23010550","ANGLE IRON 40X40X6MM","1","each","2008"
"RQ23010550","ROUND TUBE 32X2.0MM","1","each","2009"
"RQ23010550","ROUND TUBE 76X2.0","58","each","2010"
"RQ23010550","GATE WHEEL 80MM GATE WHEETSHEET SET WITH ROLLER ","1","each","2011"
"RQ23010550","VITEMAX WELDING RODS 3.15MM 10 GAUGE","5","each","2012"
"RQ23010550","PFERD CUTTING 230X3.0X22.23","6","each","2013"
"RQ23010637","7 tonne vehicle hire","1","each","2014"
"RQ23010683","teas and lunches ","67","each","2015"
"RQ23011058","Lunches","80","each","2016"
"RQ23011333","Tiles 30x60","23","each","2017"
"RQ23011333","Tiles 40x40","6","each","2018"
"RQ23011333","Grout White","2","kgs","2019"
"RQ23011333","Grout Grey","1","kgs","2020"
"RQ23011333","Adhesive 20kg","19","kgs","2021"
"RQ23011333","spacers 2mm","3","packets","2022"
"RQ23011332","Riversand","60","each","2023"
"RQ23011332","Transport/Delivery","3","each","2024"
"RQ23011371","3/4 Stones 60 cubic metres","60","each","2025"
"RQ23011371","Transport/Delivery","1","each","2026"
"RQ23011395","Padlock","22","each","2027"
"RQ23011326","wheelbarrow","1","each","2028"
"RQ23011326","garden spade","1","each","2029"
"RQ23011326","trimmer line","2","kgs","2030"
"RQ23011326","Brush cutter","1","each","2031"
"RQ23011370","rental","1","each","2032"
"RQ23011313","Samsung Galaxy A32 cellphone","2","each","2033"
"RQ23011313","Samsung Galaxy A03 cellphone","1","each","2034"
"RQ23011653","Floor Tiles","49","bags","2035"
"RQ23011653","tylon 20kg","29","kgs","2036"
"RQ23011653","grout","5","kgs","2037"
"RQ23011653","spacesr","3","packets","2038"
"RQ23011634","Murara","20","each","2039"
"RQ23011634","Jerry Can","1","each","2040"
"RQ23011656","Daily news Newspapers","1","each","2041"
"RQ23011696","Newsday, The Independent & The Standard newspapers","1","each","2042"
"RQ23011697","Fingaz","1","each","2043"
"RQ23011628","The Herald","1","each","2044"
"RQ23011652","refuse collection","1","each","2045"
"RQ23011618","Gravel 20cubic","20","each","2046"
"RQ23011667","TRANSPORT HIRE","714000","each","2047"
"RQ23011624","TRANSPORT HIRE","714000","each","2048"
"RQ2301168","TRANSFORMER OIL","1050","litres","2049"
"RQ23011715","Floor Tiles","49","each","2050"
"RQ23011715","tylon 20kg","29","each","2051"
"RQ23011715","Grout ","5","kgs","2052"
"RQ23011715","spacers","3","packets","2053"
"RQ23011741","Tiles 30x60","49","each","2054"
"RQ23011741","tylon 20kg","29","each","2055"
"RQ23011741","Grout ","5","each","2056"
"RQ23011741","spacers","3","packets","2057"
"RQ23011789","Tiles","49","each","2058"
"RQ23011789","Tylon 20kg","29","each","2059"
"RQ23011789","Grout 5kg","5","kgs","2060"
"RQ23011789","Spacers","3","packets","2061"
"RQ23011772","Tiles","49","each","2062"
"RQ23011772","Tylon 20kg","29","each","2063"
"RQ23011772","Grout 5kg","5","each","2064"
"RQ23011772","Spacers","3","packets","2065"
"RQ23011761","Angle Grinder 3000w","1","each","2066"
"RQ23011761","Angle Grinder 950w","1","each","2067"
"RQ23011761","Impact Drill 1100w","1","each","2068"
"RQ23011761","Impact drill 680w","1","each","2069"
"RQ23011761","Welding Machine 200A","1","each","2070"
"RQ23011761","Riveting Gun folding","1","each","2071"
"RQ23011761","Circular Saw","1","each","2072"
"RQ23011761","Screwdriver set","1","each","2073"
"RQ23011761","Spanner Set","1","each","2074"
"RQ23011761","Claw Hammer","1","each","2075"
"RQ23011761","Electric Planer","1","each","2076"
"RQ23011761","Crowbar","1","each","2077"
"RQ23011761","Tile Cutter","1","each","2078"
"RQ23011798","Bed and breakfast","2","each","2079"
"RQ23011798","Buffet dinner and juice","2","each","2080"
"RQ23011822","stores plan approval fees","1","each","2081"
"RQ23011842","BANDIT MACHINE AND ACCESSORIES","1","each","2082"
"RQ23011914","Tecno Pova Neo 64GB 2GB","1","each","2083"
"RQ23011970","Roadline White 2021 5L","1","litres","2084"
"RQ23011970","Roadline Yellow 2021 5L","2","litres","2085"
"RQ23011970","PVA Washable Sheen White 20L","2","litres","2086"
"RQ23011970","Thinners 5L","2","litres","2087"
"RQ23012049","REDMI 9A 2/64GB","1","each","2088"
"RQ23012484","Plumbing Materials for First Floor Gents toilet","34","each","2089"
"RQ23012436","Training","30","each","2090"
"RQ23012574","cables","2","each","2091"
"RQ23012576","Procurement of Herald (Monday to Sat) Hard copy x 2 & 2 Copies of Sunday Mail for District Manager and Senior Engineer South District","2","each","2092"
"RQ23012570","HP 80A Tonner","5","each","2093"
"RQ23012526","Accomodation","2","each","2094"
"RQ23012540","TRANSPORT HIRE","1","each","2095"
"RQ23012681","Procurement of Mobile tool for ZIMS & GIS for Senior Engineer - T. Maromo - Samsung A33 5G","1","each","2096"
"RQ23012795","Accommodation for Eng. P. Mundenda","1","each","2097"
"RQ23013070","1/4 & medium chips","35","each","2098"
"RQ23013070","Port salad","35","each","2099"
"RQ23013070",,"0","each","2100"
"RQ23013163","Borehole installation materials- Dorset","33","each","2101"
"RQ23013137","plumbing materials - Risk entrance ground floor toilet","16","each","2102"
"RQ23013165","plumbing materials","1","each","2103"
"RQ23020183","rental","1","each","2104"
"RQ23020189","Bed and breakfast","3","each","2105"
"RQ23020189","Dinner+ meal drink","3","each","2106"
"RQ2302023","AVS","1","each","2107"
"RQ2302023","CALL OUT","2","each","2108"
"RQ23020631","1","1","each","2109"
"RQ23020774","refreshments and stationery","2","each","2110"
"RQ23020818","Hire of Plate Compactor","1","each","2111"
"RQ23020837","CELLPHONES","4","each","2112"
"RQ2302084","doors and locks","1","each","2113"
"RQ23020893","7tonne truck hire","1","each","2114"
"RQ23020830"," 30 days 7 tonne truck hire","1","each","2115"
"RQ23020888","Meat Platter","9","each","2116"
"RQ23020888","ZLG Minera lwater","144","each","2117"
"RQ23020888","Top ten sweets","3","packets","2118"
"RQ23020888","Nova serviettes 100s","3","packets","2119"
"RQ23020841"," 30 days 7 tonne truck hire","1","each","2120"
"RQ23020849"," 30 days 7 tonne truck hire","1","each","2121"
"RQ23020897"," 30 days 7 tonne truck hire","1","each","2122"
"RQ23020838"," 30 days 7 tonne truck hire","1","each","2123"
"RQ23020984"," 30 days 7 tonne truck hire","1","each","2124"
"RQ23021339","cleaning materials","1","each","2125"
"RQ23021393","borehole fittings","1","each","2126"
"RQ23021384","RPS order variation","1","each","2127"
"RQ23021340","grounds maintenance","1","each","2128"
"RQ23021589","CRANE HIRE","1","each","2129"
"RQ23021548","plumbing materials","1","each","2130"
"RQ23021545","1","3","each","2131"
"RQ23022051","toilet tissue","125","each","2132"
"RQ23022224","1","1","each","2133"
"RQ23022251","1","1","each","2134"
"RQ23022267","1","1","each","2135"
"RQ23022238","partioning Old waterfalls depot","1","each","2136"
"RQ23022230","Tiling material Old Waterfalls","1","each","2137"
"RQ23022281","grounds maintenance","1","each","2138"
"RQ23022332","Heavy duty rechargeable torches","20","each","2139"
"RQ23022329","cellphone","1","each","2140"
"RQ23022352","25mm nylone rope","200","metres","2141"
"RQ23022352","20mm nylone rope","200","metres","2142"
"RQ23022352","16-18mm Nylone rope","200","metres","2143"
"RQ23022333","Lunches ","20","each","2144"
"RQ23022377","20L PARAQUAT WEEDKILLER","1","each","2145"
"RQ2302233","Conference fees","1","each","2146"
"RQ23022472","1/4 & medium chips","25","each","2147"
"RQ23022472","Port salad","25","each","2148"
"RQ23022710","lunches","20","each","2149"
"RQ23022857","Accommodation and Breakfast","4","each","2150"
"RQ23022893","TILE ETNA BEIGE 600X600 1.44M2","90","each","2151"
"RQ23022893","LEADCLOSE TILE ADHESIVE BOND ","55","each","2152"
"RQ23022893","SOLID BONDING LIQUID 5LT","3","each","2153"
"RQ23022893","TILE CUTTING 3-1 MACHINE ZTCH 24INCH","1","each","2154"
"RQ23022893","FORGE TILE SPACER WHITE 3MM BAG ","2","each","2155"
"RQ23022893","TAL EDGE TRIM ALUMINIUM ROUND 12M","10","each","2156"
"RQ23022893","LEADCLOSE GROUT LIGHT GREY 5KG","9","each","2157"
"RQ23022869","Lunches ","25","each","2158"
"RQ23030116","CELLPHONES SAMSUNG A32","2","each","2159"
"RQ23030149","cable trenching","42","metres","2160"
"RQ23030140","cable trenching","42","each","2161"
"RQ23030165","Breakfast","90","each","2162"
"RQ23030110","Lunch","90","each","2163"
"RQ23030361","Safety shoes ","20","each","2164"
"RQ2303073","angle irons for stores shed","3","each","2165"
"RQ23030765","CUTTING DISCS AND WELDING RODS","20","kgs","2166"
"RQ23030789","OXYGEN TEC CYL 14.2KG","1","each","2167"
"RQ23030777","INSTALLATION OF INFRA-RED BEAMS FOR COVENTRY RD WORKSHOPS BOOM GATE","1","each","2168"
"RQ23030880","HARD HATS","17","each","2169"
"RQ23030918","Accomodation","1","each","2170"
"RQ23031066","Porcelaine tiles","417","each","2171"
"RQ23031066","adhesive","100","each","2172"
"RQ23031066","grout","20","each","2173"
"RQ23031066","bonding liquid","10","each","2174"
"RQ23031013","lunches","40","each","2175"
"RQ23031329","1/4 CHICKEN & CHIPS","400","each","2176"
"RQ23031329","CANS","400","each","2177"
"RQ23031480","ROC Renewal Fee","1","each","2178"
"RQ23031414","Turpentine","2","each","2179"
"RQ23031414","Ceiling White","1","each","2180"
"RQ23031414","Tint","2","each","2181"
"RQ23031473","Toner Catridge HP 410 BlackCF410 Orig","2","each","2182"
"RQ23031469","Accomodation","2","each","2183"
"RQ23031526","Office stationery ","27","each","2184"
"RQ23031580","CT REPAIRS","1","each","2185"
"RQ23031582","CT REPAIRS","1","each","2186"
"RQ23031657","MCBs and CABLE MARKERS","7","each","2187"
"RQ23031613","Accomodation","2","each","2188"
"RQ23031736","plumbing materials- East Dist Ladies Toilet","14","each","2189"
"RQ23031710","plumbing materials -  ground floor east wing","34","each","2190"
"RQ23031768","flood lights, cooker switch","3","each","2191"
"RQ23031756","plumbing materials - GM's secretary toilet","16","each","2192"
"RQ23031752","hot chocolate & Sugar","2","each","2193"
"RQ23032164","milk powder","48","each","2194"
"RQ23032171","Quality Management","1","each","2195"
"RQ23032171","Safety Management System","1","each","2196"
"RQ23032188","lunches","20","each","2197"
"RQ23032214","Training","175","each","2198"
"RQ23032376","SUNLIGHT LIQUID 750ML","20","each","2199"
"RQ23032376","SPOTLESS SATCHETS 500G","15","each","2200"
"RQ23032376","BUCKETS 20L","10","each","2201"
"RQ23032376","DOMESTOS 750ML","15","each","2202"
"RQ23032376","HANDY ANDY 750ML","10","each","2203"
"RQ23032376","BUBBLE DEO BLOCKS","5","each","2204"
"RQ23032376","COBRA 300ML","5","each","2205"
"RQ23032376","CAUSTIC SODA ","5","each","2206"
"RQ23032376","ALL PURPOSE GLOVES","12","each","2207"
"RQ23032376","AIROMA AIRFRESHNER OIL 750ML","10","each","2208"
"RQ23032376","MUKWA FURNITURE OIL 750ML","10","each","2209"
"RQ23032376","ARIEL WASHING POWDER 2KG","3","each","2210"
"RQ23032376","ZIMBRITE BAR 1KG ","5","each","2211"
"RQ23032376","VASELINE 100ML","2","each","2212"
"RQ23032376","MR BRISTLE MOP","6","each","2213"
"RQ23032376","SOFT BROOM","6","each","2214"
"RQ23032771","purchase of trimmer line","2","kgs","2215"
"RQ23032778","BRUSH CUTTERS REPAIRS","2","each","2216"
"RQ23032798","PAINTS","5","litres","2217"
"RQ23032756","WATER TANKS","5","each","2218"
"RQ23032772","7 tonne truck hire","1","each","2219"
"RQ23032711","Accomodation","1","each","2220"
"RQ23032893","Plan Approval","1","each","2221"
"RQ23032881","Branded A4 Notebook with 26 inserts ","100","each","2222"
"RQ23032827","Bed and breakfast","8","each","2223"
"RQ23032827","Dinner+ meal drink","8","each","2224"
"RQ23032947","14kg cylinder ","2","kgs","2225"
"RQ23032937","Paint & Turpentine","4","each","2226"
"RQ23032979","Tiles , Adhesive, Grout & Spacers","4","each","2227"
"RQ23032921","Butternuts","4","each","2228"
"RQ23032921","Lettuce","2","each","2229"
"RQ23032921","Robot Pepper","1","each","2230"
"RQ23032921","Carrots","3","kgs","2231"
"RQ23032921","Green beans","3","each","2232"
"RQ23032921","Tomatoes","5","each","2233"
"RQ23032921","Onions","1","each","2234"
"RQ23032921","Potatoes","1","each","2235"
"RQ23032921","Cabbage","1","each","2236"
"RQ23032921","Chicken Portions 2kg","4","each","2237"
"RQ23032921","Beef","8","each","2238"
"RQ23032921","Rice 2kg","2","each","2239"
"RQ23032921","Salt 1kg","1","each","2240"
"RQ23032921","Aromat","2","each","2241"
"RQ23032921","Dee Spice","4","each","2242"
"RQ23032921","Cooking oil","2","each","2243"
"RQ23032921","Mayonnaise","2","each","2244"
"RQ23032921","Water","48","each","2245"
"RQ23032921","Jumbo Spring roll","1","each","2246"
"RQ23032921","Half moon samoosa","1","each","2247"
"RQ23032921","Chicken samoosa","1","each","2248"
"RQ23032921","Beef Samoosa","1","each","2249"
"RQ23032921","Scones 6s","8","each","2250"
"RQ23032921","Mealie Meal","1","each","2251"
"RQ23032921","Delta cans","45","each","2252"
"RQ23032912","Rider suits G.D.I padded","4","each","2253"
"RQ23032912","Helmet full face vega","4","each","2254"
"RQ23032912","Gloves long leather","4","each","2255"
"RQ23032912","Rider boots","4","each","2256"
"RQ23032950","Tyre 300x18","1","each","2257"
"RQ23032950","Rim 300x18","1","each","2258"
"RQ23032950","Pack  spokes 8Gx18","1","each","2259"
"RQ23032950",,"0","each","2260"
"RQ23032950",,"0","each","2261"
"RQ23032938","Accommodation and Breakfast","2","each","2262"
"RQ23032960","lunches","20","each","2263"
"RQ23032919","lunches","20","each","2264"
"RQ23033072","curtains and blinds","1","each","2265"
"RQ23033179","refuse collection","1","each","2266"
"RQ23040363","NEW TRANSFORMER OIL","840","litres","2267"
"RQ23040376","NEW TRANSFORMER OIL","840","litres","2268"
"RQ23040462","CONTACTOR","1","each","2269"
"RQ23040479","CONTACTOR","1","each","2270"
"RQ23040444","plumbing materials & Lock set for Old waterfalls Yard/Garden","1","each","2271"
"RQ23040493","A5 Certificates","1000","each","2272"
"RQ2304045","Pre-Retirement training","80","each","2273"
"RQ23040476","A5 Customer Information brochure on gloss paper ","10000","each","2274"
"RQ23040432","Royal blue highway waistcoat ","50","each","2275"
"RQ23040432","6 Panel corner insert cap (Navy/WHite)","100","each","2276"
"RQ23040582","Lunches ","60","each","2277"
"RQ23040527","plumbing materials","1","each","2278"
"RQ23040563","SHOVEL SQUARE MOUTH CYC","10","each","2279"
"RQ23040563","PICK MATTOCK CYC","10","each","2280"
"RQ23040563","PICK HANDLE PLASTIC C/POWER","10","each","2281"
"RQ23040528","Accomodation","1","each","2282"
"RQ23041148","shandalia","2","each","2283"
"RQ23041178","plumbing materials","1","each","2284"
"RQ23041162","plumbing materials","1","each","2285"
"RQ23041154","Accommodation and Meals","1","each","2286"
"RQ23041276","RAT POISON","24","each","2287"
"RQ2304135","Accomodation","1","each","2288"
"RQ23041419","cellphone handset","1","each","2289"
"RQ23041971","car shade repairs","1","each","2290"
"RQ23042012","BRICKS","10000","each","2291"
"RQ23042029","NEW TRANSFORMER OIL","420","litres","2292"
"RQ23042052","CRANE HIRE","1","each","2293"
"RQ23042017","Helmet Full Face Vega","1","each","2294"
"RQ23042033","Helmet Full Face Vega","1","each","2295"
"RQ23042084","Helmet Full Face Vega","1","each","2296"
"RQ23042094","Helmet Full Face Vega","1","each","2297"
"RQ23042078","Helmet Full Face Vega","1","each","2298"
"RQ23042040","helmet","1","each","2299"
"RQ23042044","TILES, TYLON AND GROUT","3","each","2300"
"RQ23042078","TILES, TYLON AND GROUT","3","each","2301"
"RQ2304203","WINDOW FRAMES","3","each","2302"
"RQ23042084","TILES, TYLON AND GROUT","3","each","2303"
"RQ23042084","TRANSPORT HIRE","1","each","2304"
"RQ23042136","Helmet Full Face Vega","1","each","2305"
"RQ23042163","Long Leather Glovesw","3","each","2306"
"RQ23042177","Quarter meal","25","each","2307"
"RQ23042177","Drinks","25","each","2308"
"RQ2304214","building materials","1","each","2309"
"RQ23042170","Commercial beef ","12","kgs","2310"
"RQ23042170","2kg Sable chicken","12","kgs","2311"
"RQ23042170","2kg Mahatma rice","2","kgs","2312"
"RQ23042170","red seal roller meal 10kg","1","bags","2313"
"RQ23042170","10kg potatoes","1","packets","2314"
"RQ23042170","Tomatoes","5","kgs","2315"
"RQ23042170","Onions","2","kgs","2316"
"RQ23042170","Carrots","3","kgs","2317"
"RQ23042170","Cabbage head","2","each","2318"
"RQ23042170","Green beans","2","kgs","2319"
"RQ23042170","Lettuce","4","each","2320"
"RQ23042170","200g Cheese","5","each","2321"
"RQ23042170","12s Samoosa","10","each","2322"
"RQ23042170","1kg Chicken breast","2","kgs","2323"
"RQ23042170","C&B salad cream 750g","2","each","2324"
"RQ23042170","Irvines eggs","2","each","2325"
"RQ23042170","Proton bread","12","each","2326"
"RQ23042170","Aqua clear water 500ml","144","litres","2327"
"RQ23042170","Delta can","60","each","2328"
"RQ23042170","Karinga soup","2","each","2329"
"RQ23042170","Chicken spice","2","each","2330"
"RQ23042170","Aromat","1","each","2331"
"RQ23042170","Sweets 150s","3","each","2332"
"RQ23042170","Mazoe orange crush","3","litres","2333"
"RQ23042170","Raha cooking oil 2l","1","litres","2334"
"RQ23042170",,"0","each","2335"
"RQ23042142","hire of scaffolding ","1","each","2336"
"RQ23042545","Teas and Lunches ","70","each","2337"
"RQ23042721","ARC FLASH WORKSUITS","70","each","2338"
"RQ23042748","TRANSPORT HIRE","1","each","2339"
"RQ23042870","Accommodation for Eng. P. Mundenda","1","each","2340"
"RQ23042870",,"0","each","2341"
"RQ23042876","TURRET FABRICATION","1","each","2342"
"RQ23050422","channel blocks","10","each","2343"
"RQ23050495","painting","1","each","2344"
"RQ23050473","painting brushes","1","each","2345"
"RQ23050548","5","5","each","2346"
"RQ23050866","Bed and breakfast","4","each","2347"
"RQ23050983","lamp ","2","each","2348"
"RQ23050940","4 core 25mm2 swa cable","100","metres","2349"
"RQ23050998","4 core 25mm2 swa cable","100","metres","2350"
"RQ23050959","4 core 25mm2 swa cable","100","metres","2351"
"RQ2305101","1","1","each","2352"
"RQ23051180","repairs of petrol pump & transport","1","each","2353"
"RQ23051117","car battery","1","each","2354"
"RQ23051798","Training ","1","each","2355"
"RQ2305175","Flush Master","6","each","2356"
"RQ23051796","Quarter meal","25","each","2357"
"RQ23051796","Can drink","25","each","2358"
"RQ2305173","Quarter meal","25","each","2359"
"RQ2305173","Can drink","25","each","2360"
"RQ2305189","repairs cuboards strathavan","1","each","2361"
"RQ23051866","cleaning materials","1","each","2362"
"RQ23051820","Tiles and bonding","104","each","2363"
"RQ23051948","Bed and breakfast","1","each","2364"
"RQ23051913","cleaning detergents","1","each","2365"
"RQ23051915","Accommodation and Breakfast,and dinner","3","each","2366"
"RQ2305193","Accommodation and Breakfast, and dinnere","1","each","2367"
"RQ23051971","3","3","each","2368"
"RQ23052278","plumbing","1","each","2369"
"RQ23052383","Chipboard screws 4*60mm","50","kgs","2370"
"RQ23052383","Chipboard screws 4*50mm","50","kgs","2371"
"RQ23052383","Chipboard screws 4* 40mm","40","kgs","2372"
"RQ23052383","Chipboard screws 4*30mm","1","kgs","2373"
"RQ23052383","Nail in anchors 6*55mm","20","kgs","2374"
"RQ23052383","nail in anchors 6* 60mm","4","kgs","2375"
"RQ23052366","10","10","each","2376"
"RQ23052475","ZAS RENT FOR JUNE 2023","1","each","2377"
"RQ23052452","Laptop","1","each","2378"
"RQ23052418"," 30 days 7 tonne truck hire","1","each","2379"
"RQ23052420","Commercial beef","8","kgs","2380"
"RQ23052420","Chicken  2kgs","4","each","2381"
"RQ23052420","Mahatma rice 2kgs","2","each","2382"
"RQ23052420","Super Power Roller meal 5kg","1","each","2383"
"RQ23052420","Butternut","3","kgs","2384"
"RQ23052420","Aquarclear water 500mls bottles","96","each","2385"
"RQ23052420","Mazoe 2ltr","2","each","2386"
"RQ23052420","Sweets","2","packets","2387"
"RQ23052420","Cabbage","2","each","2388"
"RQ23052420","Bread loaves","10","each","2389"
"RQ23052420","Eggs","2","cartons","2390"
"RQ23052420","Tomatoes","4","kgs","2391"
"RQ23052420","Carrots","1","kgs","2392"
"RQ23052420","Salad Cream","2","each","2393"
"RQ23052420","Spicies","2","each","2394"
"RQ23052420","Green beans","2","packets","2395"
"RQ23052420","Pepper","4","each","2396"
"RQ23052420","Samoosa","4","packets","2397"
"RQ23052420","Cooking oil 2Ltrs","1","each","2398"
"RQ23052420","Chicken Breasts","1","kgs","2399"
"RQ23052420","Onions","2","kgs","2400"
"RQ23052420","Royco","2","each","2401"
"RQ23052420","Ham","4","packets","2402"
"RQ23052420","Ox tounge","4","kgs","2403"
"RQ23052420","Pet soft drinks","35","each","2404"
"RQ23052482","Accommodation and Breakfast and dinner","4","each","2405"
"RQ23052614","RUBBER SEALANT","24","each","2406"
"RQ23052646","3 Course meal","20","each","2407"
"RQ23052646","Bar Bill estimate per person","20","each","2408"
"RQ23052640","Bed and breakfast","12","each","2409"
"RQ23052640","Dinner+ meal drink","12","each","2410"
"RQ23052622","DISHWASHER 750MLS","10","each","2411"
"RQ23052622","TOILET CLEANER 750MLS","20","each","2412"
"RQ23052622","SPOTLESS SCOURING POWDER 500G","15","each","2413"
"RQ23052622","INSECT KILLER 300ML","6","each","2414"
"RQ23052622","AIR FRESHNER 210ML","6","each","2415"
"RQ23052622","JIK 750ML","5","each","2416"
"RQ23052622","VASELINE 250ML","2","each","2417"
"RQ23052622","WASHING POWDER 2KG","3","each","2418"
"RQ23052622","WASHING BARS KG","3","each","2419"
"RQ23052622","COBRA 750ML","5","each","2420"
"RQ23052622","FURNITURE  POLISH ","5","each","2421"
"RQ23052622","CAUSTIC SODA 250G","4","each","2422"
"RQ23052622","SOFT BROOMS ","2","each","2423"
"RQ23052622","FEATHER DUSTER LONG","2","each","2424"
"RQ23052622","LIQUID HAND SOAP  450ML","2","each","2425"
"RQ23052622","DISH TOWELS 3 PIECE","2","each","2426"
"RQ2305294","lunches","25","each","2427"
"RQ23052959","zlg refill coupons  for drinking water","100","each","2428"
"RQ23052940","Venue fee","1","each","2429"
"RQ23052940","Gold buffet ","25","each","2430"
"RQ23052940","Drinks tab","1","each","2431"
"RQ2305293","Rental","1","each","2432"
"RQ23052930","Rental","1","each","2433"
"RQ23052953","Rental","1","each","2434"
"RQ23053046","1/4 CHICKEN  AND CHIPS","72","each","2435"
"RQ23053046","CAN DRINKS","72","each","2436"
"RQ23053046","MINERAL WATER","72","each","2437"
"RQ23053029","security and boundary fence","1","each","2438"
"RQ23053061","security and boundary fence","1","each","2439"
"RQ23053166","BIN LINNERS","100","each","2440"
"RQ23053180","toner catridge","4","each","2441"
"RQ23060193","Everyday milk","48","each","2442"
"RQ23060290"," gumpoles","27","each","2443"
"RQ23060244","intense data bundles ","3","each","2444"
"RQ23060287","training for workers committee","25","each","2445"
"RQ23060639","leaking water tank repairs","1","each","2446"
"RQ23060619","flushing system repairs","1","each","2447"
"RQ2306068","Ruwa depot shutters","1","each","2448"
"RQ23060665","HP W415A W2030A toner cartridge","1","each","2449"
"RQ23060665","HP W415A W2031A toner cartridge","1","each","2450"
"RQ23060665","HP W415A W2032A toner cartridge","1","each","2451"
"RQ23060665","HP W415A W2033A toner cartridge","1","each","2452"
"RQ23060667","toilet repairs","1","each","2453"
"RQ23060646","tiles for IT and loss control offices","1","each","2454"
"RQ23060676","1/4 CHICKEN & CHIPS","150","each","2455"
"RQ23060676","PET 350ML","150","each","2456"
"RQ23060759","Rental","1","each","2457"
"RQ23060740","4","4","each","2458"
"RQ23060721","Tiles , Adhesive, Grout & Spacers","5","each","2459"
"RQ23060820","MCBs , glands, earth rod and surface box","23","each","2460"
"RQ23060823","hire of 3t truck","1","each","2461"
"RQ23060996","TOILET SUIT BETTALUX WHITE","3","each","2462"
"RQ23060996","TOILET SEAT WOOD WHITE MDF","3","each","2463"
"RQ23060996","BOLTS FIXING WAAL (PAIR) 10MM","10","each","2464"
"RQ23060996","FLEX P TRAP 32 * 32MM","32","each","2465"
"RQ23060996","PILLAR TAP 15MM CP SONDO NF","15","each","2466"
"RQ23060996","COPPER PIPE H/HARD 15MM* 5 5MT","5","metres","2467"
"RQ23060996","COPPER PIPE H/HARD 22MM*5.5MT","6","metres","2468"
"RQ23060996","CAP ELBO CXC 22MM","22","each","2469"
"RQ23060996","CAP TEECXC 15MM","15","each","2470"
"RQ23060996","ANGLE REG VALVE 15MM CP GROLE T/C","15","each","2471"
"RQ23060996","FLEX CONNECTOR 15MM* 450MM","15","each","2472"
"RQ23060996","SASH PUTTY 1KG","1","kgs","2473"
"RQ23060996","CAP COUPLING CXMI15MM","15","each","2474"
"RQ23060996","CAP COUPLING CXFI 15MM","15","each","2475"
"RQ23060996","THREAD TAPE PTFE PER ROLL","1","each","2476"
"RQ23060996","SOLDER WIRE CORE 2MM 25OG TAC","250","grammes","2477"
"RQ23060996","GAS CARTRIDGE 190G","190","grammes","2478"
"RQ23060996","SOLDERING FLUX 200G ","200","grammes","2479"
"RQ23060996","HACKSAW BLADE 24T 2PC PRO LASHER ","2","each","2480"
"RQ23060996","COMP COUPL CXFI 15MM","15","each","2481"
"RQ23060996","FISHER PLUGS M6 100PC","1","each","2482"
"RQ23060996","WB51 BEND ACC 50MM","50","each","2483"
"RQ23060996","PVC WASTE PIPE WP313 50MM","50","each","2484"
"RQ23060996","SOLVENT CEMENT 500ML PRO","500","each","2485"
"RQ23060996","WT51 JUNC 95D IE 50MM","50","each","2486"
"RQ23060996","BUNG RUBBER CONNECTOR FP59 DUTTON","1","each","2487"
"RQ23060996","URINAL WASTE FP8 DUTTON","1","each","2488"
"RQ23060996","URINAL BRACKETS CP PAIR","1","each","2489"
"RQ23060996","FISHER PLUG PLUS SCR SET 8MM 50PCS","50","each","2490"
"RQ23061275","REWIND 30 V AND 110 V TRIP COILS","6","each","2491"
"RQ23061317","cement","300","each","2492"
"RQ2306132","locks","15","each","2493"
"RQ23061415","CHICKEN (2KG)","6","kgs","2494"
"RQ23061415","BEEF","12","kgs","2495"
"RQ23061415","COOKING OIL (2L)","2","litres","2496"
"RQ23061415","RICE (2KG)","2","kgs","2497"
"RQ23061415","BREAD","12","each","2498"
"RQ23061415","TOMATOES","6","kgs","2499"
"RQ23061415","ONIONS (2KG)","1","kgs","2500"
"RQ23061415","GREEN BEANS (500G)","8","kgs","2501"
"RQ23061415","MINERAL WATER (500ML)","216","litres","2502"
"RQ23061415","DRINKS ( 500ML COCA COLA)","60","litres","2503"
"RQ23061415","CHICKEN BREAST","2","kgs","2504"
"RQ23061415","SALAD CREAM (790ML)","3","litres","2505"
"RQ23061415","HAM","10","kgs","2506"
"RQ23061415","EGGS (CRATES)","2","each","2507"
"RQ23061415","CABBAGE","6","each","2508"
"RQ23061415","LETTUCE","2","each","2509"
"RQ23061415","CARROTS","4","each","2510"
"RQ23061415","MAZOE (2L)","5","litres","2511"
"RQ23061415","SWEETS (280G)","5","grammes","2512"
"RQ23061415","CHICKEN SPICE (45G)","4","grammes","2513"
"RQ23061415","ROYCO (75G)","2","grammes","2514"
"RQ23061415","POTATOES","10","kgs","2515"
"RQ23061438","IPMZ Annual Conference","1","each","2516"
"RQ23061455","WASHABLE SHEEN 20L","12","each","2517"
"RQ23061455","GLOSS 5L","7","each","2518"
"RQ23061455","UNIVERSAL UNDERCOAT 5L","3","each","2519"
"RQ23061455","TURPENTINE 5L","2","each","2520"
"RQ23061455","PVA CEILING WHITE 20L","5","each","2521"
"RQ23061455","WIRE BRUSH","4","each","2522"
"RQ23061455","MUTTON CLOTH 1KG","5","each","2523"
"RQ2306149","Nando's quarter chicken","20","each","2524"
"RQ2306149","Minute maid","20","each","2525"
"RQ23061436","Nando's quarter chicken","20","each","2526"
"RQ23061436","Minute maid","20","each","2527"
"RQ23061583","doors","4","each","2528"
"RQ23061583","door frames 9 inch","1","each","2529"
"RQ23061583","door frams 115mm 0.8 mm","4","each","2530"
"RQ23061583","brick force4 1/2 inch","2","each","2531"
"RQ23061583","cement pc15 50kg","10","each","2532"
"RQ23061522","porcilin tiles 60x60","129","each","2533"
"RQ23061522","adhesive","130","each","2534"
"RQ23061522","wall & tiles","12","each","2535"
"RQ23061522","bonding liquid 5l","2","each","2536"
"RQ23061522","wall & floor grout","2","each","2537"
"RQ23061522","30*60 tiles","38","each","2538"
"RQ23061522","spacer 2mm","8","each","2539"
"RQ23061555","timber for scafolding- ruwa depot constrution","4","each","2540"
"RQ23062098","CROSSBY CLAMPS200","200","each","2541"
"RQ23062087","TRANSFORMER OIL REGENERATION","7326","litres","2542"
"RQ23062054","RAT POISON","24","each","2543"
"RQ23062022","TRANSPORT HIRE","1","each","2544"
"RQ23062032","SAW CHAIN 15INCH H42 3/8X.058 HUSQVARNA","3","each","2545"
"RQ23062032","SLASHER GRASS NB","3","each","2546"
"RQ23062032","MACHETE CURVED 16/18IN","3","each","2547"
"RQ23062032","SAFETY HARD HAT 6 POINT  BUILDER BLUE SITEWEAR","4","each","2548"
"RQ23062032","SAFETY GOGGLES CLEAR DIRECT VENT","4","each","2549"
"RQ23062032","ENGINE OIL PETROL GTX 20W50 5LT CASTROL","2","each","2550"
"RQ23062032","FILE CHAIN SAW 200X 5.5MM 3 PIECE","1","each","2551"
"RQ23062032","JERRY CAN METAL 20LT GREEN 0.8MM STEEL","1","each","2552"
"RQ23062091","toilet suit","1","each","2553"
"RQ23062091","clay pedestal ","1","each","2554"
"RQ23062091","clay basin","1","each","2555"
"RQ23062091","pan collar","1","each","2556"
"RQ23062091","flex connection","2","each","2557"
"RQ23062091","basin waste","1","each","2558"
"RQ23062091","elbow","4","each","2559"
"RQ23062091","angle reg valve","4","each","2560"
"RQ23062091","coupling","16","each","2561"
"RQ23062091","2way vent","1","each","2562"
"RQ23062091",,"0","each","2563"
"RQ23062091",,"0","each","2564"
"RQ2306204","plumbing materials repairs","1","each","2565"
"RQ23062056","Toner Cartridge ","4","each","2566"
"RQ23062132","NEW TRANSFORMER OIL","1050","litres","2567"
"RQ23062184","o ring seal","1","each","2568"
"RQ23062125","Toner Catridges","4","each","2569"
"RQ23062148","Toner Catridges","4","each","2570"
"RQ23062212","55A TONER CARTRIDGES","3","each","2571"
"RQ23062374","lunches","30","each","2572"
"RQ23062392","TRANSPORT HIRE","1","each","2573"
"RQ23062339","TRANSPORT HIRE","1","each","2574"
"RQ2306267","NEW TRANSFORMER OIL","840","litres","2575"
"RQ2306269","NEW TRANSFORMER OIL","1050","litres","2576"
"RQ23062643","TRANSPORT HIRE","1","each","2577"
"RQ23062763","MACHINE TAP CHANGE CONTACTS","3","each","2578"
"RQ23062768","gaskets","22","each","2579"
"RQ23062743","HP 05A Laser Cartridge Generic","1","each","2580"
"RQ23062880","Quarter meal","40","each","2581"
"RQ23062880","UB Can drinks","40","each","2582"
"RQ23062941","Purchase of provisions & meals for Drone and Accident Review Meetings","1","each","2583"
"RQ2306306","verandah rough tiles","320","metres","2584"
"RQ23063018","toilets and kitchen wall tiles for both offices","330","metres","2585"
"RQ23070195","12 X 2PIECER & 12 X UB CANS","12","each","2586"
"RQ23070348","rent - july 2023","1","each","2587"
"RQ23070397"," poles","30","each","2588"
"RQ23070365","Air ticket for Mr A.T Mutambirwa","1","each","2589"
"RQ23070366","12 X 2PIECER & 12 X UB CANS","12","each","2590"
"RQ23070352","waste collection","1","each","2591"
"RQ23070477","DOOR FRAME FIRE","1","each","2592"
"RQ23070428","Tiles","42","each","2593"
"RQ23070467","NEW TRANSFORMER OIL","1050","litres","2594"
"RQ23070528","BALL VALVE 32MM ","2","each","2595"
"RQ23070528","TAP BRASS 15MM ","2","each","2596"
"RQ23070528","SOCKET 32MM PVC","1","each","2597"
"RQ23070528","STOP COCK 15MM COBRA","2","each","2598"
"RQ23070528","6 SOCKET UNION 32MM","1","each","2599"
"RQ23070528","TEE PLAIN 32MM PVC ","2","each","2600"
"RQ23070528","ELBOW 32MM PVC 90DEGREE","2","each","2601"
"RQ23070528","VSP 32MM","3","each","2602"
"RQ23070528","SOLVENT CEMENT 200ML ","2","each","2603"
"RQ23070532","Round nose shovel 65cm","20","each","2604"
"RQ23070532","Pick head chisel & diamond 3kgs","20","each","2605"
"RQ23070532","Pick handle 900 x 50mm gum 1st grade","40","each","2606"
"RQ23070611","cobra star pilla taps","5","each","2607"
"RQ23070611","cobra standard hose wall taps 15 mm","2","each","2608"
"RQ23070611","standard hosen wall taps20mm","1","each","2609"
"RQ23070611",,"0","each","2610"
"RQ2307104","Meals and conference room","1","each","2611"
"RQ23071069","Psychometric Tests","1","each","2612"
"RQ23071166","brass clamps","20","each","2613"
"RQ2307114","ALUMINIUM CLAMPS","20","each","2614"
"RQ23071191","TUNGSTEN C-GEAR MALE CONTACTS","20","each","2615"
"RQ23071250","commercial beef","5","kgs","2616"
"RQ23071250","chicken 2kg","3","kgs","2617"
"RQ23071250","rice 2kg","1","kgs","2618"
"RQ23071250","potatoes 5kg","1","kgs","2619"
"RQ23071250","cooking oil 2l","1","litres","2620"
"RQ23071250","c&b mayoinaise 790ml","2","litres","2621"
"RQ23071250","chicken breast","1","kgs","2622"
"RQ23071250","ham","5","kgs","2623"
"RQ23071250","tongue","5","kgs","2624"
"RQ23071250","cabbage","1","each","2625"
"RQ23071250","lettuce","2","each","2626"
"RQ23071250","tomatoes","5","kgs","2627"
"RQ23071250","onions","1","kgs","2628"
"RQ23071250","green beans 500g","3","grammes","2629"
"RQ23071250","carrots","2","kgs","2630"
"RQ23071250","bread","7","each","2631"
"RQ23071250","green pepper","3","kgs","2632"
"RQ23071250","royco 75g","1","kgs","2633"
"RQ23071250","spices 175g","1","kgs","2634"
"RQ23071250","butternut","3","kgs","2635"
"RQ23071250","broccoli","3","kgs","2636"
"RQ23071250","mineral water 500ml","48","litres","2637"
"RQ23071250","pet ass 500ml","25","litres","2638"
"RQ23071256","1","1","each","2639"
"RQ23071489"," 30 days 7 tonne truck hire","1","each","2640"
"RQ23071884","5t forklift hire","1","each","2641"
"RQ2307199","Crane hire","1","each","2642"
"RQ23072060","Oil filter Head","1","each","2643"
"RQ23072512","Beef","48","kgs","2644"
"RQ23072512","Mealie meal","10","kgs","2645"
"RQ23072512","cooking oil","7","litres","2646"
"RQ23072512","salt","6","kgs","2647"
"RQ23072512","vegetables","14","cartons","2648"
"RQ23072512","tomatoes","6","kgs","2649"
"RQ23072512","onion","6","kgs","2650"
"RQ23072512","mineral water","71","each","2651"
"RQ23072519","Samsung Galaxy A32","4","each","2652"
"RQ23072510","TRANSPORT HIRE","1","each","2653"
"RQ23072577","TRANSPORT HIRE","1","each","2654"
"RQ23072528","TRANSPORT HIRE","1","each","2655"
"RQ23072511","TRANSPORT HIRE","1","each","2656"
"RQ23072555","COUNTER BOOKS 3QUIRE X5","5","each","2657"
"RQ23072555","COUNTER BOOKS 1QUIRE X5","5","each","2658"
"RQ23072555","COUNTER BOOKS 2 QUIRE X5","5","each","2659"
"RQ23072555","PEN X3BOXES BLUE, BLACK, RED","3","each","2660"
"RQ23072555","RULERS X4","4","each","2661"
"RQ23072555","STICKY NOTES X10","10","each","2662"
"RQ23072555","STICK STUFF X1","1","each","2663"
"RQ23072555","SELL TAPE X1 LARGE 1 SMALL","2","each","2664"
"RQ23072555","PENCIL X5","5","each","2665"
"RQ23072555","RUBBER ERASER X4","4","each","2666"
"RQ23072555","DRAWING PINS X1 BOX","1","each","2667"
"RQ23072555","MONEY CLIPS X8 BOXES (1LARGE)","8","each","2668"
"RQ23072555","FLASH DISK X4","4","each","2669"
"RQ23072555","HIGHLIGHTERS X1 BOX ASSORTED","1","each","2670"
"RQ23072555","MARKERS X8 4 PERMANENT & 4 NON-PERMANENT","8","each","2671"
"RQ23072555","FLIP CHARTS X5","5","each","2672"
"RQ23072555","GLUE STICK X5","5","each","2673"
"RQ23072555","ENVELOPES X4 PACKS A4","4","packets","2674"
"RQ23072555","ENVELOPES X4 PACKS A5","4","packets","2675"
"RQ23072555","ENVELOPES X2 PACKS A3","2","packets","2676"
"RQ23072555","ACCESSIBLE FILES X100","100","each","2677"
"RQ23072555","ARCH LEVER FILES X50","50","each","2678"
"RQ23072555","NOTEBOOKS A5 X10","10","each","2679"
"RQ23072555","STAPLE PINS X6 BOXES","6","each","2680"
"RQ23072555","RUBBERBANDS X4 PACKS","4","packets","2681"
"RQ23072555","STAPLERS X4","4","each","2682"
"RQ23072555","SCISSORS X4","4","each","2683"
"RQ23072555","STAPLE PIN REMOVER X4 1 HEAVY DUTY","4","each","2684"
"RQ23072555","PAPER PUNCHER X4","4","each","2685"
"RQ23072555","MANILA X10","10","each","2686"
"RQ23072555","DELIVERY BOOKS X5","5","each","2687"
"RQ23072555","BOND PAPER X2 BOXES","2","each","2688"
"RQ23072682","MINERAL WATER X2 CASES","2","each","2689"
"RQ23072682","DELTA DRINKS X25","25","each","2690"
"RQ23072682","BEEF","6","kgs","2691"
"RQ23072682","CHICKEN","6","kgs","2692"
"RQ23072682","POTATOES","5","kgs","2693"
"RQ23072682","BUTTERNUT","3","kgs","2694"
"RQ23072682","CABBAGE","1","each","2695"
"RQ23072682","BREAD X6 LOAVES","6","each","2696"
"RQ23072682","TOMATOES","5","kgs","2697"
"RQ23072682","ONIONS","1","kgs","2698"
"RQ23072682","SAMOOSA","3","packets","2699"
"RQ23072682","HAM","5","packets","2700"
"RQ23072682","CHICKEN BREAST","1","kgs","2701"
"RQ23072682","SALAD CREAM MAYONNAISE","2","each","2702"
"RQ23072682","LETTUCE","2","each","2703"
"RQ23072682","GREEN BEANS","3","packets","2704"
"RQ23072682","CARROTS","2","kgs","2705"
"RQ23072682","CHICKEN SPICE","2","each","2706"
"RQ23072682","PEAS","1","packets","2707"
"RQ23072682","BROCCOLI","1","packets","2708"
"RQ23072778","CABLE CRIMP LUGS","100","each","2709"
"RQ23072760","22248*6m","20","each","2710"
"RQ23072760","15607*5m 30/30/3mm angle","10","each","2711"
"RQ23072760","4001*6.5m 12.7/9.52mm","6","each","2712"
"RQ23072760","7111 22031x","6","each","2713"
"RQ2307275","Venue, Decor setup, meals, corkage fees and PA, System  for Mr Mutoti's retirement Party","1","each","2714"
"RQ23072850","Delta Soft Drinks","34","cartons","2715"
"RQ2308039","crimping tools","2","each","2716"
"RQ23080328","SECURITY TORCHES","10","each","2717"
"RQ23080394","TEST LEADS","10","each","2718"
"RQ23080377","IBR SHEETS","18","each","2719"
"RQ23080397","IBR SHEETS","18","each","2720"
"RQ2308031","GATE MATERIALS","39","each","2721"
"RQ23080385","ANGLE STEEL","2","each","2722"
"RQ23080378","FABRICATION CONSUMABLES","125","each","2723"
"RQ2308037","1","1","each","2724"
"RQ23080351","CHICKEN 2KG","6","each","2725"
"RQ23080351","BEEF KG","12","each","2726"
"RQ23080351","COOKING OIL 2L","1","each","2727"
"RQ23080351","TOMATOES KG","5","each","2728"
"RQ23080351","CARROTS KG","3","each","2729"
"RQ23080351","ONIONS KG","2","each","2730"
"RQ23080351","GREEN BEANS 500G","6","each","2731"
"RQ23080351","YELLOW PEPPER KG","1","each","2732"
"RQ23080351","GREEN PEPPER KG","2","each","2733"
"RQ23080351","RED PEPPER KG","1","each","2734"
"RQ23080351","CABBAGE HEAD","1","each","2735"
"RQ23080351","BROCCOLI 500G","1","each","2736"
"RQ23080351","BUTTERNUT KG","4","each","2737"
"RQ23080351","POTATOES 1OKG","1","each","2738"
"RQ23080351","BREAD Loaf","10","each","2739"
"RQ23080351","salad cream 790g","2","each","2740"
"RQ23080351","salt 1kg","1","each","2741"
"RQ23080351","samosa 6s","5","each","2742"
"RQ23080351","eggs crate","2","each","2743"
"RQ23080351","lettuce head","2","each","2744"
"RQ23080351","peas 500g","2","each","2745"
"RQ23080351","cauliflower head","2","each","2746"
"RQ23080351","rice 2kg","2","each","2747"
"RQ23080351","mealie meal 10kg","1","each","2748"
"RQ23080351","chicken breast 1kg","2","each","2749"
"RQ23080351","karinga chicken 75g","2","each","2750"
"RQ23080351","dee chicken spice 90g","2","each","2751"
"RQ23080351","top class spice mix 350g","1","each","2752"
"RQ23080351","chicken seasoning 30g ","1","each","2753"
"RQ23080351","garlic country bbq kg","1","each","2754"
"RQ23080351","mazoe 2l","3","each","2755"
"RQ23080351","ham 450g","5","each","2756"
"RQ23080351","tongue","5","each","2757"
"RQ23080728"," Pictures","100","each","2758"
"RQ23080743","Cases of beer","12","cartons","2759"
"RQ23080834","8","8","each","2760"
"RQ23080877","Newsday Newspapers","1","each","2761"
"RQ23080812","Food Iterms","1","each","2762"
"RQ23080871","Samsung Galaxy A32","2","each","2763"
"RQ23080872","Samsung Galaxy A32","2","each","2764"
"RQ23080874","Samsung Galaxy A32","2","each","2765"
"RQ23080829","Ladies and Men Pulse Golf shirts ","50","each","2766"
"RQ23080829","Ladies and Men Sydney Shirt ","50","each","2767"
"RQ23080839","6 Panel structured cap ","50","each","2768"
"RQ23080839","Visor Cap ","50","each","2769"
"RQ23080864","Gift Bags","100","each","2770"
"RQ23080864","1 Litre Water Bottle ","100","each","2771"
"RQ23080855","3m x 3m curved fabric banner wall","1","each","2772"
"RQ23080855","3m x 3m Gazebo with 3 full walls","2","each","2773"
"RQ23080855","Pull up executive banner","4","each","2774"
"RQ23080855","3m Telescopic flag","6","each","2775"
"RQ23080855","Fountain cluster telescopic flag 3m","1","each","2776"
"RQ23080852","Single Entry (Monday to Thursday)","60","each","2777"
"RQ23080852","Single Entry (Friday to Saturday)","40","each","2778"
"RQ23080852","Vehicle Parking dics","10","each","2779"
"RQ23080866","20 pages customer information booklet","5000","each","2780"
"RQ23081069","pressure tank","1","each","2781"
"RQ23081157","Rental","1","each","2782"
"RQ23081144","newspapers","15","each","2783"
"RQ23081743"," 30 days 7 tonne truck hire","1","each","2784"
"RQ23081797","Crane hire","1","each","2785"
"RQ23081755","Crane hire","1","each","2786"
"RQ23081873","DOOR FRAME FIRE","1","each","2787"
"RQ23081837","paper towel disp","22","each","2788"
"RQ23081837","offwhite paper towels","22","each","2789"
"RQ23082168","16 CELLPHONES FOR WORKERS COMMITTEE CHAIRPERSONS","16","each","2790"
"RQ23082294","Rental sept 2023","1","each","2791"
"RQ2308225","intense data bundles ","3","each","2792"
"RQ23082565","Sept 2023 rent","1","each","2793"
"RQ23082597","Sept 2023 rent","1","each","2794"
"RQ23082579","Sept 2023 rent","1","each","2795"
"RQ2308256","Sept 2023 rent","1","each","2796"
"RQ23082574","Sept 2023 rent","1","each","2797"
"RQ23082537","Sept 2023 rent","1","each","2798"
"RQ23082547","Sept 2023 rent","1","each","2799"
"RQ23082846","Purchase of District Manager East's  vehicle accessories ","2","each","2800"
"RQ23083188","Purchase of cellphone for the Engineering Manager","1","each","2801"
"RQ23090454","1","1","each","2802"
"RQ23090465","TRANSPORT HIRE","1","each","2803"
"RQ23090421","TRANSPORT HIRE","1","each","2804"
"RQ23090472","TRANSPORT HIRE","1","each","2805"
"RQ23090439","TRANSPORT HIRE","1","each","2806"
"RQ2309045","TRANSPORT HIRE","1","each","2807"
"RQ2309049","cleaning materials","1","each","2808"
"RQ23090420","doors","1","each","2809"
"RQ23090451","security services","1","each","2810"
"RQ23090597","Rental sept 2023","1","each","2811"
"RQ2309059","U/ground pipe 110mm","6","each","2812"
"RQ2309059","Pvc plain junction","7","each","2813"
"RQ2309059","Pvc gulley trap","3","each","2814"
"RQ2309059","Pvc gulley head grate","3","each","2815"
"RQ2309059","Pvc rodding eye","3","each","2816"
"RQ2309059","110mm 2 way vent valve","2","each","2817"
"RQ2309059","Pvc tee 110mm","2","each","2818"
"RQ2309059","50mm waste pipe","12","each","2819"
"RQ2309059","Pvc 110mm plain bend","6","each","2820"
"RQ2309059","50mm pvc ie bend","9","each","2821"
"RQ2309059","pvc pln bend","2","each","2822"
"RQ2309059","drop in sink","2","each","2823"
"RQ2309059","sink combination","2","each","2824"
"RQ2309059","cobra metsi sink","2","each","2825"
"RQ2309059","frankie sink waste","4","each","2826"
"RQ2309059","steel sash putty","1","each","2827"
"RQ2309059","5.5m copper pipe","5","each","2828"
"RQ2309059","cap elbow","30","each","2829"
"RQ2309059","cap equal tee","10","each","2830"
"RQ2309059","cap f elbow","14","each","2831"
"RQ2309059","cap coupling","10","each","2832"
"RQ2309059","angle valve","12","each","2833"
"RQ2309059","stop cock","4","each","2834"
"RQ2309059","cap cu to m/i","10","each","2835"
"RQ2309059","thread seal tape","10","each","2836"
"RQ2309059","solder roll","1","each","2837"
"RQ2309059","pvc tee 110mm","1","each","2838"
"RQ2309059","prodorite s/cement","1","each","2839"
"RQ2309059","6m 25mm pvc pipe","4","each","2840"
"RQ2309059","pvc plain tee 25mm","4","each","2841"
"RQ2309059","faucet thredded elbow","5","each","2842"
"RQ2309059","25mm pvc plain elbow","9","each","2843"
"RQ2309059","stop cock 20mm","4","each","2844"
"RQ2309059","cap copper ","12","each","2845"
"RQ2309059","cap red t 20/15","4","each","2846"
"RQ2309059","copper holder bat","6","each","2847"
"RQ2309059","cobra garden tap ","2","each","2848"
"RQ2309059","cap elbow 20mm","9","each","2849"
"RQ2309059","cap ct 20mm","4","each","2850"
"RQ2309059","sink waste long tail plast","2","each","2851"
"RQ2309059","cobra garden tap brass","2","each","2852"
"RQ2309059","e/w handbasin white","2","each","2853"
"RQ2309059","e/w pedestal white","2","each","2854"
"RQ2309059","basin waste","2","each","2855"
"RQ2309059","rubber s trap basin","2","each","2856"
"RQ2309059","basin screw and fascia plug","2","each","2857"
"RQ2309059","gate valve 20mm","3","each","2858"
"RQ23090522","laptop","1","each","2859"
"RQ23090591","sqm tam cream ymp66704","53","each","2860"
"RQ23090591","larfage super fix bonding","2","each","2861"
"RQ23090591","larfage supafix porcelain","32","each","2862"
"RQ23090591","light grey gout","5","each","2863"
"RQ23090591","2mm tile spacers","4","each","2864"
"RQ23090552","Yg4 1007 40*40 cvrs ","19","each","2865"
"RQ23090552","vibes taupe ","79","each","2866"
"RQ23090552","weber ceramic","120","each","2867"
"RQ23090552","wall & floor l/grey grout","16","each","2868"
"RQ23090552","spacers 2mm","12","each","2869"
"RQ23090552","bonding liquid 20l","1","each","2870"
"RQ23090552","bonding liquid 5l","2","each","2871"
"RQ23090552","edge trim straight alumin","30","each","2872"
"RQ23090610","drill bits, bolt cutter & drilling machine","3","each","2873"
"RQ23090725","Remote Pilot License Renewal","1","each","2874"
"RQ23090742","Drone Registration Fee","1","each","2875"
"RQ2309083","RUBBER SEALANT AND WETSTICKS","30","each","2876"
"RQ23090831","C-GEAR FEMALE CONTACTS","20","each","2877"
"RQ23090860","132 KV ISOLATOR CONTACTS","20","each","2878"
"RQ2309114","door hc flush interior","12","each","2879"
"RQ2309114","lockset mortice ","12","each","2880"
"RQ2309114","rhinoset 25kg ","4","each","2881"
"RQ23091119","window frame ","2","each","2882"
"RQ23091119","door interior ","4","each","2883"
"RQ23091119","Door flush exterior","1","each","2884"
"RQ23091119","window sill bullnose","360","each","2885"
"RQ23091119","cement Surecem 32,5 50kg","6","each","2886"
"RQ23091119","plaster set 25kg","12","each","2887"
"RQ23091119","Mortice lock","5","each","2888"
"RQ23091263","RAT KILL","24","each","2889"
"RQ23091266","CBD deport ","1","each","2890"
"RQ23091266","ZETDC makoni","1","each","2891"
"RQ23091266","25 Suffolk","1","each","2892"
"RQ23091266","Wayne Street","1","each","2893"
"RQ23091266","Zengeza 2","1","each","2894"
"RQ23091266","Warren park","1","each","2895"
"RQ23091266","Borrowldale deport ","1","each","2896"
"RQ23091266","Mabvuku","1","each","2897"
"RQ23091266","Kuwadzana Deport ","1","each","2898"
"RQ23091266","Dankeld Road ","1","each","2899"
"RQ23091266","Water fund- ministry","1","each","2900"
"RQ23091231","CBD deport ","1","each","2901"
"RQ23091231","ZETDC Makoni","1","each","2902"
"RQ23091231","25 Suffolk","1","each","2903"
"RQ23091231","Wayne Street","1","each","2904"
"RQ23091231","Zengeza 2","1","each","2905"
"RQ23091231","Warren park","1","each","2906"
"RQ23091231","Borrowldale deport ","1","each","2907"
"RQ23091231","Mabvuku","1","each","2908"
"RQ23091231","Dankeld road ","1","each","2909"
"RQ23091231","Water fund-ministry","1","each","2910"
"RQ23091319","Glass obscure nashinji ","4","metres","2911"
"RQ23091319","glass bronze reflective ","2","metres","2912"
"RQ23091319","masterglaze putty","1","kgs","2913"
"RQ23091348","ROC Manual Amendment Fee","1","each","2914"
"RQ23091587","channel medium steel primer tape","8","each","2915"
"RQ23091587","steel sans","5","each","2916"
"RQ23091587","cutting steel general steel","5","each","2917"
"RQ23091587","cutting discs steel","10","each","2918"
"RQ23091587",,"0","each","2919"
"RQ23091895","rent October 2023","1","each","2920"
"RQ23091873","Driptech Jumbo water tank 5000l","1","each","2921"
"RQ23091826","Driptech Jumbo water tank 5000l","1","each","2922"
"RQ23091867","copper  pipe","1","each","2923"
"RQ23091867","cap f elbow","2","each","2924"
"RQ23091867","cobra angle valve","2","each","2925"
"RQ23091867","flex connector","2","each","2926"
"RQ23091867","cap elbow","6","each","2927"
"RQ23091867","cobra mesti sink mixer","1","each","2928"
"RQ23091867","thread seal tape","4","each","2929"
"RQ23091867","stop cock","1","each","2930"
"RQ23091867","cap cu to mi coupling","4","each","2931"
"RQ23091867","cobra garden tap","1","each","2932"
"RQ23091867","cobra metsi pillar tap","2","each","2933"
"RQ23091867","comp straight coupling","2","each","2934"
"RQ23091867","cap equal tee","1","each","2935"
"RQ23092025","PAINTS","17","each","2936"
"RQ23092047"," PAINTS","11","each","2937"
"RQ23092266","rent October 2023","1","each","2938"
"RQ23092528","Zimpost Jan-Dec 2020","1","each","2939"
"RQ23092528","Zimpost Jan-Dec 2021","1","each","2940"
"RQ23092528","Zimpost Jan-Dec 2022","1","each","2941"
"RQ23092528","Zimpost Jan-Dec 2023","1","each","2942"
"RQ23092543","rent October 2023","1","each","2943"
"RQ23092598","October 2023 rent ","1","each","2944"
"RQ23092559","October 2023 rent ","1","each","2945"
"RQ23092522","plastic containers","6","each","2946"
"RQ23100249","Fully equipped multiplexer terminal equipment","2","each","2947"
"RQ23100249","SDH card (with min 10 x E1 ports)","2","each","2948"
"RQ23100249","24 port switch","2","each","2949"
"RQ23100249","Serial card","2","each","2950"
"RQ23100249","Differential Protection cards","4","each","2951"
"RQ23100249","Subscriber card","2","each","2952"
"RQ23100249","48 port patch panel (with SC mid-coupler","2","each","2953"
"RQ23100249","10m LC-SC patch cords","4","each","2954"
"RQ23100249","15km SFP modules (STM-4)","2","each","2955"
"RQ23100249","Copper SFP for Ethernet","4","each","2956"
"RQ23100249","Differential Protection card (with relev","1","each","2957"
"RQ23100249","24 port switch","1","each","2958"
"RQ23100249","SDH card (with relevant cables)","1","each","2959"
"RQ23100249","48 port patch panel (with SC mid-coupler","1","each","2960"
"RQ23100249","15m LC-SC patch cords","5","each","2961"
"RQ23100249","Copper SFP","5","each","2962"
"RQ23100249","Infra-red light source tool","2","each","2963"
"RQ23100291","FLUKE BATTERIES","15","each","2964"
"RQ23100297","HOT PLATE STOVE","13","each","2965"
"RQ23100224","POTS","13","each","2966"
"RQ23100264","POTS","13","each","2967"
"RQ23100279","POTS","13","each","2968"
"RQ23100261","lugs and crosby clamps","470","each","2969"
"RQ23100253","POTS","13","each","2970"
"RQ2310028","POTS","13","each","2971"
"RQ2310026","POTS","13","each","2972"
"RQ23100296","2000l horizontal rototank","1","each","2973"
"RQ23100266","Fullband performance for 2023 Long service awards","1","each","2974"
"RQ23100223","Long service awards","300","each","2975"
"RQ23100223","Long service awards","300","each","2976"
"RQ23100223","Snacks","600","each","2977"
"RQ23100223","Welcome drinks","600","each","2978"
"RQ23100328","bolts and nuts","600","each","2979"
"RQ23100322","POTS","13","each","2980"
"RQ23100325","POTS","13","each","2981"
"RQ23100428","October 2023 rent ","1","each","2982"
"RQ23100475","November 2023","1","each","2983"
"RQ23100425","Bed and breakfast","3","each","2984"
"RQ23100425","Dinner+ meal drink","3","each","2985"
"RQ23100486","Conference ","1","each","2986"
"RQ23100467","7t truck hire","1","each","2987"
"RQ23100411","Gift bag ","260","each","2988"
"RQ23100448","Allu windoe frame 1510x954 2v bro","1","each","2989"
"RQ23100448","allu window frame ND4 1510x1250","1","each","2990"
"RQ23100497","Certificate paper Premier Brd Ivory mettalic","45","each","2991"
"RQ23100515","C-GEAR CONTACTS","20","each","2992"
"RQ23100598","IBR SHEETS","17","each","2993"
"RQ23100560","FLEX CABLE","200","metres","2994"
"RQ23100569","ROOF LEAK SEALANT","10","each","2995"
"RQ23100595","PICKS, SHOVELS AND HANDLES","43","each","2996"
"RQ23100596","security","1","each","2997"
"RQ23100688","security","1","each","2998"
"RQ23100640","Conference ","1","each","2999"
"RQ23100954","HPCF410A BLACK TONER","6","each","3000"
"RQ23100954","HPCF411A CYAN TONER","2","each","3001"
"RQ23100954","HPCF412A YELLOW TONER","2","each","3002"
"RQ23100954","HPCF413A MAGENTA TONER","2","each","3003"
"RQ23100968","acccomodation bed and breakfast, dinner and juice ","1","each","3004"
"RQ23101037","security services","1","each","3005"
"RQ23101063","security services","1","each","3006"
"RQ2310111","TRANSPORT HIRE","1","each","3007"
"RQ23101175","4th street","20","each","3008"
"RQ23101175","Amarula","12","each","3009"
"RQ23101175","Skinny","20","each","3010"
"RQ23101175","JC Leroux","12","each","3011"
"RQ23101175","Lady Lilian","12","each","3012"
"RQ23101175","Jameson Whisky","6","each","3013"
"RQ23101175","Threeships Whisky","4","each","3014"
"RQ23101175","Hunters Gold 24s","3","cartons","3015"
"RQ23101175","Juice 1L","24","each","3016"
"RQ23101175","Bottled Water 500mls*12","60","each","3017"
"RQ23101175","Castlel Lite 24s","8","each","3018"
"RQ23101175","Chamdor (Non Alcoholic)","8","each","3019"
"RQ23101175","Robertson Wine 3L","4","each","3020"
"RQ23101193","Braai Packs ","300","each","3021"
"RQ2310126","burgers","46","each","3022"
"RQ2310126","1/4 meal","36","each","3023"
"RQ23101213","mahatma","2","each","3024"
"RQ23101213","beef","12","each","3025"
"RQ23101213","chicken","10","each","3026"
"RQ23101213","ham","5","each","3027"
"RQ23101213","tongue","5","each","3028"
"RQ23101213","chicken breast","4","each","3029"
"RQ23101213","samoosas","10","each","3030"
"RQ23101213","eggs","2","each","3031"
"RQ23101213","bread","16","each","3032"
"RQ23101213","aqua clear  mineral water","192","each","3033"
"RQ23101213","drinks","80","each","3034"
"RQ23101213","bally house","4","each","3035"
"RQ23101213","sweets","2","each","3036"
"RQ23101213","salad cream","2","each","3037"
"RQ23101213","potatoes","1","each","3038"
"RQ23101213","carrots","6","each","3039"
"RQ23101213","green beans ","6","each","3040"
"RQ23101213","peas","4","each","3041"
"RQ23101213","cabbage","2","each","3042"
"RQ23101213","tomatoes","6","each","3043"
"RQ23101213","onions ","4","each","3044"
"RQ23101213","lettuce","4","each","3045"
"RQ23101213","cucumber","4","each","3046"
"RQ23101335","TRANSPORT HIRE1","1","each","3047"
"RQ23101365","cee dye","7","each","3048"
"RQ23101365","insulation tape","5","each","3049"
"RQ23101344","cable splicing","4","each","3050"
"RQ23101344","submersible cable","100","each","3051"
"RQ23101344","cable ties","1","each","3052"
"RQ23101344","rope poly braided","10","each","3053"
"RQ2310131","Chicken","6","kgs","3054"
"RQ2310131","Beef","6","kgs","3055"
"RQ2310131","Rice","2","kgs","3056"
"RQ2310131","Mayonaisse","2","each","3057"
"RQ2310131","Carrot","2","kgs","3058"
"RQ2310131","Cabbage","1","each","3059"
"RQ2310131","Onions","1","kgs","3060"
"RQ2310131","Tomatoes","2","kgs","3061"
"RQ2310131","Lettuce","2","each","3062"
"RQ2310131","Cucumber","2","each","3063"
"RQ2310131","Royco","2","each","3064"
"RQ2310131","Pet drinks assorted","50","each","3065"
"RQ2310131","Mineral water","120","each","3066"
"RQ2310131","Eggs","1","cartons","3067"
"RQ2310131","Samoosa","5","packets","3068"
"RQ2310131","Bread","4","each","3069"
"RQ2310131","Chicken breasts","2","kgs","3070"
"RQ2310131","Tounge","5","packets","3071"
"RQ23101374","Samoosas","10","packets","3072"
"RQ23101374","Colcom ham","7","each","3073"
"RQ23101374","Eggs","1","cartons","3074"
"RQ23101374","Surrey beef polony","2","each","3075"
"RQ23101374","C & B Mayonnaise","2","each","3076"
"RQ23101374","Bread","10","each","3077"
"RQ23101374","Drinks assorted","35","each","3078"
"RQ23101374","tomatoes","3","kgs","3079"
"RQ23101383","Bed and breakfast","17","each","3080"
"RQ23101383","Dinner+ meal drink","17","each","3081"
"RQ23101624","BOREHOLE CONTAMINATION  ASSESSMENT","1","each","3082"
"RQ23101647","1/4 chicken only","25","each","3083"
"RQ23101647","Maxi Chips","25","each","3084"
"RQ23101647","Green salad","25","each","3085"
"RQ23101720","TRANSPORT HIRE","1","each","3086"
"RQ2310175","Computer Society of Zimbabwe Conference Registration","1","each","3087"
"RQ2310183","Paper towels","4","each","3088"
"RQ23101814","bonding Liquid 5litre","2","each","3089"
"RQ23101814","Weber porcelain 'L' 20kg Adhes","40","each","3090"
"RQ23101814","Wall and floor L/Grey grout 5kg","5","each","3091"
"RQ23101814","Spacers 2mm Tal(per300)","4","each","3092"
"RQ23101814","PY6 1013 60x60 CVRS 1,44","56","each","3093"
"RQ23101862","Netone bill","1","each","3094"
"RQ23101852","RAT POISON","24","each","3095"
"RQ23101982","Purchase of return ticket to Victoria Falls for Engineering Mgr","1","each","3096"
"RQ23101969","500 litre horizontal water tank","2","each","3097"
"RQ23101991","18.25mm Annular cutters","4","each","3098"
"RQ23101963","BURGERS","50","each","3099"
"RQ23101963","1/4 CHICKEN & CHIPS","50","each","3100"
"RQ2310198","BURGERS","50","each","3101"
"RQ2310198","1/4 CHICKEN & CHIPS","50","each","3102"
"RQ23102012","Secretary's Summer School Workshop ","9","each","3103"
"RQ23102023","BURGERS","100","each","3104"
"RQ23102023","1/4 CHICKEN & CHIPS","100","each","3105"
"RQ23102097","BURGERS","100","each","3106"
"RQ23102097","1/4 CHICKEN AND CHIPS","100","each","3107"
"RQ23102092","BURGERS","100","each","3108"
"RQ23102092","1/4 CHICKEN & CHIPS","100","each","3109"
"RQ23102033","BURGERS","100","each","3110"
"RQ23102033","1/4 CHICKEN AND CHIPS","100","each","3111"
"RQ23102383","Silver package welcome drinks and snacks","300","each","3112"
"RQ23102383","Silver package lunch","300","each","3113"
"RQ23102383","Decor  with standard flower arrangements","30","each","3114"
"RQ23102428","REWIND 30 V TRIP COILS","1","each","3115"
"RQ23102519","Vivon Water 500ml","720","each","3116"
"RQ23102592","NEWSDAY MON- SAT FOR 6 MONTHS","5","each","3117"
"RQ23102592","ZIM INDEPENDENT FOR 6 MONTHS","5","each","3118"
"RQ23102592","THE STANDARD FOR 6 MONTHS","5","each","3119"
"RQ23102596","CAR SHED","1","each","3120"
"RQ2310252","November 2023 RENT","1","each","3121"
"RQ23102526","November 2023 RENT","1","each","3122"
"RQ2310255","November 2023 RENT","1","each","3123"
"RQ23102516","November 2023 RENT","1","each","3124"
"RQ23102578","6 MONTH RENT ","1","each","3125"
"RQ23102599","FIMIGATION","1","each","3126"
"RQ23102518","November 2023 RENT","1","each","3127"
"RQ23102626","TRANSPORT HIRE","1","each","3128"
"RQ23102680","lugs and glands","1","each","3129"
"RQ2310262","2L cooking oil","2","each","3130"
"RQ2310262","Roller meal 10kgs","4","each","3131"
"RQ2310262","meat","20","kgs","3132"
"RQ23102698","2L cooking oil","2","each","3133"
"RQ23102698","10kgs roller meal","4","each","3134"
"RQ23102698","meat","20","kgs","3135"
"RQ23102756","LUNCHES","17","each","3136"
"RQ23103079","tanks repairs accessories","1","each","3137"
"RQ23103113","bulk water delivery","1","each","3138"
"RQ23103137","borehole materials","1","each","3139"
"RQ23103169","DEGREASER","100","litres","3140"
"RQ23110169","safety","1","each","3141"
"RQ23110137","roof materials for repair","1","each","3142"
"RQ2311018","Burger","20","each","3143"
"RQ2311018","1/4meal","20","each","3144"
"RQ2311018","330ml can drinks","20","each","3145"
"RQ23110136","Decorated venue and lunch","1","each","3146"
"RQ23110161","cleaning  of water tanks","1","each","3147"
"RQ2311024","Burger","120","each","3148"
"RQ2311024","Quarter and saucy","120","each","3149"
"RQ23110320"," 30 days 7 tonne truck hire","1","each","3150"
"RQ2311039","Two day training workshop","1","each","3151"
"RQ2311075","Decorated venue,food + desert, meal drink & water","390","each","3152"
"RQ23110853","CABLE","50","metres","3153"
"RQ2311091","TRANSFORMER OIL","2100","litres","3154"
"RQ23110911","air inflating guns","3","each","3155"
"RQ23110992","beef","10","kgs","3156"
"RQ23110992","chicken","10","kgs","3157"
"RQ23110992","Mazoe","1","each","3158"
"RQ23110992","Cooking Oil","1","each","3159"
"RQ23110992","Potatoes","5","kgs","3160"
"RQ23110992","Butternut","5","kgs","3161"
"RQ23110992","Tomatoes","5","kgs","3162"
"RQ23110992","Onions","2","kgs","3163"
"RQ23110992","Cabbage","1","each","3164"
"RQ23110992","Peas","3","kgs","3165"
"RQ23110992","Salad cream","2","each","3166"
"RQ23110992","Carrots","2","kgs","3167"
"RQ23110992","Drinks","30","each","3168"
"RQ23110992","Aquar clear water","75","each","3169"
"RQ23110992","Bread","10","each","3170"
"RQ23110992","Chicken breasts","3","kgs","3171"
"RQ23110992","Sweets","2","packets","3172"
"RQ23110992","Green pepper","3","each","3173"
"RQ23110992","Samoosa","5","packets","3174"
"RQ23110992","Cucumber","2","each","3175"
"RQ23110992","Spices","1","each","3176"
"RQ23110992","Royco","2","each","3177"
"RQ23110992","Mupfuti 18s eggs","1","cartons","3178"
"RQ23111017","replacement of old pipes","1","each","3179"
"RQ23111040","dec rent","1","each","3180"
"RQ23111060","windowpens fountain court","1","each","3181"
"RQ23111070","hot chocolate & milk","1","each","3182"
"RQ23111033","roofing covering","1","each","3183"
"RQ23111087","1","1","each","3184"
"RQ23111393","110 v charger repairs","1","each","3185"
"RQ23111329","110 v charger repairs","1","each","3186"
"RQ23111384","Secretary's Convention","9","each","3187"
"RQ2311146","beef","10","kgs","3188"
"RQ2311146","chicken","10","kgs","3189"
"RQ2311146","Mazoe","2","each","3190"
"RQ2311146","Rice 2kg","1","each","3191"
"RQ2311146","Cooking oil 2ltr","1","each","3192"
"RQ2311146","Potatoes 5kg","1","packets","3193"
"RQ2311146","Tomatoes","5","kgs","3194"
"RQ2311146","Butternut","5","kgs","3195"
"RQ2311146","Onions","2","kgs","3196"
"RQ2311146","Cabbage","1","each","3197"
"RQ2311146","Peas","3","packets","3198"
"RQ2311146","Salad cream","2","each","3199"
"RQ2311146","Carrots","2","kgs","3200"
"RQ2311146","Drinks","30","each","3201"
"RQ2311146","Aquar Clear","75","each","3202"
"RQ2311146","Bread","10","each","3203"
"RQ2311146","Chicken breasts","3","kgs","3204"
"RQ2311146","Sweets","2","each","3205"
"RQ2311146","Green pepper","3","each","3206"
"RQ2311146","Samoosa","5","packets","3207"
"RQ2311146","Cucumber","2","each","3208"
"RQ2311146","Spices","1","each","3209"
"RQ2311146","Royco","2","each","3210"
"RQ2311146","Mupfuti 18s eggs","1","cartons","3211"
"RQ23111654","Snacks for LSA recipients","390","each","3212"
"RQ23111684","Snacks for LSA recipients","390","each","3213"
"RQ23112096","Burgers","46","each","3214"
"RQ23112096","1/4 meals","36","each","3215"
"RQ2311203","HOTPOT","25","each","3216"
"RQ2311203","LIVERS & ROLLS","25","each","3217"
"RQ23112081","CRANE HIRE","1","each","3218"
"RQ23112027","POTS","13","each","3219"
"RQ23112040","POTS","13","each","3220"
"RQ23112072","BEE REMOVAL","1","each","3221"
"RQ23112116","LP GAS","48","kgs","3222"
"RQ2311219","TRANSPORT HIRE","1","each","3223"
"RQ23112181","beef","10","kgs","3224"
"RQ23112181","chicken","10","kgs","3225"
"RQ23112181","Mazoe","3","each","3226"
"RQ23112181","Rice 2kg","4","each","3227"
"RQ23112181","Potatoes","10","kgs","3228"
"RQ23112181","Butternut","7","kgs","3229"
"RQ23112181","Tomatoes","5","kgs","3230"
"RQ23112181","Onions","3","kgs","3231"
"RQ23112181","Cabbage","1","each","3232"
"RQ23112181","Peas","2","kgs","3233"
"RQ23112181","Salad cream","3","kgs","3234"
"RQ23112181","Carrots","3","kgs","3235"
"RQ23112181","Delta drinks","50","kgs","3236"
"RQ23112181","Zimpure water 500mls","8","cartons","3237"
"RQ23112181","Bread","10","each","3238"
"RQ23112181","Chicken breasts","4","kgs","3239"
"RQ23112181","Sweets","2","packets","3240"
"RQ23112181","Green pepper","3","each","3241"
"RQ23112181","Samoosa","9","packets","3242"
"RQ23112181","Cucumber","2","each","3243"
"RQ23112181","Spices","3","each","3244"
"RQ23112181","Royco","2","each","3245"
"RQ23112181","Eggs","2","cartons","3246"
"RQ23112178","CRANE HIRE","1","each","3247"
"RQ23112126","GRAPES","4","each","3248"
"RQ23112126","APPLES 1.5 KG","4","each","3249"
"RQ23112126","ORANGES 1KG","1","each","3250"
"RQ23112126","FRUIT JUICE 1LITRE","6","each","3251"
"RQ23112126","PINEAPPLE HEAD","6","each","3252"
"RQ23112126","STRAWBERRIES PALLET","2","each","3253"
"RQ23112126","BANANA BAGS 1KG","4","each","3254"
"RQ23112265","TRANSPORT HIRE","1","each","3255"
"RQ23112297","TRANSPORT HIRE","1","each","3256"
"RQ23112345","SAUCY & 1/4 CHICKEN","160","each","3257"
"RQ23112345","LIVERS WITH ROLLS","160","each","3258"
"RQ23112345","DRINKS","160","each","3259"
"RQ23112311","Burger","20","each","3260"
"RQ23112311","1/4 only","20","each","3261"
"RQ23112311","UB can","20","each","3262"
"RQ23112311","Hotpot","20","each","3263"
"RQ23112746","TRANSPORT HIRE","1","each","3264"
"RQ23112769","TRANSPORT HIRE","1","each","3265"
"RQ23112829","RIGGING TRANSPORTATION OF 20MVA TRANSFORMER","1","each","3266"
"RQ23112820","lunch","1","each","3267"
"RQ23112930","Dec rent","1","each","3268"
"RQ23112930",,"0","each","3269"
"RQ23112943","Dec rent","1","each","3270"
"RQ23120518","A2 Desk Calendars","500","each","3271"
"RQ2312058","A2 Wall Calendars","1500","each","3272"
"RQ23120568","Branded A4 Diaries","250","each","3273"
"RQ23120566","Branded A5 Diaries","400","each","3274"
"RQ23120539","Branded A5 Notebooks","200","each","3275"
"RQ23120529","Branded A5 Plus Executive Diaries","30","each","3276"
"RQ23120557","Burgers","20","each","3277"
"RQ23120557","Hotpot & 1/4 chicken","20","each","3278"
"RQ23120557","Can drinks","20","each","3279"
"RQ23120717","jan 2024 rent","1","each","3280"
"RQ23120718","refuse collection nov 2023","1","each","3281"
"RQ23120739","netone telphone bills nov 2023","1","each","3282"
"RQ23120723","quarter and boujee","24","each","3283"
"RQ23120723","quart meal","36","each","3284"
"RQ23120783","nylon line 3mm 2kg ","4","each","3285"
"RQ23120783","500ml 2 stroke oil","5","each","3286"
"RQ23120822","HP CF540A/203 toner cartridge black","2","each","3287"
"RQ23120822","HP CF541A/203 toner cartridge Cyan","1","each","3288"
"RQ23120822","HP CF542A/203 toner cartridge Yellow","1","each","3289"
"RQ23120822","HP CF543A/203 toner cartridge Magenta","1","each","3290"
"RQ23121299","cleaning detergents","1","each","3291"
"RQ23121256","sink and accessories connection","1","each","3292"
"RQ23121212","cleaning detergents","1","each","3293"
"RQ2312129","Burgers","6","each","3294"
"RQ2312129","1/4 meals","5","each","3295"
"RQ2312129","1/4 only","1","each","3296"
"RQ2312129","Salad","1","each","3297"
"RQ23121485","Burgers","18","each","3298"
"RQ23121485","Hot pot","17","each","3299"
"RQ23121485","1/4 only","18","each","3300"
"RQ23121485","Salad","1","each","3301"
"RQ23121485","feta","1","each","3302"
"RQ23121519","beef","7","kgs","3303"
"RQ23121519","chicken","7","kgs","3304"
"RQ23121519","chicken breasts","1","kgs","3305"
"RQ23121519","Rice 2kg","1","each","3306"
"RQ23121519","Potatoes ","10","kgs","3307"
"RQ23121519","Butternut","2","kgs","3308"
"RQ23121519","Bread","6","each","3309"
"RQ23121519","Tomatoes","3","kgs","3310"
"RQ23121519","Onions","2","kgs","3311"
"RQ23121519","Carrots","2","kgs","3312"
"RQ23121519","Pepper","1","packets","3313"
"RQ23121519","Pet assorted drinks","30","each","3314"
"RQ23121519","Eggs","1","cartons","3315"
"RQ23121519","Green beans","3","packets","3316"
"RQ23121519","Cabbage","1","each","3317"
"RQ23121519","Mayonnaise","2","each","3318"
"RQ23121519","Chicken spice","1","each","3319"
"RQ23121519","Water","96","each","3320"
"RQ23121519","Cooking oil 2Ltrs","1","each","3321"
"RQ23121519","Mazoe","3","each","3322"
"RQ23121519","Sweets","3","packets","3323"
"RQ23121519","Samoosas 12s","5","packets","3324"
"RQ23121557","S Strips","20","each","3325"
"RQ23121557","1/4 only","20","each","3326"
"RQ23121557","UB can","20","each","3327"
"RQ23121557","Mineral water","20","each","3328"
"RQ23121557","Burgers","20","each","3329"
"RQ23122078","7tonne truck hire","1","each","3330"
"RQ23122965","2L COOKING OIL","4","each","3331"
"RQ23122965","10kgs roller meal","4","each","3332"
"RQ23122965","meat","30","kgs","3333"
"RQ24010330","BATTERY CHARGER REPAIR","1","each","3334"
"RQ24010374","BATTERY CHARGER REPAIR","1","each","3335"
"RQ24010329","CABLE","20","metres","3336"
"RQ2401034","TRANSPORT HIRE","1","each","3337"
"RQ24010390","TRANSPORT HIRE","1","each","3338"
"RQ24010335","TRANSPORT HIRE","1","each","3339"
"RQ24010321","A4 stiched diary","6","each","3340"
"RQ24010371","TRANSPORT HIRE","1","each","3341"
"RQ24010391","TRANSPORT HIRE","1","each","3342"
"RQ24010394","TRANSPORT HIRE","1","each","3343"
"RQ2401036","TRANSPORT HIRE","1","each","3344"
"RQ24010550","TRANSPORT HIRE","1","each","3345"
"RQ2401058","TRANSPORT HIRE","1","each","3346"
"RQ24010524","CONE WASHER RUBBERS","10","each","3347"
"RQ24010879","NYLON WIRE AND OIL","5","each","3348"
"RQ24010837","Mega basmatic rice 2kg","1","each","3349"
"RQ24010837","Beef","5","kgs","3350"
"RQ24010837","Chicken ","8","kgs","3351"
"RQ24010837","beef burger","30","each","3352"
"RQ24010837","Bon aqua water","96","each","3353"
"RQ24010837","Delta pets","60","each","3354"
"RQ24010837","Ceres","6","each","3355"
"RQ24010837","Mazoe orange 2kgs","2","each","3356"
"RQ24010837","Sweets","2","packets","3357"
"RQ24010837","Salad cream","2","each","3358"
"RQ24010837","Potatoes","5","kgs","3359"
"RQ24010837","Carrots","6","kgs","3360"
"RQ24010837","Green beans","6","packets","3361"
"RQ24010837","Cabbage","2","each","3362"
"RQ24010837","Tomatoes","4","kgs","3363"
"RQ24010837","Onions","4","kgs","3364"
"RQ24010837","Lettuce","4","each","3365"
"RQ24010837","Cucumber","4","each","3366"
"RQ24010837","Roasted nuts","7","packets","3367"
"RQ24010837","Fuji apples","1","packets","3368"
"RQ24010837","Yum Yum","7","packets","3369"
"RQ24011147","Livers","11","each","3370"
"RQ24011147","1/4 meals","11","each","3371"
"RQ24011169","DEGREASER","250","litres","3372"
"RQ24011199","Purchase of provisions & meals for Digisilent Training","1","each","3373"
"RQ24011217","Conference","60","each","3374"
"RQ24011217","Morning teas","60","each","3375"
"RQ24011217","Executive Lunch","60","each","3376"
"RQ24011217","Afternoon teas","60","each","3377"
"RQ24011876","Major road crossing Permit","1","each","3378"
"RQ24011858","Beef ","30","kgs","3379"
"RQ24011858","10kgs roller meal","5","each","3380"
"RQ24011858","2L cooking oil","5","each","3381"
"RQ24011858","salt","4","kgs","3382"
"RQ24012362","COUPLINGS","4","each","3383"
"RQ2401231","RUBBER SEALANT AND WETSTICKS","39","each","3384"
"RQ2401244","1/4 chicken & Chips","20","each","3385"
"RQ2401244","minute maid","20","each","3386"
"RQ24012460","BRONZE CLAMPS","5","each","3387"
"RQ24012639","Platinum membership","1","each","3388"
"RQ24012658","TRANSPORT HIRE","1","each","3389"
"RQ24012650","NEW TRANSFORMER OIL","2100","litres","3390"
"RQ24013025","bolts and nuts","50","each","3391"
"RQ24013030","2.5mm2 4 core swa cable","100","metres","3392"
"RQ24020264","TRANSFORMER GASKETS","13","each","3393"
"RQ24020226","Quarter meal","19","each","3394"
"RQ24020226","pet drinks","19","each","3395"
"RQ24020534","1","12","each","3396"
"RQ24020537","1","12","each","3397"
"RQ24020525","3","12","each","3398"
"RQ24020695","INSPECTION OF LIFTING GEAR","1","each","3399"
"RQ2402069","gas","1","each","3400"
"RQ24020648","TRANSPORT HIRE","1","each","3401"
"RQ24020671","TRANSPORT HIRE","1","each","3402"
"RQ24020683","TRANSPORT HIRE","1","each","3403"
"RQ24020666","TRANSPORT HIRE","1","each","3404"
"RQ24020647","TRANSPORT HIRE","1","each","3405"
"RQ24020718","Quarter meal","20","each","3406"
"RQ24020718","minute maid","20","each","3407"
"RQ24020810","Quarter meal","22","each","3408"
"RQ24020810","minute maid","22","each","3409"
"RQ24021272","7 tonne truck hire","1","each","3410"
"RQ24021341","REWIND TRIP COILS","16","each","3411"
"RQ24021919","1","1","each","3412"
"RQ24022232","REWIND TRIP COILS","16","each","3413"
"RQ24022688","TRANSFORMER SPINDLES","3","each","3414"
"RQ24022655","2.5MM X 6MM HOLE LUGS","1000","each","3415"
"RQ24022797","ANGLE IRON, CHANNEL IRON AND FLAT BARS","36","each","3416"
"RQ2402273","WELDING CONSUMABLES","80","each","3417"
"RQ24022747","WELDING ACCESSORIES","37","each","3418"
"RQ24022710","SUBSTATION STRUCTURE PAINT","10","each","3419"
"RQ24022756","WATER TANKS","2","each","3420"
"RQ24022790","LUBRICANTS","30","each","3421"
"RQ24022798","MOPS","10","each","3422"
"RQ24022823","1/4 &  Hotpot","20","each","3423"
"RQ24022823","Burger","20","each","3424"
"RQ24022823","Minute maid","20","each","3425"
"RQ24022823","Mineral water","20","each","3426"
"RQ24030570","5","5","each","3427"
"RQ24030756","Chicken 2kg","4","each","3428"
"RQ24030756","Beef","7","kgs","3429"
"RQ24030756","chicken breasts 1kg","3","each","3430"
"RQ24030756","bread","5","each","3431"
"RQ24030756","potatoes 10kgs","1","packets","3432"
"RQ24030756","butternuts","3","kgs","3433"
"RQ24030756","mayonnaise","2","each","3434"
"RQ24030756","toamtoes","4","kgs","3435"
"RQ24030756","onions 1.5kg","1","packets","3436"
"RQ24030756","Green beans","3","packets","3437"
"RQ24030756","carrots 1.5kg","1","packets","3438"
"RQ24030756","pepper robot","1","packets","3439"
"RQ24030756","rice 2kg","1","each","3440"
"RQ24030756","mealie meal 10kg","1","each","3441"
"RQ24030756","Cooking oil 2Ltr","1","each","3442"
"RQ24030756","Eggs ","1","cartons","3443"
"RQ24030756","Samoosas","7","packets","3444"
"RQ24030756","Mazoe","3","each","3445"
"RQ24030756","Drinks","30","each","3446"
"RQ24030756","Water","120","each","3447"
"RQ24030756","Sweets","2","packets","3448"
"RQ24030756","Chicken spices","3","each","3449"
"RQ24030756","Royco","2","each","3450"
"RQ24030756","Cabbage","1","each","3451"
"RQ24030756","Cucumber","1","each","3452"
"RQ24030754","Chicken 2kg","4","each","3453"
"RQ24030754","Beef","7","kgs","3454"
"RQ24030754","chicken breasts 1kg","3","kgs","3455"
"RQ24030754","bread","5","each","3456"
"RQ24030754","Potatoes ","1","packets","3457"
"RQ24030754","butternuts","3","kgs","3458"
"RQ24030754","mayoinnasie","2","each","3459"
"RQ24030754","tomatoes","4","kgs","3460"
"RQ24030754","Onions","1","packets","3461"
"RQ24030754","Green beans","3","packets","3462"
"RQ24030754","carrots 1.5kg","1","packets","3463"
"RQ24030754","pepper robot","1","packets","3464"
"RQ24030754","rice 2kg","1","each","3465"
"RQ24030754","mealie meal 10kg","1","each","3466"
"RQ24030754","Cooking oil 2Ltr","1","each","3467"
"RQ24030754","Eggs ","1","cartons","3468"
"RQ24030754","Samoosas 12s","7","packets","3469"
"RQ24030754","Mazoe","3","each","3470"
"RQ24030754","Drinks","30","each","3471"
"RQ24030754","Water","120","each","3472"
"RQ24030754","Sweets","2","packets","3473"
"RQ24030754","Chicken spices","3","each","3474"
"RQ24030754","Royco","2","each","3475"
"RQ24030754","Cabbage","1","each","3476"
"RQ24030754","Cucumber","1","each","3477"
"RQ24030772","data top up","1","each","3478"
"RQ24030785","data","1","each","3479"
"RQ24031136","Chicken 2kg","6","each","3480"
"RQ24031136","Beef","12","kgs","3481"
"RQ24031136","chicken breasts","6","kgs","3482"
"RQ24031136","Potatoes 10kg","1","each","3483"
"RQ24031136","Butternut","6","kgs","3484"
"RQ24031136","Mayonnaise","3","each","3485"
"RQ24031136","Tomatoes","6","kgs","3486"
"RQ24031136","Onions","3","kgs","3487"
"RQ24031136","Green beans","6","packets","3488"
"RQ24031136","Carrots","3","kgs","3489"
"RQ24031136","Pepper robot","2","each","3490"
"RQ24031136","Rice","2","kgs","3491"
"RQ24031136","Roller meal 10kg","1","each","3492"
"RQ24031136","Raha Cooking Oil","2","each","3493"
"RQ24031136","Eggs","2","cartons","3494"
"RQ24031136","Samoosas","14","packets","3495"
"RQ24031136","Quench Mazoe","4","each","3496"
"RQ24031136","Pepsi pet drinks","50","each","3497"
"RQ24031136","Aquar Clear water","240","each","3498"
"RQ24031136","Fun pack sweets","4","each","3499"
"RQ24031136","Chicke spice","4","each","3500"
"RQ24031136","Karinga","4","each","3501"
"RQ24031136","Cabbage","2","each","3502"
"RQ24031136","Cucumber","2","each","3503"
"RQ2403111","Mahatma rice 2kg","1","each","3504"
"RQ2403111","Beef","4","kgs","3505"
"RQ2403111","Irvines Chicke 2kg","3","each","3506"
"RQ2403111","Samoosas","5","packets","3507"
"RQ2403111","Rolls","5","packets","3508"
"RQ2403111","Water","120","each","3509"
"RQ2403111","Pepsi pet","30","each","3510"
"RQ2403111","Quench 2lt","2","each","3511"
"RQ2403111","Fun Pack Sweets","2","each","3512"
"RQ2403111","Salada cream","1","each","3513"
"RQ2403111","Carrots","1","kgs","3514"
"RQ2403111","Green beans","2","packets","3515"
"RQ2403111","Cabbage","1","each","3516"
"RQ2403111","Tomatoes","3","kgs","3517"
"RQ2403111","Onions","3","kgs","3518"
"RQ2403111","Lettuce","2","each","3519"
"RQ2403111","Cucumber","2","each","3520"
"RQ2403111","Butternuts","3","kgs","3521"
"RQ2403111","Raha cooking oil","1","each","3522"
"RQ24031220","Chicken 2kg","4","each","3523"
"RQ24031220","Beef","7","kgs","3524"
"RQ24031220","chicken breasts","3","kgs","3525"
"RQ24031220","bread","5","each","3526"
"RQ24031220","Butternut","3","kgs","3527"
"RQ24031220","Mayonnaise","2","each","3528"
"RQ24031220","Tomatoes","4","kgs","3529"
"RQ24031220","Onions 1.5kg","1","packets","3530"
"RQ24031220","Green beans","3","packets","3531"
"RQ24031220","carrots 1.5kg","1","packets","3532"
"RQ24031220","Pepper robot","1","packets","3533"
"RQ24031220","Rice 2kg","1","each","3534"
"RQ24031220","mealie meal 10kg","1","each","3535"
"RQ24031220","Cooking Oil 2lt","1","each","3536"
"RQ24031220","Eggs","1","packets","3537"
"RQ24031220","Samoosa 12s","7","packets","3538"
"RQ24031220","Mazoe","3","each","3539"
"RQ24031220","Drinks","30","each","3540"
"RQ24031220","Water","120","each","3541"
"RQ24031220","Sweets","2","packets","3542"
"RQ24031220","Chicken spice","3","each","3543"
"RQ24031220","Royco","2","each","3544"
"RQ24031220","Cabbage","1","each","3545"
"RQ24031220","Cucumber","1","each","3546"
"RQ24031324","1/4 meal","100","each","3547"
"RQ24031324","Minute maid","100","each","3548"
"RQ24031324","Prince Burger","100","each","3549"
"RQ24031478","REWIND  COILS","16","each","3550"
"RQ24031473","FABRICATE 132KV ISOLATOR CONTACTS","40","each","3551"
"RQ24031552","Decorated venue + Dinner","50","each","3552"
"RQ24031552","PA system","1","each","3553"
"RQ24031552","Welcome mocktails","50","each","3554"
"RQ24031597","Decorated venue + Dinner","50","each","3555"
"RQ24031597","PA system","1","each","3556"
"RQ24031597","Mocktails","50","each","3557"
"RQ2403181","DISTILLED WATER","2000","litres","3558"
"RQ24031953","Zimpure water","166","each","3559"
"RQ24031953","Mazoe Orange","6","cartons","3560"
"RQ24031953","Sweets","4","packets","3561"
"RQ2403208","Samsung Galaxy S22 8/128GB","1","each","3562"
"RQ24032290","tablets for data capturing","10","each","3563"
"RQ24032245","INDUSTRIAL STOVE","1","each","3564"
"RQ24032584","17","17","each","3565"
"RQ24032583","4","1","each","3566"
"RQ24032676","1/4 chicken and chips","20","each","3567"
"RQ24032676","Wrap","20","each","3568"
"RQ24032676","Drinks","20","each","3569"
"RQ24032681","1/4 chicken & Chips","20","each","3570"
"RQ24032681","Wrap","20","each","3571"
"RQ24032681","Drin","20","each","3572"
"RQ24032627","GSM 140gsm/180gsm Dyed fabric round neck t-shirts branded front & back, short sleeve","200","each","3573"
"RQ24032615","Wide Brim Bucket Hat","200","each","3574"
"RQ24032652","Stainless Steel Water Bottles","200","each","3575"
"RQ2403267","5mm Full Perspex Illuminated Light Box","5","each","3576"
"RQ24032712","helmet","4","kgs","3577"
"RQ24032754","helmet","1","each","3578"
"RQ24032754","tr","1","each","3579"
"RQ24032758","2 x All in one desktop computers","2","each","3580"
"RQ24032754","Laptop Machine ruwa foreperson","1","each","3581"
"RQ24032760","Laptop Machine ruwa foreperson","1","each","3582"
"RQ24032764","1x 2 plate industrial stove","1","each","3583"
"RQ24032766","1 cashier stool","1","each","3584"
"RQ24032735","helmet","1","each","3585"
"RQ24032735","desk","2","each","3586"
"RQ2403279","helmet","1","each","3587"
"RQ2403274","helmet","3","each","3588"
"RQ2403274","desk","4","each","3589"
"RQ24032751","helmet","1","each","3590"
"RQ24032796","helmet","33","each","3591"
"RQ24032796","desk","5","each","3592"
"RQ24032781","helmet","4","each","3593"
"RQ24032781","desk","5","each","3594"
"RQ2403278","helmet","2","each","3595"
"RQ2403278","sugar","4","kgs","3596"
"RQ24032718","Food Iterms","20","each","3597"
"RQ2403271","4 x 3 Tier Metal Lockers ","12","each","3598"
"RQ24032779","RJ11 Boxes","10","each","3599"
"RQ24032779","Truncking","14","each","3600"
"RQ24032779","Glue gun","1","each","3601"
"RQ24032779","Cable ties","5","each","3602"
"RQ24032779","Telephone cable","4","each","3603"
"RQ24032779","Fisher plugs","1","each","3604"
"RQ24032779","drill bits","1","each","3605"
"RQ24032779","wood screws","1","each","3606"
"RQ24032779","hacksaw blade","1","each","3607"
"RQ24032779","drilling machine","1","each","3608"
"RQ24032773","cutting disc 9"" good 3mm,","6","each","3609"
"RQ24032773"," cutting disc 4,5"" finder","10","each","3610"
"RQ24032773","twist d/bit 5mm hss find pk 10","2","each","3611"
"RQ24032773","grinding disk 4,5"" finder","2","each","3612"
"RQ24032796","quater and boujee","20","each","3613"
"RQ24032796","salads","20","each","3614"
"RQ24032796","drinks can","20","each","3615"
"RQ24032824","quater and boujee","20","each","3616"
"RQ24032824","salads","20","each","3617"
"RQ24032824","drinks can","20","each","3618"
"RQ24032860","Quarter and boujee","20","each","3619"
"RQ24032860","Port salads ","20","each","3620"
"RQ24032860","ub can","20","each","3621"
"RQ24032841","Quarter and boujee","20","each","3622"
"RQ24032841","Port salads","20","each","3623"
"RQ24032841","ub can","20","each","3624"
"RQ24032867","Cases of beer","17","each","3625"
"RQ24040240","Venue for Mr Lovemore Damba's retirement party, welcome snacks, lunch, table centre pieces and PA System and DJ.","1","each","3626"
"RQ24040295","500 ml Pet Soft Drinks","408","each","3627"
"RQ24040262","Ceres Juice 1l - 3, Grapes, Apples, Bananas, Yoghurt","1","each","3628"
"RQ2404024","Beers","400","each","3629"
"RQ24040248","1/4 meal chicken and chips","15","each","3630"
"RQ24040248","Pet drinks","15","each","3631"
"RQ24040248","Burgers","15","each","3632"
"RQ24040393","floor tiles 60x60","84","each","3633"
"RQ24040393","floor tiles 650x60","91","each","3634"
"RQ24040393","wall tiles 30x60","60","each","3635"
"RQ24040393","Trim aluminium straight","60","each","3636"
"RQ24040393","trim aluminium straight","40","each","3637"
"RQ24040393","grout grey","40","each","3638"
"RQ24040393","grout white","30","each","3639"
"RQ24040393","porcelain","200","each","3640"
"RQ24040393","spacers","20","each","3641"
"RQ24040389","RENT","1","each","3642"
"RQ2404036","1/4 chicken and chips","5","each","3643"
"RQ2404036","delta","5","each","3644"
"RQ2404036","1/4 chicken and chips","6","each","3645"
"RQ2404036","delta ","6","each","3646"
"RQ2404036","1/4 chicken and chips","4","each","3647"
"RQ2404036","delta","4","each","3648"
"RQ2404036","1/4 chicken and chips","10","each","3649"
"RQ2404036","delta","10","each","3650"
"RQ2404032","MONEY COUNTER","2","each","3651"
"RQ24040452","Teas and Lunches","7","each","3652"
"RQ24040437","Food Iterms","15","each","3653"
"RQ24040485","Corporate membership","16","each","3654"
"RQ24040487","Beers","1","each","3655"
"RQ24040469","Cases of beer","1","each","3656"
"RQ24040498","Cases of beer","17","each","3657"
"RQ24040417","Cases of beer","17","each","3658"
"RQ24040414","Cases of beer","17","cartons","3659"
"RQ24040465","Cases of beer","17","cartons","3660"
"RQ24040423","cases of drinks","34","cartons","3661"
"RQ24040487","1","18","metres","3662"
"RQ24040435","1","1800","metres","3663"
"RQ24040539","TRANSPORT HIRE","1","each","3664"
"RQ24040549","TRANSPORT HIRE","1","each","3665"
"RQ24040524","TRANSPORT HIRE","1","each","3666"
"RQ24040523","TRANSPORT HIRE","1","each","3667"
"RQ24040564","TRANSPORT HIRE","1","each","3668"
"RQ24041048","Rhinoset 25kg","27","each","3669"
"RQ24041048","Rhinobond 25kg","17","each","3670"
"RQ24041048","Rhinocove bond ","4","each","3671"
"RQ24041048","Rhino conice ","104","each","3672"
"RQ24041048","drywall screws","10","each","3673"
"RQ24041048","sand paper","160","each","3674"
"RQ24041048","brandaring","850","each","3675"
"RQ24041048","rhinoboard","50","each","3676"
"RQ24041019","silk washable","10","each","3677"
"RQ24041019","pva white 20l","6","each","3678"
"RQ24041019","ceiling pva white 20l","11","each","3679"
"RQ24041019","high glosss white 5l","4","each","3680"
"RQ24041019","universal undercoat 5l","4","each","3681"
"RQ24041019","sand paper","8","each","3682"
"RQ24041019","turpentine 5l","2","each","3683"
"RQ24041049","pvc male adptore 32mm","4","each","3684"
"RQ24041049","elbow 32mm","1","each","3685"
"RQ24041049","pvc union socket","1","each","3686"
"RQ24041049","ball cock 20mm","1","each","3687"
"RQ24041049","pvc male adptor 25mm","2","each","3688"
"RQ24041049","25mm pvc elbow","2","each","3689"
"RQ24041049","pvc union socket 25mm","2","each","3690"
"RQ24041049","s/cement 200ml","1","each","3691"
"RQ24041049","threadc tape ","4","each","3692"
"RQ24041049","pvc ballcock 25mm","2","each","3693"
"RQ24041049","cap couplin 20mm","2","each","3694"
"RQ24041010","hot chocolate 500g","48","each","3695"
"RQ24041010","every day milk powder","45","each","3696"
"RQ24041070","netone bill","1","each","3697"
"RQ24041056","RENT","1","each","3698"
"RQ24041120","Beer","13","cartons","3699"
"RQ24041139","rent- May 2024","1","each","3700"
"RQ24041254","RENT","1","each","3701"
"RQ24041258","RENT","1","each","3702"
"RQ24041248","RENT","1","each","3703"
"RQ24041292","RENT","1","each","3704"
"RQ24041286","RENT","1","each","3705"
"RQ24041249","RENT","1","each","3706"
"RQ24041284","RENT","1","each","3707"
"RQ24041227","Delta Soft Drinks","42","cartons","3708"
"RQ24041232","urinary front entry","5","each","3709"
"RQ24041232","s trap plain 40*40mm","5","each","3710"
"RQ24041232","bri flush  valve urinary","5","each","3711"
"RQ24041232","pipe waste","4","each","3712"
"RQ24041232","junction access heel ","6","each","3713"
"RQ24041232","junction access heal wt53","6","each","3714"
"RQ24041232","copper capillary elbow cc 15mm","60","each","3715"
"RQ24041232","copper capillary tee ","20","each","3716"
"RQ24041232","gelmar masonary","1","each","3717"
"RQ24041232","boss trap","2","each","3718"
"RQ24041232","solar geyser","2","each","3719"
"RQ24041232","stoptrap","4","each","3720"
"RQ24041232","copper capillary coupling","8","each","3721"
"RQ24041232","basin courior ","3","each","3722"
"RQ24041232","pedestal","3","each","3723"
"RQ24041232","screw fixation","3","each","3724"
"RQ24041232","basin waste","3","each","3725"
"RQ24041232","basin mixture","3","each","3726"
"RQ24041232","p trap shower","3","each","3727"
"RQ24041232","s trap plain","3","each","3728"
"RQ24041213","Food, water and Drinks","35","each","3729"
"RQ24041581","food","40","each","3730"
"RQ24041647","Eland mini coffee-table ","2","each","3731"
"RQ24041647","Executive L Shaped Desk","1","each","3732"
"RQ24041647","Concode Operators ","1","each","3733"
"RQ24041647","Multa Doublepad Desk","1","each","3734"
"RQ24041647","Concode visitors chair ","4","each","3735"
"RQ24041647","President swivel chair ","1","each","3736"
"RQ24041647","Grayson 4 drawer cabinet ","4","each","3737"
"RQ24041647","Grayson stationery cabinet ","2","each","3738"
"RQ24041646","Double carport","1","each","3739"
"RQ24041621","1/4 chicken and chips","26","each","3740"
"RQ24041621","delta","26","each","3741"
"RQ24041621","1/4 chicken and chips","6","each","3742"
"RQ24041621","delta ","6","each","3743"
"RQ24041680","500 ml Pet Soft Drinks","42","cartons","3744"
"RQ24041658","1/4 chicken and chips","26","each","3745"
"RQ24041658","delta","26","each","3746"
"RQ24041658","1/4 chicken and chips","8","each","3747"
"RQ24041658","delta ","8","each","3748"
"RQ24041638","Beers","14","cartons","3749"
"RQ24041635","1/4 chicken and chips","26","each","3750"
"RQ24041635","delta","26","each","3751"
"RQ24041635","1/4 chicken and chips","8","each","3752"
"RQ24041635","delta ","8","each","3753"
"RQ24041668","1/4 chicken & chips","26","each","3754"
"RQ24041668","delta","26","each","3755"
"RQ24041668","1/4 chicken and chips","8","each","3756"
"RQ24041668","delta ","8","each","3757"
"RQ24041678","1/4 chicken & chips","26","each","3758"
"RQ24041678","delta","26","each","3759"
"RQ24041678","1/4 chicken and chips","8","each","3760"
"RQ24041678","delta ","8","each","3761"
"RQ24041612","Quarter and strips and rice","7","each","3762"
"RQ24041612","Pet Soft drinks","7","each","3763"
"RQ24041612","Burgers","7","each","3764"
"RQ24041612","Mineral Water","14","each","3765"
"RQ24041610","1/4 chiken chips and salad","23","each","3766"
"RQ24041610","Delta pet","23","each","3767"
"RQ24041619","Quarter Chicken and Chips and Garden Salad","60","each","3768"
"RQ24041619","Bafana Rice","60","each","3769"
"RQ24041619","Delta Pet soft drinks","120","each","3770"
"RQ24041730","Mineral Water","120","each","3771"
"RQ24041730","Mazowe","4","each","3772"
"RQ24041774","Mineral Water","120","each","3773"
"RQ24041774","Mazowe","4","each","3774"
"RQ24041774","Top Ten Sweets","8","each","3775"
"RQ24041774","Minute Maid Pet","60","each","3776"
"RQ24041774","Chicken Breast","2","each","3777"
"RQ24041774","Mayonnaise","4","each","3778"
"RQ24041774","Bacon","1","each","3779"
"RQ24041774","Cooking Oil","2","each","3780"
"RQ24041774","Cheese","4","each","3781"
"RQ24041774","Lettuce","3","each","3782"
"RQ24041774","Onions","3","each","3783"
"RQ24041774","Tomatoes","5","each","3784"
"RQ24041774","Proton Bread","12","each","3785"
"RQ24041774","English Cucumber","4","each","3786"
"RQ24041774","Tomato Sauce","1","each","3787"
"RQ24041774","BBQ Sauce","1","each","3788"
"RQ24041774","Chutney Sauce","1","each","3789"
"RQ24041774","Sweet Chilli Sauce","1","each","3790"
"RQ24041774","Samoosa","10","each","3791"
"RQ24041774","Proton Rolls","30","each","3792"
"RQ24041774","Proton Burger Patties","30","each","3793"
"RQ24041774","Rice","2","each","3794"
"RQ24041774","Mealie Meal","1","each","3795"
"RQ24041774","Potatoes","1","each","3796"
"RQ24041774","Butternut","6","each","3797"
"RQ24041774","Beef","14","each","3798"
"RQ24041774","Chicken","14","each","3799"
"RQ24041774","Cabbage","2","each","3800"
"RQ24041774","Tomatoe Puree","2","each","3801"
"RQ24041774","Green Beans","4","each","3802"
"RQ24041774","Carrots","4","each","3803"
"RQ24041774","Spices Chicken","3","each","3804"
"RQ24041774","Soups Royco","3","each","3805"
"RQ24041774","Peppers","3","each","3806"
"RQ24041774","Brocolli","1","each","3807"
"RQ24041774","Cauliflower","1","each","3808"
"RQ24041774","Baby Marrow","1","each","3809"
"RQ24041774","Beetroot","1","each","3810"
"RQ24041774","Fish","30","each","3811"
"RQ24041795","Mineral Water","120","each","3812"
"RQ24041795","Mazowe 2 litres","4","each","3813"
"RQ24041795","Top Ten Sweets","8","each","3814"
"RQ24041795","Minute Maid Pet","60","each","3815"
"RQ24041795","Chicken Breast","2","each","3816"
"RQ24041795","Mayonnaise","4","each","3817"
"RQ24041795","Bacon","1","each","3818"
"RQ24041795","Cooking Oil 2litres","2","each","3819"
"RQ24041795","Cheese","4","each","3820"
"RQ24041795","Lettuce","3","each","3821"
"RQ24041795","Onions","3","each","3822"
"RQ24041795","Tomatoes","5","each","3823"
"RQ24041795","Proton Bread","12","each","3824"
"RQ24041795","English Cucumber","4","each","3825"
"RQ24041795","Tomato Sauce","1","each","3826"
"RQ24041795","BBQ Sauce","1","each","3827"
"RQ24041795","Chutney Sauce","1","each","3828"
"RQ24041795","Sweet Chilli Sauce","1","each","3829"
"RQ24041795","Samoosa packs","10","each","3830"
"RQ24041795","Proton Rolls","30","each","3831"
"RQ24041795","Proton Burger Patties","30","each","3832"
"RQ24041795","Rice 2kg","2","each","3833"
"RQ24041795","Mealie Meal 10kg","1","each","3834"
"RQ24041795","Potatoes 10kg","1","each","3835"
"RQ24041795","Butternut","6","each","3836"
"RQ24041795","Beef","14","each","3837"
"RQ24041795","Chicken","14","each","3838"
"RQ24041795","Cabbage","2","each","3839"
"RQ24041795","Tomatoe Puree","2","each","3840"
"RQ24041795","Green Beans","4","each","3841"
"RQ24041795","Carrots","4","each","3842"
"RQ24041795","Spices Chicken","3","each","3843"
"RQ24041795","Soups Royco","3","each","3844"
"RQ24041795","Peppers","3","each","3845"
"RQ24041795","Brocolli","1","each","3846"
"RQ24041795","Cauliflower","1","each","3847"
"RQ24041795","Baby Marrow","1","each","3848"
"RQ24041795","Beetroot","1","each","3849"
"RQ24041795","Fish","30","each","3850"
"RQ24041736","Mineral Water","120","each","3851"
"RQ24041736","Mazowe 2 litres","4","each","3852"
"RQ24041736","Top Ten Sweets","8","each","3853"
"RQ24041736","Minute Maid Pet","60","each","3854"
"RQ24041736","Chicken Breast","2","each","3855"
"RQ24041736","Mayonnaise","4","each","3856"
"RQ24041736","Bacon","1","each","3857"
"RQ24041736","Cooking Oil 2litres","2","each","3858"
"RQ24041736","Cheese","4","each","3859"
"RQ24041736","Lettuce","3","each","3860"
"RQ24041736","Onions","3","each","3861"
"RQ24041736","Tomatoes","5","each","3862"
"RQ24041736","Proton Bread","12","each","3863"
"RQ24041736","English Cucumber","4","each","3864"
"RQ24041736","Tomato Sauce","1","each","3865"
"RQ24041736","BBQ Sauce","1","each","3866"
"RQ24041736","Chutney Sauce","1","each","3867"
"RQ24041736","Sweet Chilli Sauce","1","each","3868"
"RQ24041736","Samoosa 12 packs","10","each","3869"
"RQ24041736","Proton Rolls","30","each","3870"
"RQ24041736","Proton Burger Patties","30","each","3871"
"RQ24041736","Rice 2kg","2","each","3872"
"RQ24041736","Mealie Meal 10kg","1","each","3873"
"RQ24041736","Potatoes 10kg","1","each","3874"
"RQ24041736","Butternut","6","each","3875"
"RQ24041736","Beef","14","each","3876"
"RQ24041736","Chicken","14","each","3877"
"RQ24041736","Cabbage","2","each","3878"
"RQ24041736","Tomatoe Puree","2","each","3879"
"RQ24041736","Green Beans","4","each","3880"
"RQ24041736","Carrots","4","each","3881"
"RQ24041736","Spices Chicken","3","each","3882"
"RQ24041736","Soups Royco","3","each","3883"
"RQ24041736","Peppers","3","each","3884"
"RQ24041736","Brocolli","1","each","3885"
"RQ24041736","Cauliflower","1","each","3886"
"RQ24041736","Baby Marrow","1","each","3887"
"RQ24041736","Beetroot","1","each","3888"
"RQ24041736","Fish","30","each","3889"
"RQ24041778","helmet","1","each","3890"
"RQ24041778","desk","1","each","3891"
"RQ24041786","helmet","1","each","3892"
"RQ24041786","desk","1","each","3893"
"RQ24041749","Mineral Water","120","each","3894"
"RQ24041749","Mazowe 2litres","4","each","3895"
"RQ24041749","Top Ten Sweets","8","each","3896"
"RQ24041749","Minute Maid Pet","60","each","3897"
"RQ24041749","Chicken Breast","2","each","3898"
"RQ24041749","Mayonnaise","4","each","3899"
"RQ24041749","Bacon","1","each","3900"
"RQ24041749","Cooking Oil 2litres","2","each","3901"
"RQ24041749","Cheese","4","each","3902"
"RQ24041749","Lettuce","3","each","3903"
"RQ24041749","Onions","3","each","3904"
"RQ24041749","Tomatoes","3","each","3905"
"RQ24041749","Proton Bread","12","each","3906"
"RQ24041749","English Cucumber","4","each","3907"
"RQ24041749","Tomato Sauce","1","each","3908"
"RQ24041749","BBQ Sauce","1","each","3909"
"RQ24041749","Chutney Sauce","1","each","3910"
"RQ24041749","Sweet Chilli Sauce","1","each","3911"
"RQ24041749","Samoosa 12 packs","10","each","3912"
"RQ24041749","Proton Rolls","30","each","3913"
"RQ24041749","Proton Burger Patties","30","each","3914"
"RQ24041749","Rice 2kg","2","each","3915"
"RQ24041749","Mealie Meal 10kg","1","each","3916"
"RQ24041749","Potatoes 10kg","1","each","3917"
"RQ24041749","Butternut","6","each","3918"
"RQ24041749","Beef","14","each","3919"
"RQ24041749","Chicken","14","each","3920"
"RQ24041749","Cabbage","2","each","3921"
"RQ24041749","Tomatoe Puree","2","each","3922"
"RQ24041749","Green Beans","4","each","3923"
"RQ24041749","Carrots","4","each","3924"
"RQ24041749","Spices Chicken","3","each","3925"
"RQ24041749","Soups Royco","3","each","3926"
"RQ24041749","Peppers","3","each","3927"
"RQ24041749","Brocolli","1","each","3928"
"RQ24041749","Cauliflower","1","each","3929"
"RQ24041749","Baby Marrow","1","each","3930"
"RQ24041749","Beetroot","1","each","3931"
"RQ24041749","Fish","30","each","3932"
"RQ2404176","Chicken ","3","kgs","3933"
"RQ2404176","Beef ","3","kgs","3934"
"RQ2404176","Rice 2kg ","4","kgs","3935"
"RQ2404176","Cooking Oil 2l","2","litres","3936"
"RQ2404176","Samoosas ","2","packets","3937"
"RQ2404176","Bread ","2","each","3938"
"RQ2404176","Potatoes","5","kgs","3939"
"RQ2404176","Butternuts","2","kgs","3940"
"RQ2404176","Snowmeal Mealie Meal","5","kgs","3941"
"RQ2404176","C & B Mayonnaise","950","grammes","3942"
"RQ2404176","Tomatoes","1","kgs","3943"
"RQ2404176","Onions","1","kgs","3944"
"RQ2404176","Eggs Per Dozen","1","each","3945"
"RQ2404176","Carrots ","500","grammes","3946"
"RQ2404176","Green Beans","500","grammes","3947"
"RQ2404176","Karinga","1","packets","3948"
"RQ2404176","Cabbage P/Head","1","each","3949"
"RQ2404176","Chicken Breast","1","kgs","3950"
"RQ2404176","Delta Pet Assorted Soft Drinks","15","each","3951"
"RQ2404176","Chicken spices","3","each","3952"
"RQ2404176","Aqua Clear","1","cartons","3953"
"RQ2404176","Pepper Robot","1","each","3954"
"RQ24041914","Aqua clear water","144","each","3955"
"RQ24041914","Juices","18","each","3956"
"RQ2404199","Aqua Clear Mineral Water","6","cartons","3957"
"RQ2404199","Ceres Juice","3","cartons","3958"
"RQ24041936","Apples","500","grammes","3959"
"RQ24041936","Bananas","500","grammes","3960"
"RQ24041936","Oranges","500","grammes","3961"
"RQ24041936","Grapes","500","grammes","3962"
"RQ24041936","Plums","500","grammes","3963"
"RQ24041936","Ceres x 1l","18","litres","3964"
"RQ2404221","RENT","1","each","3965"
"RQ24042224","1/4 chicken & chips","17","each","3966"
"RQ24042224","can","17","each","3967"
"RQ24042249","rapid response","14","each","3968"
"RQ24042291","60X2PIECER AND 60XPET DRINKS","60","each","3969"
"RQ24042334","rent","1","each","3970"
"RQ24042391","rent","1","each","3971"
"RQ24042313","rent","1","each","3972"
"RQ24042398","rent","1","each","3973"
"RQ24042399","2 piecer chicken","90","each","3974"
"RQ24042399","chicken burgers","90","each","3975"
"RQ24042367","Delta drinks","180","each","3976"
"RQ24042367","Aquar water","360","each","3977"
"RQ24042361","windowframe","2","each","3978"
"RQ2404233","Fan","9","each","3979"
"RQ24042471","FOOD","1","each","3980"
"RQ24042445","1","1","each","3981"
"RQ24042470","HP 26A Tonner Catrudge Black","8","each","3982"
"RQ24042522","desk","2","each","3983"
"RQ24042522","swivel chairs","2","each","3984"
"RQ24042522","visitor chairs","2","each","3985"
"RQ24042532","hearvy laxex gloves","20","each","3986"
"RQ24042532","gloves 30cm","20","each","3987"
"RQ24042532","gloves 45cm","10","each","3988"
"RQ24042532","black refuse liners","200","each","3989"
"RQ24042568","Quarter and strips and rice","10","each","3990"
"RQ24042568","Pet Soft drinks","10","each","3991"
"RQ24042568","Burgers","10","each","3992"
"RQ24042568","Mineral Water","20","each","3993"
"RQ2404257","Teas and Lunches","1","each","3994"
"RQ24042586","Matma rice 2kg","1","each","3995"
"RQ24042586","Beef","4","kgs","3996"
"RQ24042586","Chicken 2kg","3","each","3997"
"RQ24042586","Samoosas","5","packets","3998"
"RQ24042586","Eggs","1","cartons","3999"
"RQ24042586","Aqua clear water","120","each","4000"
"RQ24042586","Pet drinks","30","each","4001"
"RQ24042586","Mazoe crush","2","each","4002"
"RQ24042586","Fun pack sweets","2","packets","4003"
"RQ24042586","Salad cream","1","each","4004"
"RQ24042586","Potatoes 10kg","1","each","4005"
"RQ24042586","Carrots 1kg","1","kgs","4006"
"RQ24042586","Green beans","2","packets","4007"
"RQ24042586","Cabbage","1","each","4008"
"RQ24042586","Tomatoes","3","kgs","4009"
"RQ24042586","Onions","1","kgs","4010"
"RQ24042586","Lettuce","2","each","4011"
"RQ24042586","Cucumber","2","each","4012"
"RQ24042586","Butternuts","3","kgs","4013"
"RQ24042586","Raha Cooking oil 2ltrs","1","each","4014"
"RQ24042541","Chicken 2kg","4","each","4015"
"RQ24042541","Beef","7","kgs","4016"
"RQ24042541","chicken breasts","3","kgs","4017"
"RQ24042541","Bread","5","each","4018"
"RQ24042541","potatoes 10kgs","1","each","4019"
"RQ24042541","Butternuts","3","kgs","4020"
"RQ24042541","Mayonnaise","2","each","4021"
"RQ24042541","Tomatoes","4","kgs","4022"
"RQ24042541","Onions","2","kgs","4023"
"RQ24042541","Green beans","3","packets","4024"
"RQ24042541","Carrots 1kg","1","kgs","4025"
"RQ24042541","Pepper robot","1","packets","4026"
"RQ24042541","rice 2kg","1","each","4027"
"RQ24042541","Rea seal 10kg","1","each","4028"
"RQ24042541","Cooking oil 2 ltr","1","each","4029"
"RQ24042541","Eggs","1","cartons","4030"
"RQ24042541","Samoosas","5","packets","4031"
"RQ24042541","Mazoe crush","3","each","4032"
"RQ24042541","Delta pet","30","each","4033"
"RQ24042541","Water","120","each","4034"
"RQ24042541","Sweets","2","packets","4035"
"RQ24042541","Chicken spies","3","each","4036"
"RQ24042541","Karinga","2","each","4037"
"RQ24042541","Cabbage","1","each","4038"
"RQ24042541","Cucumber","1","each","4039"
"RQ2404251","Retirement Summit","2","each","4040"
"RQ24042966","Standard single BB","2","each","4041"
"RQ24042966","Dinner including drink","2","each","4042"
"RQ24042997","Burgers","17","each","4043"
"RQ24042997","1/4 meal","17","each","4044"
"RQ24042997","UB Can drink","17","each","4045"
"RQ24043063","rental valuation","1","each","4046"
"RQ24043067","fix and supply door frames","15","each","4047"
"RQ24043067","fix and supply windoframes","30","each","4048"
"RQ24043071","ID CARD HOLDER","200","each","4049"
"RQ24043071","LANYARD","200","each","4050"
"RQ24043040","Standard sing BB","2","each","4051"
"RQ24043040","Dinner and drink","2","each","4052"
"RQ24043040",,"0","each","4053"
"RQ24050210","locks","5","each","4054"
"RQ24050222","june  2024 rent","1","each","4055"
"RQ24050254","ICEBLOCK","30","each","4056"
"RQ24050254","MINERAL WATER","200","each","4057"
"RQ24050214","ICEBLOCK","30","each","4058"
"RQ24050214","MINERAL WATER","200","each","4059"
"RQ24050297","ICEBLOCK","30","each","4060"
"RQ24050297","MINERAL WATER","200","each","4061"
"RQ24050249","ice blocks","30","each","4062"
"RQ24050249","mineral water","200","each","4063"
"RQ24050269","ice blocks","30","each","4064"
"RQ24050269","mineral water","200","each","4065"
"RQ24050246","ice blocks","30","each","4066"
"RQ24050246","mineral water","200","each","4067"
"RQ24050237","ice blocks","30","each","4068"
"RQ24050237","mineral water","200","each","4069"
"RQ24050215","ice block","30","each","4070"
"RQ24050215","mineral water","200","each","4071"
"RQ24050228","500ml pet assorted","25","packets","4072"
"RQ24050235","mineral water, ice, ceres","300","each","4073"
"RQ24050270","beverages","300","each","4074"
"RQ24050281","referee fees","17","each","4075"
"RQ24050245","coppper capillary","22","each","4076"
"RQ24050245","capilllary elbow","26","each","4077"
"RQ24050245","angle valve ","8","each","4078"
"RQ24050245","basin","6","each","4079"
"RQ24050245","copper tube","5","each","4080"
"RQ24050245","copper tube ","3","each","4081"
"RQ24050245","crossstop","8","each","4082"
"RQ24050245","urinaly","2","each","4083"
"RQ24050245","copper capillary","8","each","4084"
"RQ24050245","copper capillary lee equal","6","each","4085"
"RQ24050245","capillary coupiling","10","each","4086"
"RQ24050245","solder wire ","1","each","4087"
"RQ24050245","plumbing solder","1","each","4088"
"RQ24050245","copper capillary","12","each","4089"
"RQ24050245","pan collar","4","each","4090"
"RQ24050245","bend plain","4","each","4091"
"RQ24050245","gally head and grate","2","each","4092"
"RQ24050245","gally p trap","2","each","4093"
"RQ24050245","bend acess","3","each","4094"
"RQ24050245","junction acess","1","each","4095"
"RQ24050245","vent valve 2 way","1","each","4096"
"RQ24050245","junction plain","8","each","4097"
"RQ24050245","bend plain","4","each","4098"
"RQ24050245","rodding eye","3","each","4099"
"RQ24050245","pipe waste","3","each","4100"
"RQ24050245","pipe waste","1","each","4101"
"RQ24050245","pipe wast 50mm","3","each","4102"
"RQ24050245","bend acess","10","each","4103"
"RQ24050245","junction plan","5","each","4104"
"RQ24050245","s trap","6","each","4105"
"RQ24050245","basin waste","6","each","4106"
"RQ24050245","shower head","4","each","4107"
"RQ24050245","shower arm","4","each","4108"
"RQ24050245","flexble connector","4","each","4109"
"RQ24050245","proplastic solvent cement","1","each","4110"
"RQ24050245","p trap shower","4","each","4111"
"RQ24050245","toilet suite","4","each","4112"
"RQ24050245","basin courior","6","each","4113"
"RQ24050245","pedestal ","6","each","4114"
"RQ24050245","pipe pressure","3","each","4115"
"RQ24050245","pvc elbow faucet","4","each","4116"
"RQ24050245","pvc tee equal plain ","4","each","4117"
"RQ24050245","elbpw  plain","4","each","4118"
"RQ24050245","toilet roll","4","each","4119"
"RQ24050271","refuse collection","1","each","4120"
"RQ24050326","Quarter meal","44","each","4121"
"RQ24050326","salad","44","each","4122"
"RQ24050326","Burgers","44","each","4123"
"RQ24050389","Burgers","17","each","4124"
"RQ24050389","Quarter meal","17","each","4125"
"RQ24050389","Drink","17","each","4126"
"RQ24050314","Decorated venue and food","50","each","4127"
"RQ24050314","PA system plus DJ","1","each","4128"
"RQ24050314","Welcome cocktails","50","each","4129"
"RQ24050325","HP 255/G2/G3 PWERPK 19.5V 3.33A 4.5*3.0","10","each","4130"
"RQ24050325","LAPTOP POWER CABLE 1.5M 3 PIN-LEADER","10","each","4131"
