"document_id","item_required","qty","uom","id"
"RQ19020668","Bus Hire - Mutare Boys High School","1","each","95"
"RQ19020688","intrusion detection","1","each","96"
"RQ19020632","intrusion detection","1","each","97"
"RQ19020692","intrusion detection","1","each","98"
"RQ19020631","215R15 new tyres","4","each","99"
"RQ19020635","215R15 new tyres","4","each","100"
"RQ19020698","215R15 new tyres","4","each","101"
"RQ19020666","215R15 new tyres","4","each","102"
"RQ19020663","215R15 new tyres","4","each","103"
"RQ19020696","215R15 new tyres","4","each","104"
"RQ19020628","215R15 new tyres","4","each","105"
"RQ1902066","215R15 new tyres","4","each","106"
"RQ19020638","245/70R16","4","each","107"
"RQ19020685","245/70R16","4","each","108"
"RQ19020650","245/70R16","4","each","109"
"RQ19020625","245/70R16","4","each","110"
"RQ19020682","245/70R16","4","each","111"
"RQ19020610","245/70R16","4","each","112"
"RQ19020690","245/70R16","4","each","113"
"RQ19020681","245/70R16","4","each","114"
"RQ1902069","245/70R16","4","each","115"
"RQ19020667","245/70R16","4","each","116"
"RQ19020620","9R 22.5","6","each","117"
"RQ1902061","9R 22.5","6","each","118"
"RQ19020627","205/70R15 new tyres","5","each","119"
"RQ19020648","9R 22.5","6","each","120"
"RQ19020694","265/65/R17 Tyres","5","each","121"
"RQ19020675","upper control arms np300","2","each","122"
"RQ19020699","upper control arms np300","2","each","123"
"RQ19020654","upper control arms Mazda Beast","2","each","124"
"RQ19020677","Rim 17inch Mazda Beast er2123","1","each","125"
"RQ19020614","Cement","60","bags","126"
"RQ1902063","DEGREASER","6","each","127"
"RQ19020612","PAINT","40","each","128"
"RQ19020643","upper control arms np300 left","1","each","129"
"RQ19020643","upper control arms np300 right","1","each","130"
"RQ19020643","front shocks","2","each","131"
"RQ19020643","rear shocks","2","each","132"
"RQ19020643","lower ball joints","2","each","133"
"RQ19020652","upper control w/bone right np300","1","each","134"
"RQ19020652","upper control w/bone left np300","1","each","135"
"RQ19020652","lower control arm right","1","each","136"
"RQ19020652","lower control arm left","1","each","137"
"RQ19020652","tie rod ends outter","2","each","138"
"RQ19020652","tie rod ends inner","2","each","139"
"RQ19020652","idler arm","1","each","140"
"RQ19020652","front shocks","2","each","141"
"RQ19020652","rear shocks","2","each","142"
"RQ19020652","lower ball joints","2","each","143"
"RQ19020847","NEW CYLINDER HEAD FOR MAZDA BT50 DIESEL","1","each","144"
"RQ19020846","NEW CYLINDER HEAD FOR MAZDA BT50 DIESEL","1","each","145"
"RQ1902081","Cement (50kg)","60","bags","146"
"RQ19020852","DULUX GLOSS WHITE PAINT (5L)","20","litres","147"
"RQ19020852","TINTING CHARGE TRANSFORMER GREY (20L)","5","litres","148"
"RQ19020883","BUSH CLEARING","1","each","149"
"RQ19021149","test","3","each","150"
"RQ19021173","Vehicle hire","1","each","151"
"RQ19021116","Tools for Artisan","1","each","152"
"RQ19021167","FIT AND SUPPLY REAR ISUZU FLEET NO. ER2173","1","each","153"
"RQ19021117","Purchase of materials for tiling kitchen and ladies toilet","32","each","154"
"RQ19021135","Samsung J2 cellphones","2","each","155"
"RQ19021127","Bond paper for D/O","20","each","156"
"RQ19021190","Dsl - 480, Ptrl - 480","1","litres","157"
"RQ19021271","215R15 new tyres","4","each","158"
"RQ19021263","195 R 15 C Tyres","5","each","159"
"RQ19021215","195 R 15 C Tyres","5","each","160"
"RQ19021253","215/70R15 Tyres","5","each","161"
"RQ19021225","215/70R15 Tyres","5","each","162"
"RQ1902128","215/70R15 Tyres","5","each","163"
"RQ19021235","215/70R15 Tyres","5","each","164"
"RQ19021220","215/70R15 Tyres","5","each","165"
"RQ1902129","215/70R15 Tyres","5","each","166"
"RQ19021213","215/70R15 Tyres","5","each","167"
"RQ19021258","245/70R15 Tyres ","5","each","168"
"RQ19021226","245/70R16 Tyres ","5","each","169"
"RQ19021285","215/70R15 Tyres","5","each","170"
"RQ19021210","CTs Rewinding","3","each","171"
"RQ19021288","New gearbox for Beast f/n er2154","1","each","172"
"RQ19021223","Air Compressor for Accounting Officer-Cash","1","each","173"
"RQ19021295","Break down recovery","1","each","174"
"RQ19021214","182 000km service ","1","each","175"
"RQ19021268","repairing water tank","1","each","176"
"RQ19021236","break clippers","1","packets","177"
"RQ1902127","break clippers","1","packets","178"
"RQ19021211","break clippers","1","packets","179"
"RQ19021272","break clippers","1","packets","180"
"RQ19021221","break clippers","1","packets","181"
"RQ19021265","break clippers","1","packets","182"
"RQ19021365","SAMSUNG J7","1","each","183"
"RQ1902139","1tonne truck ","31","each","184"
"RQ1902137","1tonne truck ","31","each","185"
"RQ19021384","1tonne truck ","31","each","186"
"RQ19021367","1tonne truck ","31","each","187"
"RQ19021387"," 1tonne truck  ","31","each","188"
"RQ19021322","Rewind breaker coils ","4","each","189"
"RQ19021368","weeding","1","each","190"
"RQ19021375","black paint","40","litres","191"
"RQ19021375","undrecoat","5","litres","192"
"RQ19021375","Gloss enamel sky blue","5","litres","193"
"RQ19021375","red oxide primer","2","litres","194"
"RQ19021375","enamel sky blue","10","litres","195"
"RQ19021375","enamel cream","5","litres","196"
"RQ19021375","enamel  black","5","litres","197"
"RQ19021375","varnish clear","5","litres","198"
"RQ19021398","labour","1","each","199"
"RQ19021341","SAMSUNG J7","1","each","200"
"RQ19021369","Acid proof worksuits for Mutare garage","24","each","201"
"RQ19021385","800l engine oil GTX","800","litres","202"
"RQ19021364","POLYSTEEL 20mm ROPE","200","metres","203"
"RQ1902146","Fencing of substation","1","each","204"
"RQ19021445","rubberised cork gaskets","20","each","205"
"RQ19021468","J7 Cell Phones (Tool)","4","each","206"
"RQ19021456","SPLIT UNIT AIR CONDITIONER","1","each","207"
"RQ19021412","OFFICE DESK","1","each","208"
"RQ19021428","3 DOOR GLASS BOOKCASE","1","each","209"
"RQ19021458","Armoured Cable","200","metres","210"
"RQ19021479","SF6 GAS 50 KG","2","each","211"
"RQ19021447","32.5 Cement","90","bags","212"
"RQ19021496","32.5 Cement","60","bags","213"
"RQ19021469","Roofing materials","1","each","214"
"RQ19021440","Cement Bricks","3000","each","215"
"RQ19021475","32.5 Cement","8","bags","216"
"RQ19021423","Washed River sand","2000","kgs","217"
"RQ19021492","Fencing of substation","1","each","218"
"RQ19021535","195 R 15 C Tyres","5","each","219"
"RQ19021580","195 R 15 C Tyres","5","each","220"
"RQ19021592","GAS BOTTLE ACCESSORIES","1","each","221"
"RQ19021570","1. String 2 x 100m landing spans on incoming and outgoing bays of substation with 100mm SCA conductor, 2.	Resite 1 x H-pole and stays 3.	Erect 2 x H-poles and stays Erect 1 x Intermediate","1","each","222"
"RQ19021517","Upper wishbones","2","each","223"
"RQ19021517","lower control arms","2","each","224"
"RQ19021517","upper ball joints","2","each","225"
"RQ19021517","lower ball joints","2","each","226"
"RQ19021517","pitman arm","1","each","227"
"RQ19021517","inner tierod ends","2","each","228"
"RQ19021517","outter tierod ends","2","each","229"
"RQ19021517","lower control arm bushes","2","each","230"
"RQ19021517","set of front suspension bushes","1","each","231"
"RQ19021517","brake pads","1","each","232"
"RQ19021517","front wheel bearings","2","each","233"
"RQ19021517","rear shocks","2","each","234"
"RQ19021517","rear spring bushes","1","each","235"
"RQ19021556","215/70R15 Tyres","5","each","236"
"RQ19021588","215/70R15 Tyres","5","each","237"
"RQ19021595","215/70R15 Tyres","5","each","238"
"RQ19021554","IPAD PRO","1","each","239"
"RQ19021593","clutch kit for np300 4x4 f/n er2156","1","each","240"
"RQ19021518","215/70R15 Tyres","5","each","241"
"RQ19021577","215/70R15 Tyres","5","each","242"
"RQ19021587","215/70R15 Tyres","5","each","243"
"RQ19021559","215/70R15 Tyres","5","each","244"
"RQ19021562","215/70R15 Tyres","5","each","245"
"RQ19021581","215/70R15 Tyres","5","each","246"
"RQ19021882","PAINTING MATERIALS","1","each","247"
"RQ19021821","ROOFING MATERIALS","1","each","248"
"RQ19021858","WINDOW CLEANING SERVICES","1","each","249"
"RQ19021877","FIX&SUPPLY OF 3RD FLOOR BLINDS","1","each","250"
"RQ19021898","FIX&SUPPLY OF 2ND FLOOR BLINDS","1","each","251"
"RQ19021852","FIX&SUPPLY OF 1ST FLOOR BLINDS","1","each","252"
"RQ19021848","FIX&SUPPLY OF GROUND FLOOR BLINDS","1","each","253"
"RQ19021857","10 CUBIC METERS OF GRAVEL","1","each","254"
"RQ1902184","Toner cartridge","4","each","255"
"RQ19021855","Soft Drinks","20","each","256"
"RQ19021855","Ciders","15","each","257"
"RQ19021860","Multimeter","2","each","258"
"RQ19021891","PHILIPS AIRCON FOR COMMERCIAL OFFICE","1","each","259"
"RQ19021836","soap","100","each","260"
"RQ19021836","Tea leaves","10","packets","261"
"RQ1902189","Desk ","1","each","262"
"RQ19021823","L Shaped executive mukwa 3 piece and 6 drawer desk","1","each","263"
"RQ19021823","Upright 3 door, lockable mukwa filing cabinet","1","each","264"
"RQ19021894","CEMENT","50","each","265"
"RQ19021886","3/4 QUARRY STONES","1","each","266"
"RQ19021817","MCBs S/P 60Amp, 240V","1000","each","267"
"RQ19021824","14m3 PITSAND","1","each","268"
"RQ19021818","INTERLOCKING PAVERS","1","each","269"
"RQ19021962","upper wishbones","2","each","270"
"RQ19021962","lower control arms","2","each","271"
"RQ19021962","upper ball joints","2","each","272"
"RQ19021962","lower ball joints","2","each","273"
"RQ19021962","pitmans arm","1","each","274"
"RQ19021962","inner tierod ends","2","each","275"
"RQ19021962","outer tierod ends","2","each","276"
"RQ19021962","lower control arms bushes","2","each","277"
"RQ19021962","set of front suspension bushes","1","packets","278"
"RQ19021962","set of brake pads","1","each","279"
"RQ19021962","front wheel bearing","2","packets","280"
"RQ19021962","rear shocks","2","each","281"
"RQ19021962","rear spring bushes set","1","packets","282"
"RQ19021989","complete clutch kit","1","each","283"
"RQ19021911","complete Injector Pump","1","each","284"
"RQ1902192","1400R20 new tyres Dunlop","2","each","285"
"RQ19021987","paint","100","litres","286"
"RQ19021987","brushes","80","each","287"
"RQ19021987","mutton cloth","5","kgs","288"
"RQ19021987","thinners","5","litres","289"
"RQ19021925","rubberised cork gaskets","10","each","290"
"RQ19021932","rubberised cork gaskets","10","each","291"
"RQ19021979","8 x 20 kgs stix adhesive tile cement, 1 x 5kgs Grout, 1 Pack 3mm tile spacers","1","each","292"
"RQ19021993","till rolls for Masvingo Disrtict","1500","each","293"
"RQ19022044","5 new tyres 195R15C","5","each","294"
"RQ19022094","BOND PAPER","10","cartons","295"
"RQ19022057","2xnew batteries for Benz truck f/n 1062","2","each","296"
"RQ19022041","4X175/65R14 NEW TYRES FOR ER2181","4","each","297"
"RQ19022089","Armoured Cable","2000","metres","298"
"RQ19022091","Armoured Cable","2000","metres","299"
"RQ19022030","PG Clamps","2000","each","300"
"RQ19022072","33kV D'fuse mounts c/w carrier","50","each","301"
"RQ19022066","11kV wood crossarms","300","each","302"
"RQ19022097","33kV wood crossarms","300","each","303"
"RQ19022079","3/4 Stay plates","500","each","304"
"RQ19022064","3/4 Stay Washers","2000","each","305"
"RQ19022085","3/4 Stay Rods","400","each","306"
"RQ19022028","5/8 Stay plates","300","each","307"
"RQ19022013","5/8 Stay Rods","200","each","308"
"RQ19022012","50mm Line Taps","3000","each","309"
"RQ19022093","Armoured Cable","1000","metres","310"
"RQ19022022","Armoured Cable","1000","metres","311"
"RQ19022027","PG Clamps 50-100mm Al/Al","2500","each","312"
"RQ19022018","60A S/P MCB 240V","1000","each","313"
"RQ19022050","11kV D'mounts c/w carrier","50","each","314"
"RQ19022029","Attend To faulty Front Suspension f/no 2158","1","each","315"
"RQ19022077","33kV D'fuse mounts c/w carrier","130","each","316"
"RQ19022071","11kV wood crossarms","300","each","317"
"RQ19022055","HP 55A TONER","1","each","318"
"RQ19022035","245/70R16 Tyres ","5","each","319"
"RQ19022015","33kV wood crossarms","300","each","320"
"RQ1902209","683 batteries","2","each","321"
"RQ19022039","245/70R16 Tyres ","5","each","322"
"RQ19022095","3/4 Stay plates","250","each","323"
"RQ19022082","HP 131A BLACK TONER CARTRIDGE ","1","each","324"
"RQ19022082","HP 131A CYAN CARTRIDGE ","1","each","325"
"RQ19022088","245/70R16 Tyres ","5","each","326"
"RQ1902202","3/4 Stay Washers","250","each","327"
"RQ19022053","3/4 Stay Rods","250","each","328"
"RQ19022060","5/8 Stay plates","250","each","329"
"RQ19022058","5/8 Stay Rods","250","each","330"
"RQ19022087","Armoured Cable","250","metres","331"
"RQ1902204","Armoured Cable 4core 16mm","250","metres","332"
"RQ19022021","PG Clamps 50-100mm Al/Al","1000","each","333"
"RQ19022059","PG Clamps 50-100mm Al/Al","1000","each","334"
"RQ19022024","PG Clamps 50-100mm Al/Al","1000","each","335"
"RQ19022098","MCBs S/P 60Amp, 240V","500","each","336"
"RQ19022061","MCBs S/P 60Amp, 240V","500","each","337"
"RQ19022010","MCBs S/P 60Amp, 240V","500","each","338"
"RQ19022052","11kV D'mounts c/w carrier","130","each","339"
"RQ19022067","11kV D'mounts c/w carrier","130","each","340"
"RQ1902201","33kV D'fuse mounts c/w carrier","60","each","341"
"RQ19022040","33kV D'fuse mounts c/w carrier","60","each","342"
"RQ19022076","11kV wood crossarms","300","each","343"
"RQ19022025","33kV wood crossarms","300","each","344"
"RQ19022019","TRUCK HIRE","1","each","345"
"RQ19022216","195 R 15 C Tyres","5","each","346"
"RQ19022255","195 R 15 C Tyres","5","each","347"
"RQ19022297","215/70R15 Tyres","5","each","348"
"RQ19022226","215/70R15 Tyres","5","each","349"
"RQ19022239","215/70R15 Tyres","5","each","350"
"RQ19022252","215/70R15 Tyres","5","each","351"
"RQ19022293","215/70R15 Tyres","5","each","352"
"RQ19022224","245/70R16 Tyres ","5","each","353"
"RQ1902224","245/70R16 Tyres ","5","each","354"
"RQ19022263","683 batteries","2","each","355"
"RQ19022230","245/70R16 Tyres ","5","each","356"
"RQ19022292","245/70R16 Tyres ","5","each","357"
"RQ19022273","245/70R16 Tyres ","5","each","358"
"RQ19022249","new battery for BT er2085 size 650","1","each","359"
"RQ19022227","wind screen Supply and Fit ","1","each","360"
"RQ19022221","671 batteries","2","each","361"
"RQ19022275","9R22.5 Tyres ","6","each","362"
"RQ19022267","Transport 2MVA 33/11kV Transformer","1","each","363"
"RQ1902222","Transport 2MVA 33/11kV Transformer","1","each","364"
"RQ19022294","Transport 2MVA 33/11kV Transformer","1","each","365"
"RQ19022240","Transport 2MVA 33/11kV Transformer","1","each","366"
"RQ19022212","Transport 2MVA 33/11kV Transformer","1","each","367"
"RQ19022291","carryout annual service of fire extinguishers at Mutare Garage","1","each","368"
"RQ19022279","Engine Oil","60","each","369"
"RQ19022243","Engine Oil","300","litres","370"
"RQ19022246","Flyers ","6000","each","371"
"RQ19022246","Brochures","4000","each","372"
"RQ19022580","PAINTING SERVICES","1","each","373"
"RQ19022581","CEILING WHITE","20","litres","374"
"RQ19022581","BRILLIANT WHITE","60","litres","375"
"RQ19022532","carryout service on Mercedes Benz Artego AAJ 4044,Chassis no WDB9700776K56125; Engine no 90491100195395","1","each","376"
"RQ19022532",,"0","each","377"
"RQ19022554","Cell Phone","1","each","378"
"RQ19022518","Attend To faulty Front Suspension f/no 2157","1","each","379"
"RQ19022583","Bioguard Belts","30","each","380"
"RQ19022526","Pole Saver Rods","6000","each","381"
"RQ19022596","Insulated Conductor 100mm SCA","1500","each","382"
"RQ19022538","ANGLE GRINDER","3","each","383"
"RQ1902254","TORQUE WRENCH","3","each","384"
"RQ1902256","HAND BLOWERS","3","each","385"
"RQ19022512","CHASIS PUNCH","2","each","386"
"RQ1902253","HIGH PRESSURE WASHER","2","each","387"
"RQ19022521","WELDING MACHINE","1","each","388"
"RQ19022574","WELDING MACHINE","1","each","389"
"RQ19022531","INTRUSION DETECTION SYSTEM","1","each","390"
"RQ19022586","INTRUSION DETECTION SYSTEM","1","each","391"
"RQ19022587","INTRUSION DETECTION SYSTEM","1","each","392"
"RQ19022649","TRANSPORTATION OF TRANSFORMER","1","each","393"
"RQ19022647","ANGLE GRINDER","3","each","394"
"RQ19022648","TORQUE WRENCH","3","each","395"
"RQ1902261","HAND BLOWERS","3","each","396"
"RQ19022679","CHASIS PUNCH","2","each","397"
"RQ19022690","HIGH PRESSURE WASHER","2","each","398"
"RQ19022627","WELDING MACHINE","1","each","399"
"RQ19022642","INTRUSION DETECTION SYSTEM","1","each","400"
"RQ19022654","INTRUSION DETECTION SYSTEM","1","each","401"
"RQ19022640","INTRUSION DETECTION SYSTEM","1","each","402"
"RQ19022636","TRANSPORTATION OF TRANSFORMER","1","each","403"
"RQ19022612","4FT LED FLUORESCENT","8","each","404"
"RQ19022612","SPHERICAL FITTING","9","each","405"
"RQ19022612","SELF TAPING SCREWS","1","packets","406"
"RQ19022612","1200*600 PANEL LIGHT","1","each","407"
"RQ19022612","LED CEILING LIGHT","4","each","408"
"RQ19022612","WOODSCREWS","3","packets","409"
"RQ19022612","RED&BLACK CABLE","2","each","410"
"RQ19022612","RED,BLACK&EARTH CABLE","3","each","411"
"RQ19022681","245/70R16 Tyres ","5","each","412"
"RQ1902271","245/70R16 Tyres ","5","each","413"
"RQ1902275","195 x 14 Tyres","5","each","414"
"RQ19022783","3/4 stayrods","200","each","415"
"RQ19022811","Laptop","4","each","416"
"RQ19022870","Repair and paint demaged canopy for np300  f/n er2131","1","each","417"
"RQ19022876","repair and paint demaged canopy np300  f/n er2148","1","each","418"
"RQ19022863","repair and paint damaged canopy np300  f/n er2143","1","each","419"
"RQ19022868","repair and paint damaged canopy for np300 f/n er2131","1","each","420"
"RQ1902289","shackle insulators","500","each","421"
"RQ19022895","D irons","500","each","422"
"RQ19022814","Airdac","5000","metres","423"
"RQ19022845","TRANSPORTATION OF TRANSFORMER","1","each","424"
"RQ19022877","16mm 2 core cable","500","metres","425"
"RQ19022896","TRANSPORTATION OF TRANSFORMER","1","each","426"
"RQ19022853","16mm 4 core cable","500","metres","427"
"RQ19022899","Copper/aluminium PG","500","each","428"
"RQ19022840","LEVER ARCH FILES","100","each","429"
"RQ19022817","BONDPAPER","30","each","430"
"RQ19022855","COUNTER BOOKS (BOND) 2 QUIRE","20","each","431"
"RQ19022855","STICK-IT-ON PADS","40","each","432"
"RQ19022855","BLUE BALL POINT PENS (CLARO TECHNIC)","150","each","433"
"RQ19022855","BLACK BALL POINT PENS (CLARO TECHNIC)","100","each","434"
"RQ19022855","RED BALL POINT PENS (CLARO TECHNIC)","50","each","435"
"RQ19022855","HIGHLIGHTERS (ASSORTED)","50","each","436"
"RQ19022855","PERMANENT MARKERS (ASSORTED)","50","each","437"
"RQ19022855","PENCILS","20","each","438"
"RQ19022855","RULERS (SHATTER PROOF)","20","each","439"
"RQ19022855","WRITING PADS","20","each","440"
"RQ19022855","ENVELOPES A4 (SELF ADHESIVE)","100","each","441"
"RQ19022855","STAPLE PINS","20","each","442"
"RQ19022855","PAPER CLIPS","20","each","443"
"RQ19022833","Aluminium PG","500","each","444"
"RQ19022820","50A T/P","500","each","445"
"RQ19022847","20 mm rope polysteel","200","metres","446"
"RQ1902288","60 T/P","100","each","447"
"RQ1902285","100T/P","100","each","448"
"RQ19022828","Piercing connectors","2500","each","449"
"RQ19022887","225Amps T/P","250","each","450"
"RQ19022885","Glands size 4","100","each","451"
"RQ19022813","Shrouds size 4","100","each","452"
"RQ19022878","Shrouds size 2","100","each","453"
"RQ19022850","Spindiles 5/8","750","each","454"
"RQ19022857","Gunclamps 100mm","100","each","455"
"RQ19022843","Stay insulators","100","each","456"
"RQ19022832","4 door cubicle","20","each","457"
"RQ1902282","2 door cubicle","50","each","458"
"RQ19022854","Pole washers","2500","each","459"
"RQ1902287","X arm 11kV","100","each","460"
"RQ19022835","X Arm 33kV","100","each","461"
"RQ19022886","Conductor HDA 100mm","7500","metres","462"
"RQ19022837","Conductor HDA 50mm","7500","metres","463"
"RQ19022883","Conductor SCA 50mm","7500","metres","464"
"RQ19022839","Insulator disc","100","each","465"
"RQ19022875","Poly 11kV disc","100","each","466"
"RQ19022871","Poly 33kV disc","100","each","467"
"RQ19022891","25kVA 11/0.4kV transformer","2","each","468"
"RQ19022831","50kVA 11/0.4kV transformer","2","each","469"
"RQ19022880","TRANSPORTATION OF TRANSFORMER","1","each","470"
"RQ1903014","PETROL","593","litres","471"
"RQ19030186","PETROL","593","litres","472"
"RQ19030115","PETROL","593","litres","473"
"RQ19030141","VEHICLE HIRE","30","each","474"
"RQ19030499","Supply and fix Pavers","1","each","475"
"RQ19030456","SUPPLY AND FIX CONCRETE PAVERS","1","each","476"
"RQ19030439","SAMSUNG J7","1","each","477"
"RQ19030584","Florescent tubes 4ft","66","each","478"
"RQ19030584","Starters","66","each","479"
"RQ19030584","balasts 36 watts","20","each","480"
"RQ19030517","8 BOLT CLAMPS BRASS LARGE","120","each","481"
"RQ19030668","Laptop","1","each","482"
"RQ19030657","4 plate stove","1","each","483"
"RQ1903064","Double Bed","1","each","484"
"RQ19030698","soap","2000","each","485"
"RQ19030730","55A Toner Cartridge","1","each","486"
"RQ19030747","1.8m x 75 x 2.5mm daimond mesh		","384","metres","487"
"RQ19030747","Posts ,2.4m x 75 + 450 O/hang Capped posts","17","each","488"
"RQ19030747","2.4m  x w section Standards +o/hang		","85","each","489"
"RQ19030747","2.4m x 38mm tube stays 	","23","each","490"
"RQ19030747","2.0mm barbed wire ","100","kgs","491"
"RQ19030747","1.6mm/2.0mm binding wire		","20","kgs","492"
"RQ19030747","2.24mm high strain wire.		","50","kgs","493"
"RQ19030768","1.8m x 75 x 2.5mm daimond mesh		","384","metres","494"
"RQ19030768","Posts ,2.4m x 75 + 450 O/hang Capped posts","17","each","495"
"RQ19030768","2.4m  x w section Standards +o/hang		","85","each","496"
"RQ19030768","2.4m x 38mm tube stays 	","23","each","497"
"RQ19030768","2.0mm barbed wire ","100","kgs","498"
"RQ19030768","1.6mm/2.0mm binding wire		","20","kgs","499"
"RQ19030768","2.24mm high strain wire.		","50","kgs","500"
"RQ19030757","15mm garden tape","20","each","501"
"RQ19030757","15mm gate valve ","15","each","502"
"RQ19030757","gulley traps","2","each","503"
"RQ19030757"," 20mm water pipes pvc","3","each","504"
"RQ19030757","external doors (toilets)","10","each","505"
"RQ19030757","waste pipes","3","each","506"
"RQ19030757","15 mm galvanised pipes ","4","each","507"
"RQ19030757","15mm galvanised coupling","30","each","508"
"RQ19030757","15mm galvanised nipple","20","each","509"
"RQ19030757","15mm galvanised elbow","20","each","510"
"RQ19030757","galvanised shower caps","16","each","511"
"RQ19030757","rolls thread tapes","10","each","512"
"RQ19030757","5 liters black gloss","4","each","513"
"RQ19030757","c-pack flushing system","15","each","514"
"RQ19030757","15mm flex connector ","20","each","515"
"RQ19030757","5 litre skyblue gloss","14","each","516"
"RQ19030757","5 litre pink wood primer","8","each","517"
"RQ19030757","5 litre gloss white","8","each","518"
"RQ19030757","15mm stop cork","15","each","519"
"RQ19030791","Plumbing materials","1","each","520"
"RQ19030726","submissible pump","1","each","521"
"RQ19030880","Motor Vehicle 4X4","1","each","522"
"RQ19030889","7 TONE TRUCKS","2","each","523"
"RQ19030847","Pole replacement","40","each","524"
"RQ19030893","Pole replacement","26","each","525"
"RQ19031347","Ward fees, Medicines and Laboratory","1","each","526"
"RQ19031315","Workers Committee training","20","each","530"
"RQ1903136","Single Phase Welding Machine for Loss Control","1","each","532"
"RQ19031361","Water Dispenser for Gutu CSC","1","each","533"
"RQ19031341","Single Phase Welding Machine for Loss Control","1","each","534"
"RQ19031343","Water Dispenser for Gutu CSC","1","each","535"
"RQ19031371","Stove for Gutu CSC","1","each","536"
"RQ19031391","Borehole Drilling for Gutu CSC","1","each","537"
"RQ19031323","Borehole Drilling for Gutu CSC","1","each","538"
"RQ19031324","Deep Freezer for Gutu CSC","1","each","539"
"RQ19031342","Perimeter Fencing for Gutu Staff Houses","1","each","540"
"RQ1903131","Generator for Gutu CSC","1","each","541"
"RQ19031413","Grinding stone","1","each","542"
"RQ19031438","Grinding stone","1","each","543"
"RQ19031481","Electric Bendsaw","1","each","544"
"RQ19031473","HP printer for office 211","1","each","545"
"RQ19031425","air conditioner for district manager's office","1","each","546"
"RQ19031484","ouble door fridge for ground floor staff","1","each","547"
"RQ19031470","FIX AND SUPPLY -CONSTRUCTION OF SUBSTATION TOILETS","4","each","548"
"RQ19031545","HP920XL INK CARTRIDGES FULL SET","4","each","549"
"RQ19031877","Purchase 2 x 0.75hp pump for Guest Houses Water Features ","2","each","551"
"RQ19031828","First aid kits","14","each","552"
"RQ19031856","1","1","each","553"
"RQ19031844","1","1","each","554"
"RQ19031981","Supply and fix two Directional signs","2","each","555"
"RQ19031948","Fix and Supply for the Construction of vehicle sheds for Urban","1","each","556"
"RQ19031914","Supply and fix 160m PVC water pipe for Mutare Environs Compound houses","1","each","557"
"RQ19031953","20mm Twisted Nylon rope","2800","metres","558"
"RQ19031919","20mm manual wood auger","90","each","559"
"RQ19031987","Pick heads and wooden handles","80","each","560"
"RQ19031985","Shovels","80","each","561"
"RQ19031958","Wheelbarrows","25","each","562"
"RQ19031960","33kV wood crossarms 1850mm","2150","each","563"
"RQ19031963","11kV wood crossarms","1027","each","564"
"RQ19031992","Steel Bracing Straps","4000","each","565"
"RQ19031968","Fibre bracing straps","4000","each","566"
"RQ19031984","Galvanised pole caps","2500","each","567"
"RQ19031912","Woodpole Washers M22","4000","each","568"
"RQ1903193","Woodpole Washers M22","4000","each","569"
"RQ19031916","33kV pole top bracket","2500","each","570"
"RQ19031917","Polymeric Disc Insulators for 11kV","3000","each","571"
"RQ1903198","33kV polymeric disk insulators","4500","each","572"
"RQ19031995","Galvanised steel twisted shackle straps","1500","each","573"
"RQ19031967","Clevis Adaptor 90degrees","1500","each","574"
"RQ19031959","Suspension Clamps wide angle","2000","each","575"
"RQ19031978","Gun clamp 50-100mm 3bolt","2500","each","576"
"RQ19031952","33kV Strain Porcelain Disk Insulators","750","each","577"
"RQ1903195","11kV pin Insulators","350","each","578"
"RQ19031933","new batteries for truck f/n 2090 size 650","2","each","579"
"RQ19031980","33kV polymeric disk insulators","4500","each","580"
"RQ19031938","9m creosote treated woodpoles to SAZ120 standard","3604","each","581"
"RQ19031920","11m creosote treated woodpoles to SAZ120 standard","1855","each","582"
"RQ1903192","12.6m creosote treated woodpoles to SAZ120 standard","2165","each","583"
"RQ19031966","PG Clamps 50-100mm Universal","2250","each","584"
"RQ19031956","Eye bolt and nut M20 x 300","300","each","585"
"RQ19031994","Bolts and Nuts M20 x 180mm","1500","each","586"
"RQ19031975","Swivel chair exceed ","-1","each","588"
"RQ19032069","2.5 MM FLEX CORE","95","metres","589"
"RQ19032045","SAMSUNG J7","1","each","590"
"RQ19032158","vehicle","2","each","591"
"RQ19032134","HP CE260A BLACK TONER CARTRIDGE ","1","each","592"
"RQ19032138","Cartridges for HR Secretary Office ( HP980 Cyan, HP980 Yellow and HP980 Magenta Cartridges)","3","each","593"
"RQ19032125","PUMP SUBMERSIBLE 2HP 1.5KW 220V ","1","each","594"
"RQ19032185","Data Cabinets","5","each","595"
"RQ19032121","Data Cabinets","6","each","596"
"RQ19032190","Data Cabinets","3","each","597"
"RQ19032239","7Tonne Lorry","1","each","598"
"RQ19032645","CEMENT 32.5","80","bags","599"
"RQ19032645","WASHED RIVER SAND 4m3","4","each","600"
"RQ19032645","19mm STONES 4M3","4","each","601"
"RQ19032645","PITSAND 2M3","2","each","602"
"RQ19032645","230MM DPC 3 ROLLS","3","each","603"
"RQ19032645","CLINGER (SOLID) BRICKS","3000","each","604"
"RQ19032645","FACE BRICKS","8000","each","605"
"RQ19032672","Hydraulic oil for Crane Truck er2198","100","litres","606"
"RQ19032747","4x195R14 NEW TYRES","4","each","607"
"RQ1903273","Sony Car Radio","1","each","608"
"RQ19032832","ANGLE IRON 40*40*3MM 72 LENGTHS ","1","each","609"
"RQ19032832","TUBULAR POLES 85MM*4MM 80 LENGHTS","1","each","610"
"RQ19032832","25MM*3MM GALVANIZED STEEL PIPE 30 LENHTHS","1","each","611"
"RQ19032832","M14*350MM BOLTS&NUTS","60","each","612"
"RQ19032832","3.25 VITEMAX WELDING RODS","5","kgs","613"
"RQ19032832","CAR SHADE CLOTH 40M*5M","1","each","614"
"RQ19032832","228*40MM R/S TIMBER 6 LENGTHS","1","each","615"
"RQ19032832","75MM WIRE NAILS","2","kgs","616"
"RQ19032832","RED OXIDE UNDERCOAT 4*5L","1","each","617"
"RQ19032832","MIDNIGHT BLUE GLOSS 4*5L","1","each","618"
"RQ19032832","TURPS","5","litres","619"
"RQ19032854","3.6 IBR SHEETS","20","each","620"
"RQ19032854","114*40MM R/S TIMBER 10 LENGHTS","1","each","621"
"RQ19032854","60MM FISHER PLUGS & SCREWS 2 BOXES","2","each","622"
"RQ19032854","BRANDERING 40*40 4 LENGTHS","1","each","623"
"RQ19032880","TYRES","4","each","624"
"RQ19032836","Auctioneer Services","1","each","625"
"RQ19032893","Ruckus Wireless Access Points","2","each","626"
"RQ19032963","Angle Irons - 6m each","16","each","627"
"RQ19040233","Laptop","1","each","628"
"RQ19040297","Router","1","each","629"
"RQ19040251","Router","1","each","630"
"RQ19040273","Router","1","each","631"
"RQ19040219","Router","1","each","632"
"RQ19040238","Router","1","each","633"
"RQ19040260","Laptop","2","each","634"
"RQ19040232","Laptop","2","each","635"
"RQ19040254","Laptop","2","each","636"
"RQ19040269","Cellpnone","1","each","637"
"RQ19040580","tyres for er 2198","2","each","638"
"RQ19040580",,"0","each","639"
"RQ19040827","TRANSPORTATION OF TRANSFORMER","1","each","640"
"RQ19040997","Fumigation of snakes at Mutare Env Yard","1","each","641"
"RQ19041068","HP970 BLACK CARTRIDGE","2","each","642"
"RQ19041068","HP971 CYAN CARTRIDGE","1","each","643"
"RQ19041068","HP971 YELLOW CARTRIDGE","1","each","644"
"RQ19041068","HP971 MAGENTA CARTRIDGE","1","each","645"
"RQ19041086","CLUTCH KIT FOR ISUZU KB240","1","each","646"
"RQ19041081","Microwave","1","each","647"
"RQ19041043","Microwave","1","each","648"
"RQ19041087","Cement 32.5 PPC","8","each","649"
"RQ1904111","Wage envelopes for packaging of payslips ","4","each","650"
"RQ19041110","Wage envelopes for packaging of payslips ","4","each","651"
"RQ19041273","INTRUSION DETECTION SYSTEM","1","each","652"
"RQ19041544","HP 131 CF212 YELLOW TONER CARTRIDGE ","1","each","653"
"RQ19041544","HP 131 CF213 MAGENTA TONER CARTRIDGE ","1","each","654"
"RQ19041530","15mx15mx1m Strips Roads •	B Ave •	Second St •	First St •	Megawatt Basement entrance","1","each","655"
"RQ19041542","Cable trenching, Laying, recovery and backfilling of 11kV 185mm2 XLPE Cable","600","metres","656"
"RQ19041590","15mx15mx1m Strips Roads •	B Ave •	Second St •	First St •	Megawatt Basement entrance","4","each","657"
"RQ19041675","BATTERY","1","each","658"
"RQ19041623","BATTERY","1","each","659"
"RQ19041657","BATTERY","1","each","660"
"RQ19041660","BATTERY","1","each","661"
"RQ19041676","BATTERY CHARGER","1","each","662"
"RQ1904161","BATTERY","1","each","663"
"RQ19041653","BATTERY CHARGER","1","each","664"
"RQ19041679","BATTERY","1","each","665"
"RQ19041656","BATTERY CHARGER","1","each","666"
"RQ19041646","BATTERY","1","each","667"
"RQ19041629","BATTERY CHARGER","1","each","668"
"RQ1904169","BATTERY","1","each","669"
"RQ19041615","BATTERY CHARGER","1","each","670"
"RQ19041627","BATTERY","1","each","671"
"RQ19041644","BATTERY CHARGER","1","each","672"
"RQ19041699","FIRST AID BOXES","30","each","673"
"RQ19042376","W4000*1920mm area aprox 23m2","1","each","674"
"RQ19042333","W4000*1920mm area aprox 15.4m2","1","each","675"
"RQ19042333","W1000*1920mm area aprox 1.92m2","1","each","676"
"RQ19042331","W4000*1920mm area aprox 7.7m2","1","each","677"
"RQ19042451","TRAINING CLIENT CARE","1","each","678"
"RQ19042456","TRAINING TIME MANAGEMENT","1","each","679"
"RQ19042495",,"1",,"680"
"RQ19042438","GARDEN SPRINKERS AND ACCESSORIES FOR CHIPINGE DEPOT","1","each","681"
"RQ19042458","GARDEN SPRINKERS AND ACCESSORIES FOR CHIPINGE DEPOT","1","each","682"
"RQ19042429","GARDEN SPRINKERS AND ACCESSORIES ","1","each","683"
"RQ19042482","GARDEN SPRINKERS AND ACCESSORIES ","1","each","684"
"RQ19042415","Fuel filters E 13 (275020-1733)","15","each","685"
"RQ19042445","Oil filters Z 95 (279730-0195)","20","each","686"
"RQ19042492","Oil filters (275020-1850)","20","each","687"
"RQ19042457","Oil Filters Z248 (275520-2430)","20","each","688"
"RQ19042463","Fuel filters Z180 (275520-1009)","20","each","689"
"RQ19042420","Fuel Filters Z188 (275520-0680)","20","each","690"
"RQ1904265","Universal flushing kit","4","each","691"
"RQ19042642","5L GLOSS IVORY","10","each","692"
"RQ19042642","5L FLUSH HURRY","2","each","693"
"RQ19042642","20L CEILING WHITE","3","each","694"
"RQ19042642","5L GLOSS TRANSFORMER GREY","6","each","695"
"RQ19042642","BRICKS","10000","each","696"
"RQ19042642","50KG BAG CEMENT","60","each","697"
"RQ19042642","10 ROLLS*115 BRICKFORCE","1","each","698"
"RQ19042642","2ROLLS*115 DPC","1","each","699"
"RQ19042642","12FT ASBESTOS SHEETS","5","each","700"
"RQ19042642","VENT PIPES","2","each","701"
"RQ19042642","110*38ROUGH SAWN TIMBER","5","each","702"
"RQ19042642","HAND WASH BASIN","2","each","703"
"RQ19042642","WASTE PIPE","2","each","704"
"RQ19042642","EXTERNAL DOORS","2","each","705"
"RQ19042642","115 DOOR FRAMES","2","each","706"
"RQ19042636","20L PVA IVORY DULUX/ASTRA","50","each","707"
"RQ19042934","622 Battery ","1","each","708"
"RQ19042999","622 batteries","1","each","709"
"RQ19042998","622 batteries","1","each","710"
"RQ19042922","245/70R16 new tyres","5","each","711"
"RQ19042963","245/70R16 new tyres","5","each","712"
"RQ19042938","new tyres 265/65R17","5","each","713"
"RQ19042940","285/70R15","5","each","714"
"RQ19042929","new tyres er285/70R15","5","each","715"
"RQ1904295","new tyres 245/70 R15","5","each","716"
"RQ19042982","new tyres 11R 22.5","6","each","717"
"RQ19042931","new tyres 11R 22.5","6","each","718"
"RQ19042950","new tyres 11R 22.5","6","each","719"
"RQ19042928","650 Battery","1","each","720"
"RQ19042993","650 batteries","1","each","721"
"RQ19042979","650 batteries","1","each","722"
"RQ19042966","650 batteries","1","each","723"
"RQ19042937","650 battery","1","each","724"
"RQ19042989","650 batteries","1","each","725"
"RQ19042910","650 battery","1","each","726"
"RQ19042956","650 battery","1","each","727"
"RQ19042976","Samsung J7 for G Bundo Garage Foreman Mutare","1","each","728"
"RQ19042933","650 battery","1","each","729"
"RQ19043071","650 battery","1","each","730"
"RQ19050274","Major service ","1","each","731"
"RQ19050231","suspension Repairs ","1","each","732"
"RQ19050278","Major service ","1","each","733"
"RQ19050223","new battery size 652 for Isuzu KB er2189","1","each","734"
"RQ19050365","Line construction 0.07km of 33/16 line","70","metres","735"
"RQ19050393","erect perimeter fence at Nyakomba D as specified on drawing. ","1","each","736"
"RQ1905038","PC32.5 Cement","15","bags","737"
"RQ19050357","Washed river sand","1500","kgs","738"
"RQ19050359","19mm stones","1500","kgs","739"
"RQ19050370","m20 x 400mm galvanised bolts and nuts","10","each","740"
"RQ19050341","6m lengths of rough sawn timber 228 x 38mm","2","each","741"
"RQ19050696","WATER FEATURE SYSTEM","2","each","742"
"RQ19050613","CUTTING DISK","2","each","743"
"RQ19050613","40*40 SQUARE TUBE","15","each","744"
"RQ19050613","40*3 ANGLE","2","each","745"
"RQ19050613","12MM DEFORMED","2","each","746"
"RQ19050613","50*50 SQUARE TUBE","5","each","747"
"RQ19050613","SLIDING ROLLERS","2","each","748"
"RQ19050613","LOCKSET","1","each","749"
"RQ19050613","HINCHES","2","each","750"
"RQ19050613","WELDING RODS","5","kgs","751"
"RQ19050680","spacers 2mm","1","packets","752"
"RQ19050680","stix Adhesive 20kgs","30","bags","753"
"RQ19050680","Stix Light Grey grout 5kg","5","bags","754"
"RQ1905061","spacers 2mm","1","packets","755"
"RQ1905061","stix Adhesive 20kgs","30","bags","756"
"RQ1905061","Stix Light Grey grout 5kg","5","bags","757"
"RQ19050792","Switch Numbers","1000","each","758"
"RQ1905073","building materials","15","each","759"
"RQ19050727","5L Gloss ivory","10","each","760"
"RQ19050727","5L Flush Hurry","2","each","761"
"RQ19050727","20L ceiling white","3","each","762"
"RQ19050727","5L Gloss transformer grey","6","each","763"
"RQ19050727","bricks","10000","each","764"
"RQ19050727","50 kg bags of cement","60","each","765"
"RQ19050727","115 brickforce rolls","10","each","766"
"RQ19050727","115 dpc rolls","2","each","767"
"RQ19050727","12 ft asbestos sheets","5","each","768"
"RQ19050727","vent pipes","2","each","769"
"RQ19050727","110*38 rough sawn timber","5","each","770"
"RQ19050727","hand wash basin","2","each","771"
"RQ19050727","waste pipe","2","each","772"
"RQ19050727","external doors","2","each","773"
"RQ19050727","115 door frames","2","each","774"
"RQ19050739","A1 Bond paper (Ream)","4","each","775"
"RQ19050713","20L GLOSS BLACK PAINT","5","each","776"
"RQ19050713","20L GROSS GREY PAINT","20","each","777"
"RQ19050713","5L RED SIGNAL","1","each","778"
"RQ19050713","5L SILVER PAINT","6","each","779"
"RQ19050713","20L CREAM PAINT","10","each","780"
"RQ19050713","9 FT ASBESTOS SHEETS","24","each","781"
"RQ19050713","5L GLOSS PVA","1","each","782"
"RQ19050713","2 LENGTHS FASCIA BOARDS","2","each","783"
"RQ19050713","11 FT ASBESTOS SHEETS","3","each","784"
"RQ19050713","5L FLUSH HURRY","1","each","785"
"RQ19050713","20L RED ROOF STOEP ZINC","10","each","786"
"RQ19050713","32.5 CEMENT","8","each","787"
"RQ19050713","BRICKS","1000","each","788"
"RQ19050713"," 0.5m3 RIVER SAND","1","each","789"
"RQ19050713","0.5m3 19mm STONES","1","each","790"
"RQ19050713","5L GLOSS WHITE ","3","each","791"
"RQ19050713","3 LEVERED LOCKSETS","10","each","792"
"RQ19050796","5m*5m POLYTHENE SHEET","1","each","793"
"RQ19050796","CEMENT","10","bags","794"
"RQ19050796","0.5m3 RIVERSAND ","1","each","795"
"RQ19050796","WINDOW PANES (565*510),(580*545),(610*570),(460*265),(420*290)","5","each","796"
"RQ19050796","PUTTY","4","kgs","797"
"RQ19050796","8 LENGTHS FASCIA BOARDS ","8","each","798"
"RQ19050796","20L BLACK ROOF STOEP","16","litres","799"
"RQ19050796","DOOR LOCKSETS","25","each","800"
"RQ19050796","SKY BLUE PVA","2","each","801"
"RQ19050796","BRICK VANISH","2","each","802"
"RQ19050796","20L CEILING WHITE DULUX/ASTRA","2","litres","803"
"RQ19050796","ZIMTEX CEILING BOARDS","2","each","804"
"RQ19050796","6 LENGTHS CORNICE","3","each","805"
"RQ19050796","4 LENGTHS COVER STRIP","2","each","806"
"RQ19050796","20L PVA GREY PAINT","1","litres","807"
"RQ19050796","5L GLOSS WHITE PAINT","20","litres","808"
"RQ19050796","5L OFF WHITE/CREAM PAINT","20","litres","809"
"RQ19050796","FLUSHING SYSTEM","1","each","810"
"RQ19050796","5L FLUSH HURRY ","8","litres","811"
"RQ19050796","5L TURPENTINE","2","litres","812"
"RQ19050796","MUTTON CLOTH","2","kgs","813"
"RQ19050796","ROLLER BRUSHES","6","each","814"
"RQ19050796","50mm PAINT BRUSH","4","each","815"
"RQ19050796","100mm PAINT BRUSH","4","each","816"
"RQ19050796","25mm PAINT BRUSH","4","each","817"
"RQ19050796","SCRAPPERS","2","each","818"
"RQ19050791","7 TRAY TOOL BOX","1","each","819"
"RQ19050791","ALLEN KEYS SET","1","each","820"
"RQ19050791","DIGITAL MULTIMETER 20A","1","each","821"
"RQ19050791","TONG TESTER","1","each","822"
"RQ19050791","PHASE ROTATION METER","1","each","823"
"RQ19050791","SET COMBINATION SPANNERS (6-22)","1","each","824"
"RQ19050791","SET RATCHET SOCKET SPANNERS (6-22)","1","each","825"
"RQ19050791","175mm COMBINATION PLIERS","1","each","826"
"RQ19050791","175mm SIDE CUTTERS","1","each","827"
"RQ19050791","175mm LONG NOSE PLIERS","1","each","828"
"RQ19050791","SHIFTING SPANNER 200mm","1","each","829"
"RQ19050791","SHIFTING SPANNER 300mm","1","each","830"
"RQ19050791","INSULATED SCREW DRIVERS SET","1","each","831"
"RQ19050791","CABLE KNIFE","1","each","832"
"RQ19050749","GRINDER 1000W","1","each","833"
"RQ19050749","DRILL 850W WITH 13MM CHUCK AND KEY","1","each","834"
"RQ19050749","DRILL CHUCK AND KEY 16mm","1","each","835"
"RQ19050749","TIN SNIP","1","each","836"
"RQ19050749","WATER PUMP PLIERS 12inch","1","each","837"
"RQ19050749","OUTSIDE CIRCLIP","1","each","838"
"RQ19050749","INSIDE CIRCLIP","1","each","839"
"RQ19050749","CRIMPING PLIERS","1","each","840"
"RQ19050749","VICE GRIP","1","each","841"
"RQ19050827","First aid kits","1","each","842"
"RQ19050873","20L PVA IVORY","80","each","843"
"RQ19050873","20L PVA RED ROOF STOEP","40","each","844"
"RQ19050873","5L GLOSS WHITE","25","each","845"
"RQ19050873","5L GLOSS BLACK","15","each","846"
"RQ19050873","20L PVA GLOSS BLACK ROOF STOEP","15","each","847"
"RQ19050873","20L PVA WHITE","30","each","848"
"RQ19050873","20L CEILING","12","each","849"
"RQ19050873","20L UNDERCOAT","2","each","850"
"RQ19050873","5L SKY BLUE PVA","2","each","851"
"RQ19050873","5L BRICK FINISH","4","each","852"
"RQ19050877","10 LENGTHS ASBESTOS FASCIA BOARDS","1","each","853"
"RQ19050877","ROOF TILES ","120","each","854"
"RQ19050877","AIR VENTS","2","each","855"
"RQ19050877","4.2m*1m ZIMTEX CEILING BOARDS (6mm)","2","each","856"
"RQ19050877","25kg RHINOSET","2","each","857"
"RQ19050877","DOOR LOCKSET","40","each","858"
"RQ19050877","FITTED WARDROBE DOOR HANDLES","2","each","859"
"RQ19050877","2 LENGTHS COVER STRIP ","2","each","860"
"RQ19050877","2 LENGTHS CORNICE","2","each","861"
"RQ19050876","WINDOW PANE 230*285","2","each","862"
"RQ19050876","WINDOW PANE 215*275","3","each","863"
"RQ19050876","WINDOW PANE 435*275","13","each","864"
"RQ19050876","WINDOW PANE 250*285","2","each","865"
"RQ19050876","WINDOW PANE 275*435","4","each","866"
"RQ19050876","WINDOW PANE 455*290","2","each","867"
"RQ19050876","WINDOW PANE 465*285","4","each","868"
"RQ19050876","WINDOW PANE 435*255","1","each","869"
"RQ19050876","WINDOW PANE 435*285","2","each","870"
"RQ19050876","WINDOW PANE 440*275","12","each","871"
"RQ19050889","BALL FLOAT VALVE","2","each","872"
"RQ19050889","20*15mm GARDEN TAPES","21","each","873"
"RQ19050889","10*20mmGARDEN TAPES","22","each","874"
"RQ19050881","Tyres - 265/75R15","5","each","875"
"RQ19050849","POCKETS OF TILE ADHESIVE","8","each","876"
"RQ19050849","BOXES OF PORCELAIN TILES","90","each","877"
"RQ19050849","PORCELAIN TILE ADHESIVE","90","bags","878"
"RQ19050849","BOXES OF BATHROOM AND FLOOR TILES","8","each","879"
"RQ19050824","20 LTRS Interior Paint","23","each","880"
"RQ19050812","42.5 CEMENT","50","bags","881"
"RQ19050896","20L PVA IVORY DULUX/ASTRA","50","each","882"
"RQ19050896","20L PVA OFFWHITE DULUX/ASTRA ","50","each","883"
"RQ19050896","5L FLUSH HURRY","4","each","884"
"RQ19050896","20L RED ROOF STOEP","45","each","885"
"RQ19050896","12FT ASBESTOS SHEETS","5","each","886"
"RQ19050896","112 INCH GARDEN TAPE","12","each","887"
"RQ19050896","12 INCH GATE VALVES","10","each","888"
"RQ19050896","GULLEY TRAP","2","each","889"
"RQ19050896","3 LENGTHS WATER PIPES","3","each","890"
"RQ19050896","EXTERNAL DOORS (TOILETS)","10","each","891"
"RQ19050896","3 LENGTHS WASTE TAPES","3","each","892"
"RQ19050896","4 LENGTHS GALVANIZED PIPES ","4","each","893"
"RQ19050896","15mm GALVANIZED COUPLING","30","each","894"
"RQ19050896","15mm GALVANIZED NIPPLE","20","each","895"
"RQ19050896","15 GALVANIZED ELBOW","20","each","896"
"RQ19050896","GALVANIZED SHOWER CAPS","16","each","897"
"RQ19050896","ROLLS OF THREAD TAPES","10","each","898"
"RQ19050896","5L BLACK GLOSS","4","each","899"
"RQ19050911"," PVA WHITE PAINT ","60","litres","900"
"RQ19050911","GLOSS BLACK PAINT","40","litres","901"
"RQ19050911","ROLLER BRUSHES","3","each","902"
"RQ19050911","2.5 INCHES PAINT BRUSHES ","3","each","903"
"RQ19050911","THINNERS","5","litres","904"
"RQ1905109","High Pressure Spray Gun","2","each","905"
"RQ19051075","Impact Drill GSB 14.4V Bosch 316514077815","5","each","906"
"RQ19051079","1","8","each","907"
"RQ19051315","cleaning detergents","1","each","908"
"RQ19051357","20L PVA WHITE","15","each","909"
"RQ19051357","5L GLOSS BLACK","16","each","910"
"RQ19051357","PUTTY","20","kgs","911"
"RQ19051357","FULL SHEETS 3mm/4mm GLASS","2","each","912"
"RQ19051357","5L WHITE GLOSS","3","each","913"
"RQ19051357","BLUE TINTERS","20","each","914"
"RQ19051357","2KG MUTTON CLOTH","1","each","915"
"RQ19051357","5L THINNERS","5","each","916"
"RQ19051499","Handset","1","each","917"
"RQ19051444","SPRING CHARGING MOTOR","1","each","918"
"RQ19051450","SPRING CHARGING MOTOR","1","each","919"
"RQ19051474","3RD FLOOR MEASURING APPROX. 272m2","1","each","920"
"RQ19051474","2ND FLOOR MEASURING APPROX. 272m2","1","each","921"
"RQ19051474","1ST FLOOR MEASURING APPROX. 231m2","1","each","922"
"RQ19051474","GROUND FLOOR MEASURING APPROX. 141m2","1","each","923"
"RQ19051474","BASEMENT","1","each","924"
"RQ19051474","ESCAPE ROUTES 23 m2","1","each","925"
"RQ19051448","suspension kit ","1","each","926"
"RQ19051487","suspension kit ","1","each","927"
"RQ19051496","suspension kit ","1","each","928"
"RQ19051577","Purchase of 42.5 Cement for Construction of Water Feature at the Guest Houses ","80","bags","929"
"RQ19051594","20L RED ROOF STOEP","8","each","930"
"RQ19051594","5L GLOSS BLACK","6","each","931"
"RQ19051594","20L UNDERCOAT PVA/UNIVERSAL","4","each","932"
"RQ19051594","20L LILLY CREAM PVA","10","each","933"
"RQ19051594","5L BRICK DRESSING","4","each","934"
"RQ19051594","5L MUKWA VARNISH/CLEAR","3","each","935"
"RQ19051594","10 KG CRACK FILLER","1","each","936"
"RQ19051594","20L CEILING WHITE ","8","each","937"
"RQ19051594","20L INTERIOR PVA WHITE ","6","each","938"
"RQ19051594","5L GLOSS LILLY CREAM","16","each","939"
"RQ19051594","5L GLOSS BLUE WAVE","8","each","940"
"RQ19051594","3,6m OF 1200*9mm GYPSUM/CEILING BOARD","1","each","941"
"RQ19052011","Window Winder Mechanisms","2","each","942"
"RQ19052190","24mm combination spanner","3","each","943"
"RQ19052190","30mm combination spanner","3","each","944"
"RQ19052190","32mm combination spanner","3","each","945"
"RQ19052190","21 mm combination spanner","3","each","946"
"RQ19052190","19mm combination spanner","3","each","947"
"RQ19052190","14mm combination spanner","3","each","948"
"RQ19052190","22mm socket spanner","3","each","949"
"RQ19052190","17mm socket spanner","3","each","950"
"RQ19052190","13mm socket spanner","3","each","951"
"RQ19052190","300mm heavy duty hacksaw","3","each","952"
"RQ19052190","300mm shifting spanner","3","each","953"
"RQ19052190","24inch bolt cutter","3","each","954"
"RQ19052190","6piece screwdriver set","3","each","955"
"RQ19052190","Utility knife","3","each","956"
"RQ19052190","200mm pliers","3","each","957"
"RQ19052190","200mm side cutter","3","each","958"
"RQ19052190","9piece Allen key","3","each","959"
"RQ19052190","measuring wheels","3","each","960"
"RQ19052430","2xnew batteries for UD truck f/n er2109 M/Sabi size 652","2","each","961"
"RQ19052417","Grey gloss paint","200","litres","962"
"RQ19052421","Blue gloss paint","80","litres","963"
"RQ1905248","Silver gloss paint","150","litres","964"
"RQ19052484","Yellow gloss paint","100","litres","965"
"RQ1905249","Turpentine","80","litres","966"
"RQ19052495","Barbed wire","2","each","967"
"RQ19052493","Danger warning signs","1000","each","968"
"RQ19052479","Aluminium pole tags","3000","each","969"
"RQ1905271","4FT LED FLUORESCENT TUBES","88","each","970"
"RQ1905271","5FT LED FLUORESCENT TUBES","4","each","971"
"RQ1905271","DOUBLE SOCKET OUTLET","8","each","972"
"RQ1905271","SPHERICAL FITTING","9","each","973"
"RQ1905271","SELF TAPPING SCREWS","1","each","974"
"RQ1905271","1200*600 PANEL LIGHT","41","each","975"
"RQ1905271","LED CEILING LIGHTS","4","each","976"
"RQ1905271","FIBRE DROP LIGHTS","52","each","977"
"RQ1905271","FIBRE 6*6 COOKER","1","each","978"
"RQ1905271","WOODSCREW","3","each","979"
"RQ1905271","RED&BLACK CABLE 1.5MM","20","metres","980"
"RQ1905271","RED,BLACK EARTH CABLE 2.5MM","30","metres","981"
"RQ19052793","PLASTIC CHAIRS FOR RUSAPE CANTEEN","50","each","982"
"RQ19052857","Purchase of Corporate and National Flags for centres","20","each","983"
"RQ19052814","12 reams bond paper for Regional office","12","each","984"
"RQ19052876","BLAIR TOILET","6","each","985"
"RQ19052879","TANK STAND","2","each","986"
"RQ19052899","1 TONNE PICK UP TRUCK","2","each","987"
"RQ19052946","HEATER PLUGS(GLOW PLUGS)","8","each","988"
"RQ19053060","HP932XL BLACK INK CARTRIDGE","2","each","989"
"RQ19053060","HP933XL CYAN INK CARTRIDGE","2","each","990"
"RQ19053060","HP933XL MAGENTA INK CARTRIDGE","2","each","991"
"RQ19053060","HP933XL YELLOW INK CARTRIDGE","2","each","992"
"RQ19053052","J7 Cell Phones (Tool)","2","each","993"
"RQ19053066","toilet renovation","4","each","994"
"RQ19053067","office tiling","1","each","995"
"RQ19053067","depot painting","1","each","996"
"RQ19053067","fisca boards","1","each","997"
"RQ19053067","roof repairs","1","each","998"
"RQ19053067","depot pavement","1","each","999"
"RQ19053047","stores office shelving","1","each","1000"
"RQ19053181","Flyers ","10000","each","1001"
"RQ19053147","Brochuers","5000","each","1002"
"RQ19060377","new tyres 31x10.5R15 for Toyota Virgo er2208","5","each","1003"
"RQ1906036","Silver shine paint","500","litres","1004"
"RQ1906046","new batteries  size 652","2","each","1005"
"RQ19060421","new batteries  size 652","2","each","1006"
"RQ19060410","new batteries size 683","2","each","1007"
"RQ19060471","new batteries  size 652","2","each","1008"
"RQ19060498","new batteries  size 652","2","each","1009"
"RQ19060483","new battery size 650","1","each","1010"
"RQ19060459","new battery size 650","1","each","1011"
"RQ19060452","new battery size 650","1","each","1012"
"RQ19060480","new battery size 650","1","each","1013"
"RQ19060495","new battery size 650","1","each","1014"
"RQ19060469","new battery size 650","1","each","1015"
"RQ19060470","new battery size 650","1","each","1016"
"RQ19060486","new batteries  size 652","1","each","1017"
"RQ19060437","new battery size 631","1","each","1018"
"RQ19060423","new battery size 650","1","each","1019"
"RQ19060599","Samsung J7 phone","1","each","1020"
"RQ19060546","TWO ONE TONER TRUCKS","2","each","1021"
"RQ19060615","Installation Inspection Boooks (E117)","200","each","1022"
"RQ19060834","SUPPLY TWO NETBALLS AND THREE FOOTBALLS AND TWO PAIRS OF GOALKEEPER GLOVES","7","each","1023"
"RQ19061025","new tyres 31x10.5R15 for Toyota Virgo er2208","5","each","1024"
"RQ19061171","SERVICING AND REPLACEMENT","50","each","1025"
"RQ19061262","Paving Bricks-Quarry Dust-Gravel","1","each","1026"
"RQ1906123","Labour for Paving masvingo Show Stand","1","each","1027"
"RQ19061245","Fire Assembly signage","1","each","1028"
"RQ19061245","light box depot signage","1","each","1029"
"RQ19061245","Safety board","1","each","1030"
"RQ19061236","Fire extinguishers servicing and recharging","34","each","1031"
"RQ19061357","205/70R15 new tyres","5","each","1032"
"RQ19061354","new tyres 205/70R","5","each","1033"
"RQ19061318","new tyres 205/70R","5","each","1034"
"RQ1906139","new tyres 195R14","5","each","1035"
"RQ19061380","6 drawer desks","2","each","1036"
"RQ19061387","Swivel Chair","1","each","1037"
"RQ19061362","chainsaw worksuits","2","each","1038"
"RQ19061377","leather gloves","60","each","1039"
"RQ19061447","50 mm sca conductor","6","each","1040"
"RQ19061427","100 mm sca conductor","10","each","1041"
"RQ19061740","New tyres 285R16 for f/n er2624","6","each","1042"
"RQ19061769","New tyres 205/70R15 for er2095","5","each","1043"
"RQ19061722","new tyres 245 70R16 for er2183","5","each","1044"
"RQ19061726","Toner Cartridge","1","each","1045"
"RQ19061749","Lorry 10 tonne","1","each","1046"
"RQ19061838","New battery size 650","1","each","1047"
"RQ19061852","New battery size 650 for np300","1","each","1048"
"RQ19061866","new battery size 650 for np300 ","1","each","1049"
"RQ19061929","provide ten new fire extinguishers and service of 20 fire extinguishers at chipinge depot","1","each","1050"
"RQ19061982","265/65R17 Tyres F/No 2191","4","each","1051"
"RQ19062031","GIS Tool","5","each","1052"
"RQ19062073","Mesh wire (S193) 6 x 2.4m ","12","each","1053"
"RQ19062125","CIF books","100","each","1054"
"RQ19062117","E1 books","100","each","1055"
"RQ19062183","Executive Desk for Manicaland District Manager","1","each","1056"
"RQ19062166","E86","100","each","1057"
"RQ19062121","E60","100","each","1058"
"RQ19062143","E16","100","each","1059"
"RQ19062144","E22","100","each","1060"
"RQ19062159","FAULT REPORT","100","each","1061"
"RQ19062169","FAULT REPORT BOOKS","100","each","1062"
"RQ1906215","E117 BOOKS","100","each","1063"
"RQ19062188","New battery size 631 for er2180","1","each","1064"
"RQ19062131","screen doors","11","each","1065"
"RQ19062195","Siting,Drilling,Casing and Installation","60","metres","1066"
"RQ19062128","Siting Drilling ,Casing and Installation at Chipinge Depot","60","metres","1067"
"RQ19062170","TRANSPORT","6","each","1068"
"RQ19062124","Tools for Artisans as per attached","264","each","1069"
"RQ19062494","wooden poles","1000","each","1070"
"RQ19062715","9 kg dcp fire extinquishers","10","each","1071"
"RQ19062715","9 litre water fire extinguishers","8","each","1072"
"RQ19062715","carbon dioxide fire extinquishers","2","each","1073"
"RQ19062722","20 litre PVA Paint.","10","each","1074"
"RQ19062758","Boxes of porcelain tiles","50","each","1075"
"RQ1906274","2 low level cisterns labour and material","2","each","1076"
"RQ19062736","TONER CARTIDGE FOR MANICALAND DISTRICT ","10","each","1077"
"RQ19062859","BOND PAPER FOR MANICALAND DISTRICT (15 BOXES)","15","each","1078"
"RQ19062838","Supply a heavy duty hydraulic press for Mutare Garage","1","each","1079"
"RQ19062834","Supply a heavy duty air compressor for Mutare Garage","1","each","1080"
"RQ19062830","pneumatic grease gun","1","each","1081"
"RQ19062898","heavy duty socket box ( metric ) heavy duty socket box ( imperial )","1","each","1082"
"RQ19062846","heavy duty gearbox lifter","1","each","1083"
"RQ19062816","Engine Diagnostic machine ( universal)","1","each","1084"
"RQ19062856","6 x bench vices","6","each","1085"
"RQ19062870","heavy duty battery charger","1","each","1086"
"RQ19062872","Electronic tyre changer","1","each","1087"
"RQ19062839","engine steam cleaner","1","each","1088"
"RQ19062847","complete gas welding equipment with pipes, bottles of acetlyene and oxygen, gauges","1","each","1089"
"RQ19062864","hydrometer x 1 ","1","each","1090"
"RQ19062864","battery tester x 1","1","each","1091"
"RQ19062818","multi-meters","2","each","1092"
"RQ19062825","heavy duty battery jumpers","1","each","1093"
"RQ19062820","5Tonne bock and Tackle","2","each","1094"
"RQ19062889","Quater Power","1","each","1095"
"RQ19062819","Nissan Trucks Hub Spanners x 5 sets","5","each","1096"
"RQ1906287","injector sockets x 5 sets","5","each","1097"
"RQ19062813","heavy duty pray gun and airline 40m","1","each","1098"
"RQ19062869","4 x CM Pullers","4","each","1099"
"RQ19062822","Tapes and Die Sets","5","packets","1100"
"RQ19062891","Torxy Sockets, male and femalex4 sets","4","each","1101"
"RQ19062823","Spring Compressor x 3 sets","3","each","1102"
"RQ19062867","1 x heavy duty Torque Wrench ","1","each","1103"
"RQ19062867","1 x light duty Torque Wrench","1","each","1104"
"RQ19062824","Cooling System Tester","2","each","1105"
"RQ19062815","Easy Out sets","2","each","1106"
"RQ19062814","Sanding Machine","1","each","1107"
"RQ19070168","air filter ADG865","42","each","1108"
"RQ19070168","oil filter z95","42","each","1109"
"RQ19070168","diesel filter z245","42","each","1110"
"RQ19070168","diesel filter z219","42","each","1111"
"RQ19070168","brake pads set","42","each","1112"
"RQ19070168","upper ball joints","28","each","1113"
"RQ19070168","lower ball joints","28","each","1114"
"RQ19070168","inner tie rod ends","28","each","1115"
"RQ19070168","outer tie rod ends","28","each","1116"
"RQ19070188","diesel filter z541","36","each","1117"
"RQ19070188","oil filter z153","36","each","1118"
"RQ19070188","air filter","36","each","1119"
"RQ19070188","brake pads set","36","each","1120"
"RQ19070188","upper ball joints pair","24","each","1121"
"RQ19070188","lower ball joints pair","24","each","1122"
"RQ19070188","inner tie rd ends","24","each","1123"
"RQ19070188","outer tie rod ends","24","each","1124"
"RQ19070139","new batteries size 652","7","each","1125"
"RQ19070139","new batteries size 650","10","each","1126"
"RQ19070111","Concrete Pavers","1","each","1127"
"RQ19070129","Concrete Pavers","1","each","1128"
"RQ19070189","Supply and fix Interlocking Bricks along CABS Feeder on Meikles and Spar Sections","1","each","1129"
"RQ19070193","50KG CEMENT BAGS","100","each","1130"
"RQ19070162","12FT ASBESTOS ROOFING ","5","each","1131"
"RQ19070177","2 Ton Floor Trolly Jacks","4","each","1132"
"RQ1907012","Industrial creeper Beds","8","each","1133"
"RQ19070117","32.5 Cement","150","each","1134"
"RQ1907017","11 R 22,5 Tyres","7","each","1135"
"RQ19070293","intermediates","32","each","1136"
"RQ19070293","vertical strain","6","each","1137"
"RQ19070293","Swing angle","3","each","1138"
"RQ19070293","H pole Terminal","3","each","1139"
"RQ19070325","Purchase 2.5mm flex cable ","100","metres","1140"
"RQ19070357","Mesh wire (S193) 6 x 2.4m ","12","each","1141"
"RQ1907106","FIX&SUPPLY OF INTERLOCKING PAVERS","1","each","1142"
"RQ19071031","SUB STATION STONES","70","each","1143"
"RQ19071030","SUB STATION STONES","40","each","1144"
"RQ19071084","SUB STATION STONES","40","each","1145"
"RQ19071077","SUB STATION STONES","5","each","1146"
"RQ19071032","SUB STATION STONES","50","each","1147"
"RQ19071087","SUB STATION STONES","50","each","1148"
"RQ19071078","SUB STATION STONES","50","each","1149"
"RQ19071089","SUB STATION STONES","50","each","1150"
"RQ19071060","SUB STATION STONES","30","each","1151"
"RQ19071029","SUB STATION STONES","80","each","1152"
"RQ19071085","SUB STATION STONES","40","each","1153"
"RQ1907104","SUB STATION STONES","40","each","1154"
"RQ19071082","SUB STATION STONES","60","each","1155"
"RQ19071037","SUB STATION STONES","40","each","1156"
"RQ1907108","TRANSPORTATION OF TRANSFORMER","1","each","1157"
"RQ19071197","05A Toner Cartridge","5","each","1158"
"RQ19071121","05A Toner Cartridge","4","each","1159"
"RQ19071114","05A Toner Cartridge","1","each","1160"
"RQ1907117","05A Toner Cartridge","3","each","1161"
"RQ1907112","80A toner cartridge","1","each","1162"
"RQ19071125","80A toner cartridge","3","each","1163"
"RQ19071157","80A toner cartridge","3","each","1164"
"RQ19071132","920XL INK CARTRIDGE","1","each","1165"
"RQ1907118","131A TONER CARTRIDGE","1","each","1166"
"RQ19071140","tyres 205x70 R15","5","each","1167"
"RQ19071149","971XL INK CARTRIDGE","1","each","1168"
"RQ19071158","Reupholster np300 4x4 seat f/n er2165","1","each","1169"
"RQ19071117","Engine oil 500l GTX Castrol for Mutare Garage","500","litres","1170"
"RQ19071294","970XL BLACK CARTRIDGE","1","each","1171"
"RQ19071294","971XL CYAN CARTRIDGE","1","each","1172"
"RQ19071294","971XL MAGENTA CARTRIDGE","1","each","1173"
"RQ19071294","971XL YELLOW CARTRIDGE","1","each","1174"
"RQ19071243","05A CARTRIDGES","2","each","1175"
"RQ19071275","80A TONER CARTRIDGE","1","each","1176"
"RQ19071214","HP953XL BLACK INK CARTRIDGE","1","each","1177"
"RQ19071214","HP953XL CYAN INK CARTRIDGE","1","each","1178"
"RQ19071214","HP953XL MAGENTA INK CARTRIDGE","1","each","1179"
"RQ19071214","HP953XL YELLOW INK CARTRIDGE","1","each","1180"
"RQ19071280","HP953XL BLACK INK CARTRIDGE","1","each","1181"
"RQ19071259","HP920XL BLACK INK CARTRIDGE","1","each","1182"
"RQ19071259","HP920XL MAGENTA INK CARTRIDGE","1","each","1183"
"RQ19071259","HP920XL CYAN INK CARTRIDGE","1","each","1184"
"RQ19071259","HP920XL YELLOW INK CARTRIDGE","1","each","1185"
"RQ19071558","window glasses.","2","each","1186"
"RQ19071575","led flood lights","2","each","1187"
"RQ19071554","toner cartridge","2","each","1188"
"RQ19071596","FRONT SHOCKSX2","2","each","1189"
"RQ19071596","REAR SHOCKS X2 MIST. LANCER ER2084","2","each","1190"
"RQ19071544","FRONT SHOCKS ","2","each","1191"
"RQ19071544","REAR SHOCKS X2 MIST. LANCER ER2086","2","each","1192"
"RQ19071572","Office blinds.","1","each","1193"
"RQ19071666","Everwhere chairs.","20","each","1194"
"RQ19071799","Servicing of fire extinguishers for Masvingo District","1","each","1195"
"RQ19071955","1","1","each","1196"
"RQ19071963","cement","10","kgs","1197"
"RQ19072229","Purchase of pedal sanitary bins","5","each","1198"
"RQ19072267","Printing of Form E22 (Application for connection/Disconnection Bks)","100","each","1199"
"RQ19072281","Print of E1 Forms (Installation of Inspection Form)","100","each","1200"
"RQ19072219","Printing of From E117(Inspection Report form)","100","each","1201"
"RQ19072260","HP 80A Toner catridge","1","each","1202"
"RQ19072299","215/70R15 Tyres f/n 2142","5","each","1203"
"RQ19072374","215/70R15 Tyres f/n 2142","5","each","1204"
"RQ1907233","683 batteries F/n 2601","2","each","1205"
"RQ1907239","Cellphones","2","each","1206"
"RQ19072342","671 batteries F/n 1034","2","each","1207"
"RQ19072399","671 batteries","2","each","1208"
"RQ19072352","650 battery F/n 2071","1","each","1209"
"RQ19072398","622 battery F/n 2124","1","each","1210"
"RQ19072325","650 battery F/n 2157","1","each","1211"
"RQ19072377","650 battery f/n 2174","1","each","1212"
"RQ19072316","622 battery F/n 2104","1","each","1213"
"RQ19072333","622 battery F/n 2104","1","each","1214"
"RQ19072375","622 batteries","1","each","1215"
"RQ19072368","650 battery F/No 2032","1","each","1216"
"RQ19072387","622 batteries","1","each","1217"
"RQ19072329","650 battery F/n 2151","1","each","1218"
"RQ19072359","650 battery F/no 2169","1","each","1219"
"RQ19072367","650 battery F/n 2158","1","each","1220"
"RQ19072334","650 battery F/n 2010","1","each","1221"
"RQ1907234","650 battery F/No 2140","1","each","1222"
"RQ19072379","215/70R15 Tyres F/No2124","5","each","1223"
"RQ19072317","215/70R15 Tyres F/No 2133","5","each","1224"
"RQ19072331","215/70R15 Tyres F/No 2133","5","each","1225"
"RQ19072389","11R22.5 Tyres F/No 22194","7","each","1226"
"RQ19072460","Laptop","1","each","1227"
"RQ19072488","Creeper Beds","8","each","1228"
"RQ19072417","2 Ton Floor Trolley Jacks","4","each","1229"
"RQ19072494","Heater plugs f/no 2010 & 2032","8","each","1230"
"RQ19072443","suspension kit f/no 2133","1","each","1231"
"RQ19072492","suspension kit f/no 2140","1","each","1232"
"RQ19072432","suspension kit f/no 2142","1","each","1233"
"RQ19072535","15mm Hosepipe","60","metres","1234"
"RQ19072536","suspension kit f/no 2133","1","each","1235"
"RQ19072587","suspension kit f/no 2140","1","each","1236"
"RQ19072566","suspension kit f/no 2142","1","each","1237"
"RQ19072547","Engine Cleaner Heavey duty","40","litres","1238"
"RQ19072598","ATF Oil ","10","litres","1239"
"RQ19072564","Multipurpose Grease","15","kgs","1240"
"RQ19072586","Wheel Bearing Grease","15","kgs","1241"
"RQ19072546","Brake Fluid","15","litres","1242"
"RQ19072584","Gear Box Oil SAE 75 W 90","60","litres","1243"
"RQ19072530","Mutton Cloth 10 x 1 kg","10","each","1244"
"RQ19072568","COLOUR CODED TRASH BINS","6","each","1245"
"RQ19072520","DISTILLED WATER","20","each","1246"
"RQ1907265","Stand Designing","1","each","1247"
"RQ19072694","Golf Shirts","30","each","1248"
"RQ19072617","Stand Designing","1","each","1249"
"RQ19072660","Golf Shirts","30","each","1250"
"RQ19072612","Laptops","4","each","1251"
"RQ19072625","Laptop","1","each","1252"
"RQ19072919","TRANSPORTATION AND OFFLOADINGOF TRANSFORMER","1","each","1253"
"RQ19072956","Bond paper reams","50","each","1254"
"RQ19072918","renovation materials","1","each","1255"
"RQ19072955","renovation materials","1","each","1256"
"RQ19072957","renovation materials","1","each","1257"
"RQ19072972","renovation materials","1","each","1258"
"RQ1907299","renovation materials","1","each","1259"
"RQ19072996","renovation materials","1","each","1260"
"RQ19072949","renovation materials","1","each","1261"
"RQ19072945","renovation materials","1","each","1262"
"RQ19072964","renovation materials","1","each","1263"
"RQ19072941","renovation materials","1","each","1264"
"RQ19072912","renovation materials","1","each","1265"
"RQ19073072","soap","5000","each","1266"
"RQ19073072",,"0","each","1267"
"RQ19073072",,"0","each","1268"
"RQ19073032","soap","5000","each","1269"
"RQ19073038","soap","5000","each","1270"
"RQ19073067","CIF BOOK","100","each","1271"
"RQ19073042","E60 BOOKS ","100","each","1272"
"RQ19073077","E1 BOOKS","100","each","1273"
"RQ19073077",,"0","each","1274"
"RQ19073081","e86 books","100","each","1275"
"RQ19073081",,"0","each","1276"
"RQ19073048","FAULT REPORT BOOKS","100","each","1277"
"RQ19073020","FAULT REPORT BOOKS","100","each","1278"
"RQ19073043","E117 BOOKS FOR MANICALAND DISTRICT OFFICE","100","each","1279"
"RQ19073082","E22 BOOKS","100","each","1280"
"RQ19073014","E16 BOOKS","100","each","1281"
"RQ19073014",,"0","each","1282"
"RQ1907305","sprinkles","1","each","1283"
"RQ19073041","GARDEN SPRINKERS AND ACCESSORIES FOR CHIPINGE DEPOT","1","each","1284"
"RQ19073061","GARDEN SPRINKERS AND ACCESSORIES ","1","each","1285"
"RQ19073083","GARDEN SPRINKERS AND ACCESSORIES ","1","each","1286"
"RQ19073062","FIRST AID BOXES","30","each","1287"
"RQ19073062",,"0","each","1288"
"RQ19073033","BOND PAPER FOR MANICALAND DISTRICT (15 BOXES)","15","each","1289"
"RQ19073047","TONER CARTRIDGE","10","each","1290"
"RQ19073012","First Aid Kit Refilling","13","each","1291"
"RQ19073063","First Aid Kit Refilling","13","each","1292"
"RQ19073045","First Aid Kit Refilling","13","each","1293"
"RQ19073052","First Aid Kit Refilling","13","each","1294"
"RQ19073084","First Aid Kit Refilling","13","each","1295"
"RQ1907304","55A Toner Cartridge","1","each","1296"
"RQ1907302","55A Toner Cartridge","1","each","1297"
"RQ19073028","55A Toner Cartridge","1","each","1298"
"RQ1907309","55A Toner Cartridge","1","each","1299"
"RQ19073046","55A Toner Cartridge","1","each","1300"
"RQ19073198","55A Toner Cartridge","1","each","1301"
"RQ19073135","Fire Extinguishers Servicing-Masvingo District","1","each","1302"
"RQ19073136","2 x 2hp pumps for water features ","2","each","1303"
"RQ19080155","Boxes of Porcelain Tiles","20","each","1304"
"RQ1908011","screen doors","11","each","1305"
"RQ19080577","Fuel Tank","1","each","1306"
"RQ19080574","Cement","40","each","1307"
"RQ19080521","Fuel Tank","1","each","1308"
"RQ19080511","purchase of 2 lower ball joints for np300 er2129","2","each","1309"
"RQ1908068","Door Lock sets","40","each","1310"
"RQ19080755","Pole chain saw","3","each","1311"
"RQ19080739","Purchase of 6 X electric powered pole saws/pruner","6","each","1312"
"RQ19080751","Picture Frames","38","each","1313"
"RQ19080870","ANTISLIP SAFETY SHOES","14","each","1314"
"RQ19080840","ACID PROOF WORKSUITS","28","each","1315"
"RQ19081432","Bond paper reams","50","each","1316"
"RQ19081463","FLOOD LIGHT LED 100W","2","each","1317"
"RQ19081553","5*05A and 5*80A","10","each","1318"
"RQ19081571","FLOOD LIGHTS","16","each","1319"
"RQ19081651","Labour for painting staff houses","1","each","1320"
"RQ19081974","100W LED FLOOD LIGHTS","2","each","1321"
"RQ1908206","Printing of 100bks (E84) 11 Kv line inspection report","100","each","1322"
"RQ19082194","05A TONER CARTRIDGE","2","each","1323"
"RQ19082376","Blair toilet ","1","each","1324"
"RQ19082341","Blair toilet ","1","each","1325"
"RQ19082311","Blair toilet ","1","each","1326"
"RQ19082398","2000 ltre water tanks for Nyanga csc","2","each","1327"
"RQ19082688","Cement Bricks","3000","each","1328"
"RQ19082655","Concrete Pavers 290m2","290","each","1329"
"RQ19082611","H pole Strain","14","each","1330"
"RQ19082611","Vertical Strain","7","each","1331"
"RQ19082611","Swing Angles","3","each","1332"
"RQ19082611","Single Pole strains","4","each","1333"
"RQ19082712","I.T WORK STATION DESKS","2","each","1334"
"RQ19082781","H pole strains","8","each","1335"
"RQ19082781","Vertical strains","6","each","1336"
"RQ19082781","Swing angles","4","each","1337"
"RQ19082788","H pole strains","32","each","1338"
"RQ19082788","Vertical strains","10","each","1339"
"RQ19082788","Swing angles","10","each","1340"
"RQ19082788","single pole strains","6","each","1341"
"RQ19082788","H pole suspensions","10","each","1342"
"RQ19082788","Member structures","5","each","1343"
"RQ19082769","H pole strains","28","each","1344"
"RQ19082769","Vertical strains","33","each","1345"
"RQ19082769","Swing angles","39","each","1346"
"RQ19082769","Single pole strains","17","each","1347"
"RQ19082769","Intermediate t- offs","14","each","1348"
"RQ1908275","H pole strains","18","each","1349"
"RQ1908275","Vertical strains","18","each","1350"
"RQ1908275","Swing angles","15","each","1351"
"RQ19082892","Fire Extinguishers Servicing-Masvingo District","158","each","1352"
"RQ19082885","Fire Extinguishers Servicing-Masvingo District","158","each","1353"
"RQ19082827","Fire Extinguishers Servicing-Masvingo District","158","each","1354"
"RQ19082810","Fire Extinguishers Servicing-Masvingo District","158","each","1355"
"RQ19082823","Fire Extinguishers Servicing-Masvingo District","158","each","1356"
"RQ19082882","H Pole strains","8","each","1357"
"RQ19082882","Vertical strains","6","each","1358"
"RQ19082882","Swing angles","3","each","1359"
"RQ19082864","H Pole strains","27","each","1360"
"RQ19082864","Vertical Strains","27","each","1361"
"RQ19082864","Swing angles","15","each","1362"
"RQ19082871","H pole strains","18","each","1363"
"RQ19082871","Vertical strains","18","each","1364"
"RQ19082871","Swing angles","15","each","1365"
"RQ19082861","H pol strains","44","each","1366"
"RQ19082861","Vertical Strains","29","each","1367"
"RQ19082861","Swing angles","28","each","1368"
"RQ19082861","Single Pole strains","25","each","1369"
"RQ19082861","Intermediate t-off","21","each","1370"
"RQ19082822","H pole strains","44","each","1371"
"RQ19082822","Vertical strains","29","each","1372"
"RQ19082822","Swing angles","28","each","1373"
"RQ19082822","Single Pole strains","25","each","1374"
"RQ19082822","Intermediate t-off","21","each","1375"
"RQ19082851","H Pole strains","5","each","1376"
"RQ19082851","Vertical strains","3","each","1377"
"RQ19082851","Swing angles","3","each","1378"
"RQ1908282","H Pole strains","5","each","1379"
"RQ1908282","Vertical strains","3","each","1380"
"RQ1908282","Swing angles","3","each","1381"
"RQ19082824","H Pole strains","43","each","1382"
"RQ19082824","Vertical strains","38","each","1383"
"RQ19082824","Swing angles","32","each","1384"
"RQ19082881","WATER TANKS","10","each","1385"
"RQ19082889","H Pole strains","43","each","1386"
"RQ19082889","Vertical strains","38","each","1387"
"RQ19082889","Swing angles","32","each","1388"
"RQ19082845","H Pole strains","8","each","1389"
"RQ19082845","Vertical Strains","10","each","1390"
"RQ19082845","Swing angles","5","each","1391"
"RQ19082845","H pole suspension","1","each","1392"
"RQ19082860","H pole strains","8","each","1393"
"RQ19082860","Vertical strain","10","each","1394"
"RQ19082860","Swing angles","5","each","1395"
"RQ19082860","H pole suspension","1","each","1396"
"RQ19082897","H Pole strain","8","each","1397"
"RQ19082897","Intermediate T-off","4","each","1398"
"RQ19082897","Swing angles","10","each","1399"
"RQ19082897","Vertical strain","2","each","1400"
"RQ19082897","Single pole strains","6","each","1401"
"RQ19082875","H pole strains","10","each","1402"
"RQ19082875","Vertical strains","3","each","1403"
"RQ19082875","Swing angles","4","each","1404"
"RQ19082875","Single Pole strains","6","each","1405"
"RQ19082875","Intermediate t-off","2","each","1406"
"RQ19082834","H pole strains","36","each","1407"
"RQ19082834","Vertical strains","29","each","1408"
"RQ19082834","Swing angles","24","each","1409"
"RQ19082834","Single Pole strains","21","each","1410"
"RQ19082834","Intermediate t-off","19","each","1411"
"RQ19082849","H pole strains","36","each","1412"
"RQ19082849","Vertical strains","29","each","1413"
"RQ19082849","Swing angles","24","each","1414"
"RQ19082849","Single Pole strains","21","each","1415"
"RQ19082849","Intermediate t-off","19","each","1416"
"RQ19082821","H Pole strains","36","each","1417"
"RQ19082821","Vertical strains","29","each","1418"
"RQ19082821","Swing angles","24","each","1419"
"RQ19082821","Single Pole strains","21","each","1420"
"RQ19082821","Intermediate t-off","19","each","1421"
"RQ19082940","H pole strains","36","each","1422"
"RQ19082940","Vertical strains","29","each","1423"
"RQ19082940","Swing angles","24","each","1424"
"RQ19082940","Single Pole strains","21","each","1425"
"RQ19082940","Intermediate t-off","19","each","1426"
"RQ1908292","H poles strains","36","each","1427"
"RQ1908292","Vertical strains","29","each","1428"
"RQ1908292","Swing angles","24","each","1429"
"RQ1908292","Single pole strains","21","each","1430"
"RQ1908292","Intermediate t-off","19","each","1431"
"RQ19082925","H pole strains","36","each","1432"
"RQ19082925","Vertical strains","29","each","1433"
"RQ19082925","Swing angles","24","each","1434"
"RQ19082925","Single Pole strains","21","each","1435"
"RQ19082925","Intermediate t-off","19","each","1436"
"RQ19082983","Whiteboard","1","each","1437"
"RQ1908296","Whiteboard","1","each","1438"
"RQ19082927"," 9KG CO2 FIRE EXTINGUISHERS","5","each","1439"
"RQ19082927","4.5KG CO2 FIRE EXTINGUISHERS","5","each","1440"
"RQ19082927","SERVICE OF EXISTING FIRE EXTINGUISHERS","20","each","1441"
"RQ19090549","Stand Designing","1","each","1442"
"RQ19090559","Stand Designing","1","each","1443"
"RQ19090580","Stand Designing","1","each","1444"
"RQ19090680","purchase of Samsung J7 for Garage Foreman-Mutare Garage","1","each","1445"
"RQ19090957","toner cartridge","2","each","1446"
"RQ19090957",,"0","each","1447"
"RQ19090987","toner cartridge for revenue assurance 55a","1","each","1448"
"RQ19090944","bond paper for D/O","30","each","1449"
"RQ19091074","first aid kits for mutare district","28","each","1450"
"RQ19091096","MICROWAVE","1","each","1451"
"RQ1909103","Florescent Tubes","30","each","1452"
"RQ19091181","Purchase of Cement(32.5 R) for moulding bricks and building Chimanimani Durawa","620","bags","1453"
"RQ19091232","SAMSUNG J7","1","each","1454"
"RQ19091220","70mm x 4 core ","300","metres","1455"
"RQ1909128","70mm x 4 core ","300","metres","1456"
"RQ19091268","70mm x 4 core ","300","metres","1457"
"RQ19091236","10183066","6000","metres","1458"
"RQ19091252","70mm x 4 core ","300","metres","1459"
"RQ19091359","soccer kit and socks","10","each","1460"
"RQ19091340","STAFF ID'S","400","each","1461"
"RQ19091339","Quarry for Masvingo Show stand","2","each","1462"
"RQ19091311","Quarry for Masvingo Show stand","2","each","1463"
"RQ19091696","CLEANING CONTRACT","1","each","1464"
"RQ19091791","80A toner cartridge","1","each","1465"
"RQ19091737","80A toner cartridge","1","each","1466"
"RQ1909178","80A toner cartridge","1","each","1467"
"RQ19091751","ProX476dw toner cartridge","1","each","1468"
"RQ19091799","Facebricks","15000","each","1469"
"RQ19091836","971XL CYAN CARTRIDGE","1","each","1470"
"RQ19091836","971XL YELLOW CARTRIDGE","1","each","1471"
"RQ19091836","971XL MAGENTA CARTRIDGE","1","each","1472"
"RQ19091836","970XL BLACK CARTRIDGE","2","each","1473"
"RQ19091976","Heavy duty 500 color","1","each","1474"
"RQ19091924","Pressure Plate","1","each","1475"
"RQ19091924","Clutch Plate","1","each","1476"
"RQ19091924","Thrust Bearing","1","each","1477"
"RQ19092082","New battery size 669 for L/Cruiser truck f/n ER2210","1","each","1478"
"RQ19092425","05A toner","1","each","1479"
"RQ19092448","05A toner","1","each","1480"
"RQ19092544","7-10 TONE TRUCK","1","each","1481"
"RQ19092532","HP950XL BLACK CARTRIDGE","1","each","1482"
"RQ19092532","HP950XL CYAN CARTRIDGE","1","each","1483"
"RQ19092532","HP950XL YELLOW CARTRIDGE","1","each","1484"
"RQ19092532","HP950XL MAGENTA CARTRIDGE","1","each","1485"
"RQ19092546","HP932XL BLACK INK CARTRIDGE","1","each","1486"
"RQ19092546","HP933XL CYAN INK CARTRIDGE","1","each","1487"
"RQ19092546","HP933XL MAGENTA INK CARTRIDGE","1","each","1488"
"RQ19092546","HP933XL YELLOW INK CARTRIDGE","1","each","1489"
"RQ1909258","LEVER ARCH FILES","200","each","1490"
"RQ1909258","BONDPAPER","30","each","1491"
"RQ1909258","FLAT FILES","200","each","1492"
"RQ19092536","971XL INK CARTRIDGE","1","each","1493"
"RQ1909261","Typek bond paper","10","cartons","1494"
"RQ19092741","BATTERY ROOM SIGNAGE","18","each","1495"
"RQ19092718","REVERSE PARKING SIGNAGE","20","each","1496"
"RQ19092730","WASTE SEGREGATION SIGNAGE","18","each","1497"
"RQ19092732","THINK SAFETY SIGNAGE","18","each","1498"
"RQ19092774","05A toner","1","each","1499"
"RQ19092786","Purchase of new tyres  215R15 for np300 f/n er2143 -Environs","5","each","1500"
"RQ19092761","New tyres 215R15 for np300 f/n er2148 Environs","5","each","1501"
"RQ19092745","New tyres 215R15 for np300 for f/n er2132 Urban ","5","each","1502"
"RQ19092742","new tyres for np300 f/n er2131 215R15","5","each","1503"
"RQ19092768","New tyres for np300 f/n er2131 215R15 for Environs","5","each","1504"
"RQ19092738","New  tyres for np300 215R15 for f/n er2204-M/Sabi","5","each","1505"
"RQ19092794","new tyres for np300 f/n er2145 size 215R15 for Reg Office","5","each","1506"
"RQ19092760","new tyres 245/70R16 for np300 4x4 er2152","5","each","1507"
"RQ19092769","new tyres 245/70R16 for np300 4x4 er2152","5","each","1508"
"RQ19092784","new tyres for np300 4x4  245/70R16 f/n er2149 Nyanga","5","each","1509"
"RQ19092795","New tyres size 245/70R16 for np300 4x4 f/n er2183","5","each","1510"
"RQ19093027","purchase of engine oil for servicing f/n er2147  5Litres","1","each","1511"
"RQ19093080","05A toner","1","each","1512"
"RQ19093044","Borehole siting,drilling,casing and installation ","40","metres","1513"
"RQ19093097","Siting,Drilling,Casing and Installation","40","metres","1514"
"RQ19100256","vehicle hire","3","each","1515"
"RQ1910028","Truck hire","1","each","1516"
"RQ19100282","Truck hire","1","each","1517"
"RQ19100211","Truck hire","1","each","1518"
"RQ19100257","1.5mtrs*2.5mm perimeter fencing","1200","metres","1519"
"RQ19100252","1.5mtrs*2.5mm perimeter fencing","430","metres","1520"
"RQ19100299","Truck hire","1","each","1521"
"RQ19100240","Sliding gates","2","each","1522"
"RQ19100275","Truck hire","1","each","1523"
"RQ19100280","Truck hire","1","each","1524"
"RQ19100259","Truck hire","1","each","1525"
"RQ19100323","Truck hire 4*4 truck","90","each","1526"
"RQ19100394","Truck hire 4*4 truck","90","each","1527"
"RQ19100392","Truck hire 2*4 truck","90","each","1528"
"RQ19100399","2 tonne truck hire ","90","each","1529"
"RQ19100845","LAUNDRY SOAP","80","each","1530"
"RQ19100889","LAUNDRY SOAP","100","each","1531"
"RQ19100891","LAUNDRY SOAP","60","each","1532"
"RQ19100890","LAUNDRY SOAP","30","each","1533"
"RQ19100895","LAUNDRY SOAP","30","each","1534"
"RQ1910085","1 TONNE VEHICLE PREF 4 WHEEL DRIVE","1","each","1535"
"RQ19100811","1 TONNE VEHICLE PREF 4 WHEEL DRIVE","1","each","1536"
"RQ19100982","Tongogara","1","each","1537"
"RQ19100982","Chibuwe","1","each","1538"
"RQ19100982","Mtema","1","each","1539"
"RQ19100982","Nyanyadzi","1","each","1540"
"RQ19100982","Maunganidze","1","each","1541"
"RQ19100982","Birchnough bridge","1","each","1542"
"RQ19100971","7 tone truck owner driven","1","each","1543"
"RQ19100951","7 tone truck owner driven","1","each","1544"
"RQ19100945","Pole chain saw","6","each","1545"
"RQ19100976","Standard Electrician tool box","2","each","1546"
"RQ19100912","15mm GARDEN TAPE","20","each","1547"
"RQ19100912","15mm GATE VALVE","15","each","1548"
"RQ19100912","GULLEY TRAPS","2","each","1549"
"RQ19100912","20mm LENGTHS WATER PIPES pvc ","3","each","1550"
"RQ19100912","EXTERNAL DOORS (toilets)","10","each","1551"
"RQ19100912","3 LENGTHS WASTE PIPES ","3","each","1552"
"RQ19100912","15mm LENGTHS GALVANIZED PIPES ","4","each","1553"
"RQ19100912","15mm GALVANIZED COUPLING","30","each","1554"
"RQ19100912","15mm GALVANIZED NIPPLE","20","each","1555"
"RQ19100912","15 GALVANIZED ELBOW","20","each","1556"
"RQ19100912","GALVANIZED SHOWER CAPS","16","each","1557"
"RQ19100912","ROLLS THREAD TAPES","10","each","1558"
"RQ19100912","5L BLACK GLOSS","4","each","1559"
"RQ19100912","C-PACK FLUSHING SYSTEM","15","each","1560"
"RQ19100912","15mm FLEX CONNECTOR","20","each","1561"
"RQ19100912","5L SKY BLUE GLOSS","14","each","1562"
"RQ19100912","5L PINKWOOD PRIMER","8","each","1563"
"RQ19100912","5L GLOSS WHITE","8","each","1564"
"RQ19100912","15mm STOP CORK","15","each","1565"
"RQ19101087","HP 971 magenta  ink cartridge","1","each","1566"
"RQ19101097","50 pack tissues","75","packets","1567"
"RQ1910106","Combination Spanner 30mm","10","each","1568"
"RQ19101044","Combination Spanner 24mm","10","each","1569"
"RQ19101031","Adjustible Wrench 300mm","10","each","1570"
"RQ19101010","Fencing Pliers 300mm","5","each","1571"
"RQ19101050","Steelson wrench 300mm","2","each","1572"
"RQ19101039","Bolt cutter 900mm","2","each","1573"
"RQ19101115","BONDPAPER","30","each","1574"
"RQ19101115","CLARO TECHNIC BLUE PENS","150","each","1575"
"RQ19101115","CLARO TECHNIC BLACK PENS","100","each","1576"
"RQ19101115","CLARO TECHNIC RED PENS","100","each","1577"
"RQ19101115","A4 KHAKI SELF ADHESIVE ENVELOPES","500","each","1578"
"RQ19101115","A5 KHAKI SELF ADHESIVE ENVELOPES","250","each","1579"
"RQ19101115","A3 KHAKI SELF ADHESIVE ENVELOPES","100","each","1580"
"RQ19101115","A4 COUNTER BOOK (WHITE SHEETS)","30","each","1581"
"RQ19101157","Switch Numbers","500","each","1582"
"RQ19101178","Steel Doors","20","each","1583"
"RQ19101139","Steel Doors","20","each","1584"
"RQ19101190","Steel Doors","20","each","1585"
"RQ19101124","Steel Doors","20","each","1586"
"RQ19101138","Steel Doors","20","each","1587"
"RQ19101159","Steel Doors","20","each","1588"
"RQ19101192","Steel Doors","20","each","1589"
"RQ19101155","Steel Doors","20","each","1590"
"RQ19101158","Steel Doors","20","each","1591"
"RQ19101173","Steel Doors","20","each","1592"
"RQ19101165","Lap Top Screen for Tambawoga W-Rutenga CSC","1","each","1593"
"RQ19101412","Microwave","1","each","1594"
"RQ19101495","Microwave","1","each","1595"
"RQ19101438","Microwave","1","each","1596"
"RQ19101499","Microwave","1","each","1597"
"RQ19101454","4 plate stove","1","each","1598"
"RQ19101457","4 plate stove","1","each","1599"
"RQ19101482","20 litre Water Urn","1","each","1600"
"RQ19101418","20 litre Water Urn","1","each","1601"
"RQ19101471","20 litre Water Urn","1","each","1602"
"RQ19101589","Cell Phone for Commercial Officer-Kumunda Charles","1","each","1603"
"RQ19101523","BOARDROOM CHAIRS","20","each","1604"
"RQ19101560","SWIVEL CHAIRS","28","each","1605"
"RQ1910163","Repair canopies ","5","each","1606"
"RQ19101691","4 plate stove","1","each","1607"
"RQ19101663","19mm Substation stone for Masvingo District","1235","each","1608"
"RQ19101668","4ft LED FLUORESCENT TUBES","50","each","1609"
"RQ19101799","Cell Phone for Systems Support Officer (Samsung Galaxy A10)","1","each","1610"
"RQ19101865","Purchase of wheel bearing grease for use at Mutare Garage Vehicle Workshop","30","kgs","1611"
"RQ19101878","Purchase of Degreaser for use at Mutare Garage Vehicle Worksop","40","litres","1612"
"RQ19101877","Mutton cloth rolls for use by Artisan Mechanics at Mutare Garage","22","kgs","1613"
"RQ1910186","Purchase of 5w40 Synthetic oil for use on Isuzu KB 240 6th generation","60","litres","1614"
"RQ19101820","spark plugs","10","packets","1615"
"RQ19101820","fuel filters","10","each","1616"
"RQ19101880","Tappet Cover gasket for Isuzu KB240 6th generation","10","each","1617"
"RQ19101880","air filter for Isuzu KB240 6th generation","10","each","1618"
"RQ19101875","spark plugs for Mazda BT50/B1800 trucks","2","packets","1619"
"RQ19101849","oil filters z153","11","each","1620"
"RQ19101849","diesel filter z541","11","each","1621"
"RQ19101849","air filter np300 4x4","11","each","1622"
"RQ19101849","lower ball joints","15","packets","1623"
"RQ19101849","upper ball joints","15","packets","1624"
"RQ19101874","oil filter z296","3","each","1625"
"RQ19101874","diesel filter z94","3","each","1626"
"RQ19101874","diesel filter G989","3","each","1627"
"RQ19101874","air filter ADG 990R","3","each","1628"
"RQ19101874","air filter ADG 991R","3","each","1629"
"RQ19101883","oil filter z296","2","each","1630"
"RQ19101883","diesel filter z94","2","each","1631"
"RQ19101883","air filter ADR 955","2","each","1632"
"RQ19101883","air filter inner ADR 956","2","each","1633"
"RQ1910184","Contravision - Color Blue","1","each","1634"
"RQ19101897","Contravision - Color Blue","1","each","1635"
"RQ19101835","Till rolls","50","each","1636"
"RQ19102158","Double Bed","1","each","1637"
"RQ19102193","Engine oil ","300","litres","1638"
"RQ19102165","mutton cloth","10","kgs","1639"
"RQ19102173","multipurpose grease","15","kgs","1640"
"RQ1910211","wheel bearing grease","15","kgs","1641"
"RQ19102178","ATF oil","20","litres","1642"
"RQ19102166","Gear Box oil","40","litres","1643"
"RQ1910216","engine Cleaner","40","litres","1644"
"RQ19102111","brake fluid","15","litres","1645"
"RQ19102199","wipers 16""inch","10","each","1646"
"RQ19102151","wipers 18""inch","10","each","1647"
"RQ19102133","wipers 22""inch","5","each","1648"
"RQ19102143","Hand Cleaner","10","litres","1649"
"RQ19102121","Z153 Oil filter","10","each","1650"
"RQ1910219","Z91c Oil Filters","5","each","1651"
"RQ19102116","service F/No 2158","1","each","1652"
"RQ19102196","Z156 Oil Filter","5","each","1653"
"RQ19102122","Z248 Oil Filters","5","each","1654"
"RQ19102163","Z296 oil filters","4","each","1655"
"RQ19102197","Energy saver bulbs","10","each","1656"
"RQ19102159","Spark Plugs BKR6EK","20","each","1657"
"RQ19102128","Spark Plugs BKR6EY","20","each","1658"
"RQ19102189","L200, Mitsubish , Heater Plugs","16","each","1659"
"RQ19102147","Z425 fuel filters","10","each","1660"
"RQ19102142","Z219 Fuel filters","5","each","1661"
"RQ19102134","Z 220 fuel filters","5","each","1662"
"RQ19102172","Z 188 Fuel Filters ","5","each","1663"
"RQ19102192","E67 fuel filters","5","each","1664"
"RQ19102188","E79 Fuel filters","5","each","1665"
"RQ19102145","Z94 Fuel filters ","4","each","1666"
"RQ19102181","G989 Fuel Filters","4","each","1667"
"RQ19102179","air Filters G865","10","each","1668"
"RQ19102112","Air Filter ADG990","4","each","1669"
"RQ19102186","Air Filter ADG991R","4","each","1670"
"RQ19102131","Air Filter ADG991R","4","each","1671"
"RQ19102160","Air Filters ADG956","4","each","1672"
"RQ19102295","Z180 Fuel filters ","5","each","1673"
"RQ19102216","Air Filters ADG955","4","each","1674"
"RQ19102228","Spark Plugs BP6ES","20","each","1675"
"RQ19102269","650 Battery","1","each","1676"
"RQ19102252","650 Battery","1","each","1677"
"RQ19102270","FLOODLIGHT FITTING E40 500W","14","each","1678"
"RQ19102236","BLENDED BULBS E40 500W MERCURY FOR S/S LIGHTING","22","each","1679"
"RQ19102280","215R15 new tyres for er2145 np300","2","each","1680"
"RQ19102233","4 Plate Stove","1","each","1681"
"RQ19102281","Bar Fridge","1","each","1682"
"RQ19102217","Corsages","187","each","1683"
"RQ19102344","80A Toner Cartridge","1","each","1684"
"RQ19102362","new tyres size 245/70R15 for f/n er2095 for Nyanga","5","each","1685"
"RQ1910231","new tyres for er2123 size 205/70/R15","5","each","1686"
"RQ19102374","long sleeve leather gloves","100","each","1687"
"RQ1910238","Uninterrupted Power Supply Unit (UPS)","2","each","1688"
"RQ19102330","cement 32.5","100","each","1689"
"RQ19102380","common bricks","3000","each","1690"
"RQ19102324","round steel","18","each","1691"
"RQ19102376","concrete roof tiles and ridges","840","each","1692"
"RQ19102313","diesel air filter z425","15","each","1693"
"RQ19102313","diesel filter z219","15","each","1694"
"RQ19102313","oil filter z95","15","each","1695"
"RQ19102313",,"0","each","1696"
"RQ19102346","Air filter for np300 2 wheel drive ADG 8652793","15","each","1697"
"RQ19102365","front shocks np300 2 wheel drive","15","each","1698"
"RQ19102365","rear shocks np300 2 wheel drive","15","each","1699"
"RQ19102365","lower ball joints np300 2 wheel drive","15","each","1700"
"RQ19102365","upper ball joints np300 2 wheel drive","15","each","1701"
"RQ19102365","fan belts","15","each","1702"
"RQ19102835","New Canopy","1","each","1703"
"RQ19102813","New Canopy","1","each","1704"
"RQ19102827","New Canopy","1","each","1705"
"RQ19102845","New Canopy","1","each","1706"
"RQ19102891","New Canopy","1","each","1707"
"RQ19102839","New Canopy","1","each","1708"
"RQ1910288","New Canopy","1","each","1709"
"RQ19102879","New Canopy","1","each","1710"
"RQ19102826","New Canopy","1","each","1711"
"RQ19102861","New Canopy","1","each","1712"
"RQ19102894","Wage envelopes for packaging of payslips ","1000","each","1713"
"RQ19102949","7 tone truck owner driven","1","each","1714"
"RQ19102952","7 tone crane owner driven","1","each","1715"
"RQ19103013","9M WOOD POLE DIA 140-180MM","250","each","1716"
"RQ19103019","50mm SCA","6000","metres","1717"
"RQ19103047","11M WOOD POLE DIA 140-180MM","350","each","1718"
"RQ19103051","7/12 Stay wire","1000","metres","1719"
"RQ19103057","7/8 Stay wire","1000","metres","1720"
"RQ19103092","12.6M WOOD POLE DIA 140-180MM","150","each","1721"
"RQ19103046","33kv pin Insulators & Insulator pins","180","each","1722"
"RQ19103026","Fibre Bracing straps","300","each","1723"
"RQ19103065","33 Kv Wood crossarms","150","each","1724"
"RQ19103096","11kv Wood crossarms","120","each","1725"
"RQ19103058","Galvanised bracing straps","240","each","1726"
"RQ19103016","11kv Pin Insulators complete with Insulator pins","90","each","1727"
"RQ19103036","Disc Insulators ","200","each","1728"
"RQ19103028","11kv Wood poles","100","each","1729"
"RQ19103023","12.6metre wood poles","180","each","1730"
"RQ19103054","1 tone truck owner driven","2","each","1731"
"RQ19103060","9 M wood ploes","250","each","1732"
"RQ19103060","11 M wood poles","350","each","1733"
"RQ19103060","12.6 M wood poles","150","each","1734"
"RQ19103085","purchase of new tyres 245/75R16 for Toyota Land Cruiser f/n er2076","5","each","1735"
"RQ19103138","Roller Brushes","2","each","1736"
"RQ19103138","Paint Scrappers ","2","each","1737"
"RQ19103138","Small Hand Brush ","2","each","1738"
"RQ19103138","Wire Brush","1","each","1739"
"RQ19103138","5L Thinners ","2","each","1740"
"RQ19103138","2kg Matton Cloth roll","1","each","1741"
"RQ19110467","bedroom suites","1","each","1742"
"RQ1911047","dining room suite","1","each","1743"
"RQ19110487","dining room suite","1","each","1744"
"RQ19110461","king size bed","1","each","1745"
"RQ19110415","timber 114*38*15lenght 1kg, 3inch wire nail 1kg 4inch wire nails Undercoat 2 litres gloss white 2liters turps750 mils 1 box self tapping screws 0.5*32mm","1","each","1746"
"RQ19110483","40*6INCH MATTRESSES FOR RUSAPE CAMPING EMPLOYEES","1","each","1747"
"RQ19110585","175/70R13 tyres","5","each","1748"
"RQ19110596","Till Rolls","150","each","1749"
"RQ19110531","Till Rolls","150","each","1750"
"RQ19110564","80A toner cartridge","1","each","1751"
"RQ19110583","8.5 Litre ","4","each","1752"
"RQ19110569","8.5 Litre ","4","each","1753"
"RQ19110593","Roller brushes for water paint","3","each","1754"
"RQ19110593","Roller brushes for oil Paint","2","each","1755"
"RQ19110593","Roller brushes - 1 inch","2","each","1756"
"RQ19110593","roller brushes - 1 and half inch","3","each","1757"
"RQ19110593","roller brushes - 3 inch","2","each","1758"
"RQ19110593","Paint spray  small","1","each","1759"
"RQ19110593","Mutton Cloth","2","kgs","1760"
"RQ19110593","Putty Knife","1","each","1761"
"RQ19110593","Emery cloth - 220","3","each","1762"
"RQ19110593","Emery cloth -180","3","each","1763"
"RQ19110593","Emery cloth-120","3","each","1764"
"RQ19110593","Crack filler","4","kgs","1765"
"RQ19110593","Mineral turpentine","20","litres","1766"
"RQ19110593","Universal Tinter Archer/Yellow 50 ml","224","each","1767"
"RQ19110695","05A Toner Cartridge","1","each","1768"
"RQ19110619","05A Toner Cartridge","1","each","1769"
"RQ19110618","High Voltage Pulse Generator (Thumper) Including a Route Locator.","1","each","1770"
"RQ19110780","Standard door for mutare urban rest room","1","each","1771"
"RQ19110759","4.5 inch door frame for Mutare Urban Ladies rest room","1","each","1772"
"RQ19110720","BUILDING MATERIAL","8000","each","1773"
"RQ19110783","renovation materials","40","each","1774"
"RQ19111132","Winter Jerseys","32","each","1775"
"RQ19111124","Fan heaters","5","each","1776"
"RQ19111479","HEAVY DUTY BATTERIES","2","each","1777"
"RQ19111589","BATTERY size 650","1","each","1778"
"RQ19111546","HP 80A Toner catridge","1","each","1779"
"RQ19111531","HP 80A Toner catridge","1","each","1780"
"RQ19111586","80A toner cartridge","1","each","1781"
"RQ19111539","HP 80A Toner catridge","1","each","1782"
"RQ19111528","HP Probook 4530 battery","1","each","1783"
"RQ19111536","HP 80A Toner catridge","1","each","1784"
"RQ19111562","Pine Six Panel door for IT Entrance","1","each","1785"
"RQ19111597","Pine Six Panel door for IT Entrance","1","each","1786"
"RQ19111691","650mm Boltcutters for Nyanga csc","7","each","1787"
"RQ19111691","750mm Boltcutters for Nyanga csc","3","each","1788"
"RQ19111779","Water dispenser","2","each","1789"
"RQ19111768","Nylon Rope 20mm","600","metres","1790"
"RQ19111747","Construction of Standard Blair toilets","7","each","1791"
"RQ19111880","radiator","1","each","1792"
"RQ1911181","new battery size 650","1","each","1793"
"RQ1911181","front brake pads","1","each","1794"
"RQ19111855","upper control arms np300","2","each","1795"
"RQ19111855","front shocks","2","each","1796"
"RQ19111855","lower ball joints np300 2 wheel drive","2","each","1797"
"RQ19111850","oil filter z95","1","each","1798"
"RQ19111850","diesel filter z425","1","each","1799"
"RQ19111850","diesel filter z219","1","each","1800"
"RQ19111850","air filter ADG865","1","each","1801"
"RQ19111850","engine oil 7lts","1","each","1802"
"RQ19111850","degreaser 1ltr","1","each","1803"
"RQ19111850","wiper blades","2","each","1804"
"RQ19111846","battery size 650","1","each","1805"
"RQ1911184","battery size 650","1","each","1806"
"RQ19111875","new tyres size 215R15","5","each","1807"
"RQ19111813","lower ball joints","2","each","1808"
"RQ19111813","front brake pads","1","each","1809"
"RQ19111813","lift pump","1","each","1810"
"RQ19111813","front shock absorbers","2","each","1811"
"RQ19111813","wiper blades","2","each","1812"
"RQ19111813","battery terminals - heavy duty","2","each","1813"
"RQ19111811","245/70R16 new tyres","5","each","1814"
"RQ19111854","new battery size 650","1","each","1815"
"RQ19111854","heater plugs","4","each","1816"
"RQ19111854","oil filter","1","each","1817"
"RQ19111854","fuel filter E67","1","each","1818"
"RQ19111854","engine oil 5ltrs","1","each","1819"
"RQ19111837","new battery size 683","2","each","1820"
"RQ19111869","heater plugs","4","each","1821"
"RQ19111869","inline fuel filter","1","each","1822"
"RQ19111869","fuel filter z91B","1","each","1823"
"RQ19111869","front shock absorbers","2","each","1824"
"RQ19111869","rear shock absorbers","2","each","1825"
"RQ19111869","engine oil 5litres","1","each","1826"
"RQ19111917","New tyres 205/70R15 for er2095","5","each","1827"
"RQ19111961","upper control arms Mazda","2","each","1828"
"RQ19111961","front shocks","2","each","1829"
"RQ19111961","rear shocks","2","each","1830"
"RQ19111921","spark plugs BKR6EY","4","each","1831"
"RQ19111921","oil filter z91c","1","each","1832"
"RQ19111921","fuel filter E16","1","each","1833"
"RQ19111921","air filter","1","each","1834"
"RQ19111921","brake pads","1","each","1835"
"RQ19111921","engine oil 5litres","1","each","1836"
"RQ19111921","degreaser 1ltr","1","each","1837"
"RQ19111932","New tyres 205/70R15 for er2123","5","each","1838"
"RQ19111924","upper control arms ","2","each","1839"
"RQ19111924","front shocks","2","each","1840"
"RQ19111924","rear shocks","2","each","1841"
"RQ19111993","spark plugs BKR6EY","5","each","1842"
"RQ19111993","oil filter z91c","1","each","1843"
"RQ19111993","fuel filter E16","1","each","1844"
"RQ19111993","air filter inner ","1","each","1845"
"RQ19111993","brake pads","1","each","1846"
"RQ19111993","engine oil 5litres","1","each","1847"
"RQ19111993","degreaser 1ltr","0","each","1848"
"RQ19111959","195/70 R14 new tyres","5","each","1849"
"RQ19111951","new tyres 195/70R14 for L200 er2031","5","each","1850"
"RQ19111918","lower ball joints","2","each","1851"
"RQ19111918","front suspension  bushes kit","1","each","1852"
"RQ19111918","rear suspension shackle bushes","1","each","1853"
"RQ19111918","front shocks","2","each","1854"
"RQ19111918","rear shocks","2","each","1855"
"RQ19111918","front wheel bearing kits","2","each","1856"
"RQ19111972","oil filter z248","1","each","1857"
"RQ19111972","diesel filter z180","1","each","1858"
"RQ19111972","brake pads","1","each","1859"
"RQ19111972","engine oil 7ltrs","1","each","1860"
"RQ19111996","215R15C new tyres","5","each","1861"
"RQ19112098","new battery size 650","1","each","1862"
"RQ19112098","front brake pads","1","each","1863"
"RQ19112098","fan belts","2","each","1864"
"RQ19112098","radiator np300","1","each","1865"
"RQ19112099","air cleaner","1","each","1866"
"RQ19112099","oil filter","1","each","1867"
"RQ19112099","fuel filter z219","1","each","1868"
"RQ19112099","fuel filter z425","1","each","1869"
"RQ19112057","upper wishbones","2","each","1870"
"RQ19112057","lower ball joints","2","each","1871"
"RQ19112057","upper ball joints","2","each","1872"
"RQ19112067","battery size 650","1","each","1873"
"RQ19112067","front brake pads","1","each","1874"
"RQ19112078","Vehicle hire CMED","1","each","1875"
"RQ19112053","622 Battery","1","each","1876"
"RQ19112082","650 Battery","1","each","1877"
"RQ19112017","650 Battery","-1","each","1878"
"RQ19112172","T TONNE LORRY PREF WITH GANDRY","1","each","1879"
"RQ19112160","Asbestos Facia Boards for Exec Guest House Cottage ","33","each","1880"
"RQ19112121","H Poles","2","each","1881"
"RQ19112141","LT poles","8","each","1882"
"RQ19112175","Conductor","400","metres","1883"
"RQ19112124","11kV poles","2","each","1884"
"RQ19112198","LT poles","8","each","1885"
"RQ19112171","33kV poles","2","each","1886"
"RQ19112154","11kV poles","5","each","1887"
"RQ19112194","7TONNE TRUCK","1","each","1888"
"RQ19112147","new battery size 650","1","each","1889"
"RQ19112239","Crane hire","1","each","1890"
"RQ19112279","245/70R16","5","each","1891"
"RQ19112587","CLEANING SERVICES","1","each","1892"
"RQ19112555","Printing of 300 bks of form E60 inspection and overhaul of consumers substation in triplicate","300","each","1893"
"RQ19112682","131A CF210A","1","each","1894"
"RQ19112682","131A CF211A","1","each","1895"
"RQ19112682","131A CF212A","1","each","1896"
"RQ19112682","131A CF213A","1","each","1897"
"RQ19112699","Voltage suppression","1","each","1898"
"RQ19112697","B.O.Q FOR DEPOT 1.	 10 x 5L Gloss Ivory 2.	2 x 5L flush hurry. 3.	3 x 20L ceiling white 4.	6 x 5L gloss transformer grey 5.	10 000 bricks 6.	60 x 50kg bags cement 7.	10 rolls x 115 brickforce 8.	2 rolls 115 dpc 9.	5 x 12 ft asbestos sheets 10.	2 x vent pi","1","each","1899"
"RQ19112637","SUPPLY AND FIX OF CHIMANIMANI DEPOT DURAWALL ","1","each","1900"
"RQ19112649","Durawall","1","each","1901"
"RQ19112633","Durawall","1","each","1902"
"RQ19112647","7 tonne truck hire","1","each","1903"
"RQ19112727","Office Tiling ( Site visit Required)","1","each","1904"
"RQ19112727","Fascia boards (site Visit Required)","1","each","1905"
"RQ19112727","Roof repairs  (site visit required)","1","each","1906"
"RQ19112772","Fuel pump and injectors replacement","1","each","1907"
"RQ19112725","Fuel pump and injectors replacement","1","each","1908"
"RQ19112747","Fuel pump and injectors replacement","1","each","1909"
"RQ19112773","Fuel pump and injectors replacement","1","each","1910"
"RQ19112897","pole changing","50","each","1911"
"RQ19112868","pole changing","120","each","1912"
"RQ19112849","pole changing","120","each","1913"
"RQ19112883","pole changing","110","each","1914"
"RQ19112890","pole changing","90","each","1915"
"RQ19112811","pole changing","180","each","1916"
"RQ19112817","pole changing","150","each","1917"
"RQ19112838","Pole changing 33kv line","8","each","1918"
"RQ19112861","Pole changing 33kv line","15","each","1919"
"RQ19112813","Pole changing 33kv line","5","each","1920"
"RQ19112837","Pole changing 33kv line","6","each","1921"
"RQ1911288","Pole changing MV line","6","each","1922"
"RQ19112846","33kv Line maintenance","65","each","1923"
"RQ19112843","line maintenance, 11kv","27","each","1924"
"RQ19112816","MV Line maintanance","10","each","1925"
"RQ19112831","33kv Line maintenance","12","each","1926"
"RQ19112856","33kv Line maintenance","20","each","1927"
"RQ19112820","33kv Line maintenance","15","each","1928"
"RQ19112882","MV Line maintanance","12","each","1929"
"RQ19112920","New tyres size 245/75R15C","5","each","1930"
"RQ19112944","new tyres size 245/75RC for np300","5","each","1931"
"RQ19112942","new tyres size 245/75R15C for np300n","5","each","1932"
"RQ1912025","FIX AND SUPPLY BLINDS","1","each","1933"
"RQ19120263","OFFICE PARTITIONING","1","each","1934"
"RQ19120220","BONDPAPER","30","each","1935"
"RQ19120220","LEVER ARCH FILES","100","each","1936"
"RQ19120489","275W GRADE A PVA SOLAR PANELS","6","each","1937"
"RQ19120489","5000 VA 24 VOLTS INVETOR UPS WITH CHARGE CONTROLLER","1","each","1938"
"RQ19120489","200 AMP HOUR GEL BATTERIES","6","each","1939"
"RQ19120489","BATTERY CABIN","1","each","1940"
"RQ19120489","AUTOMATIC CHANGEOVER SWITCH","1","each","1941"
"RQ19120489","CABLING & TRUCKING","1","each","1942"
"RQ19120554","DEGREASER","300","litres","1943"
"RQ19120550","WASHING POWDER","100","kgs","1944"
"RQ1912053","MUTTON CLOTH","75","kgs","1945"
"RQ19120652","Powertel Services","1","each","1946"
"RQ1912093","8mm*140m chain","1","each","1947"
"RQ19121050"," new tyres 245/70R16 for f/n er2184 NP300","5","each","1948"
"RQ19121043"," tyres 245/70R16 for f/n er2184 np300","5","each","1949"
"RQ19121017"," 245/70R16 for np300 f/n er2156","5","each","1950"
"RQ19121076","245/70 R16 for f/n er2189 Isuzu KB","5","each","1951"
"RQ19121094","new tyres 11R 22.5 ","6","each","1952"
"RQ19121143","TISSUE PAPER 50'S","75","each","1953"
"RQ19121185","labour","1","each","1954"
"RQ19121219"," HP 971 ink cartridge ","1","each","1955"
"RQ19121291","971 ink cartridge","1","each","1956"
"RQ19121611","thermal till rolls","1","each","1957"
"RQ1912166","7TONNE TRUCK","30","each","1958"
"RQ19121618","1","1","each","1959"
"RQ19121662","BOND PAPER","50","each","1960"
"RQ19121629","transformer Screens Material for Masvingo D.O","10","each","1961"
"RQ19123165","265/65 R 17 Tyres F/No 2215","5","each","1962"
"RQ20010869","Purchase of 30kg degreaser for use at Mutare Garage","1","each","1963"
"RQ20010894","front shocks np300 4 wheel drive","15","each","1964"
"RQ20010894","rear shocks np300 4 wheel drive","15","each","1965"
"RQ20010853","filters for UD95/70 ADG 956","3","each","1966"
"RQ20010853","filters for UD95/70 ADG 955","3","each","1967"
"RQ20010852","diesel filter Z541","11","each","1968"
"RQ20010852","oil filter Z153","11","each","1969"
"RQ20010852","Filter AG1331R","11","each","1970"
"RQ20010817","oil filter Z296","3","each","1971"
"RQ20010817","Diesel filter Z94","3","each","1972"
"RQ20010817","Chassis Filter  G935","3","each","1973"
"RQ20010817","Outter air filter ADG990R","3","each","1974"
"RQ20010817","Inner air filter ADG 991R","3","each","1975"
"RQ20010837","Contravision with Zesa logo","1","each","1976"
"RQ20010965","oil filter z95","15","each","1977"
"RQ20010965","diesel filter z425","15","each","1978"
"RQ20010965","diesel sedimenter z219","15","each","1979"
"RQ20010963","rear shocks","15","each","1980"
"RQ20010963","lower ball joints","15","each","1981"
"RQ20010963","upper ball joints","15","each","1982"
"RQ20010963","fan belts","15","each","1983"
"RQ20011318","Various tools and equipment","1","each","1984"
"RQ20011360","7TONNE TRUCK","29","each","1985"
"RQ20011344","7TONNE TRUCK","30","each","1986"
"RQ20011389","7TONNE TRUCK","31","each","1987"
"RQ2001138","7TONNE TRUCK","31","each","1988"
"RQ20011331","wall tiles (white) 130 m2 ","130","each","1989"
"RQ20011331"," tile adhesive bags ","80","each","1990"
"RQ20011331","20kg grout ","1","each","1991"
"RQ20011351","wall tiles (white) 130 m2 ","130","each","1992"
"RQ20011351"," tile adhesive bags ","80","each","1993"
"RQ20011351","20kg grout ","1","each","1994"
"RQ20011311","wall tiles (white) 130 m2 ","130","each","1995"
"RQ20011326","5L sky blue gloss paint","8","each","1996"
"RQ20011326","5L white gloss","4","each","1997"
"RQ20011326","10L turpentine ","1","each","1998"
"RQ20011356","5L sky blue gloss paint","8","each","1999"
"RQ20011356","5L white gloss","4","each","2000"
"RQ20011356","10L turpentine ","1","each","2001"
"RQ20011356","roller brush 225*38 fine","3","each","2002"
"RQ20011356","roller brush 225*38 rough","3","each","2003"
"RQ20011356","50mm paint brush","3","each","2004"
"RQ20011356","100mm paint brush","3","each","2005"
"RQ20011356",,"0","each","2006"
"RQ20011366","8x 76x 3600 corrugated translucent roofing sheets","8","each","2007"
"RQ20011366","asbestos fascia board ","16","m","2008"
"RQ20011363","cement bags - 32.5N","60","each","2009"
"RQ20011361","16m*125mm half round PVC gutter","1","each","2010"
"RQ20011361","round running outlet ","2","each","2011"
"RQ20011361","square down pipe bend shoe ","6","each","2012"
"RQ20011361","union clip 125mm","4","each","2013"
"RQ20011361","vynadp stopend","2","each","2014"
"RQ20011361","75mm*75mm down pipe square","4","each","2015"
"RQ20011361","500ml solvent cement ","1","each","2016"
"RQ20011339","5m3 riversand ","1","each","2017"
"RQ20011478","Cat mix","2","each","2018"
"RQ20011541","New tyres 175/65R14","5","each","2019"
"RQ20011596","New tyres size 205/70R15","5","each","2020"
"RQ20011556","new tyres size 205/70R15","5","each","2021"
"RQ20011585","new tyres size 215R15","5","each","2022"
"RQ20011547","new tyres size 195R14","5","each","2023"
"RQ20011531","new tyres size 215R15 ","5","each","2024"
"RQ20011533","new tyres size 215R15","5","each","2025"
"RQ20011560","new tyres size245/70R16","5","each","2026"
"RQ20011741","Common Bricks","10000","each","2027"
"RQ20011724","Electric oven drier for Mutare Urban workshop","1","each","2028"
"RQ20011765","DOOR FRAME (3 right hand, 1 left hand)	230mm	4 DOOR FRAME (right hand)	115mm	1 WINDOW FRAME	D22FH	1 WINDOW FRAME	D2FH	1 WINDOW FRAME	C1FH	2 WINDOW FRAME	C4FH	2","1","each","2029"
"RQ20011762","5x175/65 R14 new tyres","5","each","2030"
"RQ20011770","5xnew tyres size 205/70R15","5","each","2031"
"RQ20011773","5x205/70R15 new tyres","5","each","2032"
"RQ20011766","5x215R15 new tyres","5","each","2033"
"RQ20011746","5x195R14 new tyres","5","each","2034"
"RQ20011728","5x215R15 new tyres","5","each","2035"
"RQ20011734","5x215R15 new tyres","5","each","2036"
"RQ20011744","5x245/70R16 new tyres","5","each","2037"
"RQ20012278","VARIOUS TOOLS AND EQUIPMENT","1","each","2038"
"RQ20012283","7 tray toolbox","1","each","2039"
"RQ20012283","6-36 combination spanner","2","each","2040"
"RQ20012283","Flat files","2","each","2041"
"RQ20012283","Hacksaws complete with blades","2","each","2042"
"RQ20012283","24inch Bolt cutter","1","each","2043"
"RQ20012283","Four wheel flat trolley","2","each","2044"
"RQ20012283","Set of pliers","1","each","2045"
"RQ20012283","75mm fine brushes","4","each","2046"
"RQ20012283","38mm fines brushes","4","each","2047"
"RQ20012283","Digital vernier callipers","1","each","2048"
"RQ20012283","Winding machine","1","each","2049"
"RQ20012283","Oil resistant work suits","1","each","2050"
"RQ20012283","Side cutter","1","each","2051"
"RQ20012283","Cable cutting pliers","1","each","2052"
"RQ20012283","Split joint pliers","1","each","2053"
"RQ20012283","Crimping tool","1","each","2054"
"RQ20012283","Hydraulic crimpling tool","1","each","2055"
"RQ20012283","Gasket puncher","1","each","2056"
"RQ20012283","Centre punch","1","each","2057"
"RQ20012283","Chisel set","1","each","2058"
"RQ20012283","Socket spanners set","1","each","2059"
"RQ20012283","Tap measure","1","each","2060"
"RQ20012283","Cable knife","1","each","2061"
"RQ20012283","Mallet hummer","1","each","2062"
"RQ20012283","Bow point hummer","2","kgs","2063"
"RQ20012283","Sling wire rope","1","each","2064"
"RQ20012283","Lifting D-irons","1","each","2065"
"RQ20012283","Claws bars","1","each","2066"
"RQ20012283","Pop revert gun","1","each","2067"
"RQ20012283","Vice grip pliers","1","each","2068"
"RQ20012283","Soildering iron","1","each","2069"
"RQ20012283","Drilling machine","1","each","2070"
"RQ20012283","Baby angle grinder","1","each","2071"
"RQ20012283","Blower","1","each","2072"
"RQ20012477","CLEANING SERVICES","1","each","2073"
"RQ2001277","ER 16/20:  New tyres 285/70R17 for Toyota L/Cruiser f/n er2210","5","each","2074"
"RQ20012743","ER20/16 New tyres 285/70R17 for Toyota L/Cruiser f/n er2210","5","each","2075"
"RQ20012820","Till rolls","100","cartons","2076"
"RQ2001297","6000MX1300mm Transformer and Switchgear Workshop label","1","each","2077"
"RQ2001297","5000MX1100mm Mutare Urban Workshop label","1","each","2078"
"RQ2001297","Workshop labels","20","each","2079"
"RQ20012952","ER16/20 purchase of  tyres 245/70R16","5","each","2080"
"RQ20012932","ER16/20 Purchase of 5x245/70R16 new tyres for f/n er2153 np3004x4","5","each","2081"
"RQ20012929","ER16/20 Purchase of 5x245/70R16 new tyres for f/n er2183 np300 4x4","5","each","2082"
"RQ20012913","ER16/20 Purchase of 5x245/70R16 new tyres for f/n er2165 np300 4x4","5","each","2083"
"RQ20012925","ER16/20 Purchase of 5x245/70R16 for f/n er2149 np300 4x4","5","each","2084"
"RQ20012991","RER16/20 Purchase of 5x245/70R16 tyres for f/n er2159 for np300 4x4","5","each","2085"
"RQ20012964","ER16/20 Purchase of tyres 245/70R16 for np300 4x4 f/n er2150","5","each","2086"
"RQ20012958","ER16/20 Purchase of 5x245/70R16 tyres for np300 4x4 f/n er2152","5","each","2087"
"RQ20012992","ER16/20 Purchase of 2x 1400R20 tyres for Crane Truck f/n er2198","2","each","2088"
"RQ20012996","ER16/20 Purchase of 5x215R15 tyres for np300 2wheel drive f/n er2141","5","each","2089"
"RQ20012953","ER16/20 Purchase of 5x215R15 tyres for np300 2whl drive f/n er2131","5","each","2090"
"RQ20012993","ER16/20 Purchase of tyres 5x215R15 for np300 2 wheel drive f/n er2132","5","each","2091"
"RQ20012921","ER16/20 Purchase of 5x215R15 tyres for np300 2wheel drive f/n er2144","5","each","2092"
"RQ20012928","ER16/20 Purchase of 215R15 new tyres for np300 2 wheel drive f/n er2138","5","each","2093"
"RQ20012971","ER16/20 Purchase of 5x215R15 tyres for np300 f/n er2146 2 wheel drive","5","each","2094"
"RQ20013126","Asbestos 3.6m 6mm 12 FT","62","each","2095"
"RQ20013164","Internal flash doors","50","each","2096"
"RQ20013139","External doors","40","each","2097"
"RQ20020354","Private APN service","1","each","2098"
"RQ20020610","Blinds","1","each","2099"
"RQ2002066","4-in-1 printer","1","each","2100"
"RQ20020698","4 all in one desktops for manicaland","4","each","2101"
"RQ20020693","4 all in one desktops for masvingo","4","each","2102"
"RQ20020654","4 all in one desktops for mutare district","4","each","2103"
"RQ20020699","7 all in one desktops for IT support section","7","each","2104"
"RQ20020641"," six (6) Laptops for the Sales Executive Manicaland, Senior Engineer Manicaland, Snr Engineer Maintenance, Network development Engineer, P.O. Regional Office and P.O. Manicaland","6","each","2105"
"RQ20020639"," six (6) Laptops for the Commercial Manager, Systems Administrator, S.S.O Systems Development (x2), S.S.O Masvingo and HRAM.","6","each","2106"
"RQ20020626","UPS - 5kva invertor and 8 x 12v batteries(2 x 48v 200AH batteries)","2","each","2107"
"RQ20020689","server for business excellence","1","each","2108"
"RQ20020725","70mm ferrues","500","each","2109"
"RQ20020725","50mm ferrues","500","each","2110"
"RQ20020725","95mm ferrues","500","each","2111"
"RQ20020720","70mm ferrues","500","each","2112"
"RQ20020720","50mm ferrues","500","each","2113"
"RQ20020720","95mm ferrues","500","each","2114"
"RQ20020796","70mm ferrues","500","each","2115"
"RQ20020796","50mm ferrues","500","each","2116"
"RQ20020796","95mm ferrues","500","each","2117"
"RQ20020762","70mm ferrues","500","each","2118"
"RQ20020762","50mm ferrues","500","each","2119"
"RQ20020762","95mm ferrues","500","each","2120"
"RQ20020734","stayrods 3/4","100","each","2121"
"RQ20020789","5/8 stayplates","100","each","2122"
"RQ20020752","671 Battery and terminals","2","each","2123"
"RQ20020776","5x195x14 New Tyres ","5","each","2124"
"RQ2002074","195x14 NewTyres","5","each","2125"
"RQ20020780","195x14 NewTyres","5","each","2126"
"RQ20020749","195x14 Tyres","5","each","2127"
"RQ20020746","195x14 Tyres","5","each","2128"
"RQ20020736","215 R15 New Tyres","5","each","2129"
"RQ20020757","215 R15 Tyres","5","each","2130"
"RQ20020745","215 R15 Tyres","5","each","2131"
"RQ20020710","215 R15 Tyres","5","each","2132"
"RQ20020774","215 R15 NewTyres","5","each","2133"
"RQ20020741","215 R15 Tyres","5","each","2134"
"RQ2002075","215 R15 New Tyres","5","each","2135"
"RQ20020726","215 R15 Tyres","5","each","2136"
"RQ20020732","215 R15 Tyres","5","each","2137"
"RQ20020717","215 R15 Tyres","5","each","2138"
"RQ20020771","215 R15 New Tyres","5","each","2139"
"RQ20020779","245/70R16 Tyres","5","each","2140"
"RQ20020723","245/70R16 Tyres","5","each","2141"
"RQ2002079","215 R15 New Tyres","5","each","2142"
"RQ20020770","245/70R16 R15 Tyres","5","each","2143"
"RQ20020766","245/70R16 New Tyres","5","each","2144"
"RQ20021044","245/70R16 NewTyres","5","each","2145"
"RQ20021072","215 R15New Tyres","5","each","2146"
"RQ20021021","215 R15 NewTyres","5","each","2147"
"RQ20021022","245/70R16 Tyres","5","each","2148"
"RQ20021052","245/70R16 NewTyres","5","each","2149"
"RQ20021068","245/70R16 NewTyres","5","each","2150"
"RQ20021031","245/70R16 Tyres","5","each","2151"
"RQ20021050","9R22.5 Tyres","7","each","2152"
"RQ2002105","11R22.5 New Tyres ","7","each","2153"
"RQ20021017","265/65R17 New tyres","5","each","2154"
"RQ20021019","265/65 R 17 New Tyres F/No 2215","5","each","2155"
"RQ20021037"," 20LJerry Cans ","6","each","2156"
"RQ20021035","11R22.5 New Tyres ","7","each","2157"
"RQ20021073","Copper Winding Wire","140","kgs","2158"
"RQ20021012","Copper Winding Wire","140","kgs","2159"
"RQ2002106","KRAFT PAPER (2mil & 10mil)","50","metres","2160"
"RQ20021193","SUB STATION STONES","70","each","2161"
"RQ20021118","SUB STATION STONES","40","each","2162"
"RQ20021197","SUB STATION STONES","40","each","2163"
"RQ20021148","SUB STATION STONES","5","each","2164"
"RQ20021152","SUB STATION STONES","50","each","2165"
"RQ20021144","SUB STATION STONES","50","each","2166"
"RQ20021190","SUB STATION STONES","50","each","2167"
"RQ20021170","60mm red and black pavers","15000","each","2168"
"RQ2002112","SUB STATION STONES","50","each","2169"
"RQ20021111","SUB STATION STONES","30","each","2170"
"RQ20021130","SUB STATION STONES","80","each","2171"
"RQ20021122","SUB STATION STONES","40","each","2172"
"RQ20021194","SUB STATION STONES","40","each","2173"
"RQ20021183","SUB STATION STONES","60","each","2174"
"RQ2002116","SUB STATION STONES","40","each","2175"
"RQ2002128","Solar geyser with element ","1","each","2176"
"RQ20021257","E117 booklet","100","each","2177"
"RQ20021386","622 batteries","10","each","2178"
"RQ20021375","650 batteries","20","each","2179"
"RQ20021396","671 batteries","12","each","2180"
"RQ20021390","683 batteries","4","each","2181"
"RQ20021388","SAND BUCKETS","50","each","2182"
"RQ20021316","SAND BUCKETS","45","each","2183"
"RQ20021340","SAND BUCKETS","31","each","2184"
"RQ20021489","DesignJet Catridges","14","each","2185"
"RQ2002145","33kV Current Transformer","6","each","2186"
"RQ20021464","HP 971 cartridge full set","1","each","2187"
"RQ20021764","UPS - 5kva invertor and 8 x 12v batteries(2 x 48v 200AH batteries)","1","each","2188"
"RQ20021747"," six (6) Laptops for the Sales Executive Manicaland, Senior Engineer Manicaland, Snr Engineer Maintenance, Network development Engineer, P.O. Regional Office and P.O. Manicaland","6","each","2189"
"RQ2002171"," six (6) Laptops for the Commercial Manager, Systems Administrator, S.S.O Systems Development (x2), S.S.O Masvingo and HRAM.","6","each","2190"
"RQ2002191","rubberised cork gaskets","40","each","2191"
"RQ2002192","UPS - 5kva invertor and 8 x 12v batteries(2 x 48v 200AH batteries)","1","each","2192"
"RQ20021987","UPS - 5kva invertor and 8 x 12v batteries(2 x 48v 200AH batteries)","1","each","2193"
"RQ20021959","UPS - 5kva invertor and 8 x 12v batteries(2 x 48v 200AH batteries)","1","each","2194"
"RQ20021923"," Purchase of new tyres 5x245 70R16 ","5","each","2195"
"RQ20021960"," new tyres 5x215R15 for np300","5","each","2196"
"RQ20021942","Purchase of injector pump for UD95","1","each","2197"
"RQ20021965","ER16/20 Purchase of Turbo Charger","1","each","2198"
"RQ20021965","ER16/20 Purchase of Water Pump for Benz Artego","1","each","2199"
"RQ20021916","Morse Hacksaw Blades","150","each","2200"
"RQ20021950",,"1","each","2201"
"RQ20021922","URN-RMS 30ltrs","1","each","2202"
"RQ20021947","Four plate stove","1","each","2203"
"RQ20022048","Construction of Standard Blair toilets","8","each","2204"
"RQ20022098","622 Battery","13","each","2205"
"RQ20022071","650 Battery","20","each","2206"
"RQ20022024","671 Battery","12","each","2207"
"RQ20022058","683 Battery","4","each","2208"
"RQ20022531","2mil 450mm-500mm transformer insulation kraft paper","30","each","2209"
"RQ20022531","10mil 450mm-500mm transformer insulation kraft paper","20","each","2210"
"RQ20022737","10","10","each","2211"
"RQ20022738","622 batteries","13","each","2212"
"RQ20022746","650 batteries","20","each","2213"
"RQ20022719","671 batteries","12","each","2214"
"RQ20022712","683 batteries","4","each","2215"
"RQ20022859","622 batteries","13","each","2216"
"RQ20022865","650 batteries","20","each","2217"
"RQ20022817","671 batteries","12","each","2218"
"RQ20022838","683 batteries","4","each","2219"
"RQ20022824","Heavy duty coin counter","1","each","2220"
"RQ20030262","1.8m x 75x2.5 diamond Mash","380","metres","2221"
"RQ20030262","2.4x75 over hang capped corner posts","24","each","2222"
"RQ20030262","2.4 x w/section standard posts plus overhang","76","each","2223"
"RQ20030262","Tubed Supporters","58","each","2224"
"RQ20030262","2.0mm barbed wire ","100","kgs","2225"
"RQ20030262","1.6/2.0mm tying wire","25","kgs","2226"
"RQ20030262","High strain wire","50","kgs","2227"
"RQ20030380","Cable fault locator","1","each","2228"
"RQ20030466","Desktop Computers","3","each","2229"
"RQ20030421","All-In-1 Desktop Computers","3","each","2230"
"RQ20030432","All-In-1 Desktop Computers","3","each","2231"
"RQ20030521","Painting","10","each","2232"
"RQ20030577","New Injector pump and injectors ","1","each","2233"
"RQ20030539","New Injector pump and injectors to supply","1","each","2234"
"RQ20030549","Procurement of 1x Turbo Charger for Mercedes Benz Atego truck","1","each","2235"
"RQ20030549","Procurement of 1x Water Pump for Mercedes Benz Artego truck f/n 1062","1","each","2236"
"RQ20030516","procurement of 1xInjector Pump for UD95 er2192","1","each","2237"
"RQ20030929","LONG SLEEVED FORMAL WHITE SHIRTS","85","each","2238"
"RQ20030929","SHORT SLEEVED FORMAL SKY BLUE SHIRTS","85","each","2239"
"RQ20030957","Four plate Stove","1","each","2240"
"RQ20030919","Four plate Stove","1","each","2241"
"RQ20030998","Four plate Stove","1","each","2242"
"RQ20030973","Durawall","1","each","2243"
"RQ20030930","Four plate Stove","1","each","2244"
"RQ20030934","Four plate Stove","1","each","2245"
"RQ20030982","Fridge","1","each","2246"
"RQ20031018","Cubicle doors","10","each","2247"
"RQ20031018","185mm2 4 core cable","100","metres","2248"
"RQ20031018","500:5 CT's ","20","each","2249"
"RQ20031018","Danger notices","100","each","2250"
"RQ20031018","Barbed wire","20","kgs","2251"
"RQ20031151","Guardroom for Mutare Urban ","1","each","2252"
"RQ20031149","Cartridges for HR Secretary Office (HP980 Black,  HP980 Cyan, HP980 Yellow & HP980 Magentaand HP980 Magenta Cartridges)","1","each","2253"
"RQ20031243","6,5mtrs*2,3mtrs sliding gate","1","each","2254"
"RQ20031243","5,5*2,3mtrs Sliding gate ","1","each","2255"
"RQ20031295","1,5*2,5mm perimeter fencing","430","metres","2256"
"RQ20031297","1,5*2,5mm perimeter fencing","1200","metres","2257"
"RQ2003123","60a s/p  mcb","4000","each","2258"
"RQ20031259","60a s/p  mcb","4000","each","2259"
"RQ20031253","60a s/p  mcb","4000","each","2260"
"RQ20031290","60a s/p  mcb","4000","each","2261"
"RQ20031231","60a s/p  mcb","4000","each","2262"
"RQ20031244","60AMPS TRIPPLE POLE","300","each","2263"
"RQ20031212","60AMPS TRIPPLE POLE","300","each","2264"
"RQ20031267","60AMPS TRIPPLE POLE","300","each","2265"
"RQ20031277","60AMPS TRIPPLE POLE","300","each","2266"
"RQ20031355","er16/20 purchase of 1xclutch master cylinder BT er2085","1","each","2267"
"RQ20031355","r16/20 purchase of 1xslave cylinder BT er2085","0","each","2268"
"RQ20031645","Cane knives","30","each","2269"
"RQ20031645","Axe heads for Nyanga line gang","30","each","2270"
"RQ20031645","Rubber axe handles","60","each","2271"
"RQ20031645","Pick heads ","30","each","2272"
"RQ20031645","slashers","30","each","2273"
"RQ20031645",,"0","each","2274"
"RQ20031645",,"0","each","2275"
"RQ20031645",,"0","each","2276"
"RQ20031664","New tyres 1400R20 for Crane truck er2198","2","each","2277"
"RQ20031699","New tyres 11R 22.5 for UD truck for Nyanga","6","each","2278"
"RQ20031684","new tyres 11R 22.5 For UD Truck f/n er2193","6","each","2279"
"RQ20031682","new tyres 9R 22.5 for UD truck f/n er2120","6","each","2280"
"RQ20031632","E117 booklet","100","each","2281"
"RQ20031673","cane knives","20","each","2282"
"RQ20031673","Axe heads","20","each","2283"
"RQ20031673","Axe handles","20","each","2284"
"RQ20031673","Grass slashers","15","each","2285"
"RQ20031673","Shovels","24","each","2286"
"RQ20031673","Pick heads","24","each","2287"
"RQ20031673","pick handles","24","each","2288"
"RQ20031673","20mm rope","500","metres","2289"
"RQ20031764","CALIBRATION OF FUEL TANKS - EASTERN REGION","12","each","2290"
"RQ2003171","Axes and Handles","30","each","2291"
"RQ20031751","Slasher purchase","30","each","2292"
"RQ20031715","cane knives purchase","30","each","2293"
"RQ20031826","rubberised cork gaskets","40","each","2294"
"RQ20031985","15mm water taps ","30","each","2295"
"RQ20031923","double knit winter jerseys","33","each","2296"
"RQ20031992","Fan heaters","5","each","2297"
"RQ20031970","15 mm garden tape","20","each","2298"
"RQ20031970","15mm gate valve","15","each","2299"
"RQ20031970","gulley traps","2","each","2300"
"RQ20031970","20mm water pipes pvc","3","each","2301"
"RQ20031970","Waste Pipes ","3","each","2302"
"RQ20031970","15mm galvanised nipple","20","each","2303"
"RQ20031970","15 mm galvanised coupling","30","each","2304"
"RQ20031970","15mm galvanised pipes","4","each","2305"
"RQ20031970","15mm galvanised elbow","20","each","2306"
"RQ20031970","galvanised shower caps","16","each","2307"
"RQ20031970","rolls thread taps","10","each","2308"
"RQ20031970","cpack flushing systems","15","each","2309"
"RQ20031970","15mm flex connector","20","each","2310"
"RQ20031970","15mm stop cork","15","each","2311"
"RQ20031910","Laptops","6","each","2312"
"RQ20031962","Laptops","6","each","2313"
"RQ20032038","SLASHERS","40","each","2314"
"RQ20032072","PICK HEADS","10","each","2315"
"RQ20032036","AXE HEADS","40","each","2316"
"RQ20032084","PICK HANDLES","10","each","2317"
"RQ20032030","AXE HEADS HANDLES","40","each","2318"
"RQ20032086","CANE KNIVES","40","each","2319"
"RQ20032073","SHOVELS","10","each","2320"
"RQ20032373","Steel Filing Cabinets","6","each","2321"
"RQ20032356","4 Plate Stove","1","each","2322"
"RQ20032397","290L Door Door Capri Fridge","1","each","2323"
"RQ20032339","90L Single Door Capril Fridge","1","each","2324"
"RQ2003234","410L Defy Deep Freezer","1","each","2325"
"RQ20032326","Defy Water Dispencer","1","each","2326"
"RQ2003247","Blue Set of Couch","1","each","2327"
"RQ20032479","Office Heaters","3","each","2328"
"RQ20032461","Swivel Chairs","4","each","2329"
"RQ20032430","Swivel Chairs","4","each","2330"
"RQ20032466","Flat Screen Smart Colour TV","1","each","2331"
"RQ20032458","6 Drawer Office Table","4","each","2332"
"RQ20032493","Blue Visitors' Chairs","11","each","2333"
"RQ20032482","Fuel High Pressure Pump","1","each","2334"
"RQ20032421","Fuel high Pressure Pump ","1","each","2335"
"RQ2003246","Rear Round Lens ","-1","each","2336"
"RQ20032432","Rear Brake Kits","1","each","2337"
"RQ20032452","Face Masks","100","each","2338"
"RQ20032452","Hand sanitisers","10","litres","2339"
"RQ20032452","Sanitary gloves","50","each","2340"
"RQ20032452","Leather gloves","200","each","2341"
"RQ20032452","Goggles","50","each","2342"
"RQ20032452","Sunlight liquid","5","litres","2343"
"RQ20032590","Construction of Blair toilets for Middle Sabi Substations","6","each","2344"
"RQ20032571","Construction of Blair toilets for Middle Sabi Depot","1","each","2345"
"RQ20032578","construction of Durawal at Middle sabi depot","1","each","2346"
"RQ20032511","Pool Table","1","each","2347"
"RQ20032566","FIX & SUPPLY RUSAPE BANKING GLASS","1","each","2348"
"RQ20032656","CELLPHONE HANDSET [Y5 HUAWEI]","1","each","2349"
"RQ20032659","WATER PUMP SUBMERSIBLE 0,75Kw 1hp 220v","1","each","2350"
"RQ20032622","WATER PUMP SUBMERSIBLE 0,75Kw 1hp 220v","1","each","2351"
"RQ20032692","new tyres 5x175/65 R13","5","each","2352"
"RQ20032654","new tyres 5x175/65 R13","5","each","2353"
"RQ20032682","radiator","1","each","2354"
"RQ20032682","upper control arms ( L )","1","each","2355"
"RQ20032682","upper control arms (R) right","1","each","2356"
"RQ20032682","lower ball joints","2","each","2357"
"RQ20032682","upper ball joints","2","each","2358"
"RQ20032682","front wheel bearing kits","2","each","2359"
"RQ20032682","front wheel hubs","2","each","2360"
"RQ20032699","set of brake pads","1","each","2361"
"RQ20032699","drivers side stub axle","1","each","2362"
"RQ20032699","brake caliper assembly left","1","each","2363"
"RQ20032699","brake caliper assembly right","1","each","2364"
"RQ20032699","clutch kit","1","each","2365"
"RQ20032699","centre bearing","1","each","2366"
"RQ20032699","handbrake cables set","1","each","2367"
"RQ20032699","rear brake shoes set","1","each","2368"
"RQ20032699","u bolts set of 4","1","each","2369"
"RQ20032699","rear suspension bushes set","1","each","2370"
"RQ20032699","inner tie rod ends set","1","each","2371"
"RQ20032699","outter tie rod ends set","1","each","2372"
"RQ20032699","idler arm bushes","1","each","2373"
"RQ20032699","stabilzer bar link bolts","2","each","2374"
"RQ20032699","fan belts","2","each","2375"
"RQ20032699","front shocks","2","each","2376"
"RQ20032699","rear shocks","2","each","2377"
"RQ20032699","wheel nuts","15","each","2378"
"RQ20032699","windscreen","1","each","2379"
"RQ2003261","upper control arms np300","2","each","2380"
"RQ2003261","lower ball joints","2","each","2381"
"RQ2003261","front shocks","2","each","2382"
"RQ2003261","rear shocks","2","each","2383"
"RQ2003261","brake pads set of 4","2","each","2384"
"RQ2003261","lift pump","1","each","2385"
"RQ2003261","stabilizer bar link bolts","2","each","2386"
"RQ20032668","upper control arms np300","2","each","2387"
"RQ20032668","lower ball joints","2","each","2388"
"RQ20032668","front shocks","2","each","2389"
"RQ20032668","rear shocks","2","each","2390"
"RQ20032668","front brake pads set of 4","2","each","2391"
"RQ20032668","handbrake cables","2","each","2392"
"RQ20032668","radiator","1","each","2393"
"RQ20032642","radiator","1","each","2394"
"RQ20032642","brake master cylinder","1","each","2395"
"RQ20032642","brake pads set of 4","1","each","2396"
"RQ20032642","fuel lift pump","1","each","2397"
"RQ20032642","upper control arms","2","each","2398"
"RQ20032642","lower control arms","2","each","2399"
"RQ20032642","upper ball joints","2","each","2400"
"RQ20032642","lower ball joints","2","each","2401"
"RQ20032642","front shocks","2","each","2402"
"RQ20032642","rear shocks","2","each","2403"
"RQ20032642","spring u bolts","4","each","2404"
"RQ20032642","rear spring bushes set","1","each","2405"
"RQ20032642","handbrake cables full set of 3","1","each","2406"
"RQ20032642","handbrake mechanism left","1","each","2407"
"RQ20032642","handbrake mechanisns right","1","each","2408"
"RQ20040848","LIGHTING MATERIALS","1","each","2409"
"RQ20041575","new tyres 265/65R17 ","5","each","2410"
"RQ20041581","new tyres size  265/65R17 ","5","each","2411"
"RQ20041798","battery bank","1","each","2412"
"RQ20041713","BATTERY CHARGER","1","each","2413"
"RQ20041767","battery bank","1","each","2414"
"RQ20041779","BATTERY CHARGER","1","each","2415"
"RQ2004171","BATTERY CHARGER","1","each","2416"
"RQ20041790","BATTERY BANK","1","each","2417"
"RQ20041722","BATTERY BANK","1","each","2418"
"RQ20041751","BATTERY CHARGER","1","each","2419"
"RQ20041768","BATTERY BANK","1","each","2420"
"RQ20041748","BATTERY CHARGER","1","each","2421"
"RQ20041799","BATTERY BANK","1","each","2422"
"RQ20041721","BATTERY BANK","1","each","2423"
"RQ20041786","BATTERY CHARGER","1","each","2424"
"RQ20041731","BATTERY BANK","1","each","2425"
"RQ2004179","BATTERY BANK","1","each","2426"
"RQ20042280","new tyres size 175/65 R13 for Mist Lancer f/n er2087","5","each","2427"
"RQ2005052","Engine oil 500l GTX Castrol for Mutare Garage","500","litres","2428"
"RQ20050646","new tyres for UD f/n er2120 9R 22.5","6","each","2429"
"RQ20050752","tyres 175 x 65 x 14","10","each","2430"
"RQ20050714","tyres 175 x 65 x 14","10","each","2431"
"RQ20050745","New Tyres - 175x65x14","10","each","2432"
"RQ2005083","Under coat paint","50","litres","2433"
"RQ2005083","Crack filler","1","kgs","2434"
"RQ2005083","Paint brush 50mm","4","each","2435"
"RQ2005083","Tile grout","15","kgs","2436"
"RQ2005083","Sanding paper","1","each","2437"
"RQ20050874","2hp, 220v water pump","1","each","2438"
"RQ20051125","Borehole siting,drilling,casing and installation ","1","each","2439"
"RQ20051167","Siting,Drilling,Casing and Installation","1","each","2440"
"RQ20051112","Siting,Drilling,Casing and Installation","1","each","2441"
"RQ20051118","Siting,Drilling,Casing and Installation","1","each","2442"
"RQ20051256","30 BAGS CEMENT FOR CHIPINGE GARAGE DURAWALL 32.5 N","30","bags","2443"
"RQ20051378","Roofing timber ","127","each","2444"
"RQ20051414","15m3 PIT SAND","1","each","2445"
"RQ20051414","12m3 CONCRETE STONES","1","each","2446"
"RQ20051414","8m3 RIVER SAND","1","each","2447"
"RQ20051419","FACE BRICKS","9000","each","2448"
"RQ20051419","STANDARD COMMON BRICKS","7000","each","2449"
"RQ20051419",,"0","each","2450"
"RQ20051499","230MM BRICK FORCE","15","each","2451"
"RQ20051499","230MM DPC","7","each","2452"
"RQ20051499","CEMENT 32.2","65","bags","2453"
"RQ20051566","Transformer Mineral Oil","3000","litres","2454"
"RQ20051548","pick heads and handles","80","each","2455"
"RQ2005155","AXES AND AXE HANDLES","80","each","2456"
"RQ20051516","SHOVELS","40","each","2457"
"RQ20051516","SPADES","20","each","2458"
"RQ20051516","20MM NYLON ROPE LENGTH OF 25M","300","metres","2459"
"RQ20051516","HOES","20","each","2460"
"RQ20051556","CANE KNIVES","40","each","2461"
"RQ20051556","MACHETES","40","each","2462"
"RQ20051556","SLASHERS","20","each","2463"
"RQ20051556",,"0","each","2464"
"RQ20051874","Cement Bricks ","4000","each","2465"
"RQ20051899","Cement Bricks ","4000","each","2466"
"RQ20051899","5 Cubic meter 19 mm stones","5","each","2467"
"RQ20051824","120","120","each","2468"
"RQ20051881","Cane knives","360","each","2469"
"RQ20051811","Axes (c/w) heads","120","each","2470"
"RQ20051823","Axes (c/w) heads","120","each","2471"
"RQ20051840","Shovels","120","each","2472"
"RQ20051870","Slashers","120","each","2473"
"RQ20051889","wheel barrows","120","each","2474"
"RQ20051873","Ropes","6000","metres","2475"
"RQ20051833","Ropes","6000","metres","2476"
"RQ20051839","C-Pack flushing  system","15","each","2477"
"RQ20051841","upper control arms","2","each","2478"
"RQ20051841","lower ball joints","2","each","2479"
"RQ20051841","set front brake pads","1","each","2480"
"RQ20051841","clutch kit","1","each","2481"
"RQ20051841","inner tie rod ends","2","each","2482"
"RQ20051841","outter tie rod ends","2","each","2483"
"RQ20051843","cylinder head gasket","1","each","2484"
"RQ20051843","water pump","1","each","2485"
"RQ20051843","silicon","1","each","2486"
"RQ20051843","engine oil 7ltrs","1","each","2487"
"RQ20051843","degreaser 1 ltr","1","each","2488"
"RQ20051834","15mm garden tape","20","each","2489"
"RQ20051834"," galvanised shower caps","16","each","2490"
"RQ20051834","external doors (toilets)","10","each","2491"
"RQ20051888","Injector pump","1","each","2492"
"RQ20051828","SAFETY SHOES","3","each","2493"
"RQ20052010","MUTTON CLOTH","100","kgs","2494"
"RQ20052065","WASHING POWDER","100","kgs","2495"
"RQ20052032","DEGREASER","300","litres","2496"
"RQ2005213","4 plate industrial stove for chipinge depot staff","1","each","2497"
"RQ20052187","Window Frames ","11","each","2498"
"RQ2005223","SF6 GAS 50 KG","2","each","2499"
"RQ20052635","cutting discs 9 inch","2","each","2500"
"RQ20052635","grinding discs 9inch","1","each","2501"
"RQ20052635","Vitamix welding rods","2","kgs","2502"
"RQ20052635","Fringes","2","each","2503"
"RQ20052635","Red oxide","5","litres","2504"
"RQ20052635","50X50X1.6 Square tubes","2","each","2505"
"RQ20052635","40X40X1.6 square tubes","4","each","2506"
"RQ20052635","1mm corrugated sheets","2","each","2507"
"RQ20052635","30X3 Flat bars","1","each","2508"
"RQ20052635","20X3 flat bars","2","each","2509"
"RQ20052669","cutting discs 9 inch","2","each","2510"
"RQ20052669","grinding discs 9inch","1","each","2511"
"RQ20052669","Vitamix welding rods","2","kgs","2512"
"RQ20052669","boral bolts","1","each","2513"
"RQ20052669","Fringes","2","each","2514"
"RQ20052669","Red Oxide","5","litres","2515"
"RQ20052669","50X50X1.6 square tubes","2","each","2516"
"RQ20052669","40X40X1.6 square tubes","4","each","2517"
"RQ20052669","1mm corragated sheets","2","each","2518"
"RQ20052669","30X3 flat bars","1","each","2519"
"RQ20052669","20X3 flat bars","2","each","2520"
"RQ20052677","cutting discs 9 inch","2","each","2521"
"RQ20052677","grinding discs 9inch","1","each","2522"
"RQ20052677","Vitamix welding rods","2","kgs","2523"
"RQ20052677","Fringes","2","each","2524"
"RQ20052677","Red oxide","5","litres","2525"
"RQ20052677","50X50X1.6 Square tubes","2","each","2526"
"RQ20052677","40X40X1.6 square tubes","4","each","2527"
"RQ20052677","1mm corrugated sheets","2","each","2528"
"RQ20052677","30X3 Flat bars","1","each","2529"
"RQ20052677","20X3 flat bars","2","each","2530"
"RQ20052677","Boral bolts","1","each","2531"
"RQ20060254","50MM SQUARE TUBE","20","each","2532"
"RQ20060254","25MM SQUARE TUBE","20","each","2533"
"RQ20060262","Materials for Substation Fabrication as per attached list","1","each","2534"
"RQ2006039","GIS TOOLS C/W items below to suit","140","each","2535"
"RQ2006039","Screen Guard","140","each","2536"
"RQ2006039","10000maH Power Banks ","140","each","2537"
"RQ2006039","GIS tool belt mountable leather Pouch","140","each","2538"
"RQ20060870","Standard Door Frames ","8","each","2539"
"RQ20061685","Toner HP 971 Set","1","each","2540"
"RQ20061679","Toner HP 971 Set","1","each","2541"
"RQ20061716","zesa keys","1000","each","2542"
"RQ20061748","zesa keys","1000","each","2543"
"RQ2006171","zesa keys","1000","each","2544"
"RQ20062498","6000m x 1300mm Neon Bill Board","1","each","2545"
"RQ20062498","5000m x 1100mm Neon Bill Board","1","each","2546"
"RQ20062498","100m x 450mm Labels ","20","each","2547"
"RQ20062540","7.5 Tonne Electric Crane Hoists","1","each","2548"
"RQ20062598","2 Tonne Electric Crane Hoists","1","each","2549"
"RQ20062615","GIS Tools","50","each","2550"
"RQ20062615","Screen Guards & Pouch","50","each","2551"
"RQ20062615","10 000maH","50","each","2552"
"RQ20062663","GIS Tools","30","each","2553"
"RQ20062663","Screen Guards & Pouch","30","each","2554"
"RQ20062663","10 000maH","30","each","2555"
"RQ20062646","GIS Tools","30","each","2556"
"RQ20062646","Screen Guards & Pouch","30","each","2557"
"RQ20062646","10 000maH","30","each","2558"
"RQ20062662","GIS Tools","50","each","2559"
"RQ20062662","Screen Guards & Pouch","50","each","2560"
"RQ20062662","10 000maH","50","each","2561"
"RQ20062627","Belt Mountable pouches","50","each","2562"
"RQ20062690","Belt Mountable pouches","50","each","2563"
"RQ20062687","Belt Mountable pouches","30","each","2564"
"RQ20062640","Belt Mountable pouches","30","each","2565"
"RQ20062614","Belt Mountable pouches","50","each","2566"
"RQ2006269","Front Axle for Toyota Landcruiser ER2210","1","each","2567"
"RQ20062639","Suspension repair kit","1","each","2568"
"RQ20062635","set brake pads,upper control armsx2,clutch kit,lower ball joints x 2,inner tie rod ends x 2,outer tie rod ends set x 2","1","each","2569"
"RQ20062625","8.25 x 16 - 16 ply tyres x 7, 8.25x16tubesx7, 8.25 x 16 tyre flaps x 7","7","each","2570"
"RQ20070691","diesel","10000","litres","2571"
"RQ20070656","diesel","10000","litres","2572"
"RQ20070681","diesel","10000","litres","2573"
"RQ20070660","diesel","10000","litres","2574"
"RQ20071088","Face Mask","2000","each","2575"
"RQ20071380","HOOVER/VACUUM CLEANER","2","each","2576"
"RQ20071499","ANTISLIP SAFETY SHOES","10","each","2577"
"RQ20071421","ANTISLIP SAFETY SHOES","10","each","2578"
"RQ20071431","ACID PROOF WORKSUITS","6","each","2579"
"RQ20071587","131A CF210A Black","1","each","2580"
"RQ20071587","131A CF211A Blue ","1","each","2581"
"RQ20071587","131A CF212 Yellow","1","each","2582"
"RQ20071658","11R22.5 tyres","6","each","2583"
"RQ20071673","clutch assembly kit","1","each","2584"
"RQ20072176","painting","1","each","2585"
"RQ2007214","10000maH Power Bank","160","each","2586"
"RQ20080382","650 batteries","2","each","2587"
"RQ20080382","heavy duty terminals","4","each","2588"
"RQ20080382","mutton cloth","5","kgs","2589"
"RQ20080382","Brake Fluid","5","litres","2590"
"RQ20080382","ATF","5","litres","2591"
"RQ20080382","Gearbox Oil","5","litres","2592"
"RQ20080382","Degreaser","5","litres","2593"
"RQ20080481"," new tyres size 9R 22.5","6","each","2594"
"RQ20080497","new tyres size 11R 22.5","6","each","2595"
"RQ20080454","tyres size 175/65 R14","5","each","2596"
"RQ20080424","new tyres size 175/65 R14","5","each","2597"
"RQ20080451","new tyres size 245/70 R16","5","each","2598"
"RQ20080474"," new tyres size 245/70 R16 ","5","each","2599"
"RQ20080483","tyres size 245/70R16 f","5","each","2600"
"RQ20080428","tyres size 245/70R16 ","5","each","2601"
"RQ2008056","new tyres 215R15","5","each","2602"
"RQ20080519","new tyres size 245/70R16","5","each","2603"
"RQ2008059","new tyres size 245/70 R16","5","each","2604"
"RQ20080575"," new tyres size 245/70 R16","5","each","2605"
"RQ20080571","new tyres size 245/70R16","5","each","2606"
"RQ20080584","NEW CLUTCH KIT FOR NP300 4X4","1","each","2607"
"RQ20081376","300l Diesel engine oil, 200l Petrol engine oil","500","litres","2608"
"RQ20081480","TYRES","6","each","2609"
"RQ20081410","TYRES","5","each","2610"
"RQ20081815","10 cubic of gravel","1","each","2611"
"RQ20081825","245/70R16","5","each","2612"
"RQ20081952","TIES","218","each","2613"
"RQ20081952","SCARFS","139","each","2614"
"RQ20081918","Truck hire","4","each","2615"
"RQ20081921","Borehole","1","each","2616"
"RQ20081932","Purchase of new tyres size 11R 22.5","6","each","2617"
"RQ20081942","new tyres 9R 22.5 for UD70","6","each","2618"
"RQ20082027","Burglar bars","20","each","2619"
"RQ20082139","4-in-one Printer for Snr Accountant Finance","1","each","2620"
"RQ20082650","DRILLING BOREHOLE","1","each","2621"
"RQ20082674","DRILLING BOREHOLE","1","each","2622"
"RQ20082625","HIGH BACK SWIVEL CHAIRS","44","each","2623"
"RQ20082654","VISITORS CHAIRS","60","each","2624"
"RQ20082678","HOOVER/VACUUM CLEANER","2","each","2625"
"RQ20082630","FILING CABINET","10","each","2626"
"RQ20082681","WATER DISPENSER","1","each","2627"
"RQ20082670","Male contacts for 11kv switchgear","12","each","2628"
"RQ20082687","Female contacts for 11kv switchgear","12","each","2629"
"RQ20082624","228 x 38 Rough sawn timber / 6m lengths","16","each","2630"
"RQ20082694","Standard Cement Bricks","10000","each","2631"
"RQ20082636","complete front axle","1","each","2632"
"RQ20090123","left upper control arm","1","each","2633"
"RQ20090123","right upper control arm","1","each","2634"
"RQ20090123","front wheel bearing kits","2","each","2635"
"RQ20090194","left upper control arm","1","each","2636"
"RQ20090194","right upper control arm","1","each","2637"
"RQ20090194","front wheel bearing kits","2","each","2638"
"RQ20090454","complete clutch kit for np300 4x4","1","each","2639"
"RQ20090477","front shocks np300 4 wheel drive","2","each","2640"
"RQ20090477","rear shocks np300 4 wheel drive","2","each","2641"
"RQ20090458","Visitor's Chairs ","99","each","2642"
"RQ20090465","Swivel Chairs ","30","each","2643"
"RQ20090777","Printing of Permit to work books","50","each","2644"
"RQ20090774","printing of E22 forms","75","each","2645"
"RQ20090758","Printing of CIF books","95","each","2646"
"RQ20090734","head gasket","1","each","2647"
"RQ20090734","water pump","1","each","2648"
"RQ20090734","silicone","1","each","2649"
"RQ20090734","degreaser","1","each","2650"
"RQ20090734","engine oil 5ltrs","1","each","2651"
"RQ2009071","New Tyres - 265/70R16","5","each","2652"
"RQ20090721","Clutch Kit","1","each","2653"
"RQ20090864","rubberised cork gaskets","40","each","2654"
"RQ20090831","SF6 GAS 50 KG","1","each","2655"
"RQ2009081","GRASS AND BUSH CUTTING","1","each","2656"
"RQ20090994","service turbo charger for Benz Artego f/n 1062","1","each","2657"
"RQ20090986","supply water pump for Benz f/n 1062","1","each","2658"
"RQ20090964","supply complete clutch kit for UD95 f/n 2192","1","each","2659"
"RQ20090990","upper control arms","2","each","2660"
"RQ20090921"," tyres 215R15","5","each","2661"
"RQ20091071","TRANSPORTATION OF LOAD 9M W/POLES","1","each","2662"
"RQ20091095","TRANSPORTATION OF LOAD 11M W/POLES","1","each","2663"
"RQ20091097","TRANSPORTATION OF LOAD 12.6M W/POLES","1","each","2664"
"RQ20091032","transportation","1","each","2665"
"RQ20091037","Transport hire","1","each","2666"
"RQ20091064","Transport hire","2","each","2667"
"RQ20091022","Transportation of 12.5m wood poles ","1","each","2668"
"RQ20091055","Transportation of 11m wood poles ","2","each","2669"
"RQ20091493","9m woodpoles transportation","100","each","2670"
"RQ20091421","10.8m woodpoles transportation","100","each","2671"
"RQ20091444","12.6m woodpoles transportation","100","each","2672"
"RQ20091582","clutch kit for np300","1","each","2673"
"RQ2009153","clutch kit for np300 4 wheel drive","1","each","2674"
"RQ20091553","1","1","each","2675"
"RQ20091546","1","1","each","2676"
"RQ20091527","1","1","each","2677"
"RQ20091633","9 M WOODPOLES TRANSPORTATION","200","each","2678"
"RQ20091661","11M WOODPOLES TRANSPORTATION","200","each","2679"
"RQ20091694","12m wood poles","80","each","2680"
"RQ20091635","12.6M WOODPOLES","200","each","2681"
"RQ20091617","11m wood poles","80","each","2682"
"RQ20091676","9m wood poles","100","each","2683"
"RQ20091645","Transportation of 9m wood poles","1","each","2684"
"RQ20091667","Transportation of 11m wood poles","1","each","2685"
"RQ20091673","Transportation of 12m wood poles","1","each","2686"
"RQ20091712","Suspension Repairs f/no2091","1","each","2687"
"RQ20091771","Acid Proof Work suits Masvingo garage","18","each","2688"
"RQ20091734","Complete suspension Over haul ","1","each","2689"
"RQ20091881","MAJOR SERVICE","1","each","2690"
"RQ2009186","MAJOR SERVICE","1","each","2691"
"RQ20092285","transportation of 9m wood poles","1","each","2692"
"RQ20092211","transportation of 11m wood poles","1","each","2693"
"RQ20092247","transportation of 12.6m wood poles","1","each","2694"
"RQ20092283","12.6mtrs wood poles","160","each","2695"
"RQ20092281","10.8mtr wood poles","100","each","2696"
"RQ20092289","9mtr wood poles","240","each","2697"
"RQ2009221","PURCHASE OF 9M POLES","360","each","2698"
"RQ20092261","PURCHASE OF 9M POLES","360","each","2699"
"RQ20092259","PURCHASE OF 12.6M POLES","300","each","2700"
"RQ20092249","PURCHASE OF 11M POLES","300","each","2701"
"RQ20092214","Swivel Chair","1","each","2702"
"RQ20092244","1","1","each","2703"
"RQ20092345","12.6m wood poles","100","each","2704"
"RQ20092381","11M WOOD POLES","400","each","2705"
"RQ20092359","10.8M WOOD POLES","100","each","2706"
"RQ20092322","1","1","each","2707"
"RQ2009237","1","1","each","2708"
"RQ20092365","30 tonne truck","1","each","2709"
"RQ20092325","30 tonne truck","1","each","2710"
"RQ20092321","30 tonne truck","1","each","2711"
"RQ2009231","30 tonne truck","1","each","2712"
"RQ20092332","1","4000","each","2713"
"RQ20092394","30 tonne truck","1","each","2714"
"RQ20092375","30 tonne truck","1","each","2715"
"RQ2009236","new tyres 215 R15","5","each","2716"
"RQ20092358","new tyres 215 R15","5","each","2717"
"RQ2009235","new tyres 215 R15","5","each","2718"
"RQ20092369","215R15 new tyres","5","each","2719"
"RQ20092344","1400 R20 for Crane Truck er2198","4","each","2720"
"RQ20092346","clutch kit for np300 4 wheel drive","1","each","2721"
"RQ20092335","Engine overhaul for Mist Lancer ACK 7434 f/n er2086","1","each","2722"
"RQ20092386","new tyres 215 R15","5","each","2723"
"RQ20092366","genuine clutch kit for np300 2 wheel drive","1","each","2724"
"RQ20092355"," genuine clutch kit for np300 4x4","1","each","2725"
"RQ20092312"," genuine clutch kit for np300 4x4","1","each","2726"
"RQ20092329","new tyres 215 R15 ","10","each","2727"
"RQ20092367"," new batteries size 650","2","each","2728"
"RQ20092473","9R22,5 Tyres","7","each","2729"
"RQ20092461","11R22.5 tyres ","4","each","2730"
"RQ20092451","245/70R16 Tyres","5","each","2731"
"RQ20092411","gear selector cable","1","each","2732"
"RQ20092411","gear shift cable","1","each","2733"
"RQ20092411","rear brake chambers","2","each","2734"
"RQ20092411","right hand rear nuts","2","each","2735"
"RQ20092411","left hand rear nuts","2","each","2736"
"RQ20092411","left hand tube nuts","2","each","2737"
"RQ20092498","supply and fit windscreen for Niss UD f/n er2192","1","each","2738"
"RQ2009245","laptops","2","each","2739"
"RQ20092575","9m woodpoles transportation","100","each","2740"
"RQ20092587","11m woodpoles transportation","100","each","2741"
"RQ20092551","12.6m woodpoles transportation","100","each","2742"
"RQ20092823","245/70R16 Tyres","5","each","2743"
"RQ20092887","245/70R16 Tyres","5","each","2744"
"RQ20092851","245/70R16 Tyres","5","each","2745"
"RQ20092858","245/70R16 Tyres","5","each","2746"
"RQ20092890","245/70R16 Tyres","5","each","2747"
"RQ20092815","245/70R16 Tyres","5","each","2748"
"RQ2009289","245/70R16 Tyres","5","each","2749"
"RQ2009285","9R22,5Tyres ","6","each","2750"
"RQ20092841","265/65R17 Tyres ","5","each","2751"
"RQ20092850","265/65R17 New Tyres ","5","each","2752"
"RQ20092820","1000x20 Tyres","6","each","2753"
"RQ20092873","215 R15 Tyres","5","each","2754"
"RQ20092882","Engine oil 15w40","300","litres","2755"
"RQ20092839","Engine oil 5w40 Fully synthetic","100","litres","2756"
"RQ20092833","multipurpose grease","30","kgs","2757"
"RQ20092874","wheel bearing grease","30","kgs","2758"
"RQ20092856","brake fluid","20","litres","2759"
"RQ20092830","wheel bearing grease","30","kgs","2760"
"RQ20092896","Gear Box oil 80w90","60","litres","2761"
"RQ20092848","ATF oil","40","each","2762"
"RQ20092942","Hand Sanitiser","100","litres","2763"
"RQ20092947","Hand Sanitiser","1000","litres","2764"
"RQ20092990","Hand Sanitiser","1000","litres","2765"
"RQ20092968","Face Mask","2000","each","2766"
"RQ2009297","265/65R17 tyres","5","each","2767"
"RQ20092952","CELLPHONE","1","each","2768"
"RQ20100143","cement","65","each","2769"
"RQ20100168","Upright Fridge","1","each","2770"
"RQ20100171","4.1 kerbside horse and totaliser","1","each","2771"
"RQ20100137","30 seater minibuses","2","each","2772"
"RQ20100121","complete set of genuine clutch kit for np300 4x4","1","each","2773"
"RQ20100562","205/65R16","5","each","2774"
"RQ20100522","Materials for Middle Sabi staff houses fence","1","each","2775"
"RQ20100785","first aid kit","27","each","2776"
"RQ2010073","ACURE BLUE CHROMADECK SHEETS","46","each","2777"
"RQ2010073","CRANKED RIDGES ","23","each","2778"
"RQ2010073","SAFE TOP SCREWS","6","kgs","2779"
"RQ20100981","Doors screens and Window buglar bars fixing ","1","each","2780"
"RQ20100919","line gang tools","8","each","2781"
"RQ20101299","Aluminium sliding windows","1","each","2782"
"RQ20101276","Aluminium sliding windows","3","each","2783"
"RQ20101243","Radiator","1","each","2784"
"RQ20101386","AIRDAC","250","metres","2785"
"RQ20101351","Pre-fabricated Roof","1","each","2786"
"RQ20101568","Mobile Handsets","15","each","2787"
"RQ20101924","11kv Lightning Arrestors","300","each","2788"
"RQ20101991","Catridges","28","each","2789"
"RQ20101911","7 tone truck owner driven","1","each","2790"
"RQ20102021","jerseys","34","each","2791"
"RQ20102099","trousers and jackets","34","each","2792"
"RQ20102034","skirts and jackets","36","each","2793"
"RQ2010209","W4000x1920mm","1","each","2794"
"RQ2010209","w4750 x 1920mm","1","each","2795"
"RQ2010209","w4000 x 1920mm","1","each","2796"
"RQ20102047","fuel totalisers and kerbside fuel horses","12","each","2797"
"RQ2010202","CALIBRATION OF FUEL TANKS - EASTERN REGION","6","each","2798"
"RQ20102171","submersible pump","1","each","2799"
"RQ20102128","submersible pump","1","each","2800"
"RQ20102137","Bar fridge ","2","each","2801"
"RQ20102270","SUB STATION STONES","70","each","2802"
"RQ20102244","QUARRY STONES","40","each","2803"
"RQ20102239","QUARRY STONES","40","each","2804"
"RQ20102284","QUARRY STONES","5","each","2805"
"RQ20102249","QUARRY STONES","50","each","2806"
"RQ20102292","QUARRY STONES","50","each","2807"
"RQ20102272","QUARRY STONES","50","each","2808"
"RQ20102222","QUARRY STONES","50","each","2809"
"RQ20102258","QUARRY STONES","30","each","2810"
"RQ20102266","QUARRY STONES","80","each","2811"
"RQ20102276","QUARRY STONES","40","each","2812"
"RQ20102243","QUARRY STONES","40","each","2813"
"RQ20102213","QUARRY STONES","60","each","2814"
"RQ20102288","QUARRY STONES","40","each","2815"
"RQ20102259","Building materials for Chimanimani Depot Durawall","1","each","2816"
"RQ20102248","Building materials for Chimanimani Depot Durawall","1","each","2817"
"RQ20102286","Building materials for Chimanimani Depot Durawall","1","each","2818"
"RQ20102211","245/70R16","5","each","2819"
"RQ20102383","HP Color LaserJet Pro M479FDN Printer","1","each","2820"
"RQ20102323","Air compressor 2.5 Horse Power 100l","1","each","2821"
"RQ20102323","Hammer Body and Fender ","1","each","2822"
"RQ20102342","10 Tonns Porta Power","1","each","2823"
"RQ20102342","Spray Gun HP tools 785 trade","1","each","2824"
"RQ20102364","LaserJet Pro M479FDN Color Printer","1","each","2825"
"RQ20102330","new tyres 195 R14","5","each","2826"
"RQ20102331","ASBESTOS","50","each","2827"
"RQ20102361","ASBESTOS","50","each","2828"
"RQ20102394","ASBESTOS","50","each","2829"
"RQ20102385","timber","95","each","2830"
"RQ20102657","Swivel Chair","1","each","2831"
"RQ20102657",,"0","each","2832"
"RQ20102657",,"0","each","2833"
"RQ20102653","Swivel Chair","1","each","2834"
"RQ20102674","Swivel Chair","1","each","2835"
"RQ20102623","Swivel Chair","1","each","2836"
"RQ2010269","Swivel Chair","1","each","2837"
"RQ20102778","timber","95","each","2838"
"RQ20102783","DEPOT LIGHTING MATERIALS","1","each","2839"
"RQ20102957","9R 22.5 new tyres for UD70 truck","6","each","2840"
"RQ20103064","HP131A full set toner cartridge","1","each","2841"
"RQ20110350","Tyre fitting machine for tyres 12inches to 22.5inches ","1","each","2842"
"RQ20110352","diagnostic Machine consult 3 for Nissan trucks","1","each","2843"
"RQ20110483","Laptop","1","each","2844"
"RQ20110483",,"0","each","2845"
"RQ2011046","4-in-one Printer","1","each","2846"
"RQ2011046",,"0","each","2847"
"RQ20110591","Fix and supply of razor wire for durawall,stores fence maint","1","each","2848"
"RQ20110591",,"0","each","2849"
"RQ20110560","Plastic Chairs","60","each","2850"
"RQ20110629","materials for Nyanga exec guest house ballustrades","1","each","2851"
"RQ20110640","FUEL PETROL","170","litres","2852"
"RQ20110647","FUEL DIESEL","300","litres","2853"
"RQ20110986","Transformer HV Coil winding machine ","1","each","2854"
"RQ20110939","new tyres size 1400R20","2","each","2855"
"RQ20110942","SUB STATION SWITCH LABELS","21","each","2856"
"RQ20111014","Panel Beating","1","each","2857"
"RQ20111039","Panel Beating","1","each","2858"
"RQ20111324","Common Bricks ","3000","each","2859"
"RQ20111647","Laptops","4","each","2860"
"RQ2011178","30 X 30 x 6m Angle Irons","75","each","2861"
"RQ20111796","ACID PROOF WORKSUITS","30","each","2862"
"RQ20111789","ANTISLIP SAFETY SHOES","15","each","2863"
"RQ20111949","175/65R14 Tyres F/No2182","5","each","2864"
"RQ20111944","175/65R14 Tyres F/No2217","5","each","2865"
"RQ20111977","Materials for renovating house no 128 nyanga","1","each","2866"
"RQ20111953","intergrity test for petrol tanks","2","each","2867"
"RQ20111996","intergrity test for petrol tanks","2","each","2868"
"RQ20111976","Printing of E117 books","100","each","2869"
"RQ20111929","Printing of E86 books","100","each","2870"
"RQ20111948","Printing of Pre-Task books","100","each","2871"
"RQ20111926","SAMSUNG GALAXY S10E TABLET","1","each","2872"
"RQ2011203","Flow meters with horse with nozzle","4","each","2873"
"RQ20112060","33KV Control and Relay Panel","1","each","2874"
"RQ20112028","33kV Current Transformer","6","each","2875"
"RQ2011201","33kV Voltage Transformer","1","each","2876"
"RQ20112080","33kV Rocking Arm Isolator","5","each","2877"
"RQ20112064","FACE MASKS ","1000","each","2878"
"RQ20112061","FACE MASKS ","1000","each","2879"
"RQ20112325","blinds","1","each","2880"
"RQ20112318","HIGH BACK SWIVEL CHAIRS ","6","each","2881"
"RQ20112312","VISITORS CHAIRS","12","each","2882"
"RQ20112647","100mm ACSR Dog Conductor","330000","metres","2883"
"RQ20112698","Galvanised pole caps ","937","each","2884"
"RQ2011267","Galvanised 10mm Crosby Clamps","681","each","2885"
"RQ20112635","Pole replacement","19","each","2886"
"RQ20112635","Wayleave clearance","26","each","2887"
"RQ2011268","3/4 Stay Rods ","479","each","2888"
"RQ20112643","Pole replacement","20","each","2889"
"RQ20112643","Wayleave clearance","26","each","2890"
"RQ20112626","Pole replacement","21","each","2891"
"RQ20112684","Galvanised 3/4 Stay Bows","479","each","2892"
"RQ20112676","Galvanised 3/4 Stay Plates","479","each","2893"
"RQ20112657","Galvanised 3/4 Stay Washers","479","each","2894"
"RQ20112666","M20 x 180 Bolts and Nuts","1470","each","2895"
"RQ20112610","M20 x 200 Bolts and Nuts","1780","each","2896"
"RQ20112642","M20 x 240 Bolts and Nuts","2940","each","2897"
"RQ20112617","M20 x 260 Bolts and Nuts","1780","each","2898"
"RQ20112632","M20 x 300 Bolts and Nuts","180","each","2899"
"RQ20112621","Galvanaised 20mm woodpole washers","5820","each","2900"
"RQ20112637","Galvanised steel stay wire 7/8","8445","metres","2901"
"RQ20112641","Galvanised 5/8 earth rods","180","each","2902"
"RQ20112653","16mm Earth spike connectors","180","each","2903"
"RQ20112694","Galvanised steel 16mm Crosby Clamps","180","each","2904"
"RQ20112671","Twisted Shackle Straps","486","each","2905"
"RQ20112648","Galvanised steel 7/14 stay wire","3030","each","2906"
"RQ20112646","16mm eye Bolts and Nuts","245","each","2907"
"RQ2011263","33kV Pole top bracket","800","each","2908"
"RQ20112651","33kV Pin Insulators","2205","each","2909"
"RQ20112654","33kV Pin Insulators","2205","each","2910"
"RQ20112659","33kV Pin Spacer","735","each","2911"
"RQ20112769","new tyres 175/70R13","5","each","2912"
"RQ20112798"," new tyres 205/60R15","5","each","2913"
"RQ2011275","batteries size 683","2","each","2914"
"RQ20112778","batteries size 683","2","each","2915"
"RQ20112737","652 batteries ","2","each","2916"
"RQ20112723","5x 215 R15","5","each","2917"
"RQ20112791"," new tyres size 5x 215R15","5","each","2918"
"RQ20112753","11kV XLPE 185mm2 Aluminium cable","2000","metres","2919"
"RQ20120117","new tyres 245/70 R16 ","5","each","2920"
"RQ20120145","new tyres size 215 R15 ","5","each","2921"
"RQ2012033","1 inch kerbside hose and 12WA-3 totaliser","4","each","2922"
"RQ20120370","1 inch kerbside hose and 12WA-3 totaliser","6","each","2923"
"RQ20120372","1 inch kerbside hose and 12WA-3 totaliser","4","each","2924"
"RQ20120323","repair underground fuel tanks","2","each","2925"
"RQ20120331","5000ltr water tank","1","each","2926"
"RQ20120450","Face masks with breather ","1000","each","2927"
"RQ20120737","131A CF 210A","1","each","2928"
"RQ20120737","131A CF 211A","1","each","2929"
"RQ20120737","131A CF 212A","1","each","2930"
"RQ20120780","Rainsuits for use by staff at chipinge depot","60","each","2931"
"RQ2012089","Samsung Galaxy","1","each","2932"
"RQ20121134","diesel filter z219 for np300 trucks","50","each","2933"
"RQ20121194","diesel filter Z425 for np300","50","each","2934"
"RQ20121155","Air filter ADG865 for np300","50","each","2935"
"RQ20121129","oil filters Z95 for np300","50","each","2936"
"RQ2012111"," brake fluid","30","each","2937"
"RQ2012117","bearing grease","30","kgs","2938"
"RQ2012118","multi purpose grease","30","kgs","2939"
"RQ20121411"," 5m x 2.8m Metal Shutter Door ","1","each","2940"
"RQ20121411","3m x 2.8m metal Sliding Door ","1","each","2941"
"RQ20121411","2.5m x 2.6m  Metal Sliding Door ","1","each","2942"
"RQ20121411","4m x 5m   metal Sliding Door","1","each","2943"
"RQ20121576","diesel filter z541 for np300 4x4","50","each","2944"
"RQ20121546","oil filter z153 np300 4x4","50","each","2945"
"RQ20121551","Air filter AG1331R for np300 4x4","50","each","2946"
"RQ20121580","LAWN","1","each","2947"
"RQ20121721","Rainsuits","245","each","2948"
"RQ20121786","Rainsuits","280","each","2949"
"RQ20121762","Rainsuits","280","each","2950"
"RQ20121713","Rainsuits","360","each","2951"
"RQ20121741","Rainsuits","360","each","2952"
"RQ20121737","Lightning arrestors","2000","each","2953"
"RQ20121742","Lightning arrestors","2000","each","2954"
"RQ20121841","Motor Vehicle Fibre Glass Canopies with ladder racks and side door with a fitted locking system","6","each","2955"
"RQ20122065","16mm 4 core","1000","metres","2956"
"RQ20122015","16mm ferrues","2000","each","2957"
"RQ20122015","35mm ferrues","2000","each","2958"
"RQ20122015","50mm ferrues","2000","each","2959"
"RQ20122015","70mm ferrues","2000","each","2960"
"RQ20122015","95mm ferrues","2000","each","2961"
"RQ20122097","225a mcb ","100","each","2962"
"RQ20122088","60a s/p  mcb","3000","each","2963"
"RQ20122078","60a s/p  mcb","3000","each","2964"
"RQ20122037","60a s/p  mcb","3000","each","2965"
"RQ2012207","60a s/p  mcb","3000","each","2966"
"RQ20122074","60a s/p  mcb","3000","each","2967"
"RQ20122019","60a s/p  mcb","3000","each","2968"
"RQ20122439","various line gang tools","12","each","2969"
"RQ20122444","soap 1kg","2500","each","2970"
"RQ20122459","soap 1kg","2500","each","2971"
"RQ20122490","soap 1kg","2500","each","2972"
"RQ21011452","Loading and Transporting Transformer","1","each","2973"
"RQ21011486","CEMENT","50","each","2974"
"RQ21011471","QUARRY STONES","5","each","2975"
"RQ21011470","BATTERY CUBICLE","5","each","2976"
"RQ21011848","NEW TYRES SIZE 245/70 R16","5","each","2977"
"RQ21011871","Laptops","10","each","2978"
"RQ21011995","RAINSUITS","46","each","2979"
"RQ2101254","PETROL","2000","litres","2980"
"RQ21012745","rear shocks","2","each","2981"
"RQ21012745","front shocks","2","each","2982"
"RQ21012762","complete clutch kit","1","each","2983"
"RQ21020333","Panel Beating F/no2201","1","each","2984"
"RQ21021584","Accident damage repairs 2201","1","each","2985"
"RQ21021516","Accident damage repairs 2201","1","each","2986"
"RQ21021576","Accident damage repairs 2201","1","each","2987"
"RQ21021737"," new tyres size 7.00 R16  117/116N","6","each","2988"
"RQ21030212","Cement ","80","each","2989"
"RQ21030312","12ft Asbestos Roofing Sheets","16","each","2990"
"RQ2103041","Plumping repairs and M/Sabi staff house","15","each","2991"
"RQ2103041",,"0","each","2992"
"RQ21030490","50-95mm2 PILC 11kv Joints","3000","each","2993"
"RQ21030481","16mm Crimping Ferrules","3000","each","2994"
"RQ2103044","35mm Crimp Ferrules","3000","each","2995"
"RQ21030419","50mm Crimp Ferrules","3000","each","2996"
"RQ21030497","70mm Crimp Ferrules","3000","each","2997"
"RQ21030476","95mm Crimp Ferrules","3000","each","2998"
"RQ21030563","tyres 245/70 R16 ","5","each","2999"
"RQ21030596","245/70R16 new tyres","5","each","3000"
"RQ21030552","245/70R16 new tyres","5","each","3001"
"RQ21030527","new tyres 245/70R16","5","each","3002"
"RQ21030574","245/70R16 new tyres","5","each","3003"
"RQ21030818","new tyres 215 R15","5","each","3004"
"RQ21030850","215R15 new tyres","5","each","3005"
"RQ21030814","215R15 new tyres","5","each","3006"
"RQ21030842","215R15 new tyres","5","each","3007"
"RQ21030846","215R15 new tyres","5","each","3008"
"RQ21030848","new tyres 215 R15","5","each","3009"
"RQ21030824","245/70R16 new tyres","5","each","3010"
"RQ21030812","245/70R16 new tyres","5","each","3011"
"RQ21030816","245/70R16 new tyres","5","each","3012"
"RQ21030839","245/70R16 new tyres","5","each","3013"
"RQ21030813","245/70R16 new tyres","5","each","3014"
"RQ21030844","245/70R16 new tyres","5","each","3015"
"RQ2103088","245/70R16 new tyres","5","each","3016"
"RQ21030849","245/70R16 new tyres","5","each","3017"
"RQ21030878","7.5R16 new tyre, tube and flap ","6","each","3018"
"RQ21030898","7.5R16 new tyres, tube and flap","6","each","3019"
"RQ21030835","6x7.5 new tyres,tubes and flap for Foton","6","each","3020"
"RQ21030981","Pole saw/ Pruner","2","each","3021"
"RQ2103097","Pole saw/ Pruner","2","each","3022"
"RQ21031117","BLINDS","1","each","3023"
"RQ21031136","Visitors chairs","12","each","3024"
"RQ21031113","CHAIRS","10","each","3025"
"RQ21031154","HIgh back swivel chairs","8","each","3026"
"RQ21031140","Trieste high back swivel chairs","5","each","3027"
"RQ21031129","BLINDS coudoroy blue","1","each","3028"
"RQ21031160","d iron","2000","each","3029"
"RQ21031142","d iron","2000","each","3030"
"RQ21031148","d iron","2000","each","3031"
"RQ21031147","60a s/p  mcb","2000","each","3032"
"RQ2103116","soap 1kg","2000","each","3033"
"RQ21031123","soap 1kg","2000","each","3034"
"RQ21031144","soap 1kg","2000","each","3035"
"RQ21031192","50-95mm pilc joining kits","100","each","3036"
"RQ21031234","Fixing Tiles (square meters)","56","metres","3037"
"RQ2103151","1.8m x 75 x3mm Diamond Mesh","380","metres","3038"
"RQ2103151","2.24mm High Strain Wire","50","kgs","3039"
"RQ2103151","2.0mm barbed wire","100","kgs","3040"
"RQ21031686","Drill worksuits with reflectors","77","each","3041"
"RQ21031628","Landline telephone handsets","9","each","3042"
"RQ21031830","infra-red thermometer","18","each","3043"
"RQ21031819","NON STERILE TYVEK SUIT","18","each","3044"
"RQ21031891","MALE CONDOMS","18","cartons","3045"
"RQ21031813","NON STERILE TYVEK SUIT","18","each","3046"
"RQ2103187","FIRST AID TRAINING","40","each","3047"
"RQ21031811","WATER BUCKET","18","each","3048"
"RQ21031847","WATER BUCKET","18","each","3049"
"RQ21031851"," tyres  265/65R17 ","5","each","3050"
"RQ21032287","12FT ASBESTOS SHEETS","10","each","3051"
"RQ21032287","8FT ASBESTOS SHEETS","7","each","3052"
"RQ21032287","12FT ASBESTOS SHEETS","15","each","3053"
"RQ21032227","Swivel Chairs ","8","each","3054"
"RQ21032290","Fumigation","1","each","3055"
"RQ21032248","cleaning","1","each","3056"
"RQ21032385","Aluminium sliding windows, doors and frames","1","each","3057"
"RQ21032421","Cartridges for HR Secretary Office (HP980 Black,  HP980 Cyan, HP980 Yellow & HP980 Magentaand HP980 Magenta Cartridges)","4","each","3058"
"RQ21032470","L SHAPED DESK","1","each","3059"
"RQ21032443","HIgh back swivel chairs","13","each","3060"
"RQ21032476","borehole","1","each","3061"
"RQ21032422","desks","3","each","3062"
"RQ2103249","Swivel Chairs ","15","each","3063"
"RQ2103243","Swivel Chairs ","15","each","3064"
"RQ21032943","NON STERILE TYVEK SUIT","54","each","3065"
"RQ21032966","8.25 x 16 - 14 ply tyres x 7, 8.25x16tubesx7, 8.25 x 16 tyres flaps x 7","7","each","3066"
"RQ2103295","Till rolls for Masvingo","250","each","3067"
"RQ21032925","FACE MASKS ","1200","cartons","3068"
"RQ2103294","160mm underground pvc waste pipe /6m length","5","each","3069"
"RQ21032961","laptops for Sales Analyst, CM Secretary, Loss Control Officer Region, Accounting Officer Regional Office and Commercial Officer Masvingo","5","each","3070"
"RQ21032923","CISCO Routers for Nyanga Depot, Middle Sabi Depot and Chiredzi depot","3","each","3071"
"RQ21032970","Laptop for Engineering Manager Secretary","1","each","3072"
"RQ21033081","BLINDS","1","each","3073"
"RQ21033019","Cement 32.5 N","80","each","3074"
"RQ21033145","160mm underground pvc waste pipe /6m length","12","each","3075"
"RQ21033193","leather gloves for rusape staff","44","each","3076"
"RQ21040141","5L HAND SANITISER","200","each","3077"
"RQ21040618","Britelite green bar soap","0","each","3078"
"RQ21040724","FIRST AID BOXES AND CONTENTS","50","each","3079"
"RQ21040934","Male contacts for 11kv switchgear","6","each","3080"
"RQ21040920","Female contacts for 11kv switchgear","6","each","3081"
"RQ21040911","lightining arrestors 11kv ","1000","each","3082"
"RQ21041198","spindles 5/8","500","each","3083"
"RQ21041183","stay brackets","500","each","3084"
"RQ21041340","tyres size 205/70R15","5","each","3085"
"RQ21041368","contractor","1","each","3086"
"RQ21041383","POLE CHANGES","1","each","3087"
"RQ21041326","POLE CHANGES","97","each","3088"
"RQ21041377","POLE CHANGES AND WAYLEAVE CLEARANCE","1","each","3089"
"RQ21041363","POLE CHANGES AND WAYLEAVE CLEARANCE","1","each","3090"
"RQ21041352","POLE CHANGES AND WAYLEAVE CLEARANCE","1","each","3091"
"RQ21041929","Plastic Chair purchase","60","each","3092"
"RQ21042026","Tiles,grout,cobblestone and porce for Rusape Depot","1","each","3093"
"RQ21042063","PAINTING SERVICES","1","each","3094"
"RQ21042076","CHANNEL BLOCKS","95","kgs","3095"
"RQ21042076","HARPIC","95","litres","3096"
"RQ21042076","COBRA","210","kgs","3097"
"RQ21042076","BROOMS","54","each","3098"
"RQ21042076","MOPS","54","each","3099"
"RQ21042076","MUTTON CLOTH","90","kgs","3100"
"RQ21042076","TOILET BRUSH","101","each","3101"
"RQ21042076","BUCKETS","22","each","3102"
"RQ21042037","Controllers instruction forms","100","each","3103"
"RQ21042037",,"0","each","3104"
"RQ21042097","Permit to work forms","100","each","3105"
"RQ21042449","MATERIALS AND LABOUR","1","each","3106"
"RQ21042693","All-In-1 Desktop Computers","5","each","3107"
"RQ21042658","CEMENT","80","bags","3108"
"RQ21042614","40MM*40MM *6M SQUARE TUBES","35","each","3109"
"RQ21042671","80A Cartridge","5","each","3110"
"RQ21042619","Bond paper ","5","each","3111"
"RQ21042899","E86 forms","200","each","3112"
"RQ21042877","E84 Forms","100","each","3113"
"RQ21042836","E60 Forms","200","each","3114"
"RQ2104295","Conductor (50mm SCA Conductor) 4125m","4125","metres","3115"
"RQ21042964","50mm2 SCA Conductor (4125M) -Bushmead","4125","metres","3116"
"RQ21042936","50mm2 SCA Conductor (4125M) -Bushmead","4125","metres","3117"
"RQ2104299","50mm2 SCA Conductor (4125M) -Bushmead","4125","metres","3118"
"RQ2104303","Laptops","5","each","3119"
"RQ21050330","interlocking bricks (80mm)","55500","each","3120"
"RQ21050330","wall tiles","47","metres","3121"
"RQ21050330","floor tiles","105","metres","3122"
"RQ21050330","tile cement","64","bags","3123"
"RQ21050330","tile grout","14","kgs","3124"
"RQ21050330","bonding liquid","20","litres","3125"
"RQ21050419","Sliding gates","2","each","3126"
"RQ2105042","1.5mtrs*2.5mm perimeter fence","1650","metres","3127"
"RQ21050410","double knit winter jerseys","32","each","3128"
"RQ21050449","50mm2 SCA Conductor-Bushmead","6000","metres","3129"
"RQ21050453","FIRST AID BOX CONTENTS","50","each","3130"
"RQ2105069","TRANSFORMER OIL","24","each","3131"
"RQ21051186","195x14 Tyres","5","each","3132"
"RQ21051170","195x14 Tyres x5 F/No2010","5","each","3133"
"RQ21051146","195x14 Tyres","5","each","3134"
"RQ21051144","195x14 Tyres","5","each","3135"
"RQ21051176","215R15 Tyres","5","each","3136"
"RQ21051120","215R15 Tyres","5","each","3137"
"RQ21051152","245/70R16 Tyres","5","each","3138"
"RQ21051128","245/70R16 Tyres","5","each","3139"
"RQ21051124","245/70R16 Tyres","5","each","3140"
"RQ21051113","245/70R16Tyres","5","each","3141"
"RQ21051117","750R16 Tyres","5","each","3142"
"RQ2105111","PAINTING SERVICES-LABOUR ONLY","1","each","3143"
"RQ21051155","Air Conditioner for Accounting Officer-Revenue Assurance","1","each","3144"
"RQ21051184","Air Conditioner for Accounting Officer-Revenue Assurance","1","each","3145"
"RQ21051372","Stainless Steel Water Dispenser","1","each","3146"
"RQ21051386","Capri Chest Freezer","1","each","3147"
"RQ21051379","Swivel Chairs","4","each","3148"
"RQ21051353","L-Shaped Reception Desk","1","each","3149"
"RQ21051346","Flat Screen Smart Colour TV","1","each","3150"
"RQ21051380","Flat Screen Smart Colour TV","1","each","3151"
"RQ21051313","90L Single Door Capril Fridge","1","each","3152"
"RQ21051497","HYDROGEN PEROXIDE","18","each","3153"
"RQ21051751","9m wood poles","150","each","3154"
"RQ2105171","9m wood poles","150","each","3155"
"RQ21051720","9m wood poles","150","each","3156"
"RQ21051731","Engine oil 500l GTX Castrol for Mutare Garage","500","litres","3157"
"RQ21051733","9m wood poles","150","each","3158"
"RQ21051739","11m woodpoles","100","each","3159"
"RQ21051726","11m woodpoles","100","each","3160"
"RQ21051748","11m woodpoles","100","each","3161"
"RQ21051789","12.5m woodpoles ","80","each","3162"
"RQ21051771","12.5m woodpoles ","80","each","3163"
"RQ21051767","FIRST AID TRAINING","40","each","3164"
"RQ21051729","FACE MASKS ","1200","cartons","3165"
"RQ21051763","FACE MASKS ","1200","cartons","3166"
"RQ21051970","National and corporate flags","40","each","3167"
"RQ21051996","Diamond Mesh Wire for Zesa Houses","5","each","3168"
"RQ2105197","Protective Clothing","26","each","3169"
"RQ2105197",,"0","each","3170"
"RQ21052026","1","1","each","3171"
"RQ21052094","Chest Freezer","1","each","3172"
"RQ21052010","Office Tables","3","each","3173"
"RQ21052071","Swivel Chairs","4","each","3174"
"RQ2105206","Office Chairs","21","each","3175"
"RQ21052096","Boardroom Tables","3","each","3176"
"RQ21052084","L-Shaped Reception Desk","1","each","3177"
"RQ21052018","43 Inch Flat Screen Colour TV","1","each","3178"
"RQ21052091","90L Single Door Capril Fridge","1","each","3179"
"RQ21052097","Metal Filing Cabinets","8","each","3180"
"RQ21052040","POLE REPLACEMENT","80","each","3181"
"RQ21052040","WAYLEAVE CLEARANCE","577","metres","3182"
"RQ21052040","STAY REINSTATE","1","each","3183"
"RQ21052085","POLE REPLACEMENT","51","each","3184"
"RQ2105204","POLE REPLACEMENT","51","each","3185"
"RQ2105204","WAYLEAVE CLEARANCE","545","metres","3186"
"RQ2105204","STAY REINSTATE","15","each","3187"
"RQ21052063","Visitors Chairs DM Mutare","8","each","3188"
"RQ2105219","70mm2x4 core cable","100","metres","3189"
"RQ21052133","25mm x 4 core cable","100","metres","3190"
"RQ21052633","1XGEAR SHIFT CABLE, 1XGEAR SELECTOR CABLE","2","each","3191"
"RQ21052612","Z296 oil filtersx30, Z94 fuel filtersx30, G989 chassis filtersx30, ADG990R Air elementsx18,ADR991RAir elementsx18,ADR955Air elementsx12,ASDR956 Air elementsx12","150","each","3192"
"RQ21052662","Z425 filtersx82, Z153 filtersx82, ADG865 Air elementsx41","205","each","3193"
"RQ2105269","Z219 fuel filtersx48, Z220 fuel filtersx48, Z95 oil filtersx48, ADG865 air filtersx24","168","each","3194"
"RQ21052651","BJ1052x80, BJ1099x30, BJ958x50","160","each","3195"
"RQ21060198","new tyres 5x175/65 R13","5","each","3196"
"RQ21060237","Brake callipersx2, Brake discsx2, Primer pumpx1,Top radiator horsex1, Bottom radiator horsex1,Clutch slave cylinderx1,Tie rod endsx2","10","each","3197"
"RQ21060287","Radiatorx1,Upper control armsx2,Lower control armsx2,Upper balljointsx2, Lower ball jointsx2, Front wheel bearing kitsx2, Front wheel hubsx2","13","each","3198"
"RQ21060298","clutch assembly kit","1","each","3199"
"RQ21060328","security fence (perimeter fence)","1","each","3200"
"RQ21060462","Transformer oil","2940","litres","3201"
"RQ21060812","HYDROGEN PEROXIDE","18","each","3202"
"RQ21060913","new tyres size 11R 22.5","7","each","3203"
"RQ21060927","5m x 2.8m Metal Shutter door","1","each","3204"
"RQ21060927","3m x 2.8m Metal Sliding Door","1","each","3205"
"RQ21060927","2.5m x 2.6m Metal Sliding Door","1","each","3206"
"RQ21060927","4m x 5m Metal Sliding Door","1","each","3207"
"RQ21061037","grass cutting and bush clearing","1","each","3208"
"RQ21061130","HIgh back swivel chair","1","each","3209"
"RQ21061187","filing cabinet","2","each","3210"
"RQ21061156","Visitors chairs","10","each","3211"
"RQ21061188","air conditioner","1","each","3212"
"RQ21061169","Hire of Tent, Chairs, Decor Service and Accessories on 7.6.2021 (EC's Visit)","1","each","3213"
"RQ21061522","acid proof worksuits for Mutare Garage staff","30","each","3214"
"RQ21061662","valuation","1","each","3215"
"RQ21061664","valuation","1","each","3216"
"RQ21061675","2xNew batteries size 671 ","2","each","3217"
"RQ21061771","Executive Swivel Chair for Masvingo CSC 24 Hour Desk","1","each","3218"
"RQ21061743","4x 20litre paint","4","each","3219"
"RQ21061833","picture frames","200","each","3220"
"RQ21061887","Swivel Chair for Banking Hall Clerk-Masvingo District Office","1","each","3221"
"RQ21061861","Swivel Executive Chair-Clerk HR (Nyamupenza E)","1","each","3222"
"RQ21061848","Clutch Plate Nissan NP300","1","each","3223"
"RQ21061848",,"0","each","3224"
"RQ21062159","HIgh back swivel chair","1","each","3225"
"RQ21062187","HIgh back swivel chair","1","each","3226"
"RQ21062134","reception chairs","2","each","3227"
"RQ21062168","3 in 1 printer","1","each","3228"
"RQ21062117","chair","1","each","3229"
"RQ21062234","SURGICAL FACE MASKS ","200","cartons","3230"
"RQ21062240","TYVIK SUITS","54","each","3231"
"RQ21062226","SAFETY GOOGLES","54","each","3232"
"RQ21062272","HAND SANITISER","150","each","3233"
"RQ21062281","SILVER SHINE AND TX GREY PAINT","200","litres","3234"
"RQ2106236","Mechanical Fuel pump ","1","each","3235"
"RQ21062312","Mechanical Fuel pump ","1","each","3236"
"RQ21062397","970 Toner Cartridges full set","1","each","3237"
"RQ21062326","415 Toner Cartridges full set (black, cyan, yellow, magenta)","1","each","3238"
"RQ21062371","920 Toner Cartridges full set (black, cyan, yellow, magenta)","1","each","3239"
"RQ21062419","POLE CHANGES AND WAYLEAVE CLEARANCE","1","each","3240"
"RQ21062472","staff IDs","151","each","3241"
"RQ21062450","staff IDs","151","each","3242"
"RQ21062431","staff IDs","80","each","3243"
"RQ21062429","200ml hand sanitizer","2000","each","3244"
"RQ21062410","FOOT OPERATED HAND SANITISER","10","each","3245"
"RQ21062459","200ml hand sanitizer","1400","each","3246"
"RQ21062439","DETTOL SOAP","1400","each","3247"
"RQ21062480","GREEN BAR SOAP","6000","each","3248"
"RQ21062874","purchase of complete genuine new starter for Benz Artego truck","1","each","3249"
"RQ21062840"," new tyres 285/70 R17","5","each","3250"
"RQ21070517","track rod","1","each","3251"
"RQ21070517","outter tie rod end","2","each","3252"
"RQ21070517","inner tie rod end","2","each","3253"
"RQ21070517","lower control arms","2","each","3254"
"RQ21070517","upper control arms","2","each","3255"
"RQ21070517","lower arm bolts","2","each","3256"
"RQ21070517","rear spring bushes set","1","each","3257"
"RQ21070517","front shocks","2","each","3258"
"RQ21070517","rear shocks","2","each","3259"
"RQ21070517","lower arm bushes","2","each","3260"
"RQ21070590","track rod","1","each","3261"
"RQ21070590","outter tie rod end","2","each","3262"
"RQ21070590","inner tie rod end","2","each","3263"
"RQ21070590","lower control arms","2","each","3264"
"RQ21070590","upper control arms","2","each","3265"
"RQ21070590","lower arm bolts","2","each","3266"
"RQ21070590","rear spring bushes set","1","each","3267"
"RQ21070590","front shocks","2","each","3268"
"RQ21070590","rear shocks","2","each","3269"
"RQ21070590","lower arm bushes","2","each","3270"
"RQ21070588","track rod","1","each","3271"
"RQ21070588","outter tie rod end","2","each","3272"
"RQ21070588","inner tie rod end","2","each","3273"
"RQ21070588","lower control arms","2","each","3274"
"RQ21070588","upper control arms","2","each","3275"
"RQ21070543","track rod","1","each","3276"
"RQ21070543","outter tie rod end","2","each","3277"
"RQ21070543","inner tie rod end","2","each","3278"
"RQ21070543","lower control arms","2","each","3279"
"RQ21070543","upper control arms","2","each","3280"
"RQ21070543","lower arm bolts","2","each","3281"
"RQ21070543","rear spring bushes set","1","each","3282"
"RQ21070543","front shocks","2","each","3283"
"RQ21070543","rear shocks","2","each","3284"
"RQ21070543","lower arm bushes","2","each","3285"
"RQ21070562","track rod","1","each","3286"
"RQ21070562","outter tie rod end","2","each","3287"
"RQ21070562","inner tie rod end","2","each","3288"
"RQ21070562","lower control arms","2","each","3289"
"RQ21070562","upper control arms","2","each","3290"
"RQ21070562","lower arm bolts","2","each","3291"
"RQ21070562","rear spring bushes set","1","each","3292"
"RQ21070562","front shocks","2","each","3293"
"RQ21070562","rear shocks","2","each","3294"
"RQ21070562","lower arm bushes","2","each","3295"
"RQ2107052","track rod","1","each","3296"
"RQ2107052","outter tie rod end","2","each","3297"
"RQ2107052","inner tie rod end","2","each","3298"
"RQ2107052","lower control arms","2","each","3299"
"RQ2107052","upper control arms","2","each","3300"
"RQ2107052","lower arm bolts","2","each","3301"
"RQ2107052","rear spring bushes set","1","each","3302"
"RQ2107052","front shocks","2","each","3303"
"RQ2107052","rear shocks","2","each","3304"
"RQ2107052","lower arm bushes","2","each","3305"
"RQ21070750","33KV SF6 CB","1","each","3306"
"RQ21070747","11 KV CTS","4","each","3307"
"RQ21070711","TRANSFORMER PROTECTION RELAY","1","each","3308"
"RQ21070788","BATTERY BANK AND BATTERY CHARGER","1","each","3309"
"RQ21070982","Male contacts for 11kv switchgear","12","each","3310"
"RQ21070984","Female contacts for 11kv switchgear","12","each","3311"
"RQ21071250","SURGICAL FACE MASKS ","1500","cartons","3312"
"RQ21071281","970 / 971 Colour Toner Full Set","1","each","3313"
"RQ21072128","LINK STICKS","20","each","3314"
"RQ21072836"," petrol","1500","litres","3315"
"RQ21072944","HP Envy laptop","3","each","3316"
"RQ21072913","HP Envy laptop","3","each","3317"
"RQ2107297","HP Envy laptop","3","each","3318"
"RQ2108021","HYDROGEN PEROXIDE","54","each","3319"
"RQ21080275","SUBSTATION DOORS","50","each","3320"
"RQ21080419","new tyres 215R15","5","each","3321"
"RQ21080422","new tyres 215R15","5","each","3322"
"RQ21080493","new tyres 215R15 ","5","each","3323"
"RQ21080423"," new tyres size 215R15","5","each","3324"
"RQ21080415","new tyres size 215R15","5","each","3325"
"RQ21080464","new tyres 215R15 ","5","each","3326"
"RQ21080484","new tyres size 215R15 ","5","each","3327"
"RQ21080416","new tyres size 215R15","5","each","3328"
"RQ21080442","215R15 new tyres","5","each","3329"
"RQ21080465","215R15 new tyres","5","each","3330"
"RQ21080430","new tyres 215R15","5","each","3331"
"RQ21080646","90 X 11kv Lightning Arrestors for Masvingo District","90","each","3332"
"RQ21081618","Neon Sign","1","each","3333"
"RQ21081820","lighting arrestors 11kv ","1000","each","3334"
"RQ21081883","lighting arrestors 11kv ","1000","each","3335"
"RQ21081937","175/70x14 tyres","5","each","3336"
"RQ21082051","11 kv lighting arrestors ","1000","each","3337"
"RQ21082092","11 kv lighting arrestors ","1000","each","3338"
"RQ21082052","11 kv lighting arrestors ","1000","each","3339"
"RQ21082096","11 kv lighting arrestors ","1000","each","3340"
"RQ21082325","11KV Lightning Arrestors","90","each","3341"
"RQ21082338","Louvered Steel Doors","40","each","3342"
"RQ2108233","Tri-cycle Padlocks","200","each","3343"
"RQ21082432","valuation","1","each","3344"
"RQ21082444","HP i7 Envy Touch Screen laptop","3","each","3345"
"RQ21082740","OXYGEN CONCENTRATOR","2","each","3346"
"RQ21082723","OXYGEN CYLINDER ","2","each","3347"
"RQ21090324","cleaning","1","each","3348"
"RQ21090328","cleaning","1","each","3349"
"RQ21090839","tyres 6x11R 22.5 ","6","each","3350"
"RQ21090961","FIRE FIGHTING EQUIPMENT SERVICING","300","each","3351"
"RQ21090979","fire extinguishers","58","each","3352"
"RQ21090916","fire extinguishers","58","each","3353"
"RQ21090951","fire extinguishers","58","each","3354"
"RQ21090995","CCTV Repair for Masvingo District Banking Hall","1","each","3355"
"RQ21090986","CCTV Repair for Masvingo District Banking Hall","1","each","3356"
"RQ21091466","FACE MASKS ","1500","cartons","3357"
"RQ21091451","HAND SANITISER","200","each","3358"
"RQ2109146","HAND SANITISER","200","each","3359"
"RQ21091532","245/70R16 Tyres","5","each","3360"
"RQ21091557","245/70R16 Tyres","5","each","3361"
"RQ21091589","HP55A toner cartridge","2","each","3362"
"RQ21091674","HP 55A Toner Cartridge","1","each","3363"
"RQ21091760","ZCDC VR Station Fence as per design attached","1","each","3364"
"RQ21091728","FIRE FIGHTING EQUIPMENT SERVICING","148","each","3365"
"RQ21091761","1000x20 Tyres, Tubes Flaps ","6","each","3366"
"RQ21092047","plumbing","1","each","3367"
"RQ21092021","Shackle pins and bushes x set each","2","each","3368"
"RQ2109208","Shackle pins and bushes x set each","2","each","3369"
"RQ21092060","Shackle pins and bushes x set each","2","each","3370"
"RQ21092175","11KV Lightning Arrestors","30","each","3371"
"RQ21092193","1000x20 Tyres, Tubes Flaps ","6","each","3372"
"RQ21092153","11M WOOD POLES","400","each","3373"
"RQ21092157","11M WOOD POLES","400","each","3374"
"RQ21092189","11M WOOD POLES","400","each","3375"
"RQ21092173","11M WOOD POLES","400","each","3376"
"RQ21092124","11M WOOD POLES","400","each","3377"
"RQ2109216","11M WOOD POLES","400","each","3378"
"RQ21092125","12.6M WOOD POLES","100","each","3379"
"RQ21092182","9M WOOD POLES","200","each","3380"
"RQ21092149","Bull Bars ","1","each","3381"
"RQ21092289","woodpoles 11m","100","each","3382"
"RQ21092289",,"0","each","3383"
"RQ21092298","woodpoles 11m","100","each","3384"
"RQ21092298",,"0","each","3385"
"RQ2109226","woodpoles 11m","100","each","3386"
"RQ21092254","woodpoles 11m","100","each","3387"
"RQ21092278","woodpoles 11m","100","each","3388"
"RQ21092259","woodpoles 11m","100","each","3389"
"RQ21092232","woodpoles 11m","100","each","3390"
"RQ21092285","woodpoles 11m","100","each","3391"
"RQ21092262","woodpoles 11m","100","each","3392"
"RQ21092233","woodpoles 11m","100","each","3393"
"RQ21092214","woodpoles 11m","100","each","3394"
"RQ21092219","woodpoles 11m","100","each","3395"
"RQ21092269","woodpoles 11m","100","each","3396"
"RQ21092299","woodpoles 11m","100","each","3397"
"RQ21092264","woodpoles 11m","100","each","3398"
"RQ21092212","woodpoles 11m","100","each","3399"
"RQ21092250","woodpoles 11m","100","each","3400"
"RQ21092288","woodpoles 11m","100","each","3401"
"RQ21092223","woodpoles 11m","100","each","3402"
"RQ21092280","woodpoles 11m","100","each","3403"
"RQ21092293","woodpoles 11m","100","each","3404"
"RQ21092249","woodpoles 11m","100","each","3405"
"RQ21092228","woodpoles 11m","100","each","3406"
"RQ21092248","woodpoles 11m","100","each","3407"
"RQ21092297","woodpoles 11m","100","each","3408"
"RQ21092252","woodpoles 11m","100","each","3409"
"RQ21092265","woodpoles 11m","100","each","3410"
"RQ21092237","woodpoles 11m","100","each","3411"
"RQ21092274","woodpoles 11m","100","each","3412"
"RQ21092210","lighting arrestors 11kv ","30","each","3413"
"RQ21092245","lighting arrestors 11kv ","30","each","3414"
"RQ21092211","lighting arrestors 11kv ","30","each","3415"
"RQ21092226","multgrade Engine Oil 15w-14","400","litres","3416"
"RQ21092724","REAR BRAKE CHAMBERS","2","each","3417"
"RQ21092816","245/70R16 Tyres","5","each","3418"
"RQ21092841","245/70R16 Tyres","5","each","3419"
"RQ21092889","245/70R16 Tyres","5","each","3420"
"RQ21092864","245/70R16 Tyres","5","each","3421"
"RQ21092868","245/70R16 Tyres","5","each","3422"
"RQ21092872","245/70R16 Tyres","5","each","3423"
"RQ21092947","new tyres 11R 22.5","7","each","3424"
"RQ21092963","12.6 METRE POLES","150","each","3425"
"RQ21100449","desk","1","each","3426"
"RQ21100438","ACID PROOF WORKSUITS","32","each","3427"
"RQ21100453","ACID PROOF WORKSUITS","32","each","3428"
"RQ21100463","ANTISLIP SAFETY SHOES","16","each","3429"
"RQ21100699","Office Desk","1","each","3430"
"RQ21100759","office chair","1","each","3431"
"RQ2110073","office desk","1","each","3432"
"RQ21100743","265/75R15 TYRES","5","each","3433"
"RQ21100717","205/70R15 TYRES","5","each","3434"
"RQ21100798","DRAGLINKS","1","each","3435"
"RQ21100786","DRAGLINKS","1","each","3436"
"RQ21101383","i tone trucks","5","each","3437"
"RQ21101394","i tone trucks","3","each","3438"
"RQ21101358","i tone trucks","12","each","3439"
"RQ21101326","i tone trucks","2","each","3440"
"RQ21101371","High back swivel Chair","1","each","3441"
"RQ21101345","High back swivel Chairs","4","each","3442"
"RQ2110137","Female contacts for 11kv switchgear","24","each","3443"
"RQ21101349","MALE CONTACT TIPS","24","each","3444"
"RQ21101341","TRANSFORMER OIL","20","each","3445"
"RQ21101519","High back Swivel chair","1","each","3446"
"RQ21101847","1 Tonner Truck","1","each","3447"
"RQ21101877","1 Tonner Truck","1","each","3448"
"RQ21101812","1 Tonner Truck","1","each","3449"
"RQ21101885","1 Tonner Truck","1","each","3450"
"RQ21101938","PICK-UP TRUCKS","3","each","3451"
"RQ21101965","7-TONNE LORRIES","2","each","3452"
"RQ21101971","1","30","each","3453"
"RQ21101937","1","90","each","3454"
"RQ21101995","FIRST AID TRAINING","20","each","3455"
"RQ21101967","Siting,Drilling,Casing and Installation of Borehole","40","metres","3456"
"RQ21101958","Siting,Drilling,Casing and Installation of Borehole","40","metres","3457"
"RQ21101936","Siting,Drilling,Casing and Installation of Borehole","40","metres","3458"
"RQ21101933","FIRST AID TRAINING","20","each","3459"
"RQ21101999","SANITISER DISPENSER","18","each","3460"
"RQ21101953","FIRST AID TRAINING","20","each","3461"
"RQ2110194","SANITISER DISPENSER","18","each","3462"
"RQ21102013","solar power upgrade","1","each","3463"
"RQ21102035","upgrade solar power system","1","each","3464"
"RQ21102010","solar power upgrade","1","each","3465"
"RQ21102093","HPE 2TB SATA 7.2K LFF S MV HDD","1","each","3466"
"RQ21102146","PICK-UP TRUCKS","3","each","3467"
"RQ21102170","fire extinguishers servicing","100","each","3468"
"RQ21102196","fire extinguishers servicing","93","each","3469"
"RQ2110216","cement","50","kgs","3470"
"RQ21102528","purchase of water pump for np300","1","each","3471"
"RQ21102750","4 IN 1; MULTI-FUNCTIONAL PRINTER","1","each","3472"
"RQ21102769","1 tonne vehicle","4","each","3473"
"RQ2110276","Tyres it 175/65R14","4","each","3474"
"RQ21102897","MOTOR VEHICLE HIRE","92","each","3475"
"RQ21102820","top ball joint","2","each","3476"
"RQ21102820","lower ball joint","2","each","3477"
"RQ21102820","trackrod","1","each","3478"
"RQ21102812","CHAIRS","10","each","3479"
"RQ21102830","vehicle hire","1","each","3480"
"RQ21102827","vehicle hire","1","each","3481"
"RQ21102850","vehicle hire","1","each","3482"
"RQ21102865","vehicle hire","1","each","3483"
"RQ21102817","vehicle hire","1","each","3484"
"RQ21102884","vehicle hire","1","each","3485"
"RQ21102978","CCTV","1","each","3486"
"RQ21102961","LAPTOP","2","each","3487"
"RQ21102954","LAPTOP","1","each","3488"
"RQ21102997","LAPTOP","1","each","3489"
"RQ21102970","LAPTOP","1","each","3490"
"RQ21103072","1234","1","each","3491"
"RQ21103033","1234","1","each","3492"
"RQ21103099","zxcv","2","each","3493"
"RQ2111018","laptopscsd","1","each","3494"
"RQ21110276","borehole","1","each","3495"
"RQ21110233","borehole","1","each","3496"
"RQ21110265","borehole","1","each","3497"
"RQ21110284","borehole","1","each","3498"
"RQ21110288","Cellphone","4","each","3499"
"RQ2111023","Cellphone","4","each","3500"
"RQ21110248","PICK-UP TRUCKS","1","each","3501"
"RQ21110246","PICK-UP TRUCKS","1","each","3502"
"RQ21110299","PICK-UP TRUCKS","1","each","3503"
"RQ21110210","PICK-UP TRUCKS","1","each","3504"
"RQ21110214","PICK-UP TRUCKS","1","each","3505"
"RQ21110369","PICK-UP TRUCKS","1","each","3506"
"RQ21110355","PICK-UP TRUCKS","1","each","3507"
"RQ21110322","PICK-UP TRUCKS","1","each","3508"
"RQ21110333","PICK-UP TRUCKS","1","each","3509"
"RQ21110317","FACE MASKS ","1800","cartons","3510"
"RQ21110365","FACE MASKS ","1800","cartons","3511"
"RQ2111035","HAND SANITISER","200","each","3512"
"RQ21110357","4-in-1 Colour Printer","1","each","3513"
"RQ2111036","4-in-1 Colour Printer","1","each","3514"
"RQ21110395","4-in-1 Colour Printer","1","each","3515"
"RQ21110373","HP Envy i7 15""x360 Covertible laptop","1","each","3516"
"RQ21110374","HP core i5 laptop","4","each","3517"
"RQ21110376","HP core i5 laptop","3","each","3518"
"RQ21110488","PICK-UP TRUCKS","1","each","3519"
"RQ21110491","PICK-UP TRUCKS","1","each","3520"
"RQ21110492",,"90","each","3521"
"RQ21110441","Transport hire ","90","each","3522"
"RQ21110458",,"90","each","3523"
"RQ21110476",,"90","each","3524"
"RQ21110462",,"90","each","3525"
"RQ21110426","Transport hire ","90","each","3526"
"RQ21110493",,"90","each","3527"
"RQ21110436","Transport hire ","90","each","3528"
"RQ21110495"," ","90","each","3529"
"RQ2111049","Transport hire ","90","each","3530"
"RQ21110484","Transport hire ","90","each","3531"
"RQ21110438","Transport hire ","90","each","3532"
"RQ21110525","GIS TOOLS","2","each","3533"
"RQ21110575","I TONNE TRUCK HIRE MIDDLE SABI","90","each","3534"
"RQ21110510","I TONNE TRUCK HIRE MIDDLE SABI","90","each","3535"
"RQ21110552","PICK-UP TRUCKS","1","each","3536"
"RQ21110586","SAFETY PERFORMANCE BOARD SIGNAGE","3","each","3537"
"RQ21110898","20","20","cartons","3538"
"RQ21110862","toilet pan and cistern","2","each","3539"
"RQ21110853","2x20 litres buckets","40","litres","3540"
"RQ2111081","2x20 litres buckets","40","litres","3541"
"RQ21110837","2x20 litres buckets","40","litres","3542"
"RQ21110840","2x20 litres buckets","40","litres","3543"
"RQ21110871","P30 Lite Huawei Cellphone Handset for the Commercial Manager","1","each","3544"
"RQ21110811","HEAVY VEHICLE HIRE FOR 3 MONTHS - NOV 2021-JAN 2022","3","each","3545"
"RQ21110892","HEAVY VEHICLE HIRE FOR 90 DAYS FOR OPERATIONS, MAINTENANCE AND CONSTRUCTION ACTIVITIES","90","each","3546"
"RQ21110829","HEAVY VEHICLE HIRE FOR 90 DAYS FOR OPERATIONS, MAINTENANCE AND CONSTRUCTION ACTIVITIES","90","each","3547"
"RQ21110852","2x 20 litre paint","40","litres","3548"
"RQ21110845","2x 20 litre paint","40","litres","3549"
"RQ21110832","2x 20 litre paint","40","litres","3550"
"RQ21110897","2x 20 litre paint","40","litres","3551"
"RQ21110834","2x 20 litre paint","40","litres","3552"
"RQ21110826","2x 20 litre paint","40","litres","3553"
"RQ21110880","1","1","each","3554"
"RQ21110971","Linksticks","14","each","3555"
"RQ21111029","25","25","each","3556"
"RQ21111068","FIX AND SUPPLY BLINDS","1","each","3557"
"RQ21111093","4 IN 1; MULTI-FUNCTIONAL PRINTER","1","each","3558"
"RQ21111091","4 IN 1; MULTI-FUNCTIONAL PRINTER","1","each","3559"
"RQ21111535","Linksticks","7","each","3560"
"RQ21111522","Linksticks","7","each","3561"
"RQ21111597","Linksticks","7","each","3562"
"RQ21111542","Linksticks","7","each","3563"
"RQ21111595","Photos ","1","each","3564"
"RQ21111534","Photos ","1","each","3565"
"RQ2111159","Photos ","1","each","3566"
"RQ21111524","Photos ","150","each","3567"
"RQ21111544","Photos ","150","each","3568"
"RQ21111519","Linksticks","7","each","3569"
"RQ21111541","Mineral Water (Tingamira ","800","each","3570"
"RQ21111589","Mineral Water (Tingamira ","800","each","3571"
"RQ21111679","Britelite washing soap","450","each","3572"
"RQ21111665","Britelite washing soap","450","each","3573"
"RQ21111662","Britelite washing soap","450","each","3574"
"RQ21111697","Britelite washing soap","450","each","3575"
"RQ21111634","Britelite washing soap","450","each","3576"
"RQ2111167","Britelite washing soap","450","each","3577"
"RQ21111649","Britelite washing soap","450","each","3578"
"RQ21111687","Britelite washing soap","450","each","3579"
"RQ21111677","Britelite washing soap","450","each","3580"
"RQ21111672","Britelite washing soap","450","each","3581"
"RQ21111698","Britelite washing soap","450","each","3582"
"RQ21111674","ties","125","each","3583"
"RQ21111640","ties","125","each","3584"
"RQ21111625","borehole","1","each","3585"
"RQ21111691","borehole","1","each","3586"
"RQ21111659","LINK STICKS","4","each","3587"
"RQ2111162","Operations Stationery for Mutare District","50","each","3588"
"RQ21111689","Operations Stationery for Mutare District","50","each","3589"
"RQ21111630","Operations Stationery for Mutare District","50","each","3590"
"RQ21111692","Operations Stationery for Mutare District","50","each","3591"
"RQ21111791","Operations Stationery for Mutare District","50","each","3592"
"RQ2111177","Operations Stationery for Mutare District","50","each","3593"
"RQ21111745","Operations Stationery for Mutare District","50","each","3594"
"RQ21111747","Operations Stationery for Mutare District","50","each","3595"
"RQ21111727","Operations Stationery for Mutare District","50","each","3596"
"RQ21111737","FACE MASKS ","600","cartons","3597"
"RQ21111713","FACE MASKS ","600","cartons","3598"
"RQ21111753","FACE MASKS ","600","cartons","3599"
"RQ21111857","new tyres 205/70 R15","5","each","3600"
"RQ2111187"," new tyres 205/70R15","5","each","3601"
"RQ21111873"," new tyres 205/70R15","5","each","3602"
"RQ21111869"," new tyres 205/70R15","5","each","3603"
"RQ2111181","205/70 R15 new tyres","5","each","3604"
"RQ21111898","205/70 R15 new tyres","5","each","3605"
"RQ21111820","205/70 R15 new tyres","5","each","3606"
"RQ21111823","new tyres 205/70 R15","5","each","3607"
"RQ21111842","new tyres 205/70 R15","5","each","3608"
"RQ21111884","new tyres 205/70 R15","5","each","3609"
"RQ2111183","205/70 R15 new tyres","5","each","3610"
"RQ21111834","205/70 R15 new tyres","5","each","3611"
"RQ21111883","205/70 R15 new tyres","5","each","3612"
"RQ2111186","Printer","1","each","3613"
"RQ21111836","Laptop","1","each","3614"
"RQ21111864","Laptops","4","each","3615"
"RQ21111817","Laptops","3","each","3616"
"RQ2111184"," clutch kit for np300 4x4 YD25","1","each","3617"
"RQ21111920","Cellphones","4","each","3618"
"RQ21111928","Cellphones","4","each","3619"
"RQ21111959","Cellphones","4","each","3620"
"RQ21111941","Cellphones","4","each","3621"
"RQ21111950","Cellphones","4","each","3622"
"RQ21111930","Cellphones","4","each","3623"
"RQ21111916","Cellphones","4","each","3624"
"RQ21111964","Cellphones","4","each","3625"
"RQ21111990","Cellphones","4","each","3626"
"RQ21111935","Cellphones","4","each","3627"
"RQ21111995","Cellphones","4","each","3628"
"RQ21112227","LAPTOPS","2","each","3629"
"RQ2111229","LAPTOPS","2","each","3630"
"RQ2111225","TRANSFORMER OIL 208L","10","each","3631"
"RQ21112268","TRANSFORMER OIL 208L","10","each","3632"
"RQ21112238","TRANSFORMER OIL 208L","10","each","3633"
"RQ21112380","borehole","1","each","3634"
"RQ21112366","borehole","1","each","3635"
"RQ21112341","borehole","1","each","3636"
"RQ21112349","borehole","1","each","3637"
"RQ21112434","1 tonne truck hire","91","each","3638"
"RQ21112449","1 tonne truck hire","91","each","3639"
"RQ21112493","1 tonne truck hire","91","each","3640"
"RQ21112498","1 tonne truck hire","91","each","3641"
"RQ21112495","1 ton truck. 4*4","91","each","3642"
"RQ21112473","4*4 1 ton truck hire","91","each","3643"
"RQ21112461","4*4 1 ton truck hire","91","each","3644"
"RQ21112410","7 ton truck hire","91","each","3645"
"RQ21112466","Diesel pick-up truck(light)","2","each","3646"
"RQ21112454","AIR CONDITIONER FOR DISTRICT MANAGER (MUTARE)","1","each","3647"
"RQ21112420","laptop","1","each","3648"
"RQ21112417","wer","1","each","3649"
"RQ21112433","frt","12","each","3650"
"RQ2111249","laptop","1","each","3651"
"RQ21112470","laptop","1","each","3652"
"RQ21112443","frt","1","each","3653"
"RQ21112744","12.6 METRE POLES","240","each","3654"
"RQ21112923","Perimeter Fence 25m x 2,4m see spec","1","each","3655"
"RQ21120255","19 mm stones*16 cubic meters","16","each","3656"
"RQ21120326","05A Toner Cartridges","5","each","3657"
"RQ21120397","80A Toner Cartridge","3","each","3658"
"RQ21120373","Canon 737 Toner Cartridge","1","each","3659"
"RQ21120365","Motor vehicle-Twin cab","2","each","3660"
"RQ21120365","Motor vehicle- Single cab ","2","each","3661"
"RQ21120365",,"0","each","3662"
"RQ21121459","FACE MASKS ","2400","cartons","3663"
"RQ21121493","HAND SANITISER","200","each","3664"
"RQ21121479","HYDROGEN PEROXIDE","58","each","3665"
"RQ21121425","195/65r15 Tyres","5","each","3666"
"RQ21122167","Square Cut Flat Files","2000","each","3667"
"RQ22010387","11 kv Lightning Arrestors","0","each","3668"
"RQ22010311","9mtr wood poles","120","each","3669"
"RQ22010341","11 mtr Wood poles","300","each","3670"
"RQ22010325","12.5mtr wood poles","180","each","3671"
"RQ22010393","Heavy duty raincoats","60","each","3672"
"RQ22010323","TREATED WOOD POLES 200X 9M 200X11M, 200X 12.6M","600","each","3673"
"RQ22010415","purchase of engine oil","700","litres","3674"
"RQ22010496","wood poles","100","each","3675"
"RQ22010410","11m wood poles","100","each","3676"
"RQ22010428","9 m wood poles","100","each","3677"
"RQ2201057"," 245/70R15 tyres","4","each","3678"
"RQ22010570","tyres 185/65/15","5","each","3679"
"RQ22010625","bush clearing and grass cutting","1","each","3680"
"RQ22010691","12.6m 160-180mm TRANSMISSION POLES","100","each","3681"
"RQ22010723","POLE REPLACEMENT","16","each","3682"
"RQ22011148","A5 DIARIES","90","each","3683"
"RQ22011148","A4 DIARIES","35","each","3684"
"RQ22011148","A4 PERSONILISED DIARIES","15","each","3685"
"RQ22011328","new tyres 245/70R16 ","5","each","3686"
"RQ22011367","new tyres size 245/70R16 ","5","each","3687"
"RQ22011372","new tyres size 245/70R16 for np300 4x4 er2183","5","each","3688"
"RQ22011364","new tyres 245/70R16 ","5","each","3689"
"RQ22011356","new tyres size 245/70R16","5","each","3690"
"RQ2201139"," new tyres 245/70R16","5","each","3691"
"RQ22011325","new tyres size 245/70R16 ","5","each","3692"
"RQ2201133","245/70R16 new tyres","5","each","3693"
"RQ22011394","245/70R16 new tyres","5","each","3694"
"RQ22011310","245/70R16 new tyres","5","each","3695"
"RQ22011339","245/70R16 new tyres","5","each","3696"
"RQ22011344","245/70R16 new tyres","5","each","3697"
"RQ22011353","245/70R16 new tyres","5","each","3698"
"RQ22011389","245/70R16 new tyres","5","each","3699"
"RQ22011313","new tyres size245/70R16 ","5","each","3700"
"RQ22011362","tyres 245/70 R16 ","5","each","3701"
"RQ2201137","245/70R16 new tyres","5","each","3702"
"RQ22011338","215R15 new tyres","5","each","3703"
"RQ22011337","215R15 new tyres","5","each","3704"
"RQ22011330","215R15 new tyres","5","each","3705"
"RQ22011317","215R15 new tyres","5","each","3706"
"RQ22011314","215R15 new tyres","5","each","3707"
"RQ2201138","215R15 new tyres","5","each","3708"
"RQ22011320","215R15 new tyres","5","each","3709"
"RQ22011322","215R15 new tyres","5","each","3710"
"RQ22011363","215R15 new tyres","5","each","3711"
"RQ22011381","215R15 new tyres","5","each","3712"
"RQ22011358","11R 22.5 tyres","7","each","3713"
"RQ22011377","295/80R22.5 tyres","6","each","3714"
"RQ22011319","new tyres 9R 22.5","6","each","3715"
"RQ22011427","Pool Table","1","each","3716"
"RQ22011758","12.6 of wood pole","500","each","3717"
"RQ22011741","wood poles 11m","500","each","3718"
"RQ22011768","wood poles 9m","200","each","3719"
"RQ22012193","FIRST AID TRAINING SERVICE","20","each","3720"
"RQ2201218","FIRST AID TRAINING SERVICE","20","each","3721"
"RQ22012117","FIRST AID BOX CONTENTS","60","each","3722"
"RQ22012182","fire extinguishers servicing","91","each","3723"
"RQ22012158","FIRE FIGHTING EQUIPMENT SERVICING","148","each","3724"
"RQ22012164","fire extinguishers servicing","93","each","3725"
"RQ22012134","fire extinguishers servicing","100","each","3726"
"RQ22012183","fire extinguishers servicing","100","each","3727"
"RQ22012174","fire extinguishers servicing","100","each","3728"
"RQ2201213","fire extinguishers servicing","100","each","3729"
"RQ22012420","185/65R15 TYRES","2","each","3730"
"RQ22012425","Linksticks","6","each","3731"
"RQ22012475","LINK STICKS","10","each","3732"
"RQ22012471","SAFETY BELTS","10","each","3733"
"RQ2201249","POLYSTEEL ROPE 20mm","500","metres","3734"
"RQ22012419","LINESMAN LADDER","5","each","3735"
"RQ22012546","712 Canon Cartridge","1","each","3736"
"RQ22012563","286/70R17 new tyres","5","each","3737"
"RQ22012569","BATTERY CUBICLES","3","each","3738"
"RQ22012561","BROMACIL GRANULATED WEEDKILLER","500","kgs","3739"
"RQ22012683","GIS Tool","5","each","3740"
"RQ22012646","ZCDC VR Station Fence as per design attached","1","each","3741"
"RQ22012614","1 TONNE TRUCK","5","each","3742"
"RQ22012773","Pre - fabricated roof for  ZCDC VR Control room","1","each","3743"
"RQ22012786","12ft 6mm Asbestos Roofing Sheets","16","each","3744"
"RQ22012720","Feruka fence as on attached Spec","1","each","3745"
"RQ22012785","11m Creosote treated woodpoles as per attached spec","52","each","3746"
"RQ22012745","1650mm 11kV Wood x-arms as per attached spec","40","each","3747"
"RQ22012795","12.6m Creosote Treated 33kV Woodpoles as per spec","509","each","3748"
"RQ22012779","1850mm Creosote treated woodpoles","400","each","3749"
"RQ22012751","3200x100x100 Steel Galvanised Box X-arm","41","each","3750"
"RQ22012778","12.6m Creosote Treated 33kV Woodpoles as per spec","1000","each","3751"
"RQ22012728","1850mm Creosote treated wood x-arms","1000","each","3752"
"RQ22012777","3200x100x100 Steel Galvanised Box X-arm","270","each","3753"
"RQ2201288","HP130A LASERJET PRINTER ","1","each","3754"
"RQ22012814","HP130A LASERJET PRINTER ","1","each","3755"
"RQ2201287","HP216A BLACK CARTRIDGE","2","each","3756"
"RQ2201287","HP216A MAGENTA CARTRIDGE","1","each","3757"
"RQ2201287","HP216A CYAN CARTRIDGE","1","each","3758"
"RQ2201287","HP216A YELLOW CARTRIDGE","1","each","3759"
"RQ22020159","185/65/R14 tyres","5","each","3760"
"RQ22020142","FIRE EXTINGUISHERS SERVICE & RECHARGE","58","each","3761"
"RQ22020748"," 4 in 1 printer ","4","each","3762"
"RQ22020738","hp core i5 and core i7 laptops","15","each","3763"
"RQ22020752","REAR SPRING BUSHES ","12","each","3764"
"RQ22020752","UPPER WISHBONE","2","each","3765"
"RQ22020752","UPPER BALL JOINTS","2","each","3766"
"RQ22020752","lower control arms","2","each","3767"
"RQ22020752","FRONT WHEEL DISCS","2","each","3768"
"RQ22020752","FRONT WHEEL BEARINGS","2","each","3769"
"RQ22020752","FRONT SHOCKS","2","each","3770"
"RQ22020752","REAR SHOCKS","2","each","3771"
"RQ22020752","OUTTER TIE ROD ENDS","2","each","3772"
"RQ22020752","INNER TIE ROD ENDS","2","each","3773"
"RQ22020752","STEERING DROP ARM BUSHES","2","each","3774"
"RQ22020752","BRAKE PADS","1","each","3775"
"RQ22020752","BRAKE CALIPERS","2","each","3776"
"RQ22020830","1","1","each","3777"
"RQ22020894","1","1","each","3778"
"RQ22020866","1","1","each","3779"
"RQ22020882","1","1","each","3780"
"RQ22020854","all in one Desktop computers","2","each","3781"
"RQ22020872","LAPTOPS","4","each","3782"
"RQ22020862","LAPTOPS","2","each","3783"
"RQ22020937","750 R16 tyres ","7","each","3784"
"RQ22021018","TRANSFORMER OIL","2090","litres","3785"
"RQ22021094","245/70R16","4","each","3786"
"RQ22021037","245/70R16","4","each","3787"
"RQ22021030","245/70R16","4","each","3788"
"RQ22021053","245/70R16","4","each","3789"
"RQ22021016","245/70R16","5","each","3790"
"RQ22021063","245/70R16","5","each","3791"
"RQ22021088","245/70R16","5","each","3792"
"RQ2202108","245/70R15","4","each","3793"
"RQ22021079","245/70R15","4","each","3794"
"RQ22021196","upper wishbones","2","each","3795"
"RQ22021196","inner tie rod ends","2","each","3796"
"RQ22021196","outter tie rod ends","2","each","3797"
"RQ22021196","front wheel bearings","2","each","3798"
"RQ22021196","front wheel discs","2","each","3799"
"RQ22021196","front shocks","2","each","3800"
"RQ22021196","brake pads","2","each","3801"
"RQ22021196","handbrake cables-left and right","2","each","3802"
"RQ22021196","rear shocks","2","each","3803"
"RQ22021196","rear wheel cylinders","2","each","3804"
"RQ22021196","brake adjuster mechanisms kit","2","each","3805"
"RQ22021156","10kw Diesel Generator - Network Development","1","each","3806"
"RQ22021181","FACE MASKS ","1800","cartons","3807"
"RQ22021442","Large 8 bolt clamps","80","each","3808"
"RQ22021424","NEW TYRES SIZE 750r16","7","each","3809"
"RQ22021467","9m wood poles","100","each","3810"
"RQ22021430","11m wood poles","100","each","3811"
"RQ22021451","12.6m wood poles","100","each","3812"
"RQ22021583","GIS Tool","5","each","3813"
"RQ22021583",,"0","each","3814"
"RQ22021618","BROMACIL GRANULATED WEEDKILLER","100","kgs","3815"
"RQ22021635"," 4 in 1 colour printer ","2","each","3816"
"RQ22021694"," 4 in 1 black and white printer ","5","each","3817"
"RQ22021674","Core i7 laptop","2","each","3818"
"RQ22021647","CISCO ROUTER ISR 4221","2","each","3819"
"RQ22021678","CISCO ROUTER ISR 4221","2","each","3820"
"RQ22021620","CISCO ROUTER ISR 4221","5","each","3821"
"RQ22021637","CISCO ROUTER ISR 4221","3","each","3822"
"RQ22021731","all in one Desktop computers","2","each","3823"
"RQ22021752","all in one Desktop computers","2","each","3824"
"RQ22021721","all in one Desktop computers","2","each","3825"
"RQ22021745","all in one Desktop computers","2","each","3826"
"RQ22021790","all in one Desktop computers","2","each","3827"
"RQ22021711","all in one Desktop computers","2","each","3828"
"RQ22021733","all in one Desktop computers","2","each","3829"
"RQ22021740","LAPTOPS","4","each","3830"
"RQ22021723","LAPTOPS","2","each","3831"
"RQ22021777","215/80R15 TYRES","20","each","3832"
"RQ22021719","Core i7 Laptops","2","each","3833"
"RQ22021797","projector","1","each","3834"
"RQ22021749","COLOUR TV 43''","133399","each","3835"
"RQ22021791","projector","1","each","3836"
"RQ2202178","projector","1","each","3837"
"RQ22021848","1.5 Tonner Truck","1","each","3838"
"RQ22021832","TYRES - 205/60R15","5","each","3839"
"RQ22021833","TYRES - 245/70R16","4","each","3840"
"RQ22022258","7 tone truck","1","each","3841"
"RQ22022241","OFFICE BLINDS","1","each","3842"
"RQ22022239","Aluminium door ","1","each","3843"
"RQ22022266","carpet","1","each","3844"
"RQ2202229","BLINDS","1","each","3845"
"RQ22022366","05A toner black","30","each","3846"
"RQ22022367","55A toner black and 80A toner black","15","each","3847"
"RQ22022362","canon737 l black toner ","1","each","3848"
"RQ22022399","195/70R14","5","each","3849"
"RQ22022421","11R 22.5 TYRES","7","each","3850"
"RQ22022493","12.6m 140-160mm TREATED POLES","100","each","3851"
"RQ22022446","FAULT REPORT BOOKS E86 IN TRIPLICATE","100","each","3852"
"RQ22022480","11m 140-160mm TREATED POLES","100","each","3853"
"RQ22022428","11m 160-160mm TREATED POLES","100","each","3854"
"RQ22022471","12.6m 160-180mm TRANSMISSION POLES","100","each","3855"
"RQ22022423","Demolish Concrete Slab at Puma Service Station","1","each","3856"
"RQ22022411","SAFETY BELT WITH ROPE","50","each","3857"
"RQ22022448","RAINSUITS","100","each","3858"
"RQ22022881","Wooden Filing Cabinet for DM Mutare's  Office","1","each","3859"
"RQ22022884","Wooden Filing Cabinet for DM Mutare's  Office","1","each","3860"
"RQ22022879","Wooden Filing Cabinet for DMs  Office","1","each","3861"
"RQ22022848","9mtr wood poles","4","each","3862"
"RQ22022848","12.6mtr wood poles","8","each","3863"
"RQ22022838","50mm SCA conductor","3000","metres","3864"
"RQ22022838","Angle iron","7","metres","3865"
"RQ22022838","4 pole platform","1","each","3866"
"RQ22022838","4 door cubicle","1","each","3867"
"RQ22022838","185mm Cable","24","metres","3868"
"RQ22022875","7 TONNE TRUCK","30","each","3869"
"RQ22022860","FOAM MATRESSES","10","each","3870"
"RQ22030174","70mm Crimp Sleeves","200","each","3871"
"RQ22030191","95mm Crimp Sleeves","150","each","3872"
"RQ2203018","Transformer oil","1680","litres","3873"
"RQ22030163","Projector","1","each","3874"
"RQ22030197","core i5 laptop","1","each","3875"
"RQ22030188","17 Inch Laptop","2","each","3876"
"RQ2203019","185/65R15","5","each","3877"
"RQ22030298","15 inch core i7 laptop","1","each","3878"
"RQ22030393","Current transformers","3","each","3879"
"RQ22030327","Silver shine paint","300","litres","3880"
"RQ22030364","TRANSFORMER GREY PAINT","100","litres","3881"
"RQ22030372","generator","1","each","3882"
"RQ22030351","Insulating oil tester","1","each","3883"
"RQ22030349","LAPTOPS","2","each","3884"
"RQ22030310","Laptop ","1","each","3885"
"RQ22030383","Rainsuits","60","each","3886"
"RQ22030830","FOUR MEN TENT","10","each","3887"
"RQ22030847","12.6M Wood Poles","160","each","3888"
"RQ22030865","11M Wood Poles","80","each","3889"
"RQ22030871","9M Wood Poles","80","each","3890"
"RQ22030932","11m wood poles","100","each","3891"
"RQ22030983","12.6M Wood Poles","80","each","3892"
"RQ22030966","12.6M Wood Poles","80","each","3893"
"RQ22031415","Pool Table","1","each","3894"
"RQ22031490","industrial stove","1","each","3895"
"RQ22031732","5 ton chain block","1","each","3896"
"RQ22031753","5 ton chain block","1","each","3897"
"RQ22031751","Husq chain saw","2","each","3898"
"RQ22031712","Husq chain saw","2","each","3899"
"RQ22031717","High back swivel chair","1","each","3900"
"RQ22031777","Swivel chair","1","each","3901"
"RQ22031720","service kits","20","each","3902"
"RQ22031779","REAR SHOCKS","20","each","3903"
"RQ22031738","FRONT SHOCKS","20","each","3904"
"RQ22031776","new tyres 185/65R70","5","each","3905"
"RQ22031729","Transport","1","each","3906"
"RQ22031757","Transport","1","each","3907"
"RQ22031865","4 in 1 printer scanner copier ","1","each","3908"
"RQ22031836","4 in 1 printer scanner copier ","1","each","3909"
"RQ22031897","L SHAPED DESK","1","each","3910"
"RQ22031854","L SHAPED DESK","1","each","3911"
"RQ2203189","SF6 GAS","50","kgs","3912"
"RQ22031852","core i7 laptop","1","each","3913"
"RQ22031824","UPS purchase of UPS apparatus consisting of a battery and invertor","1","each","3914"
"RQ22031871","Purchase of UPS apparatus consisting of battery and invertor","1","each","3915"
"RQ22031870","Transport","1","each","3916"
"RQ22031830","Transport","1","each","3917"
"RQ22031893","4-in-one color printer ","1","each","3918"
"RQ22031821","4-in-one color printer ","1","each","3919"
"RQ22032193","Contravision","1","each","3920"
"RQ22032183","truck hire 4*4 1ton","1","each","3921"
"RQ22032189","4*4 1 tonne truck","1","each","3922"
"RQ22032194","1 ton truck hire","1","each","3923"
"RQ22032162","FOUR MEN TENT","10","each","3924"
"RQ22032238","195/65R15 NewTyres","5","each","3925"
"RQ22032278","245/70R16 Tyres","5","each","3926"
"RQ22032226","245/70R16 Tyres","5","each","3927"
"RQ22032250","245/70R16 Tyres","5","each","3928"
"RQ22032265","245/70R16 Tyres","5","each","3929"
"RQ22032294","7 TONNE TRUCK","1","each","3930"
"RQ22032243","215/80R15 TYRES","5","each","3931"
"RQ22032270","215/80R15 TYRES","5","each","3932"
"RQ22032234","215/80R15 TYRES","5","each","3933"
"RQ22032214","215/80R15 TYRES","5","each","3934"
"RQ22032230","1000x20 New Tyres, ","6","each","3935"
"RQ22032252","9R22,5 New Tyres ","6","each","3936"
"RQ22032247","195/65R15 NewTyres","5","each","3937"
"RQ22032216","CHAIRS","20","each","3938"
"RQ22032285","CHAIRS","6","each","3939"
"RQ22032389","HIgh back swivel chair","4","each","3940"
"RQ22032374","L SHAPED DESK","1","each","3941"
"RQ22032315","6 drawer desks","3","each","3942"
"RQ2203235","750 x16 ; 14/16 ply Tyres","5","each","3943"
"RQ22032351","sumsang A12 for Transport Controller","1","each","3944"
"RQ22032451","Large 8 bolt clamps","45","each","3945"
"RQ22032557","new tyres 9R 22.5","7","each","3946"
"RQ22032522","200W LED Flood Lights","3","each","3947"
"RQ22032528","16mm x 4 core armoured cable","60","each","3948"
"RQ22032561","2.5mmx3 core flex cable for use at state functions","200","metres","3949"
"RQ2203291","Hp 415ABlack and Color Original Multipack Toner Cartridge","1","each","3950"
"RQ22032964","WAYLEAVE CLEARING","40","each","3951"
"RQ22033043","WAYLEAVE CLEARING","56","each","3952"
"RQ22033094","WAYLEAVE CLEARING","63","each","3953"
"RQ22033081","WAYLEAVE CLEARING","7","each","3954"
"RQ22033034","WAYLEAVE CLEARING","7","each","3955"
"RQ22033015","WAYLEAVE CLEARING","59","each","3956"
"RQ22033014","WAYLEAVE CLEARING","30","each","3957"
"RQ22033038","WAYLEAVE CLEARING","32","each","3958"
"RQ22033078","WAYLEAVE CLEARING","31","each","3959"
"RQ2203309","WAYLEAVE CLEARING","20","each","3960"
"RQ22033079","980A Multipack toner Cartridge","1","each","3961"
"RQ22033027","staff IDs","79","each","3962"
"RQ22033084","staff IDs","159","each","3963"
"RQ22033089","REAR SHOCKS","2","each","3964"
"RQ22033089","FRONT SHOCKS","2","each","3965"
"RQ22033088","original starter for Benz Artego f/n 1062 engine number 90491100195395","1","each","3966"
"RQ22033077","Internal hard drive disk ","1","each","3967"
"RQ22040599","male double navy blue knit jerseys with company logo","27","each","3968"
"RQ22040599","female double knit navy blue jerseys with company logo","2","each","3969"
"RQ22040530","4 in one printer black","1","each","3970"
"RQ22040662","59A Black toner","1","each","3971"
"RQ2204068","Mineral Water (Tingamira ","600","each","3972"
"RQ2204062","1 tone truck","1","each","3973"
"RQ2204067","1 tone truck","1","each","3974"
"RQ22040616","1 tone truck","1","each","3975"
"RQ22040624","1 tone truck","1","each","3976"
"RQ2204064","1 tone truck","1","each","3977"
"RQ22040659","1 tone truck","1","each","3978"
"RQ22040652","1 tone truck","1","each","3979"
"RQ22040691","1 tone truck","1","each","3980"
"RQ22040671","1 tone truck","1","each","3981"
"RQ22040669","1 tone truck","1","each","3982"
"RQ22040641","1 tone truck","1","each","3983"
"RQ22040679","1 tone truck","1","each","3984"
"RQ22040832","970xl black and 971xl cartridges","1","each","3985"
"RQ22040837","SUSPENSION MATERIALS FOR TOYOTA QUANTUM","0","each","3986"
"RQ22040898","SUSPENSION MATERIALS FOR TOYOTA QUANTUM","10","each","3987"
"RQ22041155","Photocopying","6600","each","3988"
"RQ22041261","Tyres it 185/65R14","5","each","3989"
"RQ22041343","FACE MASKS ","1800","cartons","3990"
"RQ22041377","HAND SANITISER","150","each","3991"
"RQ22041392","HYDROGEN PEROXIDE","50","each","3992"
"RQ22042286","6U Network Cabinet with back panel","3","each","3993"
"RQ22042285","6U Network Cabinet with back panel","3","each","3994"
"RQ2204223","6U Network Cabinet with back panel","3","each","3995"
"RQ22042276","6U Network Cabinet with back panel","3","each","3996"
"RQ22042561","Welding Machine","1","each","3997"
"RQ22042594","Porta Power","1","each","3998"
"RQ22042517","Borehole drilling","1","each","3999"
"RQ22042780","Commercial Fuel Pump","1","each","4000"
"RQ2204271","Calibration of tanks","2","each","4001"
"RQ22042712","Calibration of tanks","1","each","4002"
"RQ22042715","Calibration of tanks","2","each","4003"
"RQ22042789","Calibration of tanks","2","each","4004"
"RQ22042762","Calibration of tanks","2","each","4005"
"RQ22042989","TENDER NOTICE BOARD 1.2M*1.2M","1","each","4006"
"RQ22042989",,"0","each","4007"
"RQ22050385","ALUMINIUM  TENDER BOARD 1.2*1.2","1","each","4008"
"RQ2205054","Capri upright fridge C350 WD","1","each","4009"
"RQ22050555","Capri upright fridge C350 WD","1","each","4010"
"RQ22050930","HIGH BACK SWIVEL CHAIRS (LEATHER)","20","each","4011"
"RQ22050986","VISITORS CHAIR (FABRIC)","20","each","4012"
"RQ22050926","WAYLEAVE CLEARING","264","each","4013"
"RQ22050945","WAYLEAVE CLEARING","372","each","4014"
"RQ22050947","WAYLEAVE CLEARING","422","each","4015"
"RQ22050940","WAYLEAVE CLEARING","46","each","4016"
"RQ22050956","WAYLEAVE CLEARING","46","each","4017"
"RQ22050952","WAYLEAVE CLEARING","392","each","4018"
"RQ22050910","WAYLEAVE CLEARING","199","each","4019"
"RQ22050946","WAYLEAVE CLEARING","213","each","4020"
"RQ22050967","WAYLEAVE CLEARING","206","each","4021"
"RQ2205098","WAYLEAVE CLEARING","133","each","4022"
"RQ22051239","1","1","each","4023"
"RQ22051349","250 tills rolls ","250","each","4024"
"RQ22051692","Fuel pumps","2","each","4025"
"RQ22051694","Fuel pumps","2","each","4026"
"RQ22051632","Fuel pumps","1","each","4027"
"RQ22051629","Fuel pumps","1","each","4028"
"RQ22051619","Fuel pumps","1","each","4029"
"RQ22051660","Fuel pump","1","each","4030"
"RQ22051686","Fuel pump","1","each","4031"
"RQ22051697","Fuel pump","1","each","4032"
"RQ22051636","Fuel pump","1","each","4033"
"RQ22051633","Fuel pump","1","each","4034"
"RQ2205167","LAPTOP","1","each","4035"
"RQ2205166","LAPTOP","1","each","4036"
"RQ22051655","LAPTOP","1","each","4037"
"RQ22051640","LAPTOP","1","each","4038"
"RQ22051637","SERVICE","1","each","4039"
"RQ22051798","Air conditioner DM Secretary  ","1","each","4040"
"RQ22051767","Air conditioner DM Secretary  ","1","each","4041"
"RQ22051738","GRASS CUTTING SERVICES","1","each","4042"
"RQ22051742","Air conditioner DM Secretary  ","1","each","4043"
"RQ22051730","Air conditioner DM Secretary  ","1","each","4044"
"RQ22051725","Air conditioner DM Secretary  ","1","each","4045"
"RQ22051790","Air conditioner DM Secretary  ","1","each","4046"
"RQ2205246","HIGH BACK SWIVEL CHAIRS (LEATHER)","10","each","4047"
"RQ22052473","VISITORS CHAIR (FABRIC)","10","each","4048"
"RQ22052612","DECOMMISSION MASVINGO COMP ROOM FIRE SUPPRESSION SYSTEM","1","each","4049"
"RQ22052659"," half canopy, seats and loading gantries","1","each","4050"
"RQ22053011","PAINTING SERVICES","1","each","4051"
"RQ22060258","200 AH LITHIUM ION  48 VOLTS WITH BMS for Masvingo Computer Room UPS","4","each","4052"
"RQ22060230","ELECTRICIAN ALUMINIUM LADDDERS","25","each","4053"
"RQ22060224","LINESMAN ALUMINIUM LADDERS","25","each","4054"
"RQ22060250","ELECTRICIAN LADDERS FOR MASVINGO DISTRICT","25","each","4055"
"RQ22060239","LINESMAN LADDERS FOR MASVINGO DISTRICT","25","each","4056"
"RQ22060654","ALUMINIUM LINESMAN LADDERS","20","each","4057"
"RQ22060648","ARTISAN ELECTRICAL LADDERS","30","each","4058"
"RQ2206064","PAINTING SERVICES-LABOUR ONLY","1","each","4059"
"RQ22060688","Benzine 750ml","15","litres","4060"
"RQ22060688","Degreaser 5lt","40","litres","4061"
"RQ22060688","Welding rods 3.15mm ","6","kgs","4062"
"RQ22060688","Brazing rods 2.0mm","5","kgs","4063"
"RQ22060688","Tape poly 19mm x 50m","10","each","4064"
"RQ22060688","Metal cut Disc 230x3x22.23mm","4","each","4065"
"RQ22060688","Handex 500ml","3","litres","4066"
"RQ22060688","Wood glue Bottle 1lt","2","litres","4067"
"RQ22060688","Flex cable 4 core 6mmA2","25","metres","4068"
"RQ22060688","Element STV Calrod 3kw","1","each","4069"
"RQ22060762","4M*1.920M","1","each","4070"
"RQ22060762","4.750M*1.920M","1","each","4071"
"RQ22060762","3M*1.920M","1","each","4072"
"RQ22060762","3M*1.920M","1","each","4073"
"RQ22060947","FACE MASKS ","1800","cartons","4074"
"RQ2206095","INJECTORS, ENGINE NUMBER YD2559074T YD25 ENGINE","4","each","4075"
"RQ22061032","Note Counter","3","each","4076"
"RQ22061315","INCINERATOR","3","each","4077"
"RQ22061393","INSPECTION REPORT BOOKS","100","each","4078"
"RQ2206144","UTP CABLE Cat 6 ","305","metres","4079"
"RQ22061497","UTP CABLE Cat 6 ","305","metres","4080"
"RQ22061475","4 in one color printer","1","each","4081"
"RQ22061495","fire extinguishers","46","each","4082"
"RQ22061534","200ml hand sanitizer","1800","each","4083"
"RQ22061683","VISITORS CHAIR ","2","each","4084"
"RQ2206169","Canopy, seat and loading gantry","1","each","4085"
"RQ22061636"," half canopy, seats and loading gantries","1","each","4086"
"RQ2206168","MALE CONDOM","5000","each","4087"
"RQ22062381","window cleaning","1","each","4088"
"RQ22062413","1,5mtr*2,5mm diamond mesh fence","1650","metres","4089"
"RQ22062446","6.5mtrs*2.3mtrs sliding gate","2","each","4090"
"RQ22062446",,"0","each","4091"
"RQ22062424","VISITORS CHAIR (LEATHER)","2","each","4092"
"RQ22062480","BAR FRIDGE 100L","3","each","4093"
"RQ22062419","POOL TABLE","1","each","4094"
"RQ22062778","BAR FRIDGE 100L (SILVER)","3","each","4095"
"RQ22062721","LADIES BLUE SKIRTS","70","each","4096"
"RQ22062761","WHITE BLOUSES","89","each","4097"
"RQ22062739","BLUE JERSEY","32","each","4098"
"RQ2206279","BLACK SHOES","31","each","4099"
"RQ22062773","LADIES BLACK SHOES","12","each","4100"
"RQ22062747","BLUE TROUSERS","121","each","4101"
"RQ22062765","WHITE SHIRTS","128","each","4102"
"RQ22070754","cement   for durawall   repairs","30","each","4103"
"RQ22071466","652 battery","1","each","4104"
"RQ22071514","9 m wood poles","100","each","4105"
"RQ22071591","11m wood poles","100","each","4106"
"RQ22071589","12.6m wood poles","100","each","4107"
"RQ22071968","E10 Forms","200","each","4108"
"RQ22071968",,"0","each","4109"
"RQ22071968",,"0","each","4110"
"RQ22071968",,"0","each","4111"
"RQ22071968",,"0","each","4112"
"RQ22071968",,"0","each","4113"
"RQ22071968",,"0","each","4114"
"RQ22071976","E18 Forms","100","each","4115"
"RQ22072071","PERMIT TO WORK BOOKS","200","each","4116"
"RQ22072055","CONTROLLERS INSTRUCTION FORM BOOKS","200","each","4117"
"RQ22072067","Radio Licencingx36 vehicles","1","each","4118"
"RQ22072192","FAULT REPORT BOOKS E86 ","100","each","4119"
"RQ22072286","Spray bottles (hand sanitizers )","30","each","4120"
"RQ22072264","Deco for the venue, backdrop, hightable & stage for podium","1","each","4121"
"RQ22072264",,"0","each","4122"
"RQ22072264",,"0","each","4123"
"RQ22072655","Swivel chairs ","5","each","4124"
"RQ22072659","1","1","each","4125"
"RQ22072668","1","1","each","4126"
"RQ22072663","1","1","each","4127"
"RQ22072652","1","1","each","4128"
"RQ22072674","1","1","each","4129"
"RQ22072776","ENGINE","1","each","4130"
"RQ22072780","security fence (perimeter fence)","1","each","4131"
"RQ22072933","Cartridges ","4","each","4132"
"RQ22080128","Visitors Chairs","9","each","4133"
"RQ22080168","Capri Chest Freezer","1","each","4134"
"RQ22080153","Boardroom Chairs","14","each","4135"
"RQ22080158","Office Tables","3","each","4136"
"RQ22080142","12 Seater Boardroom Tables","2","each","4137"
"RQ22080292","1","1","each","4138"
"RQ22080218","1","1","each","4139"
"RQ22080379","SOCCER JERSEY","11","each","4140"
"RQ22080448","HP131A CF210A Black ","2","each","4141"
"RQ22080448","HP131A CF211A Cyan","1","each","4142"
"RQ22080448","HP131A CF212A Yellow ","1","each","4143"
"RQ22080448","HP131A CF213A Magenta","1","each","4144"
"RQ22080481","ipdad pro","10","each","4145"
"RQ22080483","Apple ipads","10","each","4146"
"RQ22081263","FACE MASKS ","1800","cartons","4147"
"RQ22081660","59A TONER CARTRIDGES","20","each","4148"
"RQ22081676"," hp 971 toner cartridge","1","each","4149"
"RQ22081744","Ruckus R510 Access points","9","each","4150"
"RQ22082512","core i7 laptop for SNR accountant management","1","each","4151"
"RQ22082590","core i7 laptop for SNR accountant management","1","each","4152"
"RQ22082565","core i7 laptop for SNR accountant management","1","each","4153"
"RQ22082517","core i7 laptop for Energy techician masvingo","1","each","4154"
"RQ22090818","ALUMINIUM SWITCH LABELS","38","each","4155"
"RQ22090824","Transport  12.6m wood poles from mutare to rutenga","100","each","4156"
"RQ22090844","Transport  9 m wood poles from mutare to rutenga","100","each","4157"
"RQ22090823","Transport  11 m wood poles from mutare to rutenga","100","each","4158"
"RQ22090822","Transport ","2","each","4159"
"RQ2209081","Transportaion of 80 x 12.6m wood poles ","2","each","4160"
"RQ22090883","First aid box contents","25","each","4161"
"RQ22090859","Transportaion of 80 x 11m wood poles ","2","each","4162"
"RQ22091350","1","1","each","4163"
"RQ22091377","971 toner cartridge","1","each","4164"
"RQ22091340","1","1","each","4165"
"RQ22091314","1","1","each","4166"
"RQ22091319","59A toner catrigdes","20","each","4167"
"RQ22091395","1","1","each","4168"
"RQ22091347","1","1","each","4169"
"RQ22091398","1","1","each","4170"
"RQ22091360","1","1","each","4171"
"RQ22091358","1","1","each","4172"
"RQ22091372","1","1","each","4173"
"RQ22091334","1","1","each","4174"
"RQ2209139","1","1","each","4175"
"RQ22091370","1","1","each","4176"
"RQ22091364","1","1","each","4177"
"RQ22091392","1","1","each","4178"
"RQ22091336","1","1","each","4179"
"RQ22091332","1","1","each","4180"
"RQ22091593","38ft Aluminium Ext Ladders","6","each","4181"
"RQ2209156","38ft Aluminium Ext Ladders","6","each","4182"
"RQ22091527","1.5Tonne Pulley","9","each","4183"
"RQ22091549","1.5Tonne Pulley","9","each","4184"
"RQ22091565","50-100mm Come along clamp Aluminium","9","each","4185"
"RQ22091586","1.5Tonne Pulley","15","each","4186"
"RQ22091550","0.75Tonne Pulley","15","each","4187"
"RQ22091511","50-100mm Come along clamp Aluminium","30","each","4188"
"RQ22091542","Conductor Stringing Roller Block","30","each","4189"
"RQ22091520","38ft Aluminium Ext Ladders","10","each","4190"
"RQ22091592","Petrol Wood Auger","10","each","4191"
"RQ22091518","Leather Padded Belts","10","each","4192"
"RQ22091633","106A Toner cartridges","10","each","4193"
"RQ22091691","Visitor's Chairs","102","each","4194"
"RQ22091669","6-drawer desks","30","each","4195"
"RQ22091927","Transport  9 m wood poles from mutare to rutenga","1","each","4196"
"RQ22091952","Transport  11 m wood poles from mutare to rutenga","1","each","4197"
"RQ22091989","Transport  12.6 m wood poles from mutare to rutenga","1","each","4198"
"RQ22092058","wood poles","560","each","4199"
"RQ22092295","4-in-1 printer","1","each","4200"
"RQ22092272","4-in-1 printer","1","each","4201"
"RQ22092239","4-in-1 printer","1","each","4202"
"RQ22092221","4-in-1 printer","1","each","4203"
"RQ2209223","4-in-1 printer","1","each","4204"
"RQ22092262","4-in-1 printer","1","each","4205"
"RQ22092243","4-in-1 printer","1","each","4206"
"RQ22092287","4-in-1 printer","1","each","4207"
"RQ22092248","4-in-1 printer","1","each","4208"
"RQ22092289","4-in-1 printer","1","each","4209"
"RQ22092217","4-in-1 printer for Masvingo Commercial Office","1","each","4210"
"RQ22092292","4-in-1 printers for Masvingo Depots","6","each","4211"
"RQ22092666","fire extinguishers servicing","91","each","4212"
"RQ22092636","fire extinguishers servicing","100","each","4213"
"RQ22092623","fire extinguishers servicing","148","each","4214"
"RQ2209268","fire extinguishers servicing","100","each","4215"
"RQ22092676","FIRST AID CONTENTS","80","each","4216"
"RQ22100759","TRANSPORTATION OF WOOD POLES","1","each","4217"
"RQ22100765","TRANSPORTATION OF WOOD POLES","1","each","4218"
"RQ22100771","TRANSPORTATION OF WOOD POLES","1","each","4219"
"RQ22100779","PRINT/SCAN/COPY PRINTER","2","each","4220"
"RQ22100735","WINDOW TINTING","1","each","4221"
"RQ22100744","1","80","each","4222"
"RQ22100714","1","80","each","4223"
"RQ22100790","1","80","each","4224"
"RQ22101094","T SHIRTS","118","each","4225"
"RQ2210103","PRINTING OF T SHIRTS","118","each","4226"
"RQ22101024","RIBBON","1","each","4227"
"RQ22101170","Off Road Motor Bikes","3","each","4228"
"RQ22101168","BROMACIL GRANULATED WEEDKILLER","100","kgs","4229"
"RQ22101143","BROMACIL GRANULATED WEEDKILLER","100","kgs","4230"
"RQ22101169","TRANSFORMER OIL 208L","10","each","4231"
"RQ22101161","3MM FINE RUBBERISED GASKETS","5","each","4232"
"RQ22101137","6MM FINE RUBBERISED GASKETS","10","each","4233"
"RQ22101147","10MM","10","each","4234"
"RQ22101845","Airconditioners","2","each","4235"
"RQ2210187","Airconditioners","2","each","4236"
"RQ22102041","wired mouse ","10","each","4237"
"RQ22102068","cartridges 106A","20","each","4238"
"RQ22102037","80A Toner Cartridge","10","each","4239"
"RQ22102033","wireless adapters","5","each","4240"
"RQ22102054"," USB to ethernet adapters","5","each","4241"
"RQ22102465","Banking hall chairs","4","each","4242"
"RQ2210253","L-SHAPED DESK","1","each","4243"
"RQ22102513","L-SHAPED DESK","1","each","4244"
"RQ22102586","L-SHAPED DESK","1","each","4245"
"RQ22102533","L-SHAPED DESK","1","each","4246"
"RQ22102596","L-SHAPED DESK","1","each","4247"
"RQ22102571","L-SHAPED DESK","1","each","4248"
"RQ22102590","L-SHAPED DESK","1","each","4249"
"RQ22102527","L-SHAPED DESK","1","each","4250"
"RQ22102587","L-SHAPED DESK","1","each","4251"
"RQ22102515","L-SHAPED DESK","1","each","4252"
"RQ22102597","L-SHAPED DESK","1","each","4253"
"RQ22102593","L-SHAPED DESK","1","each","4254"
"RQ22102781","Limitation of Acess books","100","each","4255"
"RQ2211013","Isuzu KB240 complete engine","1","each","4256"
"RQ22110261","1 tone truck","3","each","4257"
"RQ22110244","1 tone truck","2","each","4258"
"RQ22110221","1 tone truck","1","each","4259"
"RQ2211029","1 tone truck","1","each","4260"
"RQ22110236","Controller's Instruction book","300","each","4261"
"RQ22110288","Limitation of access","100","each","4262"
"RQ22110279","Permit to work","100","each","4263"
"RQ22110257","Fault Report book","200","each","4264"
"RQ22110283","Pre Arranged interruption of power","50","each","4265"
"RQ22110250","Overhaul Report","200","each","4266"
"RQ22110293","Inspection and Overhaul","100","each","4267"
"RQ22110210","Sanction for test","50","each","4268"
"RQ22110256","Line Inspection","100","each","4269"
"RQ22110272","Inspection Report","300","each","4270"
"RQ22110269","Pre Task","100","each","4271"
"RQ22110233","Work on Metering","50","each","4272"
"RQ22110290","Isuzu KB240 complete engine","1","each","4273"
"RQ2211027","Nissan YD25 New Gearbox ","1","each","4274"
"RQ22110713","Aluminium 2m long sighting rods (comprising of 2 x 1m long segments)","50","each","4275"
"RQ22110741","Pretask Risk assesment forms","100","each","4276"
"RQ22110958","FACE MASKS ","1800","cartons","4277"
"RQ22111045","all in one desktop","2","each","4278"
"RQ2211102","all in one desktop","2","each","4279"
"RQ22111051","TRANSFORMER OIL","6270","litres","4280"
"RQ22111742","ACID PROOF WORKSUITS","28","each","4281"
"RQ2211171","ANTISLIP SAFETY SHOES","16","each","4282"
"RQ22111718","Canon Image Runner 2525","3","each","4283"
"RQ22112124","50kg 32.5 PPC Cement for ZCDC VR Control Room Construction.","50","each","4284"
"RQ22112225","PURCHASE 1XTURBO CHARGER FOR UD95 ER2193 ENGINE NUMBER FE6005822H  CHASSIS NUMBER ADDH1400000007597","1","each","4285"
"RQ22112329","5","5","each","4286"
"RQ22112518","40m borehole","1","each","4287"
"RQ22112935","Purchase 52 x Creososte Treated Wood Pole 12.6m and 36 x 1850mm Creosote Treated Wood Xarm- gum","1","each","4288"
"RQ22112986","72 x Bracing Strap-Fibre Glass, 108 x Insulator Pin -Long Shank, 36 x Insulator Pin Spacer, 168 x Strain disc insulator 10"" and 108 x 33kv Pin Insulator ","1","each","4289"
"RQ22112975","52 x Pole cap- galvanized, 190 x Pole Washer M22, 36 x Pole Top Bracket, 36 x Twisted Shackle Strap 5/8, 36 x Clevis-adaptor 90deg, 90 x Arcing Horn, 9 x Suspension Clamp-wide angle, 36 x Gun Clamp 100mm, 72 x PG clamp universal 100mm and 49 x Crosby clip","1","each","4290"
"RQ22112965","18 x Eye Bolt and nut 20 x 230mm, 72 x Bolt and Nut 20 x 115mm, 10 x Bolt and Nut 20 x 200mm, 144 x Bolt & Nut 20 x 240mm and 70 x Spindles 3/4 ","1","each","4291"
"RQ2211297","33 x Stay rod 3/4, 33 x Stay bow, 33 x Stay plate, 33 x Stay Washer and  33 x Stay insulator","1","each","4292"
"RQ22112932","585m x Stay wire 7/8 and 240m x Stay wire 7/14 (earthing","1","each","4293"
"RQ22112917","100mm2 SCA  Conductor","12600","each","4294"
"RQ22112921","Box channel Xarm 100x100x3200","5","each","4295"
"RQ22113023","Satchel Bag","7","each","4296"
"RQ22113053","Diaries","11","each","4297"
"RQ22120531","grass cutting","1","each","4298"
"RQ22120861","MALE CONTACTS FOR 11KV SWICHGEAR","24","each","4299"
"RQ22120810","Female contacts for 11kv switchgear","24","each","4300"
"RQ22120975","1.22m meterbox x-arm","1","each","4301"
"RQ22120988","11kv wood x-arm","11","each","4302"
"RQ22120974","11kv bracings","24","each","4303"
"RQ22120923","insulator pins","33","each","4304"
"RQ2212094","Conductor 50mm2 SCA","6600","each","4305"
"RQ22122080","50-95MM2 PILC JOINTING KITS","20","each","4306"
"RQ22122093","50-95MM2 XLPE JOINTING KITS","20","each","4307"
"RQ22122078","70MM FERRULES","60","each","4308"
"RQ22122099","95MM FERRULES","60","each","4309"
"RQ22122084","50-95mm2 PILC Cable Jointing Kits","5","each","4310"
"RQ22122016","50-95mm2 XLPE Jointing Kits","5","each","4311"
"RQ22122055","70mm Ferrules","20","each","4312"
"RQ22122018","95mm2 Ferrules","20","each","4313"
"RQ22122367","95mm2 Ferrules","1000","each","4314"
"RQ22122375","70mm Ferrules","1000","each","4315"
"RQ22122383","120mm Ferrules","150","each","4316"
"RQ22122363","185mm2 Ferrules","150","each","4317"
"RQ22122355","50-95mm2 Transitional Joint Kits","30","each","4318"
"RQ22122372","120-185mm Transitional Jointing Kits","30","each","4319"
"RQ23010467","1XLAMP HOLDER BC BRASS, 6XLAMP LED 6w BC 220v COOLWHITE, 8XCONDUIT PVC BOX LID 20mm, 1XBOARD DISTRIBUTION SURFACE 4 way, 3XBOARD LABEL PLUGS, 2XCHASING HAMMER, 30XSADDLE 20mm AND 4X FITTING WELLGLASS 6inch 100w CLEAR COMPLETE WITH GALLERY","1","each","4320"
"RQ23010474","Brandering 38x38x4.2m x16 lengths, Cornice 76x19 4.78m	x 8 lengths, Yale Lockset 3 lever x 2 and Rhino tape x 1 for ZCDC VR Control room","1","each","4321"
"RQ23010432","Purchase Hardboard std 3.2x2440x1220 x 2, Brandering 38x38x6m x 	30, Wire Nails 75mm/kg x 1kg, Wire Nails 100mm/kg x 	4, Glue Devil Wood glue 500ml x 1, Scrimpaper 45mm x 30m x 1, Endurite Ridges Pair Asbestos x 5, Roofing Screws 115x4.5mm c/w washer set ","1","each","4322"
"RQ23010461","Purchase 5l universal undercoat x 	5, 5l pinkwood primer x 1, 2x20l ceiling white	x 2, 50kg rhinoset x 3, 20l pva ivory x 5, 5l gloss midnight blue	x 1, 5l turpentine x 1 and 2 x 3 levered lockest x 2 for ZCDC VR Control Room","1","each","4323"
"RQ23010415","Purchase 2,5mm Cable Red x 100m and 2,5mm Cable Black x 100m for ZCDC VR Control Room","1","each","4324"
"RQ2301041","Purchase 1,5mm Earth Wire 	m x 100, 1,5mm Cable Red m x 100 and 1,5mm Cable Black m x 100 for ZCDC VR Control Room","1","each","4325"
"RQ23010487","Purchase Brass Lamp Holders x 15, Bulbs x 18, Distribution Board 4way x 1, DB Labels x 3, Saddles x 30 and Wall Glass x 4 for ZCDC VR Control Room","1","each","4326"
"RQ23010482","Purchase Cable 16mm2 4core pvc swa pvc	x 35m for ZCDC VR Control Room","35","metres","4327"
"RQ23010437","Purchase Round Boxes x 5, 3*6 Flash Boxes x 2, 3*6 Flash Boxes metal x 4, 3 *3 Flash Boxes x 2, Wood Screws x	4boxes, 2 Gang Oneway x 3, Florescent Fittings LED x	3, Florescent Tubes LED x 6, Couplings x 50, Nipples x 80, Double Sockets metal 15A round x ","1","each","4328"
"RQ23010523","A5 DIARIES","100","each","4329"
"RQ23010523","A4 DIARIES","40","each","4330"
"RQ23010523","A4 PERSONALIZED DIARIES","15","each","4331"
"RQ23010539","Cellphone","1","each","4332"
"RQ23011362","purchase of new oil sump for np300 4x4 er2233 Chipinge","1","each","4333"
"RQ23011391","PURCHASE OF NEW OIL SUMP FOR NP200 ER2225","2","each","4334"
"RQ23012030","BROMACIL GRANULATED WEEDKILLER","100","kgs","4335"
"RQ23012061","OFFICE 317; W2950*1920mm (5.65 sqm)","1","each","4336"
"RQ23012061","OFFICE 316; W2450*1920mm (4.70sqm)","1","each","4337"
"RQ23012061","OFFICE 318; W2950*1950mm (5.65sqm)","1","each","4338"
"RQ23012061","OFFICE 319; W2950*1920mm (5.65sqm)","1","each","4339"
"RQ23012061","OFFICE 321; W2950*1920mm (5.65sqm)","1","each","4340"
"RQ23012061","OFFICE 322; W2950*1920mm (5.65sqm)","1","each","4341"
"RQ23012090","SAMSUNG AO3 CORE (128G+4G RAM)","1","each","4342"
"RQ23012311","LIMITATION OF ACCESS BOOKS","100","each","4343"
"RQ23012374","PRE-TASK RISK ASSESSMENT BOOKS","100","each","4344"
"RQ23012316","CONTROLLER'S INSTRUCTION BOOKS","100","each","4345"
"RQ23012382","PERMIT TO WORK BOOKS","100","each","4346"
"RQ23012517","SF6 GAS 90 KGS","3","each","4347"
"RQ23012525","TRANSFORMER GREY  PAINT","200","litres","4348"
"RQ23012565","Silver shine paint","300","litres","4349"
"RQ23012542","underground fuel tanks calibration at Mutare Environs","2","each","4350"
"RQ23012527","underground fuel tanks calibration at Rusape Depot 1x4500ltrs 1x4500ltrs","2","each","4351"
"RQ23012589","undergroung fuel tank calibration at Nyanga Depot 1x10000ltrs 1x4500ltrs","2","each","4352"
"RQ23012520","underground fuel tanks calibration at Masvingo Depot 1x8600ltrs 1x4500ltrs","2","each","4353"
"RQ23012549","underground fuel tank calibration at Chimanimani Depot 1x4500ltrs","1","each","4354"
"RQ23012512","underground fuel tank calibration at Chimanimani Depot 1x4500ltrs","1","each","4355"
"RQ23012567","underground tank calibration at Middle Sabi Depot 1x4500ltrs","1","each","4356"
"RQ23012553","underground fuel tank calibration at Chiredzi Depot 1x8600ltrs","1","each","4357"
"RQ23012595","overhead fuel tank calibration at Mashava depot 1x2000litrs","1","each","4358"
"RQ23012559","overhead fuel tank calibration at Rutenga depot 2x2000litrs","2","each","4359"
"RQ23012534","overhead fuel tank calibration at Gutu depot  1x2000ltrs","2","each","4360"
"RQ23012541","fuel tank pressure test at Chiredzi Depot 1x8600ltrs","1","each","4361"
"RQ23012596","fuel tank pressure test at Chipinge Depot 1x8600ltrs","1","each","4362"
"RQ23012660","Complete toilet system overhaul (FIX AND SUPPLY)","1","each","4363"
"RQ23020346","ENGINE OIL @ 5 LITRES","84","each","4364"
"RQ23020789","Painting ","1","each","4365"
"RQ23020793","Ceiling repairs","1","each","4366"
"RQ2302079","First aid box contents","25","each","4367"
"RQ23020824","tissues","100","each","4368"
"RQ23021034","House renovations(Fix and Supply)","1","each","4369"
"RQ23021096","House renovations(Fix and Supply)","1","each","4370"
"RQ23021559","High back Swivel Chair for Nyanga clerk stores","1","each","4371"
"RQ23021665","printer  repairs and service","1","each","4372"
"RQ23021691","printer  repairs and service","1","each","4373"
"RQ23021679","printer  repairs and service","1","each","4374"
"RQ23021630","printer  repairs and service","1","each","4375"
"RQ23021622","Wood Poles","150","each","4376"
"RQ23021646","Wood Poles","100","each","4377"
"RQ23021689","Wood Poles","100","each","4378"
"RQ23021683","Wood Poles","100","each","4379"
"RQ23021657","Wood Poles","80","each","4380"
"RQ23021647"," Wood Poles","80","each","4381"
"RQ23021616","Wood Poles","80","each","4382"
"RQ23022282","maintenance","1","each","4383"
"RQ23022497","Visitor's Chairs","30","each","4384"
"RQ23022464","6-drawer desks","5","each","4385"
"RQ23022499","Banking hall chairs","3","each","4386"
"RQ2302278","ZESA FLAGS","50","each","4387"
"RQ23022778","L SHAPED EXECUTIVE DESK","1","each","4388"
"RQ23022716","WINDOW TINTING","1","each","4389"
"RQ23030794","Ink cartridges HP980XL - X555 (set of 4) black, yellow, cyan & magenta ","4","each","4390"
"RQ23030847","HP908XL Ink toner cartridge","1","each","4391"
"RQ23030837","Reciepting rolls for Masvingo District","250","each","4392"
"RQ23030873","System Diagrams","32","each","4393"
"RQ23030975","staff IDs","80","each","4394"
"RQ23031342","Service level agreement for servicing Eastern Region Printers","1","each","4395"
"RQ23032258","AIRCON REPAIRS","1","each","4396"
"RQ23032898","REPAIR OF ROLLER DOORS","2","each","4397"
"RQ23032896","05A toner cartridges","42","each","4398"
"RQ23032885","80A toner cartridges","20","each","4399"
"RQ23032842","415A toner cartridges","6","each","4400"
"RQ23032832","59A toner cartridges","40","each","4401"
"RQ23032865","970XL toner cartridges","6","each","4402"
"RQ23032814","wired mouse","20","each","4403"
"RQ23032864","headphones","5","each","4404"
"RQ2303287","USB to ethernet adapter","10","each","4405"
"RQ2303288","wireless adapter","10","each","4406"
"RQ23041224","plumbing","1","each","4407"
"RQ23041992","1 x fuel pump double unit","1","each","4408"
"RQ23041950","1 x fuel pump double unit","1","each","4409"
"RQ23041934","fuel pump double unit","1","each","4410"
"RQ23041955","fuel pump double unit","1","each","4411"
"RQ23041983","fuel pump double unit","1","each","4412"
"RQ23041995","fuel pump double unit","1","each","4413"
"RQ23041971","fuel pump double unit","1","each","4414"
"RQ23041927","fuel pump double unit","1","each","4415"
"RQ23041960","fuel pump double unit","1","each","4416"
"RQ23042526","Provide labour for fencing a 10 x 5m substatiion","1","each","4417"
"RQ23042660","SUPPLY NEW GEAR BOX NP300 ER2204-MIDDLE SABI","1","each","4418"
"RQ23042632","supply and fit Nudge bar DG6, Tow hitch GD6, Ant Roll bar, lock nuts for er2265 Toyota Hilux ","1","each","4419"
"RQ23050321","Blue t-shirts SMALL, MEDIUM AND LARGE ","600","each","4420"
"RQ23050321","Branded ordinary pens","200","each","4421"
"RQ23050321","Branded rulers ","200","each","4422"
"RQ23050321","Branded pencils","200","each","4423"
"RQ23050536","Canopy","1","each","4424"
"RQ23050584","Canopy","1","each","4425"
"RQ23050595","Canopy","1","each","4426"
"RQ23050589","Canopy","1","each","4427"
"RQ23050576","Canopy","1","each","4428"
"RQ23050560","Canopy","1","each","4429"
"RQ23050556","Canopy","1","each","4430"
"RQ2305059","Canopy","1","each","4431"
"RQ23050541","Canopy","1","each","4432"
"RQ23050592","Canopy","1","each","4433"
"RQ23050583","Canopy","1","each","4434"
"RQ23050526","Canopy","1","each","4435"
"RQ23050514","Supply and Fit Vertical Blinds","1","each","4436"
"RQ23050864","Standard Locks","250","each","4437"
"RQ23050942","Boardroom Chairs","6","each","4438"
"RQ23050940","Boardroom Chairs","6","each","4439"
"RQ23050936","Visitors Chairs","3","each","4440"
"RQ23050971","High Back Leather Swivel Chair","1","each","4441"
"RQ23050975","4 Drawer Wooden Filing Cabinets","2","each","4442"
"RQ23050970","Vase Table","1","each","4443"
"RQ2305095","Conference Table","1","each","4444"
"RQ23050958","L-SHAPED DESK","1","each","4445"
"RQ23051072","window cleaning","1","each","4446"
"RQ23051097","leasing offices","3","each","4447"
"RQ23051695","50-95MM2 XLPE JOINTING KITS","30","each","4448"
"RQ23051685","50-95mm2 PILC Cable Jointing Kits","30","each","4449"
"RQ2305163","50-95mm2 PILC Cable Jointing Kits","30","each","4450"
"RQ23051613","50-95mm2 Transitional Joint Kits","30","each","4451"
"RQ23051646","120-185mm XLPE Jointing Kits","30","each","4452"
"RQ23051675","120-185mm PILC Jointing Kits","30","each","4453"
"RQ23051627","120-185mm Transitional Jointing Kits","30","each","4454"
"RQ23051681","50mm Cable Sleeves (Ferrules)","150","each","4455"
"RQ23051620","50mm Cable Sleeves (Ferrules)","150","each","4456"
"RQ23051645","95mm Cable Sleeves (Ferrules) ","100","each","4457"
"RQ23051641","185mm Cable Sleeves (Ferrules)","100","each","4458"
"RQ23051651","70mm Cable Sleeves (Ferrules)","150","each","4459"
"RQ23051631","supply and fit new gear box, np300, Chassis number ADNAPGD22Z0117940, f/n er2204 M.Sabi","1","each","4460"
"RQ2305167","BOARDROOM TABLES ","2","each","4461"
"RQ23051610","VISITOR'S CHAIRS","12","each","4462"
"RQ23051652","OFFICE DESKS L-SHAPED","3","each","4463"
"RQ23051614","BOARDROOM CHAIRS","15","each","4464"
"RQ23053011","Transport Hire","1","each","4465"
"RQ23053010","Transport Hire","1","each","4466"
"RQ23053056","FIRST AID CONTENTS","100","each","4467"
"RQ23053046","fire extinguishers servicing","79","each","4468"
"RQ23053022","fire extinguishers servicing","100","each","4469"
"RQ2305304","fire extinguishers servicing","100","each","4470"
"RQ23053075","fire extinguishers servicing","100","each","4471"
"RQ23053074","New Gear Box","1","each","4472"
"RQ23053020","fire extinguishers servicing","100","each","4473"
"RQ23053094","fire extinguishers servicing","100","each","4474"
"RQ23053029","fire extinguishers servicing","100","each","4475"
"RQ23053064","fire extinguishers servicing","100","each","4476"
"RQ23053035","fire extinguishers servicing","100","each","4477"
"RQ2305305","fire extinguishers servicing","91","each","4478"
"RQ23053077","fire extinguishers servicing","139","each","4479"
"RQ23061267","Borehole drilling and Survey","1","each","4480"
"RQ23061267",,"0","each","4481"
"RQ23061253","Small office fridge","1","each","4482"
"RQ23061389","Form E84","100","each","4483"
"RQ23061454","Form E84","100","each","4484"
"RQ23061472","Pretask Risk assesment forms","100","each","4485"
"RQ23062076","6 framed banners and 3000 fliers","6","metres","4486"
"RQ23062349","106A toner cartridges","20","each","4487"
"RQ23062664","access points","5","each","4488"
"RQ23062635","access points","5","each","4489"
"RQ23062678","access points","5","each","4490"
"RQ23062880","WINDOW BLINDS","4","metres","4491"
"RQ23062880",,"0","each","4492"
"RQ23062918","First aid boxes and contents","10","each","4493"
"RQ23062918",,"0","each","4494"
"RQ23070376","cane knives","30","each","4495"
"RQ23070350","CM Pullers and Come Alongs","8","each","4496"
"RQ23070326","Chainsaws","2","each","4497"
"RQ23070328","pots, plates, pots","30","each","4498"
"RQ23070323","25mm Nylon Rope","100","metres","4499"
"RQ23070332","Linesman ladder","2","each","4500"
"RQ23070449","OFFICE 317; W2950*1920mm (5.65 sqm)","1","each","4501"
"RQ23070449","OFFICE 316; W2450*1920mm (4.70sqm)","1","each","4502"
"RQ23070449","OFFICE 318; W2950*1950mm (5.65sqm)","1","each","4503"
"RQ23070449","OFFICE 319; W2950*1920mm (5.65sqm)","1","each","4504"
"RQ23070449","OFFICE 321; W2950*1920mm (5.65sqm)","1","each","4505"
"RQ23070449","OFFICE 322; W2950*1920mm (5.65sqm)","1","each","4506"
"RQ23070518","400/5a cts","3","each","4507"
"RQ23070522","Reciepting rolls for Masvingo District","1000","each","4508"
"RQ23072687","air conditioner","2","each","4509"
"RQ23072873","Sitting/Pegging Rods","20","each","4510"
"RQ23080295","Voltage transformer","2","each","4511"
"RQ23080271","Current Transformers 800/400/1A","7","each","4512"
"RQ23080211","MV Cable pvc swa pvc 16mm2 x 4c","500","metres","4513"
"RQ23080374","80mm x 80mm machine till rolls","15","packets","4514"
"RQ23080912","BLOOD PRESSURE MACHINE","18","each","4515"
"RQ23080931","BODY WEIGHT SCALE","18","each","4516"
"RQ23081876","plumbing","1","each","4517"
"RQ2309042","Executive Swivwel Leather Chair","1","each","4518"
"RQ23090443","Executive Swivel Leather Chair","1","each","4519"
"RQ23090567","SF6 GAS 50KGS","3","each","4520"
"RQ23090564","27.5 x 23 x 2.5m Fence Allied Timbers Wengezi VR Station","1","each","4521"
"RQ23090653","LABOUR CHARGES FOR PLUMBING","1","each","4522"
"RQ23091145","ties and scarfs","178","each","4523"
"RQ23091221","Core i7 laptops","2","each","4524"
"RQ23091211","Core i7 laptops","2","each","4525"
"RQ23091230","Core i7 laptops","2","each","4526"
"RQ2309127","Core i7 laptops","3","each","4527"
"RQ23091271","Core i7 laptops","2","each","4528"
"RQ23091532","Trousers","4","each","4529"
"RQ23091532","Shirts","4","each","4530"
"RQ23091514","MALE CONTACTS FOR 11KV SWITCHGEAR","30","each","4531"
"RQ23091538","Female contacts for 11kv switchgear","30","each","4532"
"RQ23091515","TRANSFORMER OIL","4200","litres","4533"
"RQ23092676","Core i7 Laptops","2","each","4534"
"RQ23092698","Core i5 Laptops","13","each","4535"
"RQ23100372","OFFICE 321; W2950*1920mm (5.65sqm)","1","each","4536"
"RQ23100516","Borehole drilling and Survey","1","each","4537"
"RQ23100785","70mm2x4 core cable","300","each","4538"
"RQ23100755","Shear Bolts","200","each","4539"
"RQ23101192","Pedal Sanitary Bins","4","each","4540"
"RQ23101220","ACID PROOF WORKSUITS","30","each","4541"
"RQ23101261","ANTISLIP SAFETY SHOES","15","each","4542"
"RQ23101744","ROLLER BLINDS","1","each","4543"
"RQ23101776","Connection materials & Accessories","1","each","4544"
"RQ23101821","WORKSUITS","10","each","4545"
"RQ23102065","replacement of roller shutters","2","each","4546"
"RQ23102533","CCTV FOR CHIREDZI BANKING HALL","1","each","4547"
"RQ2311013","W3100*1950MM","1","each","4548"
"RQ2311013","W4950*1950MM","1","each","4549"
"RQ23110123","W3100*3100MM","1","each","4550"
"RQ23110250","plumbing","1","each","4551"
"RQ23110673","VALUATION","1","each","4552"
"RQ23110692","4m*1.920m","1","each","4553"
"RQ23110692","4.750m*1.920m","1","each","4554"
"RQ23110692","3m*1.920m","1","each","4555"
"RQ23110692","3m*1.920m","1","each","4556"
"RQ23112040","blinds","1","each","4557"
"RQ23112292","LABOUR FOR REMOVING TILES AND REPLACING WITH NEW ONES","1","each","4558"
"RQ23112360","LEVELING PAVERS&PAINTING","1","each","4559"
"RQ23112314","FITTING BATH CUBICLES","2","each","4560"
"RQ23112369","TANK STAND REFURBISHMENT","1","each","4561"
"RQ23112374","E18 PERMIT TO WORK BOOKS","200","each","4562"
"RQ23112375","E117 INSPECTION REPORT BOOKS","200","each","4563"
"RQ23112356","E22 APPLECATION FOR CONECTION/DISCONNECTION","200","each","4564"
"RQ23112771","Wayleave Clearence","40","each","4565"
"RQ23112764","Wayleave Clearence","6","each","4566"
"RQ23112786","Wayleave Clearence","107","each","4567"
"RQ23112774","Wayleave Clearence","260","each","4568"
"RQ2311277","Wayleave Clearence","80","each","4569"
"RQ23112868","Wayleave Clearence","60","each","4570"
"RQ23112843","Wayleave Clearence","60","each","4571"
"RQ23112820","Wayleave Clearence","70","each","4572"
"RQ23112890","Wayleave Clearence","98","each","4573"
"RQ23112842","Wayleave Clearence","49","each","4574"
"RQ2311286","Wayleave Clearence","45","each","4575"
"RQ23112848","Wayleave Clearence","60","each","4576"
"RQ23112815","Wayleave Clearence","70","each","4577"
"RQ23112810","Wayleave Clearence","90","each","4578"
"RQ23112875","Wayleave Clearence","70","each","4579"
"RQ23112867","Wayleave Clearence","80","each","4580"
"RQ23112844","Wayleave Clearence","55","each","4581"
"RQ23112836","Wayleave Clearence","5","each","4582"
"RQ23112897","Pole Change","35","each","4583"
"RQ23112838","Pole Change","5","each","4584"
"RQ23112852","Pole Change","4","each","4585"
"RQ23112865","Pole Change","1","each","4586"
"RQ23112876","Pole Change","11","each","4587"
"RQ23112937","Pole Change","11","each","4588"
"RQ23112984","Pole Change","11","each","4589"
"RQ23112917","Pole Change","28","each","4590"
"RQ23112939","Pole Change","4","each","4591"
"RQ23112967","Pole Change","12","each","4592"
"RQ23112947","Pole Change","1","each","4593"
"RQ23112959","Pole Change","1","each","4594"
"RQ23112931","Pole Change","1","each","4595"
"RQ23112969","Pole Change","1","each","4596"
"RQ23112963","Pole Change","1","each","4597"
"RQ23112982","Pole Change","5","each","4598"
"RQ23112951","Pole Change","3","each","4599"
"RQ23112996","Pole Change","17","each","4600"
"RQ2311293","Pole Change","24","each","4601"
"RQ23112985","Pole Change","1","each","4602"
"RQ23112986","Pole Change","17","each","4603"
"RQ23112934","Pole Change","2","each","4604"
"RQ23112998","Pole Change","1","each","4605"
"RQ23112946","Pole Change","23","each","4606"
"RQ23112978","Pole Change","3","each","4607"
"RQ23112958","Pole Change","3","each","4608"
"RQ23112941","Pole Change","1","each","4609"
"RQ23112910","Pole Change","16","each","4610"
"RQ23112938","Pole Change","1","each","4611"
"RQ23112936","Pole Change","17","each","4612"
"RQ23120687","MALE CONTACTS FOR 11KV SWITCHGEAR","27","each","4613"
"RQ23120686","Female contacts for 11kv switchgear","27","each","4614"
"RQ23120877","Storage Drive","1","each","4615"
"RQ23121368",,"0",,"4616"
"RQ23121368",,"0",,"4617"
"RQ23121310","Branded A4 Diaries","130","each","4618"
"RQ23121316","A2 Branded Wall Calendars","510","each","4619"
"RQ23121316","A2 Branded Desk Calendars","250","each","4620"
"RQ23121985","Pole Change","40","each","4621"
"RQ2312199","Pole Change","20","each","4622"
"RQ23121958","Pole Change","25","each","4623"
"RQ23121991","Pole Change","20","each","4624"
"RQ23121949","x50 Branded Round neck T.Shirts ","50","each","4625"
"RQ23121949","x50 Branded Sunhats","50","each","4626"
"RQ23122020","1","1","each","4627"
"RQ23122825","1","1","each","4628"
"RQ24010421","Pole Change","3","each","4629"
"RQ24010466","Pole Change","2","each","4630"
"RQ24010467","Pole Change","2","each","4631"
"RQ24010429","Pole Change","1","each","4632"
"RQ24010476","Pole Change","3","each","4633"
"RQ2401049","Pole Change","7","each","4634"
"RQ24010411","Pole Change","1","each","4635"
"RQ24010423","Pole Change","2","each","4636"
"RQ24010496","Pole Change","3","each","4637"
"RQ24010495","Pole Change","3","each","4638"
"RQ24010485","Pole Change","2","each","4639"
"RQ24010479","Pole Change","2","each","4640"
"RQ24010446","Pole Change","3","each","4641"
"RQ24010438","Pole Change","1","each","4642"
"RQ24010465","Pole Change","3","each","4643"
"RQ24010478","Pole Change","2","each","4644"
"RQ24010436","Pole Change","1","each","4645"
"RQ24010499","Pole Change","2","each","4646"
"RQ24010461","Executive Filofax Branded A5 Personalised Diaries","15","each","4647"
"RQ24010452","Pole Change","2","each","4648"
"RQ2401052","Restringing","3","each","4649"
"RQ24010565","Pole Change","2","each","4650"
"RQ24010569","Pole Change","1","each","4651"
"RQ2401051","Pole Change","2","each","4652"
"RQ24010546","Pole Change","1","each","4653"
"RQ24010554","Pole Change","2","each","4654"
"RQ24010536","Pole Change","3","each","4655"
"RQ24010531","Pole Change","10","each","4656"
"RQ24010579","Pole Change","6","each","4657"
"RQ2401058","Pole Change","1","each","4658"
"RQ24010588","Pole Change","4","each","4659"
"RQ24010537","Pole Change","3","each","4660"
"RQ24010513","Pole Change","2","each","4661"
"RQ24010556","Pole Change","1","each","4662"
"RQ24010591","Pole Change","2","each","4663"
"RQ24011277","Poles","3","each","4664"
"RQ24011263","Poles","2","each","4665"
"RQ24011249","Poles","1","each","4666"
"RQ24011216","1 *11kv pole and 1*9m pole","2","each","4667"
"RQ24011232","Poles","2","each","4668"
"RQ24011273","MV POles 9meters","10","each","4669"
"RQ24011261","MV POles 9meters","4","each","4670"
"RQ24011242","MV POles 9meters","1","each","4671"
"RQ24011589","MV POles 9meters","2","each","4672"
"RQ2401156"," terminal poles","2","each","4673"
"RQ24011585","X- arm and conductor","1","each","4674"
"RQ24011543","11kv poles","2","each","4675"
"RQ24011523"," mv 9meter pole","1","each","4676"
"RQ24011580"," 9 meter mv poles","2","each","4677"
"RQ24011561","MV POles 9meters","2","each","4678"
"RQ24011549","Terminal mv 9m pole","1","each","4679"
"RQ24011597","fumigation","1","each","4680"
"RQ24011530","Transport Hire","1","each","4681"
"RQ24011593","Transport Hire","1","each","4682"
"RQ2401166","Tiling Services","1","each","4683"
"RQ24011763","GRASS CUTTING","1","each","4684"
"RQ24011890","Poles","2","each","4685"
"RQ24011897","Poles","2","each","4686"
"RQ24011881","poles","1","each","4687"
"RQ24011833","MV POles 9meters","1","each","4688"
"RQ24011894","Poles","2","each","4689"
"RQ24011849","Poles","2","each","4690"
"RQ24011930","Pole","1","each","4691"
"RQ24011962","poles","5","each","4692"
"RQ24011941","poles","2","each","4693"
"RQ24011975","H pole","1","each","4694"
"RQ24011944","poles ","4","each","4695"
"RQ24011933","MV POles 9meters","2","each","4696"
"RQ24011950","Poles","2","each","4697"
"RQ24011983","Conductor","1","each","4698"
"RQ24011968","Poles","4","each","4699"
"RQ2401225","Poles","1","each","4700"
"RQ24012256","Conductor","1","each","4701"
"RQ24012271","MV POles 9meters","5","each","4702"
"RQ24012293","Apex cable","1","each","4703"
"RQ24012220","Poles","1","each","4704"
"RQ24012556","11kv Auto reclouser for Vumba","1","each","4705"
"RQ24012591","11kv Auto reclouser for Nyamheni","1","each","4706"
"RQ24012568","H-Poles","45","each","4707"
"RQ24012563","H pole","1","each","4708"
"RQ2401259","H pole","1","each","4709"
"RQ24012528","Poles","7","each","4710"
"RQ24012549","poles","2","each","4711"
"RQ24012553","Cross arms","2","each","4712"
"RQ24012934","ACID PROOF WORKSUITS","16","each","4713"
"RQ24012941","33kv Poles","2","each","4714"
"RQ24012991","33kv Poles","3","each","4715"
"RQ24012966","33kv Poles","1","each","4716"
"RQ24012915","33kv Poles","5","each","4717"
"RQ24012945","33kv Poles","5","each","4718"
"RQ24012949","33kv Poles","5","each","4719"
"RQ24020161","Toner Cartridge 106A","100","each","4720"
"RQ24020116","05A Toner Cartridge ","100","each","4721"
"RQ24020283","test","1","each","4722"
"RQ24020254","Line materials","1","each","4723"
"RQ24020231","Line materials","1","each","4724"
"RQ24020221","Line materials","1","each","4725"
"RQ24020544","Labour for NPS","11","each","4726"
"RQ24020529","Transport Hire","1","each","4727"
"RQ24020596","Transport Hire","1","each","4728"
"RQ24020531","Transport Hire","1","each","4729"
"RQ24020518","Transport Hire","1","each","4730"
"RQ24020592","Labour for line construction","70","each","4731"
"RQ24020546","Labour for NPS","22","each","4732"
"RQ2402054","Labour for NPS","15","each","4733"
"RQ24020555","Labour for NPS","3","each","4734"
"RQ24020581","Labour for NPS","3","each","4735"
"RQ24020526","Labour for NPS","5","each","4736"
"RQ24020679","Labour for NPS","10","each","4737"
"RQ24020682","Labour for NPS","2","each","4738"
"RQ24020635","Labour for NPS","10","each","4739"
"RQ24020658","Labour for NPS","2","each","4740"
"RQ24020685","Labour for NPS","2","each","4741"
"RQ24020646","Labour for NPS","26","each","4742"
"RQ24020657","Labour for NPS","18","each","4743"
"RQ24020649","Labour for NPS","16","each","4744"
"RQ24020687","Labour for NPS","7","each","4745"
"RQ24020642","Labour for NPS","4","each","4746"
"RQ24020647","Labour for NPS","6","each","4747"
"RQ24020764","ROLLER BLINDS","2","each","4748"
"RQ24020775","ROLLER BLINDS","5","each","4749"
"RQ2402079","ROLLER BLINDS","4","each","4750"
"RQ24020849","70mm2 4 core cable x 40 meters","40","metres","4751"
"RQ24020998","9m Wood poles","240","each","4752"
"RQ24020982","50mm2 HDA conductor","18000","each","4753"
"RQ24020943","Insulator Shackle","800","each","4754"
"RQ24020937","Bolts & Nuts M16x240","400","each","4755"
"RQ24020954","Spacer spindles","300","each","4756"
"RQ24020917","Insulator Stay SA/ Porcelain","100","each","4757"
"RQ24020967","Staple fencing","40","each","4758"
"RQ24020994","Bolts & Nuts M16x200","400","each","4759"
"RQ24020996","Spiral nails, amour tape","40","each","4760"
"RQ24020969","Spiral nails& amour tape","40","each","4761"
"RQ24020938","Stay plate, washer & bow","201","each","4762"
"RQ24021221","3Ph LT line construction","450","metres","4763"
"RQ24021214","uprate of Single phase LT line to 3Phase","125","metres","4764"
"RQ24021263","LT line uprate and extension","525","metres","4765"
"RQ24021252","LT line construction","1500","metres","4766"
"RQ24021252",,"0","each","4767"
"RQ2402127","33kv Wayleave Clearance - Industrial Feeder","13","each","4768"
"RQ24021217","Pole Change","6","each","4769"
"RQ24021227","Wayleave Clearance","25","each","4770"
"RQ24021274","Wayleave Clearance","85","each","4771"
"RQ24021210","Wayleave Clearance","25","each","4772"
"RQ2402125","33kv Poles","78","each","4773"
"RQ24021225","33kv Poles","3","each","4774"
"RQ24021258","H poles","5","each","4775"
"RQ24021224","33kv Poles","3","each","4776"
"RQ24021288","33kv Poles","1","each","4777"
"RQ24021256","11kv poles","40","each","4778"
"RQ24021223","11kv poles","6","each","4779"
"RQ24021273","11kv H poles","5","each","4780"
"RQ24021276","11kv poles","3","each","4781"
"RQ24021272","11kv poles","4","each","4782"
"RQ24021211","11kv poles","52","each","4783"
"RQ24021232","11kv poles","6","each","4784"
"RQ24021212","11kv  H poles","4","each","4785"
"RQ24021249","stringing conductors","100","each","4786"
"RQ2402126","11kv poles","3","each","4787"
"RQ24021242","11kv poles","2","each","4788"
"RQ24021324","L SHAPED EXECUTIVE DESK","3","each","4789"
"RQ24021396","FIX AND SUPPLY CARPET (BLUE) 3M*2.5M","1","each","4790"
"RQ24021351","33kv Poles","90","each","4791"
"RQ24021377","11kv poles","54","each","4792"
"RQ24021313","11kv poles","70","each","4793"
"RQ24021394","33kv Poles","36","each","4794"
"RQ24021337","33kv Poles","36","each","4795"
"RQ24021312","33kv Poles","36","each","4796"
"RQ24021358","33kv Poles","36","each","4797"
"RQ24021390","33kv Poles","36","each","4798"
"RQ24021327","33kv Poles","36","each","4799"
"RQ24021341","33kv Poles","36","each","4800"
"RQ24021477","Wayleave clearance for Nyamheni 11kv feeder ","19","each","4801"
"RQ24021599","pole changing","26","each","4802"
"RQ24021588","Wayleave Clearance","2500","metres","4803"
"RQ24021554","Wayleave Clearance","85000","metres","4804"
"RQ24021598","pole changing for Borderstreams 11kv fdr","131","each","4805"
"RQ24021532","pole changing for Nyamheni 11kv fdr","31","each","4806"
"RQ24021577","pole changing for Nyamheni 11kv fdr","31","each","4807"
"RQ24021530","Wayleave Clearance","30000","metres","4808"
"RQ24021544","Wayleave Clearance","30000","metres","4809"
"RQ24021537","pole changing for Vumba 33kv fdr","27","each","4810"
"RQ24021510","Wayleave Clearance","20000","each","4811"
"RQ24021514","Tranformer Platform Changing","2","each","4812"
"RQ24021682","33kv Wayleave Clearance - Odzani Feeder","17","each","4813"
"RQ24021994","E22 APPLECATION FOR CONECTION/DISCONNECTION","200","each","4814"
"RQ24021992","E25 BOOKS FOR MUTARE DISTRICT","200","each","4815"
"RQ24021981","E24 BOOKS FOR MUTARE DISTRICT","200","each","4816"
"RQ24021967","E21 BOOKS FOR MUTARE DISTRICT","200","each","4817"
"RQ2402194","E117 INSPECTION REPORT BOOKS","200","each","4818"
"RQ24021960","E84 BOOKS FOR MUTARE DISTRICT","200","each","4819"
"RQ24021946","E60 BOOKS FOR MUTARE DISTRICT","200","each","4820"
"RQ24021988","E86 BOOKS FOR MUTARE DISTRICT","200","each","4821"
"RQ24022048","LINE RECONSTRUCTION","130","each","4822"
"RQ24022096","Wayleave Clearance","208","each","4823"
"RQ24022056","Wayleave Clearance","625","each","4824"
"RQ24022051","Wayleave Clearance","791","each","4825"
"RQ24022085","POLE CHANGING","108","each","4826"
"RQ24022021","POLE CHANGING","200","each","4827"
"RQ24022086","POLE CHANGING","400","each","4828"
"RQ24022276","H pole","1","each","4829"
"RQ24022376","Transfomer Oil","10","each","4830"
"RQ24022361","Pole Change","20","each","4831"
"RQ24022380","Pole Change","20","each","4832"
"RQ24022352","12.6m wood poles","20","each","4833"
"RQ24022381","50mm2 SCA conductor","9900","each","4834"
"RQ24022349","Line materials","1","each","4835"
"RQ24022310","Transport Hire","1","each","4836"
"RQ24022389","Transport Hire","1","each","4837"
"RQ24022634","11kv poles","5","each","4838"
"RQ24022651","Cross arms","5","each","4839"
"RQ24022690","33kv Poles","6","each","4840"
"RQ24022687","33kv Poles","6","each","4841"
"RQ24022653","33kv Poles","6","each","4842"
"RQ24022661","33kv Poles","5","each","4843"
"RQ24022614","Transport Hire","1","each","4844"
"RQ24022693","Transport Hire","1","each","4845"
"RQ24022678","Transport Hire","1","each","4846"
"RQ24022625","Transport Hire","1","each","4847"
"RQ24022692","Transport Hire","1","each","4848"
"RQ2402268","Transport Hire","1","each","4849"
"RQ24022624","Transport Hire","1","each","4850"
"RQ24022639","Transport Hire","1","each","4851"
"RQ24022694","Transport Hire","1","each","4852"
"RQ24022622","Transport Hire","1","each","4853"
"RQ24022613","Transport Hire","1","each","4854"
"RQ24022685","Transport Hire","1","each","4855"
"RQ24022618","Transport Hire","1","each","4856"
"RQ24022660"," TRANSPORT HIRE","1","each","4857"
"RQ24022619","Transport Hire","1","each","4858"
"RQ24022632","Transport Hire","1","each","4859"
"RQ24022641","Transport Hire","1","each","4860"
"RQ24022640","Transport Hire","1","each","4861"
"RQ24022650","Transport Hire","1","each","4862"
"RQ24022646","Transport Hire","1","each","4863"
"RQ24022648","Transport Hire","1","each","4864"
"RQ2402262","Transport Hire","1","each","4865"
"RQ2402266","Transport Hire","1","each","4866"
"RQ24022615","Transport Hire","1","each","4867"
"RQ24022667","Transport Hire","1","each","4868"
"RQ2402263","Transport Hire","1","each","4869"
"RQ24022673","Transport Hire","1","each","4870"
"RQ24022670","Transport Hire","1","each","4871"
"RQ24022674","Transport Hire","1","each","4872"
"RQ24022611","Transport Hire","1","each","4873"
"RQ24022684"," five (5) of desktops computers","5","each","4874"
"RQ24022655"," five (5) of desktops computers","5","each","4875"
"RQ24022638"," five (5) of desktops computers","5","each","4876"
"RQ24022738","Transport Hire","1","each","4877"
"RQ24022720","Transport Hire","1","each","4878"
"RQ24022743","Transport Hire","1","each","4879"
"RQ24022762","Transport Hire","1","each","4880"
"RQ24022749","Transport Hire","1","each","4881"
"RQ2402275","Transport Hire","1","each","4882"
"RQ24022774","Transport Hire","1","each","4883"
"RQ24022751","Transport Hire","1","each","4884"
"RQ24022752","Transport Hire","1","each","4885"
"RQ24022759","Transport Hire","1","each","4886"
"RQ2402279","Transport Hire","1","each","4887"
"RQ24022758","Transport Hire","1","each","4888"
"RQ24022776","Transport Hire","1","each","4889"
"RQ24022735","Transport Hire","1","each","4890"
"RQ24022796","Transport Hire","1","each","4891"
"RQ24022718","Transport Hire","1","each","4892"
"RQ24022783","Transport Hire","1","each","4893"
"RQ24022812","33kv poles","80","each","4894"
"RQ24030193","Form E84","100","each","4895"
"RQ24030147","Pretask Risk assesment forms","100","each","4896"
"RQ24030178","CIF","100","each","4897"
"RQ24030191","11kv poles, 11kv Crossarms","11","each","4898"
"RQ24030547","600w Flood Lights","10","each","4899"
"RQ24030531","11kv poles","17","each","4900"
"RQ24030549","33kv Poles","5","each","4901"
"RQ2403054","Conductor","1","each","4902"
"RQ2403052","11kv poles","6","each","4903"
"RQ24030572","MV POles 9meters","5","each","4904"
"RQ24030598","MV POles 9meters","5","each","4905"
"RQ24030564","MV POles 9meters and 70meters conductor","2","each","4906"
"RQ24030629","Diamond Mesh fence as per spec attached","1","each","4907"
"RQ24030717","New Gear Box","1","each","4908"
"RQ24030778","rims","5","each","4909"
"RQ24030747","Carry out Civil works at O.G on Petrozim 33kV Feeder Bay ie: Grading,backfilling, levelling, compacting and demolishing the incomplete storeroom at site as per spec attached.","1","each","4910"
"RQ24030752","Carry out construction works at OG on Petrozim 33kV feeder bay ie: septic tack, soakaway, new guard room and demolition of old one, pads and cable trenches.","1","each","4911"
"RQ24030831","REPAIR OF BLOCKAGE AND SEPTIC TANK OFFLOADING","1","each","4912"
"RQ24030811","Flood lights","10","each","4913"
"RQ2403113","swivel chairs","4","each","4914"
"RQ2403113","visitors chairs","3","each","4915"
"RQ24031138","swivel chairs","3","each","4916"
"RQ24031138","visitors chairs","6","each","4917"
"RQ2403112","swivel chairs","5","each","4918"
"RQ2403112","visitors chairs","10","each","4919"
"RQ24031199","swivel chairs","2","each","4920"
"RQ24031199","visitors chairs","10","each","4921"
"RQ24031167","CANOPY","1","each","4922"
"RQ24031149","CANOPY","1","each","4923"
"RQ24031164","CANOPY","1","each","4924"
"RQ24031132","CANOPY","1","each","4925"
"RQ24031181","CANOPY","1","each","4926"
"RQ24031111","CANOPY","1","each","4927"
"RQ24031130","CANOPY","1","each","4928"
"RQ24031190","CANOPY","1","each","4929"
"RQ24031157","Eleven (11) printers","11","each","4930"
"RQ24031268","borehole siting","1","each","4931"
"RQ24031268","borehole drilling","1","each","4932"
"RQ24031237","Perimeter fencing for Wengezi VR Station as per spec attached","1","each","4933"
"RQ24031354","CLEANING OF TANKS","1","each","4934"
"RQ24031392","33kv Poles","18","each","4935"
"RQ24031362","11kv poles","6","each","4936"
"RQ2403136","33kv Poles","27","each","4937"
"RQ24031325","33kv Poles","2","each","4938"
"RQ24031349","33kv Poles","2","each","4939"
"RQ24031492","11kv poles","12","each","4940"
"RQ2403154","swivel chairs","2","each","4941"
"RQ2403154","visitors chairs","12","each","4942"
"RQ24031524","Pole Change","25","each","4943"
"RQ2403185","plumbing works","1","each","4944"
"RQ2403208","swivel chairs","6","each","4945"
"RQ2403208","visitors chairs","10","each","4946"
"RQ24032016","swivel chairs","5","each","4947"
"RQ24032016","visitors chairs","10","each","4948"
"RQ24032094","swivel chairs","4","each","4949"
"RQ24032094","visitors chairs","10","each","4950"
"RQ24032050","swivel chairs","1","each","4951"
"RQ24032050","visitors chairs","14","each","4952"
"RQ24032043","swivel chairs","6","each","4953"
"RQ24032043","visitors chairs","30","each","4954"
"RQ24032075","Line materials","1","each","4955"
"RQ24032076","Staff IDs","160","each","4956"
"RQ24032455","Cross arms","100","each","4957"
"RQ24032440","Cross arms","200","each","4958"
"RQ2403247","50mm2 SCA conductor","3000","each","4959"
"RQ24032464","Fibre Cross arms","300","each","4960"
"RQ24032467","ACB","24","each","4961"
"RQ2403246","Gun Clamps","200","each","4962"
"RQ24032490","Barbed Wire","100","each","4963"
"RQ2403289","Lighting arrestors","120","each","4964"
"RQ24032819","Lighting arrestors","120","each","4965"
"RQ24040348","2kg Brown sugar","1851","each","4966"
"RQ24040376","Rooibos 200g","1626","each","4967"
"RQ24040378","Tanganda tea bags 250g","807","each","4968"
"RQ24040341","everyday powder milk 400g","2238","each","4969"
"RQ24040390","UHT milk (full cream)","1875","each","4970"
"RQ2404035","bond paper","519","each","4971"
"RQ24040361","Upholstering chairs","40","each","4972"
"RQ24040586","1","1","each","4973"
"RQ24040576","1","1","each","4974"
"RQ24040557","1","1","each","4975"
"RQ24040514","1","1","each","4976"
"RQ24040527","1","1","each","4977"
"RQ24040536","1","1","each","4978"
"RQ24040894","Branded Round neck T.shirts","20","each","4979"
"RQ24040897","Embroided Safari Hats","20","each","4980"
"RQ24040839","ZETDC Branded Table Cloth","3","each","4981"
"RQ24040852","ZETDC Branded Camping Chairs","2","each","4982"
"RQ24040821","Foldable Table","2","each","4983"
"RQ24041045","TRANSFORMER OIL","1050","litres","4984"
"RQ24041136","20xpacks 0-9 numbered rubber/plastic 2.5mm cable ferrules, 30x11pin 50v dc shrack relays c/w base, 10x terminal blocks, 20x50v dc indicator red lamp and 20x50v dc indicator  yellow lamp.","1","each","4985"
"RQ24041123","400m of 70mm2 bare hard drawn copper, 1000m x 2.5mm2 x 12core multicore pvc swa pvc cable, 100m x 11kV 70mm2 3core XLPE Cable and 20 x 11kV termination kits","1","each","4986"
"RQ2404119","20 x packs of Rawl bolts 12 x 100mm Bolt type, 2 x electrical drilling machine 220v ac and 30 x foundation bolts and nuts ","1","each","4987"
"RQ24041799","Transformer oil","1035","each","4988"
"RQ24042459","Staff IDs","105","each","4989"
"RQ24042552","plumbing works","1","each","4990"
"RQ2404252"," 30 x 11kV D'fuse mounts c/w carriers, 10 x 11kV galvanised d'fuse mounts channel x-arms and 20 x 5/8 Spindles ","1","each","4991"
"RQ24042731","10kVA Generator","2","each","4992"
"RQ24042872","Pole Change","67","each","4993"
"RQ24042813","Wayleave Clearence","50","each","4994"
"RQ24050610","Labour for plumbing repairs ","1","each","4995"
"RQ24050675","Labour for repairing leaking roof","1","each","4996"
"RQ24050711","T SHIRTS","35","each","4997"
"RQ24051465","Pre-retirement Planning Workshop","54","each","4998"
"RQ24051426","Pre-retirement Planning Workshop for Masvingo District ","22","each","4999"
"RQ24052015","plumbing","1","each","5000"
"RQ24052229","CCTV and accessorries","1","each","5001"
"RQ24052371","Pole Change","20","each","5002"
"RQ24052361","Pole Change","20","each","5003"
"RQ24052996","Borehole siting and drilling at Rusape depot","1","each","5004"
"RQ24053059","5 ton Chain Block","8","each","5005"
"RQ24053029","Safety Belts","40","each","5006"
"RQ2405303","2 ton come along","20","each","5007"
"RQ2405307","3/4 cm pulley","15","each","5008"
"RQ24053057","1.5 ton cm pulley","20","each","5009"
"RQ24053022","Chainsaws","15","each","5010"
"RQ24053098","Digital Multimeter","40","each","5011"
"RQ24053065","Crimping Tools","40","each","5012"
"RQ2406099","New Fuel Pump","1","each","5013"
"RQ24060965","New Fuel Pump","1","each","5014"
"RQ24061121","Wooden crossarms","200","each","5015"
"RQ24061184","Wooden crossarms","200","each","5016"
"RQ24061197","33kv fibre brassing straps","200","each","5017"
"RQ24061294","New Gear Box","1","each","5018"
"RQ24061313","Permit to work documents","200","each","5019"
"RQ24061474","New Gear Box","1","each","5020"
"RQ24061746","VALUATION","2","each","5021"
"RQ24061851","30 Ton Truck Hire","1","each","5022"
"RQ24061848","30 Ton Truck Hire","1","each","5023"
"RQ24061985","SINGLE BED","3","each","5024"
"RQ24062032","6 Drawer desks","11","each","5025"
"RQ24062049","Labour for carpentry repairs","1","each","5026"
"RQ24062047","Labour for overhaul plumbing","1","each","5027"
"RQ24062052","Labour for complete overhaul plumbing works","1","each","5028"
"RQ24062054","Labour for overhaul plumbing","1","each","5029"
"RQ24062057","Labour for plumbing works","1","each","5030"
"RQ24062560","50mm SCA conductor","4000","metres","5031"
"RQ24062640","59A Toner Cartridge","100","each","5032"
"RQ24062656","Toner Cartridge 80A","100","each","5033"
"RQ24070555","PRE TASK RISK ASSESSMENT BOOKS","200","each","5034"
"RQ24071090","Dual suction fuel pump","1","each","5035"
"RQ24071034","New Fuel Pump","1","each","5036"
"RQ2407152","33kV D-mounts","1500","each","5037"
"RQ24071556","11kV D-mounts","1500","each","5038"
"RQ24071530","33kV wood cross arm","1500","each","5039"
"RQ24071527","11kV wood cross arm","1500","each","5040"
"RQ2407167","11kV D - Mounts","160","each","5041"
"RQ24071689","33kV D - Mounts","160","each","5042"
"RQ24071656","33kV lightning arrestors","120","each","5043"
"RQ24071612","33kV lightning arrestors","120","each","5044"
"RQ2407161","pen","500","each","5045"
"RQ2407161","pencil","200","each","5046"
"RQ24071683","Gazebo 3m*3m- white and blue","2","each","5047"
"RQ24071683","Telescopic  pro max flag- 3m* Flag Fountain Banner ","5","each","5048"
"RQ24071683","Flag Fountain cluster base for 5 poles","1","each","5049"
"RQ24071683","Rectangular flag banners (2m*1), (3m*1) and (4m*2)","4","each","5050"
"RQ24071683","Backdrop banner 3m*2.25","1","each","5051"
"RQ24071683","ZETDC Branded door mats- heavy duty","2","each","5052"
"RQ24071683","Pull up banner- Zetdc branded","2","each","5053"
"RQ24071683","Pop Out banner- Horizontal","2","each","5054"
"RQ24071686","ZETDC Branded Lightbox- A0 1189MM X 841MM","1","each","5055"
"RQ24071686","Coffee table- round tampered glass","1","each","5056"
"RQ24071686","LED Digital Display 70"" inch","1","each","5057"
"RQ24071686","Contravisions for Masvingo ","1","each","5058"
"RQ24071686","Contravisions for Mutare","1","each","5059"
"RQ24071622","Flat packed exhibition display counter,","1","each","5060"
"RQ24071622","Back Inflatable square counter Zetdc branded","1","each","5061"
"RQ24071622","Arificial Lawn carpet/ grass 20m*20m","1","each","5062"
"RQ24071794","battery cubicles","3","each","5063"
"RQ24071742","PVC Sheets for walkway ","4","each","5064"
"RQ24071742","Zetdc logo stickers","24","each","5065"
"RQ24071742","A5 Flyers- On gloss 1side printed","500","each","5066"
"RQ24071742","A4 Flyers on golss- back to back foldable","1000","each","5067"
"RQ24071742","3 Seater couch","1","each","5068"
"RQ24071742","Framed illuminated wall murals - Chiredzi ","3","each","5069"
"RQ24071759","battery banks and chargers","2","each","5070"
"RQ24071869","silver shine paint","200","litres","5071"
"RQ24071873","transformer grey ","200","litres","5072"
"RQ24071915","Golf Tshirts","80","each","5073"
"RQ24071915","Half Puff jacket with embroidered ZETDC Logo","51","each","5074"
"RQ24071915","Safari shirts- embroidered ZETDC Logo","20","each","5075"
"RQ24071915","Promotional T shirts","45","each","5076"
"RQ24071915","Suits- 5 Male and 7 Female","12","each","5077"
"RQ24071915","Shoes","12","each","5078"
"RQ24071915","Casual Shirts","13","each","5079"
"RQ24071915","Casual blouses","13","each","5080"
"RQ24071915","Formal shirt embroidered with zetdc logo","13","each","5081"
"RQ24071915","Casual Trousers for Ladies","13","each","5082"
"RQ24071915","Casual Trousers for Man","13","each","5083"
"RQ24071915","Caps","45","each","5084"
"RQ24071915","Safari Khakhi sunhats- with ZETDC Logo","20","each","5085"
