"id","document_id","rfq_number","rfq_date","scope_of_work","item_required","qty","date_created","specifications","created_by","section_code","ace","ace_spec","proc_ref","region"
"186","RQ21111611","10220876","2021-11-16","Long Service awards for Harare Region at Golden Conifer on 7 December 2021",,"0","2022-12-07 10:12:16","../specifications/","ze347558","523001",,,"acc473630","harare"
"187","RQ21111634","10220403","2021-11-16","Purchase of ZLG water coupons for Southerton staff",,"0","2022-12-07 10:12:16","../specifications/ZLG WATER COUPONS.pdf","ze261092","524604",,,"acc473700","harare"
"188","RQ21111819","10221155","2021-11-18","Telephone Handsets for South District Sales Department",,"0","2022-12-07 10:12:16","../specifications/KEYCOM NETWORKS QUOTATION.pdf","ze53821","524601",,,"acc473300","harare"
"189","RQ21111829","10218220","2021-11-18","Procurement of a replacement Cellphone for Mr T. Pfuwai who was robbed at home",,"0","2022-12-07 10:12:16","../specifications/PFUWAI TAVONGA REPLACEMENT OF STOLEN CELLPHONE.pdf","ze53821","524601",,,"acc473310","harare"
"190","RQ21111827","90221186","2021-11-18","PA System, DJ, Photographer and Mics for Long Services Awards",,"0","2022-12-07 10:12:16","../specifications/SOUND HIRE DJ AND PHOTOGRAPHER FUNCTION 1.pdf","ze53821","524601",,,"acc473630","harare"
"191","RQ21111879","10221186","2021-11-18","PA System, DJ, Photographer and Mics for Long Services Awards",,"0","2022-12-07 10:12:16","../specifications/SOUND HIRE DJ AND PHOTOGRAPHER FUNCTION 2.pdf","ze53821","524601",,,"acc473630","harare"
"192","RQ21112476","10221535","2021-11-24","Procurement of 2022 Branded A4 Diaries ",,"0","2022-12-07 10:12:16","../specifications/","ze329223","525000",,,"acc466605","harare"
"193","RQ21112483","10221538","2021-11-24","Procurement of branded A5 Diaries ",,"0","2022-12-07 10:12:16","../specifications/","ze329223","525000",,,"acc466605","harare"
"194","RQ21112486","10221537","2021-11-24","procurement of Branded Executive notebooks and standard A5 notebooks",,"0","2022-12-07 10:12:16","../specifications/","ze329223","525000",,,"acc466605","harare"
"195","RQ21112415","10221544","2021-11-24","Procurement of Chirungwiza and Seke Substation safety signs ",,"0","2022-12-07 10:12:16","../specifications/","ze329223","525000",,,"acc473640","harare"
"196","RQ21112491","10221542","2021-11-24","Procurement of uniforms for IMS representatives",,"0","2022-12-07 10:12:16","../specifications/","ze329223","525000",,,"acc473650","harare"
"197","RQ21112443","10221539","2021-11-24","procurement of A4 flat folders for moving mail ",,"0","2022-12-07 10:12:16","../specifications/","ze329223","525000",,,"acc473010","harare"
"198","RQ21112538","10221596","2021-11-25","Signage for Mabvuku Client services centre ",,"0","2022-12-07 10:12:16","../specifications/","ze329223","525000",,,"acc473210","harare"
"199","RQ21112571","10221617","2021-11-25","HR Excellence Awards IPMZ TABLE OF 10",,"0","2022-12-07 10:12:16","../specifications/","ze53821","524601",,,"acc473710","harare"
"200","RQ21120297","10221407","2021-11-22","Office Provisions for meetings",,"0","2022-12-07 10:12:16","../specifications/Stationery quotation First Pack.pdf","ze34045","524401",,,"acc466605","harare"
"201","RQ21120271","10221701","2021-11-26","Tea Provisions and refreshments",,"0","2022-12-07 10:12:16","../specifications/","ze34045","524401",,,"acc473700","harare"
"202","RQ21120292","10221957","2021-12-02","Purchase of two Samsung Galaxy A12 64gb for Lead Artisan and Artisan Southerton CSC (Mugure H & Mutambara A.) respectively",,"0","2022-12-07 10:12:16","../specifications/spellbound invoice.pdf","ze53821","524601",,,"acc473310","harare"
"203","RQ21120211","10221967","2021-12-02","Sound Hire, Photography & DJ Long Service Awards 10 December 2021 - Cresta Jameson",,"0","2022-12-07 10:12:16","../specifications/","ze53821","524601",,,"acc473630","harare"
"204","RQ21120295","10221972","2021-12-02","Sound Hire, Photography &  DJ long service Awards 07 December 2021 Golden Conifer ",,"0","2022-12-07 10:12:16","../specifications/PREMIER SOUNDS PRAZ 2021 (1) ln.pdf","ze53821","524601",,,"acc473630","harare"
"205","RQ21120389","10219058","2021-12-03","hiring of 3 x 1 tonne truck for revenue collection and operations for Southerton",,"0","2022-12-07 10:12:16","../specifications/","ze261092","524604",,,"acc473600","harare"
"206","RQ21120837","10221944","2021-12-02","PURCHASE OF 3 HANDFREE TELEPHONE SETS",,"0","2022-12-07 10:12:16","../specifications/MATRIX PHONE SPECS.pdf","ze261009","527001",,,"acc473300","harare"
"207","RQ21120997","10221916","2021-12-01","Purchase of Ipad for Engineering Manager",,"0","2022-12-07 10:12:16","../specifications/ipad specs.pdf","ze291463","527001",,,"acc473310","harare"
"208","RQ21121371","10222165","2021-12-13","carry out service @ 10000km Nissan np300 f/n hr5339 (north comm)",,"0","2022-12-07 10:12:16","../specifications/","ze303267","524201",,,"acc473930","harare"
"209","RQ21121311","10222417","2021-12-13","COVID 19 TESTING FOR 500 EMPLOYEES",,"0","2022-12-07 10:12:16","../specifications/","ze293091","523001",,,"acc473640","harare"
"210","RQ21121370","10222421","2021-12-13","Purchase of COVID 19 Provisions for COVID 19 Patients",,"0","2022-12-07 10:12:16","../specifications/","ze293091","523001",,,"acc473640","harare"
"211","RQ21121623","14200100","2021-12-16","Test RFQ",,"0","2022-12-07 10:12:16","../specifications/min.pdf","ze291463","527001",,,"acc404070","harare"
"212","RQ21121719","99222593","2021-12-17","diagnose engine misfire & quote for work to be done isuzu 6th gen f/n hr5239 (mbn)",,"0","2022-12-07 10:12:16","../specifications/","ze303267","524201",,,"acc473930","harare"
"213","RQ21121740","90222593","2021-12-17","diagonise engine misfire & advise on nature of work isuzu 6th gen f/n hr5239 (mbn)",,"0","2022-12-07 10:12:16","../specifications/Quotation  ADL3491.pdf","ze303267","524201",,,"acc473930","harare"
"214","RQ21121752","90221541","2021-11-24","replace fuel pump Vehicle alredy in your w/shop for other repairs isuzu 6th gen f/n hr5275",,"0","2022-12-07 10:12:16","../specifications/hr5275 quote.pdf","ze303267","524201",,,"acc473930","harare"
"215","RQ21121799","10222551","2021-12-16","Purchase of sanitizers for COVID 19 prevention-Stock replenishment",,"0","2022-12-07 10:12:16","../specifications/Sanitizer Specifications.docx","ze293091","523001",,,"acc473640","harare"
"216","RQ21122170","90222552","2021-12-21","supply clutch kit for nissan UD95 f/n hr5190 (ops)",,"0","2022-12-07 10:12:16","../specifications/","ze303267","524201",,,"acc473930","harare"
"217","RQ21122179","10222715","2021-12-21","supply clutch kit for isuzu 5th generation f/n hr5191",,"0","2022-12-07 10:12:16","../specifications/","ze303267","524201",,,"acc473930","harare"
"218","RQ21122158","10222552","2021-12-21","supply clutch kit fot isuzu 6th generation f/n hr5270 )ops)",,"0","2022-12-07 10:12:16","../specifications/","ze303267","524201",,,"acc473930","harare"
"219","RQ21122359","10221961","2021-12-23","SUPLY AND FIT TENT",,"0","2022-12-07 10:12:16","../specifications/","ze3534375","524202",,,"acc473930","harare"
"220","RQ21122318","90210968","2021-05-05","supply 10 clutch kits for nissan YD25  (genuine parts)",,"0","2022-12-07 10:12:16","../specifications/CLUTCH KIT YD25.pdf","ze303267","524201",,,"acc473930","harare"
"221","RQ21122484","10221795","2021-12-23","TOOLS FOR USE BY CIVIL ARTISAN, EAST DISTRICT",,"0","2022-12-07 10:12:16","../specifications/","ze30570","524701",,,"acc281700","harare"
"222","RQ21122420","10222665","2021-12-23","TELEPHONE HANDSETS FOR EAST DISTRICT OFFICES",,"0","2022-12-07 10:12:16","../specifications/HANDSETS EAST-$191141.5.msg","ze30570","524701",,,"acc475300","harare"
"223","RQ2112297","99217126","2021-09-16","banner signpost for garage  (HARARE REGION  MOTOR VEHICLE WORKSHOP)",,"0","2022-12-07 10:12:16","../specifications/","ze303267","524201",,,"acc473930","harare"
"224","RQ2112296","10222650","2021-12-29","matrix handsets for GM and HRAM",,"0","2022-12-07 10:12:16","../specifications/scan0003.pdf","ze296538","523001",,,"acc473300","harare"
"225","RQ21122961","10222869","2021-12-29","ADDITIONAL MATERIALS FOR TILLING EAST DISTRICT OFFICES",,"0","2022-12-07 10:12:16","../specifications/QUOTE  TILES 2.pdf","ze30570","524701",,,"acc475005","harare"
"226","RQ21122914","10222873","2021-12-29","water taps and plumbing materials",,"0","2022-12-07 10:12:16","../specifications/","ze296538","523001",,,"acc475005","harare"
"227","RQ21122943","90222889","2021-12-29","fit new HT cables & spark plugs on isuzu 6th gen f/n hr5239 (mbn)",,"0","2022-12-07 10:12:16","../specifications/","ze303267","524201",,,"acc473930","harare"
"228","RQ21122941","99222888","2021-12-29","fit new HT cables & idler valve on isuzu 6th gen f/n hr5200",,"0","2022-12-07 10:12:16","../specifications/","ze303267","524201",,,"acc473930","harare"
"229","RQ21123045","90217126","2021-09-16","design garage signpost (ZETDC HRE REGION MOTR VEHICLE WORKSHOP)",,"0","2022-12-07 10:12:16","../specifications/","ze303267","524201",,,"acc473930","harare"
"230","RQ21123024","10217126","2021-09-16","design garage signpost (HRE REGION MOTOR VEHICLE WORKSHOP)",,"0","2022-12-07 10:12:16","../specifications/","ze303267","524201",,,"acc473930","harare"
"231","RQ2112306","10221541","2021-11-24","supply & fit fuel pump assembly on isuzu 6th generation f/n hr5275 ",,"0","2022-12-07 10:12:16","../specifications/","ze303267","524201",,,"acc473930","harare"
"232","RQ21123128","10222889","2021-12-29","supply & fit 4 H.T cables and 4 spark plugs on isuzu 6th gen f/n hr5239 (mbn)",,"0","2022-12-07 10:12:16","../specifications/isuzu quote 1.jpg","ze303267","524201",,,"acc473930","harare"
"233","RQ21123120","90222888","2021-12-29","supply & fit 4 H.T cables and idler valve on isuzu 5th gen f/n hr5200 (n.d)",,"0","2022-12-07 10:12:16","../specifications/isuzu quote 2.jpg","ze303267","524201",,,"acc473930","harare"
"234","RQ22010357","10210968","2021-05-05","supply 10 clutch kits for nissan np300 YD25 (genuine kits)",,"0","2022-12-07 10:12:16","../specifications/clutch quote 2.xlsx","ze303267","524201",,,"acc473930","harare"
"235","RQ22010345","10222950","2022-01-03","supply building materials for garage extention",,"0","2022-12-07 10:12:16","../specifications/","ze303267","524201",,,"acc404091","harare"
"236","RQ22010433","10223008","2022-01-04","COVID 19 TESTING (FORTNIGHT 3)",,"0","2022-12-07 10:12:16","../specifications/QUOTES & PRAZ CERTIFICATES.zip","ze293091","523001",,,"acc473640","harare"
"237","RQ2201053","10223048","2022-01-05","carry out clutch & brake overhaul on Toyota Quantum f/n hr5082",,"0","2022-12-07 10:12:16","../specifications/quantum quotation.pdf","ze303267","524201",,,"acc473930","harare"
"238","RQ22010592","10223057","2022-01-05","supply 24 wheel studs & nuts for nissan np300 f/n hr5266 (g/view)",,"0","2022-12-07 10:12:16","../specifications/STUDS AND NUTS - NP300  QUOTATION.pdf","ze303267","524201",,,"acc473930","harare"
"239","RQ22010579","10223058","2022-01-05"," supply 24 wheel studs & nuts for nissan np300 f/n hr5251",,"0","2022-12-07 10:12:16","../specifications/1641371586STUDS AND NUTS - NP300  QUOTATION.pdf","ze303267","524201",,,"acc473930","harare"
"240","RQ22010594","10223059","2022-01-05","supply wheel studs & nuts for nissan np300 f/n hr5217 (ruwa)",,"0","2022-12-07 10:12:16","../specifications/1641371724STUDS AND NUTS - NP300  QUOTATION.pdf","ze303267","524201",,,"acc473930","harare"
"241","RQ22010591","10223062","2022-01-05","supply bearing grease for garage use",,"0","2022-12-07 10:12:16","../specifications/","ze303267","524201",,,"acc473950","harare"
"242","RQ22010532","10223109","2022-01-05","Photography for Long Services Awards held at Golden Conifer",,"0","2022-12-07 10:12:16","../specifications/PROFOMA INVOICE ZETDC (00000002).pdf","ze53821","524601",,,"acc473630","harare"
"243","RQ22010520","10223115","2022-01-05","Purchasing of GM residency Geysor connections",,"0","2022-12-07 10:12:16","../specifications/","ze296538","523001",,,"acc404110","harare"
"244","RQ22010529","10223111","2022-01-05","Purchase of VIOP Phones for Southerton CSC",,"0","2022-12-07 10:12:16","../specifications/QUOTATION FOR VOIP HANDSETS.pdf","ze53821","524601",,,"acc473300","harare"
"245","RQ2201057","10223110","2022-01-05","PURCHASE OF CHAINSAW FOR RUWA DEPOT",,"0","2022-12-07 10:12:16","../specifications/Scan CHAISAW.pdf","ze44482","524705","ACE21111610","specifications/1637058380chainsaw.pdf","acc281700","harare"
"246","RQ22010651","10223142","2022-01-06","Tile adhesive for Waterfalls depot ",,"0","2022-12-07 10:12:16","../specifications/","ze296538","523001",,,"acc475005","harare"
"247","RQ22011035","10223308","2022-01-10","supply fencing materials for garage use",,"0","2022-12-07 10:12:16","../specifications/","ze303267","524201",,,"acc404091","harare"
"248","RQ22011132","10223363","2022-01-11","carry out service @ 30000km nissan np300 f/n hr5334",,"0","2022-12-07 10:12:16","../specifications/HR5334 (1).pdf","ze303267","524201",,,"acc473930","harare"
"249","RQ22011149","10217536","2021-09-09","supply 6 1000x20 tyres for nissan cpb12 f/n 1040",,"0","2022-12-07 10:12:16","../specifications/","ze303267","524201",,,"acc473930","harare"
"250","RQ22011193","10212230","2021-06-02","supply 245x16 tyres for stock",,"0","2022-12-07 10:12:16","../specifications/","ze303267","524201",,,"acc473930","harare"
"251","RQ22011175","10220007","2021-11-03","supply cement for garage use",,"0","2022-12-07 10:12:16","../specifications/","ze303267","524201",,,"acc404091","harare"
"252","RQ22011134","10221472","2021-11-23","supply service kits for nissan YD25 (stock items)",,"0","2022-12-07 10:12:16","../specifications/","ze303267","524201",,,"acc473930","harare"
"253","RQ22011185","10220215","2021-11-05","supply starter motor for nissan np300 f/n hr5231",,"0","2022-12-07 10:12:16","../specifications/","ze303267","524201",,,"acc473930","harare"
"254","RQ22011198","90221566","2021-11-24","supply starter motor for nissan np300 f/n hr5253",,"0","2022-12-07 10:12:16","../specifications/","ze303267","524201",,,"acc473930","harare"
"255","RQ22011177","10221566","2021-11-24","supply starter motor for nissan np300 f/n hr5253",,"0","2022-12-07 10:12:16","../specifications/","ze303267","524201",,,"acc473930","harare"
"256","RQ22011143","10223191","2022-01-06","For purchase of requirements for ZESA RPA department, ROC certification process.",,"0","2022-12-07 10:12:16","../specifications/","ze237485","524101",,,"acc281700","harare"
"257","RQ22011152","90223448","2022-01-11","Partitioning of Finance section Wynne street",,"0","2022-12-07 10:12:16","../specifications/1641916064scan0015.pdf","ze296538","523001",,,"acc475005","harare"
"258","RQ22011164","10223448","2022-01-11","partitioning of Finance section",,"0","2022-12-07 10:12:16","../specifications/1641916130scan0015.pdf","ze296538","523001",,,"acc475005","harare"
"259","RQ22011122","10223452","2022-01-11","Waterfalls depot new Water connection",,"0","2022-12-07 10:12:16","../specifications/scan0016.pdf","ze296538","523001",,,"acc473440","harare"
"260","RQ2201126","10221819","2021-11-30","PURCHASE OF PORTABLE WELDIND MACHINE FOR OUTSIDE WORKSHOP FABRICATION",,"0","2022-12-07 10:12:16","../specifications/","ze3522741","524301",,,"acc281700","harare"
"261","RQ2201127","90221209","2021-11-19","remove & recondition front leaf springs replace, shock absorbers & wheel studs on nissan ud70 f/n hr5152 (vehicle already at DULYS )",,"0","2022-12-07 10:12:16","../specifications/ud70 quote.pdf","ze303267","524201",,,"acc473930","harare"
"262","RQ22011211","10223472","2022-01-12","supply new starter motor for nissan yd25 f/n hr5292",,"0","2022-12-07 10:12:16","../specifications/","ze303267","524201",,,"acc473930","harare"
"263","RQ22011222","10223351","2022-01-10","Purchase of Office Furniture for the Engineering Manager and Secretary's Office",,"0","2022-12-07 10:12:16","../specifications/Specification for Office Furniture.pdf","ze301744","524001","ACE21120290","specifications/1638434333Explanatory Notes for Purchase of Office Furniture.pdf","acc475300","harare"
"264","RQ22011249","10223326","2022-01-11","supply 4 rims 215x15 for nissan np 300 f/n hr5219",,"0","2022-12-07 10:12:16","../specifications/","ze303267","524201",,,"acc473930","harare"
"265","RQ22011231","10219723","2021-10-29","PURCHASE OF NOVA SOCKET OUTLET FOR MIG WELDING MACHINE CONNECTION AT WORKSHOP",,"0","2022-12-07 10:12:16","../specifications/NOVA SOCKET 2.jpg","ze3522741","524301",,,"acc475500","harare"
"266","RQ22011240","10221129","2021-11-18","carry out B service for nissan np300 f/n hr5339",,"0","2022-12-07 10:12:16","../specifications/hr5339.pdf","ze303267","524201",,,"acc473930","harare"
"267","RQ22011255","10221163","2021-11-18","supply clutch kit for isuzu 240 petrol 5th generation f/n hr5198",,"0","2022-12-07 10:12:16","../specifications/","ze303267","524201",,,"acc473930","harare"
"268","RQ22011287","10223512","2022-01-12","supply building materials for garage extention",,"0","2022-12-07 10:12:16","../specifications/","ze303267","524201",,,"acc475200","harare"
"269","RQ22011272","10223514","2022-01-12","supply building materials for garage extention",,"0","2022-12-07 10:12:16","../specifications/","ze303267","524201",,,"acc475200","harare"
"270","RQ22011284","10223517","2022-01-12","supply building materials for garage extention",,"0","2022-12-07 10:12:16","../specifications/","ze303267","524201",,,"acc475005","harare"
"271","RQ22011261","10223516","2022-01-12","subscription newspaper for the office of District Manager & Sales Executive, East District",,"0","2022-12-07 10:12:16","../specifications/","ze30570","524701",,,"acc473810","harare"
"272","RQ2201121","10222091","2021-12-06","REPAIR FOUR  FAULTY 110 VOLT BATTERY CHARGERS FOR RUWA AS EMERGENCY; NO PROTECTION TO SUBSTATION",,"0","2022-12-07 10:12:16","../specifications/","ze3522741","524301",,,"acc475500","harare"
"273","RQ22011381","10222888","2021-12-29","carry out clutch overhaul & fit 4 new HT cables on isuzu 5th generation f/n hr5200 (vehicle already at Autoworld)",,"0","2022-12-07 10:12:16","../specifications/NDE  ACX2600.pdf","ze303267","524201",,,"acc473930","harare"
"274","RQ22011323","10223040","2022-01-05","REPAIR BLOWN NEUTRAL CURRENT TRANSFORMER 99/5 DUAL RATIO FOR HILLSIDE 33/11 KV  AT HILLSIDE SUBSTATION; VERY URGENT",,"0","2022-12-07 10:12:16","../specifications/","ze3522741","524301",,,"acc475500","harare"
"275","RQ22011317","10223045","2022-01-06","PURCHASE OF 400MM2  BRASS CLAMPS FOR PARKRIDGE AND SENIORS 132/33 KV TRANSFORMERS LV CLAMPS AS PER SAMPLE",,"0","2022-12-07 10:12:16","../specifications/","ze3522741","524301",,,"acc475500","harare"
"276","RQ22011351","10223567","2022-01-13","carrt out service @ 20000km on nissan np200 f/n hr5327",,"0","2022-12-07 10:12:16","../specifications/","ze303267","524201",,,"acc473930","harare"
"277","RQ22011396","10223572","2022-01-13","carry out service at 10000km nissan np200 f/n hr5299",,"0","2022-12-07 10:12:16","../specifications/","ze303267","524201",,,"acc473930","harare"
"278","RQ22011370","10223604","2022-01-13","PURCHASE OF 30 M OF 33MM2 WELDING CABLE, EARTH CLAMP 500A CROCODILE AND 500 AMP ELECTRODE HOLDER",,"0","2022-12-07 10:12:16","../specifications/1642070816WELDING CABLES 4.jpg","ze3522741","524301",,,"acc475600","harare"
"279","RQ22011358","10223592","2022-01-13","Glyphoshate weed killer for Southerton depot",,"0","2022-12-07 10:12:16","../specifications/","ze261092","524604",,,"acc404088","harare"
"280","RQ22011357","10219634","2022-01-13","055A Toner for our network printer",,"0","2022-12-07 10:12:16","../specifications/","ze261092","524604",,,"acc473020","harare"
"281","RQ22011368","10223620","2022-01-13","Purchase ot toner cartridges for HP LASERJET CP1025 COLOUR ",,"0","2022-12-07 10:12:16","../specifications/","ze37540","524202",,,"acc475400","harare"
"282","RQ22011420","10223633","2022-01-13","PURCHASE OF TORCHES FOR USE DURING THE NIGHT",,"0","2022-12-07 10:12:16","../specifications/TORCHES.jpg","ze3522741","524301",,,"acc475600","harare"
"283","RQ22011410","10223652","2022-01-14","PURCHASE OF 70 MM2 FLEX CABLES",,"0","2022-12-07 10:12:16","../specifications/CAFCA BANKING DETAILS.jpg","ze3522741","524301",,,"acc475500","harare"
"284","RQ22011450","10223672","2022-01-14","To purchase   10 cellphones  for  Revenue Assurance  Assistance- Wfalls  Depot",,"0","2022-12-07 10:12:16","../specifications/Tecno  cellphones -Waterfalls.pdf","ze319295","524603",,,"acc473310","harare"
"285","RQ22011465","90223523","2022-01-12","Purchase of Surgical Masks for February Issue",,"0","2022-12-07 10:12:16","../specifications/Masks specifications.docx","ze293091","523001",,,"acc473640","harare"
"286","RQ2201176","10218925","2021-10-18","supply & fit 6 tyres (700x16) for generator cart",,"0","2022-12-07 10:12:16","../specifications/","ze303267","524201",,,"acc473930","harare"
"287","RQ22011721","10223523","2022-01-13","Purchase of masks for February 2021 issue",,"0","2022-12-07 10:12:16","../specifications/1642404049Masks specifications.docx","ze293091","523001",,,"acc473640","harare"
"288","RQ22011762","10215293","2021-08-16","attend to vehicle not starting mazda bt50 f/n dh7006",,"0","2022-12-07 10:12:16","../specifications/","ze303267","524201",,,"acc473930","harare"
"289","RQ22011761","10223543","2022-01-13","Supply and Installation of new Statistics Board for Coventry Stores (Site visit required-Wynne Street)",,"0","2022-12-07 10:12:16","../specifications/","ze293091","523001",,,"acc473640","harare"
"290","RQ22011746","10223757","2022-01-17","Faulty P.T.O on Powerstar crane F/n Hr 5284",,"0","2022-12-07 10:12:16","../specifications/","ze37540","524202",,,"acc466607","harare"
"291","RQ22011729","10223602","2022-01-13","Purchase of safety shoes for ladies",,"0","2022-12-07 10:12:16","../specifications/TECHINICAL SPEC.pdf","ze293091","523001",,,"acc473640","harare"
"292","RQ22011784","223782","2022-01-17","Accommodation for  Eng B Chimusaru, S Chirandu, S Tachiona, T Chikurira and M Chivhinge ",,"0","2022-12-07 10:12:16","../specifications/","ze323896","524101",,,"acc476200","harare"
"293","RQ22011714","90223782","2022-01-17","Accommodation for Eng B Chimusaru, S. Chirandu, S Tachiona, T Chikurira and M Chivhinge   in Holiday Inn Mutare for asset register",,"0","2022-12-07 10:12:16","../specifications/ZETDC  19 AND 20 JAN  Holiday in Mutare.pdf","ze323896","524101",,,"acc476200","harare"
"294","RQ22011789","10223272","2022-01-17","Pavers for New Waterfalls depot Parktown",,"0","2022-12-07 10:12:16","../specifications/scan0028.pdf","ze281875","523001",,,"acc475005","harare"
"295","RQ22011710","10223795","2022-01-17","COVID 19 Antigen Testing for Fortnight 4 (22.01.2022)",,"0","2022-12-07 10:12:16","../specifications/","ze293091","523001",,,"acc473640","harare"
"296","RQ22011838","10223741","2022-01-17","6 VISITORS CHAIRS ,5 SWIVEL CHAIRS, 1 6 DRAWER DESK (SAFM) 1 SWIVEL CHAIR (SAFM)",,"0","2022-12-07 10:12:16","../specifications/ACE2.jfif","ze229105","522001","ACE21120980","specifications/1639045212ACE1.jfif","acc475300","harare"
"297","RQ22011829","10223828","2022-01-18","CB 29 CRANEBORNE TRENCHING BTWN S/S 3469  AND S/S 87 60M 11KV UGC",,"0","2022-12-07 10:12:16","../specifications/","ze226769","524702",,,"acc473620","harare"
"298","RQ2201185","10223832","2022-01-18","CB 89 WYNNE ST TRENCHING BTWN S/S 2118 TO S/S 847 11KV UGC",,"0","2022-12-07 10:12:16","../specifications/","ze226769","524702",,,"acc473620","harare"
"299","RQ22011817","10223836","2022-01-18","CB 139 AIRPORT BTWN S/S 1298 TO S/S 551 AND FROM S/S 517 11KV UGC TRENCHING",,"0","2022-12-07 10:12:16","../specifications/","ze226769","524702",,,"acc473620","harare"
"300","RQ22011828","10223782","2022-01-17","Accommodation for 5 Engineers attending asset register in Mutare Eng B Chimusaru, S Chirandu, S Tachiona, T Chikurira and M Chivhinge",,"0","2022-12-07 10:12:16","../specifications/1642507411ZETDC  19 AND 20 JAN  Holiday in Mutare.pdf","ze323896","524101",,,"acc476200","harare"
"301","RQ22011962","10223367","2022-01-11","Supply and fit front wheel bearing kit on F/n Hr 5149 Mitsubishi L200",,"0","2022-12-07 10:12:16","../specifications/","ze37540","524202",,,"acc466607","harare"
"302","RQ22011914","90223925","2022-01-19","Tiles for Hr and Admin Manager",,"0","2022-12-07 10:12:16","../specifications/scan0029.pdf","ze296538","523001",,,"acc475005","harare"
"303","RQ22011912","10214301","2022-01-19","Ground floor boardroom table with chairs",,"0","2022-12-07 10:12:16","../specifications/scan0030.pdf","ze296538","523001",,,"acc475300","harare"
"304","RQ22011923","90223914","2022-01-19","Air conditioning for GIS ground floor office",,"0","2022-12-07 10:12:16","../specifications/Quotation ZETDC WYNNE STREET.pdf","ze296538","523001",,,"acc475005","harare"
"305","RQ22012062","10224044","2022-01-20","carry out 10000km service on np200 fleet hr 5329",,"0","2022-12-07 10:12:16","../specifications/","ze254746","524201",,,"acc473930","harare"
"306","RQ22012039","10224014","2022-01-20","interactive LED Screen TV Computer for new board room Wynne street",,"0","2022-12-07 10:12:16","../specifications/Est_503_from_BRAND_DIGITAL_PRIVATE_LIMITED_1192.pdf","ze296538","523001",,,"acc473750","harare"
"307","RQ22012091","10224049","2022-01-20","carry out 20 000km service out on np 200  afn 0970 fleet no hr 5326",,"0","2022-12-07 10:12:16","../specifications/","ze254746","524201",,,"acc473930","harare"
"308","RQ22012149","10223925","2022-01-21","floor tiles for HRAM Manager office",,"0","2022-12-07 10:12:16","../specifications/scan0039.pdf","ze296538","523001",,,"acc475005","harare"
"309","RQ22012179","10224161","2022-01-21","TRENCHING CB 49 FOURTH STREET FROM S/S 400- S/S 4187  40M",,"0","2022-12-07 10:12:16","../specifications/","ze226769","524702",,,"acc473620","harare"
"310","RQ22012460","10224190","2022-01-24","trenching cb 49 4th st ",,"0","2022-12-07 10:12:16","../specifications/","ze226769","524702",,,"acc473620","harare"
"311","RQ22012473","10224191","2022-01-24","trenching cb 19 craneborne s/s 3368- s/s 819",,"0","2022-12-07 10:12:16","../specifications/","ze226769","524702",,,"acc473620","harare"
"312","RQ22012438","90224213","2022-01-24","Function room plumbing and water works",,"0","2022-12-07 10:12:16","../specifications/scan0043.pdf","ze296538","523001",,,"acc475005","harare"
"313","RQ22012491","10223859","2022-01-24","Precast repair at New Waterfalls Depot",,"0","2022-12-07 10:12:16","../specifications/","ze296538","523001",,,"acc475005","harare"
"314","RQ22012425","10224213","2022-01-24","function room water and plumbing materials",,"0","2022-12-07 10:12:16","../specifications/scan0045.pdf","ze296538","523001",,,"acc475005","harare"
"315","RQ2201255","10224280","2022-01-25","CB69 WVI cable fault trenching",,"0","2022-12-07 10:12:16","../specifications/","ze261092","524604",,,"acc473620","harare"
"316","RQ22012510","10224282","2022-01-25","CB49 Cov cable btwn ss345& 4034",,"0","2022-12-07 10:12:16","../specifications/","ze261092","524604",,,"acc473620","harare"
"317","RQ22012578","10224285","2022-01-25","Cable trenching at CB119 HFD",,"0","2022-12-07 10:12:16","../specifications/","ze261092","524604",,,"acc473620","harare"
"318","RQ22012586","10224307","2022-01-25","Quarry dust for NEW WATERFALLS DEPOT",,"0","2022-12-07 10:12:16","../specifications/scan0047.pdf","ze296538","523001",,,"acc475005","harare"
"319","RQ22012565","90224339","2022-01-25","purchase of cellphone and hand set for the Engineering Manager",,"0","2022-12-07 10:12:16","../specifications/Tablet Specification for Engineering Manager (Drone Project) (00000003).docx","ze323896","524101",,,"acc473300","harare"
"320","RQ22012553","10222548","2022-01-25","CLUTCH OVERHAUL FOR HR 5270",,"0","2022-12-07 10:12:16","../specifications/","ze254746","524201",,,"acc473930","harare"
"321","RQ22012517","10224357","2022-01-25","NON START MAJOR SERVICE ",,"0","2022-12-07 10:12:16","../specifications/","ze254746","524201",,,"acc473930","harare"
"322","RQ2201252","10224135","2022-01-25","BOQ GARAGE MATERIALS",,"0","2022-12-07 10:12:16","../specifications/","ze254746","524201",,,"acc473930","harare"
"323","RQ22012664","10222803","2022-01-26","CB 59 SELOUS CABLE TRENCHING 100M",,"0","2022-12-07 10:12:16","../specifications/","ze226769","524702",,,"acc473620","harare"
"324","RQ22012675","10222802","2022-01-26","TRENCHING FROM 1094 TO S/S 2146 CB 79 GARDENS",,"0","2022-12-07 10:12:16","../specifications/","ze226769","524702",,,"acc473620","harare"
"325","RQ2201262","1022440","2022-01-26","Payment of Photography for Long Service Function held at Golden Conifer in December 2021",,"0","2022-12-07 10:12:16","../specifications/PREMIER-TAX CLEARANCE 2021 (1).tif","ze53821","524601",,,"acc473630","harare"
"326","RQ22012656","10224433","2022-01-26","PURCHASE OF ITEL A56, 6 INCH SCREEN,16GB MEMORY, IGB RAM CELLPHONE FOR CHIKOMO ISHMAEL A REVENUE ASSURANCE ASSISTANT AT GLENVIEW CSC",,"0","2022-12-07 10:12:16","../specifications/CHIKOMO CELLPHONE QUOTATION PINELAND TECHNOLOGY.pdf","ze53821","524601",,,"acc473310","harare"
"327","RQ22012631","10224430","2022-01-26","PROCUREMENT OF MOBILE PHONES FOR K. CHARAKUPA AND L. ZABA. ",,"0","2022-12-07 10:12:16","../specifications/tax clearance certificate CHARAKUPA STOLEN PHONE.pdf","ze53821","524601",,,"acc473310","harare"
"328","RQ22012785","10224382","2022-01-27","carry out clutch overhaul and attend to hard starting on hr 5265 adr0916 glen view depot",,"0","2022-12-07 10:12:16","../specifications/","ze254746","524201",,,"acc473930","harare"
"329","RQ22012790","10222593","2022-01-27","veh misfiring",,"0","2022-12-07 10:12:16","../specifications/","ze254746","524201",,,"acc473930","harare"
"330","RQ22012839","10224511","2022-01-28","MEDICAL BILLS PAYMENT IN RESPECT OF MR G SATANDE SCSO BORROWDALE WHO WAS HOSPITALISED AT BORROWDALE HOSPITAL",,"0","2022-12-07 10:12:16","../specifications/SATANDE G BILL.jfif","ze30570","524701",,,"acc473670","harare"
"331","RQ22013073","10224461","2022-01-30","attend to brake wheel cylinders leaking on ACU 0024 F/N 2644",,"0","2022-12-07 10:12:16","../specifications/","ze254746","524201",,,"acc473930","harare"
"332","RQ22013066","10224663","2022-01-30","CARRY OUT SUSPENSION O/HAUL ON HR 5235 ADI 3704 OPPS/MAINS",,"0","2022-12-07 10:12:16","../specifications/","ze254746","524201",,,"acc473930","harare"
"333","RQ2201312","90224522","2022-01-31","CARRY OUT SERVICE ONUD REG AFN3478 F/N 5325",,"0","2022-12-07 10:12:16","../specifications/","ze254746","524201",,,"acc473930","harare"
"334","RQ22013196","90224462","2022-01-31","ENGINE OVERHAUL FOR HR 5150 ACI 4722 MITSIBUSHI LANCER MACHINE WORK",,"0","2022-12-07 10:12:16","../specifications/","ze254746","524201",,,"acc473930","harare"
"335","RQ22020187","10224678","2022-02-01"," Cellphones for Revenue Assurance Assist-T.Mhlanga, M.Bowa, W.Muza, T.Chikwizo, J.Bopoto, C.Matsungo& K.Pirikisi",,"0","2022-12-07 10:12:16","../specifications/Cell phone Quotation 1.pdf","ze7269","524502",,,"acc473310","harare"
"336","RQ22020134","90224743","2022-02-01","replace ignition key and reupholster seat on hr 5256 adr 0895",,"0","2022-12-07 10:12:16","../specifications/","ze254746","524201",,,"acc473930","harare"
"337","RQ22020185","10224736","2022-02-01","supply and fit 4 new injectors on hr 5289 reg no aes4685 np 300",,"0","2022-12-07 10:12:16","../specifications/","ze254746","524201",,,"acc473930","harare"
"338","RQ2202011","10224734","2022-02-01","CARRY OUT CLUTCH OVERHAUL ON L200 F/N 882 AAP9347",,"0","2022-12-07 10:12:16","../specifications/","ze254746","524201",,,"acc473930","harare"
"339","RQ22020115","10224726","2022-02-01","CARRY OUT DIFF O/HAUL ON ADR 0899 F/N 5259 NP 300",,"0","2022-12-07 10:12:16","../specifications/","ze254746","524201",,,"acc473930","harare"
"340","RQ22020164","10224665","2022-02-01","ATTEND TO FUEL STARVATION AND MISFIRING ON HR 5275 ADY1776",,"0","2022-12-07 10:12:16","../specifications/","ze254746","524201",,,"acc473930","harare"
"341","RQ22020140","10224462","2022-02-01","ENGINE O/HAUL ON HR 5150 ACI4722",,"0","2022-12-07 10:12:16","../specifications/","ze254746","524201",,,"acc473930","harare"
"342","RQ22020136","10224761","2022-02-01","ATTEND TO FRONT W/BEARINGS AND REPLACE RH W/MIRROR",,"0","2022-12-07 10:12:16","../specifications/","ze254746","524201",,,"acc473930","harare"
"343","RQ22020214","10224522","2022-02-02","CARRY OUT SERVICE ON HR 5325 NISSAN UD",,"0","2022-12-07 10:12:16","../specifications/","ze254746","524201",,,"acc473930","harare"
"344","RQ22020259","10221209","2022-02-02","SUPPLY FRT SPRINGS SHACKLES HANGERS /PINS FOR HR 5152 B/DALE",,"0","2022-12-07 10:12:16","../specifications/","ze254746","524201",,,"acc473930","harare"
"345","RQ2202024","10224773","2022-02-02","SERVICE ON AFN 3298 HR5330",,"0","2022-12-07 10:12:16","../specifications/","ze254746","524201",,,"acc473930","harare"
"346","RQ22020291","10224801","2022-02-02","Door signage for Drone office first floor",,"0","2022-12-07 10:12:16","../specifications/scan0064.pdf","ze296538","523001",,,"acc473210","harare"
"347","RQ22020327","10224661","2020-02-03","11kv cable fault trenching @CB89  between W/Vale Motor Industries &SS3331",,"0","2022-12-07 10:12:16","../specifications/","ze261092","524604",,,"acc473620","harare"
"348","RQ22020352","10224863","2022-02-03","100M 11KV cable reclaim",,"0","2022-12-07 10:12:16","../specifications/","ze261092","524604",,,"acc473620","harare"
"349","RQ22020341","10224864","2022-02-03","100m cable reclaim and tracing",,"0","2022-12-07 10:12:16","../specifications/","ze261092","524604",,,"acc473620","harare"
"350","RQ22020379","10224983","2022-02-03","Purchase of dishwashing liquid for the purpose of handwashing",,"0","2022-12-07 10:12:16","../specifications/","ze293091","523001",,,"acc473640","harare"
"351","RQ22020316","10224985","2022-02-03","Soap dispensers for wynne street toilets",,"0","2022-12-07 10:12:16","../specifications/","ze293091","523001",,,"acc473640","harare"
"352","RQ22020330","10224986","2022-02-03","Safety shoes for RMT",,"0","2022-12-07 10:12:16","../specifications/TECHINICAL SPEC RMT.docx","ze293091","523001",,,"acc473640","harare"
"353","RQ2202038","10224989","2022-02-03","Infra red thermometers",,"0","2022-12-07 10:12:16","../specifications/","ze293091","523001",,,"acc473640","harare"
"354","RQ22020391","10224795","2022-02-02","ZESA NTC: Retirement Party ",,"0","2022-12-07 10:12:16","../specifications/","ze296716","523001",,,"acc473730","harare"
"355","RQ22020377","10224804","2022-02-02","Lunches for Induction: Motor mechanics contract and students on attachment",,"0","2022-12-07 10:12:16","../specifications/","ze296716","523001",,,"acc473700","harare"
"356","RQ22020364","10224790","2022-02-02","Cable Jointing Training ",,"0","2022-12-07 10:12:16","../specifications/","ze296716","523001",,,"acc473660","harare"
"357","RQ22020325","90224846","2022-02-03","February Rental for SCSO Glen view depot Mr Mwale",,"0","2022-12-07 10:12:16","../specifications/","ze281875","523001",,,"acc474010","harare"
"358","RQ22020355","10224846","2022-02-03","February Rental for SCSO Glen view depot - Mr Mwale",,"0","2022-12-07 10:12:16","../specifications/","ze281875","523001",,,"acc474010","harare"
"359","RQ22020344","10224849","2022-02-03","Painting New Waterfalls depot",,"0","2022-12-07 10:12:16","../specifications/scan0077.pdf","ze281875","523001",,,"acc475005","harare"
"360","RQ22020439","10225024","2022-02-04","purchase of stationery for cbd depot",,"0","2022-12-07 10:12:16","../specifications/","ze226769","524702",,,"acc466605","harare"
"361","RQ22020434","10225042","2022-02-04","Lunch for 4th year apprentices: Pre switching revision",,"0","2022-12-07 10:12:16","../specifications/","ze296716","523001",,,"acc473660","harare"
"362","RQ22020440","10225014","2022-02-04","Purchase of office furniture for the Engineering Manager's Office and the Secretary's Office",,"0","2022-12-07 10:12:16","../specifications/Office Furniture Quotation 24 01 2022.pdf","ze301744","524001","ACE22012586","specifications/1643091076Explanatory Notes and Specification for Office Furniture.pdf","acc475300","harare"
"363","RQ22020594","10222719","2022-02-05","ATTEND TO ACCIDENT DAMAGED HONDA  AER2950 W/FALLS",,"0","2022-12-07 10:12:16","../specifications/","ze254746","524201",,,"acc473930","harare"
"364","RQ22020590","10225046","2022-02-05","telephones for engineering section 2 voip handsets and 1 analogue speaker handsfree",,"0","2022-12-07 10:12:16","../specifications/scan0079.pdf","ze281875","523001",,,"acc404045","harare"
"365","RQ2202076","10225015","2022-02-04","Purchase of Toner Cartridges for EM's Secretary",,"0","2022-12-07 10:12:16","../specifications/Quotations for Cartridges.pdf","ze301744","524001",,,"acc473000","harare"
"366","RQ22020757","90225078","2022-02-07","ADSL BUNDLE FOR GM,FM,HR",,"0","2022-12-07 10:12:16","../specifications/1644224587ZETDC UNLIMITED BUNDLES QUOTE (1).pdf","ze296538","523001",,,"acc473330","harare"
"367","RQ22020777","10225078","2022-02-07","ADSL BUNDLE FOR GM,FM,HR",,"0","2022-12-07 10:12:16","../specifications/","ze296538","523001",,,"acc473330","harare"
"368","RQ22020780","10224854","2022-02-02","Purchase of Samsung Galaxy Tablet S7",,"0","2022-12-07 10:12:16","../specifications/S7 tablet spec. & quotation.pdf","ze301744","524001",,,"acc473310","harare"
"369","RQ22020715","10224339","2022-01-25","Purchase of Samsung Galaxy A30s for the Engineering Manager",,"0","2022-12-07 10:12:16","../specifications/Samsung A30s specs.pdf","ze301744","524001",,,"acc473310","harare"
"370","RQ22020744","10225110","2022-02-07","Accommodation for Gamunorwa Hilder",,"0","2022-12-07 10:12:16","../specifications/ZETDC HARARE REGION  ACCOMMODATION ( Hilda 28-30 Jan 2022) rtgs.pdf","ze296538","523001",,,"acc473620","harare"
"371","RQ22020791","90225107","2022-02-07","RAPID RESPONSE 50 DUNKLED ROAD",,"0","2022-12-07 10:12:16","../specifications/1644239146ALAINV202815(ALA-EZE016)(Safeguard Alarms Private Limited )(2022-02-03).pdf","ze281875","523001",,,"acc475005","harare"
"372","RQ22020758","10225107","2022-02-07","24 hour Rapid response for 50 Dunkled",,"0","2022-12-07 10:12:16","../specifications/1644240560ALAINV202815(ALA-EZE016)(Safeguard Alarms Private Limited )(2022-02-03).pdf","ze281875","523001",,,"acc474030","harare"
"373","RQ22020843","10224977","2022-02-03","Purchase of ZESA ROC certification process requirements.",,"0","2022-12-07 10:12:16","../specifications/ELECTRONIC TOOL KIT.pdf","ze237485","524101","ACE22020247","specifications/1643794131ROC T & E requirements.docx","acc281700","harare"
"374","RQ22020877","10224972","2022-02-02","Purchase of two office printers one for use by Principal Technician Projects and the other for ZESA ROC certification process",,"0","2022-12-07 10:12:16","../specifications/PRINTER LASERJET Pro MFP M521dw.docx","ze237485","524101","ACE22020241","specifications/1643793221Printers.docx","acc473020","harare"
"375","RQ22020956","10225259","2022-02-09","carry out front suspension on UD 70 HR 5253",,"0","2022-12-07 10:12:16","../specifications/","ze254746","524201",,,"acc473930","harare"
"376","RQ22020944","10225132","2022-02-07","PURCHASE OF TORCHES FOR LOSS CONTROL",,"0","2022-12-07 10:12:16","../specifications/scan2616.pdf","ze291412","526001",,,"acc281700","harare"
"377","RQ22020979","10224947","2022-02-07","PURCHASE OF CELL PHONE HANDSETS TO BE USED BY LOSS CONTROL FOR ALARMS RESPONSE",,"0","2022-12-07 10:12:16","../specifications/scan2603.pdf","ze291412","526001",,,"acc473310","harare"
"378","RQ2202095","10225324","2022-02-09","purchase of floor tiles for Procurement passage",,"0","2022-12-07 10:12:16","../specifications/scan0096.pdf","ze296538","523001",,,"acc475005","harare"
"379","RQ22021097","10222777","2021-12-08","PURCHASE OF 100M 2.5MM2 2 CORE SWA CABLE FOR ACE OF SPADES NEUTRAL CT CABLE",,"0","2022-12-07 10:12:16","../specifications/","ze3522741","524301",,,"acc475500","harare"
"380","RQ22021086","10225218","2022-02-08","PURCHASE OF INSTANT LAWN FOR COVENTRY RD WORKSHOPS",,"0","2022-12-07 10:12:16","../specifications/LAWN.jpg","ze3522741","524301",,,"acc475005","harare"
"381","RQ22021071","10224901","2022-02-01","PURCHASE OF FABRICATION MATERIALS FOR WORKSHOP SHED",,"0","2022-12-07 10:12:16","../specifications/STORES SHED MATERIALS 1.jpg","ze3522741","524301",,,"acc404091","harare"
"382","RQ22021073","10219560","2021-10-27","PURCHASE OF 100W PURCHASE OF FLOOD LIGHTS 100 WATTS LED SOLAR FOR SUBSTATION SECURITY LIGHTS",,"0","2022-12-07 10:12:16","../specifications/","ze3522741","524301",,,"acc475500","harare"
"383","RQ22021025","10219566","2021-10-27","PURCHASE OF CONTROL ROOM LIGHTS IN PRIMARY SUBSTATION
CONLAS LED 4 FT DOUBLE CE TYPE AND LTFCLD 456 AND TUBE LED FT 1,2M 16/18 WATTS D/L 6500K OSRAM",,"0","2022-12-07 10:12:16","../specifications/","ze3522741","524301",,,"acc475500","harare"
"384","RQ22021051","10225184","2022-02-10","5 * Desks for costing staff",,"0","2022-12-07 10:12:16","../specifications/spec fr desks.pdf","ze232300","522001","ACE22020285","specifications/1643792914ACE.Form_ desks costing.doc","acc281700","harare"
"385","RQ22021092","10225366","2022-02-10","Purchase of picture frames",,"0","2022-12-07 10:12:16","../specifications/Strachans quotation - Picture Frames.pdf","ze301744","524001",,,"acc473010","harare"
"386","RQ22021050","10225397","2022-02-10","Beverages for retirement party 18 February 2022",,"0","2022-12-07 10:12:16","../specifications/","ze296716","523001",,,"acc473700","harare"
"387","RQ22021012","80222922","2022-02-10","SUPPLY 215/15 TYRES ",,"0","2022-12-07 10:12:16","../specifications/","ze254746","524201",,,"acc473930","harare"
"388","RQ22021040","10222925","2022-02-10","ENGINE OIL FOR WORKSHOPS",,"0","2022-12-07 10:12:16","../specifications/","ze254746","524201",,,"acc473930","harare"
"389","RQ22021017","90224446","2022-02-10","FRONT WHEEL BEARINGS FOR NP300",,"0","2022-12-07 10:12:16","../specifications/","ze254746","524201",,,"acc473930","harare"
"390","RQ22021014","10222962","2022-02-10","SUPPLY H4 BULBS ",,"0","2022-12-07 10:12:16","../specifications/","ze254746","524201",,,"acc473930","harare"
"391","RQ22021042","10224517","2022-02-10","POWER STEERING PUMP BELTS FOR NP300",,"0","2022-12-07 10:12:16","../specifications/","ze254746","524201",,,"acc473930","harare"
"392","RQ2202109","80224525","2022-02-10","LOWER AND UPPER CONTROL ARMS FOR NP300 4X4 NISSAN",,"0","2022-12-07 10:12:16","../specifications/","ze254746","524201",,,"acc473930","harare"
"393","RQ22021076","90224525","2022-02-10","SUPPLY LOWER/UPPER CONTROL ARM FOR NISSAN NP 300 4X4",,"0","2022-12-07 10:12:16","../specifications/","ze254746","524201",,,"acc473930","harare"
"394","RQ22021039","90224527","2022-02-10","LOWER BALL JOINT FOR NISSAN NP 300 4X4",,"0","2022-12-07 10:12:16","../specifications/","ze254746","524201",,,"acc473930","harare"
"395","RQ22021032","90224444","2022-02-10","SERVICE KIT FOR NISSAN NP200",,"0","2022-12-07 10:12:16","../specifications/","ze254746","524201",,,"acc473930","harare"
"396","RQ2202107","10225407","2022-02-10","MV SERVISE CABLE REPLACEMENT NO 78 FLAT NO 5& 7 GREENGROOVE GREENDALE",,"0","2022-12-07 10:12:16","../specifications/","ze37222","524504",,,"acc404086","harare"
"397","RQ22021081","10225400","2022-02-10","11KV SUBSTATION RELOCATION ORIEL GIRLS",,"0","2022-12-07 10:12:16","../specifications/","ze37222","524504",,,"acc404086","harare"
"398","RQ2202104","10225422","2022-02-10","office furniture for Admin Officer",,"0","2022-12-07 10:12:16","../specifications/PROFORMA INVOICE ZETDC.pdf","ze296538","523001","ACE22012446","specifications/1643009810scan0019.pdf","acc475300","harare"
"399","RQ22021078","10225399","2022-02-09","REPLACEMENT OF STOLEN COPPER CONDUCTORS CORONATION AND VALLET ROADS",,"0","2022-12-07 10:12:16","../specifications/","ze37222","524504",,,"acc404086","harare"
"400","RQ2202105","10225421","2022-02-10","office furniture for Admin Clerk",,"0","2022-12-07 10:12:16","../specifications/ZETDC PROFORMA AO.pdf","ze296538","523001","ACE2201241","specifications/1643009883scan0020.pdf","acc475300","harare"
"401","RQ22021169","10225423","2022-02-11","attend to fuel system on HR5242 ADL3494",,"0","2022-12-07 10:12:16","../specifications/","ze254746","524201",,,"acc473930","harare"
"402","RQ22021111","10223914","2022-02-11","Air con for Drone office ground floor",,"0","2022-12-07 10:12:16","../specifications/scan0100.pdf","ze296538","523001","ACE22012484","specifications/1643010139scan0041.pdf","acc475005","harare"
"403","RQ22021116","10225479","2022-02-11","transportation of quarry dust to Waterfalls depot Parktown",,"0","2022-12-07 10:12:16","../specifications/HM108 -ZWL-  ZETDC (1).pdf","ze296538","523001",,,"acc475500","harare"
"404","RQ2202119","10224452","2022-02-11","Dunkeld flood lights",,"0","2022-12-07 10:12:16","../specifications/scan0099.pdf","ze296538","523001",,,"acc475005","harare"
"405","RQ22021417","10225499","2022-02-14","AIR CONDITIONING FOR SWITCH BOARD SAVER",,"0","2022-12-07 10:12:16","../specifications/Quotation ZETDC WYNNE STREET SERVER ROOM.pdf","ze296538","523001","ACE22020922","specifications/1644410852Quotation ZETDC WYNNE STREET (1).pdf","acc475005","harare"
"406","RQ22021434","10225244","2022-02-07","Sound Hire and Tech for Retirement Party ",,"0","2022-12-07 10:12:16","../specifications/","ze296716","523001",,,"acc473630","harare"
"407","RQ22021442","10225504","2022-02-14","Venue and catering services - Retirement Party ",,"0","2022-12-07 10:12:16","../specifications/","ze296716","523001",,,"acc473620","harare"
"408","RQ22021449","10225510","2022-02-14","Retirement Party ",,"0","2022-12-07 10:12:16","../specifications/","ze296716","523001",,,"acc473620","harare"
"409","RQ22021492","10209072","2022-02-14","brake pads for np300 nissan hardbody",,"0","2022-12-07 10:12:16","../specifications/","ze254746","524201",,,"acc473930","harare"
"410","RQ22021416","10225165","2022-02-08","Financing Climate Change Conference March 2022",,"0","2022-12-07 10:12:16","../specifications/Financing Climate Change Conference Tickets Inv.pdf","ze301744","524001",,,"acc473510","harare"
"411","RQ22021477","10225530","2022-02-14","Standard BB for ZETDC Eastern region Staff",,"0","2022-12-07 10:12:16","../specifications/BRONTE HOTEL 2022 TAX CLEARANCE CERTIFICATE(1).pdf","ze346373","523001",,,"acc473700",
"412","RQ22021483","10225571","2022-02-14","Trench CB 59 WMI URGENT JOB DONE ON 12 FEB,2022 ISSUED TO TOM&NIRA",,"0","2022-12-07 10:12:16","../specifications/","ze261092","524604",,,"acc473620","harare"
"413","RQ22021474","80225573","2022-02-14","CB89 WILLOWVALE WMI URGENT FAULT ISSUED TO TOM &NIRA  ISSUED ON 12.02.2022",,"0","2022-12-07 10:12:16","../specifications/","ze261092","524604",,,"acc473620","harare"
"414","RQ22021443","90225573","2022-02-14","11  KV CABLE TRENCHING,CB59 WMI ISSUED TO TOM AND NIRA -12.02.2022",,"0","2022-12-07 10:12:16","../specifications/","ze261092","524604",,,"acc473620","harare"
"415","RQ22021424","10225573","2022-02-14"," 11KV CABLE 59 WMI-JOB LOCATED ON 12 FEB 2022 ISSUED TO TOM AND NIRA",,"0","2022-12-07 10:12:16","../specifications/","ze261092","524604",,,"acc473620","harare"
"416","RQ22021555","10225624","2022-02-15","trenching cb 39 airport from s/s 551-s/s 517",,"0","2022-12-07 10:12:16","../specifications/","ze226769","524702",,,"acc473620","harare"
"417","RQ22021535","10225621","2022-02-15","trenching cb 139 airport btwn s/s 2382- s/s 6443",,"0","2022-12-07 10:12:16","../specifications/","ze226769","524702",,,"acc473620","harare"
"418","RQ22021516","10225625","2022-02-15","cb 79 trenching from cb to s/s 3754",,"0","2022-12-07 10:12:16","../specifications/","ze226769","524702",,,"acc473620","harare"
"419","RQ22021560","10225627","2022-02-15","cb 79 hatgates from s/s 3754-1571",,"0","2022-12-07 10:12:16","../specifications/","ze226769","524702",,,"acc473620","harare"
"420","RQ22021583","10225646","2022-02-15","trenching cb 39 airport  11kv ugc",,"0","2022-12-07 10:12:16","../specifications/","ze226769","524702",,,"acc473620","harare"
"421","RQ22021577","90225630","2022-02-15","cb 69 garden 11kv trenching from cb to s/s 696 pockets building",,"0","2022-12-07 10:12:16","../specifications/","ze226769","524702",,,"acc473620","harare"
"422","RQ22021543","10225630","2022-02-15","cb 69 gardens from cb 69 to s/s 696 pockets building ",,"0","2022-12-07 10:12:16","../specifications/","ze226769","524702",,,"acc473620","harare"
"423","RQ2202155","90225629","2022-02-15","pr cb 59 kopje cb 59 to s/s 3351 netone building ",,"0","2022-12-07 10:12:16","../specifications/","ze226769","524702",,,"acc473620","harare"
"424","RQ22021590","10225629","2022-02-15","cb 59 kopje to s/s 3351  Netone building ",,"0","2022-12-07 10:12:16","../specifications/","ze226769","524702",,,"acc473620","harare"
"425","RQ2202159","10225631","2022-02-15","mv ugc trenching s/s 62",,"0","2022-12-07 10:12:16","../specifications/","ze226769","524702",,,"acc473620","harare"
"426","RQ22021581","10225632","2022-02-15","mv ugc trenching market square control to s/s 2789",,"0","2022-12-07 10:12:16","../specifications/","ze226769","524702",,,"acc473620","harare"
"427","RQ22021546","10225633","2022-02-15","mv ugc trenching s/s 1277",,"0","2022-12-07 10:12:16","../specifications/","ze226769","524702",,,"acc473620","harare"
"428","RQ22021567","10225635","2022-02-15","mv ugc trenching printflow ",,"0","2022-12-07 10:12:16","../specifications/","ze226769","524702",,,"acc473620","harare"
"429","RQ2202152","10225638","2022-02-15","mv ugc trenching for spaceborne / marina court",,"0","2022-12-07 10:12:16","../specifications/","ze226769","524702",,,"acc473620","harare"
"430","RQ22021550","10225639","2022-02-15","mv ugc trenching  s/s 2000 cct 3",,"0","2022-12-07 10:12:16","../specifications/","ze226769","524702",,,"acc473620","harare"
"431","RQ22021520","10225642","2022-02-15","mv ugc trenching s/s 1637 cct 2",,"0","2022-12-07 10:12:16","../specifications/","ze226769","524702",,,"acc473620","harare"
"432","RQ22021531","90225663","2022-02-15","Transportation of bricks to Parktown Waterfalls",,"0","2022-12-07 10:12:16","../specifications/1644933637scan0104.pdf","ze296538","523001",,,"acc473900","harare"
"433","RQ22021538","99225663","2022-02-15","Transportation of bricks to Parktown Waterfalls",,"0","2022-12-07 10:12:16","../specifications/1644933818scan0104.pdf","ze296538","523001",,,"acc473900","harare"
"434","RQ22021554","10225663","2022-02-15","Transportation of 45 238 pavers from Zimtile to Parktown Waterfalls new Depot
",,"0","2022-12-07 10:12:16","../specifications/1644935466scan0104.pdf","ze296538","523001",,,"acc473900","harare"
"435","RQ22021696","10222001","2021-12-02","650 Battery",,"0","2022-12-07 10:12:16","../specifications/","ze234966","522102",,,"acc473930","harare"
"436","RQ2202168","90222922","2021-12-30","ENGINE OIL",,"0","2022-12-07 10:12:16","../specifications/","ze234966","522102",,,"acc473930","harare"
"437","RQ22021662","10222922","2021-12-30","215XR15 TYRES",,"0","2022-12-07 10:12:16","../specifications/","ze234966","522102",,,"acc473930","harare"
"438","RQ22021675","10222924","2021-03-01","245R16 TYRES",,"0","2022-12-07 10:12:16","../specifications/","ze234966","522102",,,"acc473930","harare"
"439","RQ2202162","10224444","2022-01-22","SERVICE KIT NP200",,"0","2022-12-07 10:12:16","../specifications/","ze234966","522102",,,"acc473930","harare"
"440","RQ22021673","10224446","2022-01-26","WHEEL BEARING NP300",,"0","2022-12-07 10:12:16","../specifications/","ze234966","522102",,,"acc473930","harare"
"441","RQ22021648","10224448","2022-01-26","5th Generation Isuzu timing belt",,"0","2022-12-07 10:12:16","../specifications/","ze234966","522102",,,"acc473930","harare"
"442","RQ22021641","10224449","2022-01-26","HT CABLES ISUZU",,"0","2022-12-07 10:12:16","../specifications/","ze234966","522102",,,"acc473930","harare"
"443","RQ22021613","10224451","2022-01-26","CLUTCH KIT ISUZU 6TH GENERATION ",,"0","2022-12-07 10:12:16","../specifications/","ze234966","522102",,,"acc473930","harare"
"444","RQ22021632","10224454","2022-01-26","STARTER MOTOR YD 25",,"0","2022-12-07 10:12:16","../specifications/","ze234966","522102",,,"acc473930","harare"
"445","RQ22021610","10224453","2022-01-26","Alternator Nissan YD 25",,"0","2022-12-07 10:12:16","../specifications/","ze234966","522102",,,"acc473930","harare"
"446","RQ22021692","10224465","2022-01-28","TRANSMISSION OIL",,"0","2022-12-07 10:12:16","../specifications/","ze234966","522102",,,"acc473930","harare"
"447","RQ22021666","10225770","2022-02-16","recondition injector pump & injectors",,"0","2022-12-07 10:12:16","../specifications/","ze303267","524201",,,"acc466607","harare"
"448","RQ2202167","10223178","2022-01-16","Executive Accommodation BB Singles & Standard Dinner",,"0","2022-12-07 10:12:16","../specifications/Executive accomodation BB Singles.pdf","ze346373","523001",,,"acc473700","harare"
"449","RQ22021758","90225788","0022-02-16","To purchase additional furniture for HRAM's office",,"0","2022-12-07 10:12:16","../specifications/tEERCHZ hram sECRETARY fYRNITURE.pdf","ze347558","523001",,,"acc475300","harare"
"450","RQ22021783","90225793","2022-02-16","To purchase Canteen Chairs and tables",,"0","2022-12-07 10:12:16","../specifications/Canteen Chairs.pdf","ze347558","523001",,,"acc475300","harare"
"451","RQ22021731","90225789","2022-02-15","to purchase office furniture for IRO",,"0","2022-12-07 10:12:16","../specifications/IRO office furniture.pdf","ze347558","523001",,,"acc475300","harare"
"452","RQ22021769","10224525","2022-02-17","UPPER CONTROL ARM 4X4 NISSAN NP300",,"0","2022-12-07 10:12:16","../specifications/","ze234966","522102",,,"acc473930","harare"
"453","RQ22021759","10224527","2022-02-17","ARMTURE",,"0","2022-12-07 10:12:16","../specifications/","ze234966","522102",,,"acc473930","harare"
"454","RQ22021784","10224530","2022-02-17","CLUTCH FORK NISSAN YD25",,"0","2022-12-07 10:12:16","../specifications/","ze234966","522102",,,"acc473930","harare"
"455","RQ22021733","10224532","2022-02-17","DRUMS ADN SHOES NISSAN YD 25",,"0","2022-12-07 10:12:16","../specifications/","ze234966","522102",,,"acc473930","harare"
"456","RQ22021745","10225855","2022-02-17","PURCHASE OF ZENGEZA CSC ARTISAN ASSISTANTS GRADE B4",,"0","2022-12-07 10:12:16","../specifications/","ze278491","524403",,,"acc473310","harare"
"457","RQ2202177","10225857","2022-02-17","PURCHASE OF CELLPHONES ZENGEZA CSC ARTISAN ASSISTANT GRADE B5 ",,"0","2022-12-07 10:12:16","../specifications/","ze278491","524403",,,"acc473310","harare"
"458","RQ22021881","10224743","2022-02-18","SUPPLY NEW IGNITION SWITCH ON HR5255 AFM7884 F0R NP 300 WARREN PARK DEPOT",,"0","2022-12-07 10:12:16","../specifications/","ze254746","524201",,,"acc473930","harare"
"459","RQ22022251","10226061","2022-02-22","Cleaning detergents for Wynne street offices",,"0","2022-12-07 10:12:16","../specifications/","ze296538","523001",,,"acc474020","harare"
"460","RQ22022338","10226088","2022-02-23","supply clutch kit for hr5194 ACX 2601 FOR STORES",,"0","2022-12-07 10:12:16","../specifications/","ze254746","524201",,,"acc473930","harare"
"461","RQ22022345","10226008","2022-02-23","Walls and floor tiles for first floor toilets at WYNNE STREET",,"0","2022-12-07 10:12:16","../specifications/scan0105.pdf","ze296538","523001",,,"acc475005","harare"
"462","RQ22022457","10226137","2022-02-24","attend to worn seat for 5235 adi 3704 of opps and mains",,"0","2022-12-07 10:12:16","../specifications/","ze254746","524201",,,"acc473930","harare"
"463","RQ22022476","10226139","2022-02-24","ATT TO WORN SEAT ON HR5255 AEN 3394 NP300 FOR WARREN PARK",,"0","2022-12-07 10:12:16","../specifications/","ze254746","524201",,,"acc473930","harare"
"464","RQ22022481","10226180","2022-02-24","ATT TO WORN SEAT FOR HR5256 AFM7884 ADR 0895 NP300 FOR WARREN PARK",,"0","2022-12-07 10:12:16","../specifications/","ze254746","524201",,,"acc473930","harare"
"465","RQ2202246","10226140","2022-02-24","ATT WORN OUT SEAT FOR HR 5266 ADR0917 NP 300 FOR G/VIEW",,"0","2022-12-07 10:12:16","../specifications/","ze254746","524201",,,"acc473930","harare"
"466","RQ22022456","10226142","2022-02-24","ATT TO WORN SEAT ON HR5252 ADR 0890 NP300 FOR MABVUKU",,"0","2022-12-07 10:12:16","../specifications/","ze254746","524201",,,"acc473930","harare"
"467","RQ22022466","10226144","2022-02-24","ATT TO WORN SEAT ON HR5263 ADR 0912 FOR W/FALLS NP300",,"0","2022-12-07 10:12:16","../specifications/","ze254746","524201",,,"acc473930","harare"
"468","RQ22022497","10226177","2022-02-24","ATT TO WORN SEAT ON HR5231 ADI3584 NP300 KUWADZANA DEPOT",,"0","2022-12-07 10:12:16","../specifications/","ze254746","524201",,,"acc473930","harare"
"469","RQ22022421","10226179","2022-02-24","ATT TO WORN SEAT ON HR5213 ADA2142 NP300 FOR RISK",,"0","2022-12-07 10:12:16","../specifications/","ze254746","524201",,,"acc473930","harare"
"470","RQ22022472","90226178","2022-02-24","ATT TO WORN SEAT ONADR 0899 HR5259 NP300 FOR KUWADZANA",,"0","2022-12-07 10:12:16","../specifications/","ze254746","524201",,,"acc473930","harare"
"471","RQ22022465","10226178","2022-02-24","ATT TO WORN SEAT FOR HR5259 ADR 0899 NP300 F0RK/WADZANA",,"0","2022-12-07 10:12:16","../specifications/","ze254746","524201",,,"acc473930","harare"
"472","RQ2202241","10226216","2022-02-24","Accommodation and Dinner",,"0","2022-12-07 10:12:16","../specifications/1645707012ZETDC BOOKING EXTENSION - 21 - 26 FEB 22 X3 STANDARD ROOMS DBB.PDF","ze346373","523001",,,"acc473700","harare"
"473","RQ2202256","10226235","2022-02-25","March 2022 rental for Mr Mwale SCSO Glen View depot",,"0","2022-12-07 10:12:16","../specifications/scan0106.pdf","ze281875","523001",,,"acc474010","harare"
"474","RQ22022596","10226224","2022-02-25","March 2022 rental for Eng Mbavarira DM East District",,"0","2022-12-07 10:12:16","../specifications/scan0012.pdf","ze281875","523001",,,"acc474010","harare"
"475","RQ22022536","10226227","2022-02-25","March 2022 rental for Ruwa Depot",,"0","2022-12-07 10:12:16","../specifications/scan0111.pdf","ze281875","523001",,,"acc474010","harare"
"476","RQ22022519","10226228","2022-02-25","March 2022 rental for Mr Makove SCSO Warren Park Depot",,"0","2022-12-07 10:12:16","../specifications/scan0110.pdf","ze281875","523001",,,"acc474010","harare"
"477","RQ22022531","10226230","2022-02-25","March rental for Mr Satande SCSO Borrowdale depot",,"0","2022-12-07 10:12:16","../specifications/scan0109.pdf","ze281875","523001",,,"acc474010","harare"
"478","RQ22022573","10226231","2022-02-25","March 2022 rental for Mr Tachiona - Network Development",,"0","2022-12-07 10:12:16","../specifications/scan0108.pdf","ze281875","523001",,,"acc474010","harare"
"479","RQ2202255","10226232","2022-02-25","March 2022 rental for Mr Maindidze Rodbell Waterfalls Depot",,"0","2022-12-07 10:12:16","../specifications/scan0107.pdf","ze281875","523001",,,"acc474010","harare"
"480","RQ22022595","10226223","2022-02-25","March 2022 rentals for Mr Njenda SCSO Southerton Depot",,"0","2022-12-07 10:12:16","../specifications/scan0113.pdf","ze281875","523001",,,"acc474010","harare"
"481","RQ22022518","10226238","2022-02-25","Wynne statistical metering Netone",,"0","2022-12-07 10:12:16","../specifications/scan0114.pdf","ze281875","523001",,,"acc473300","harare"
"482","RQ22022845","10222195","2022-02-08","NP 300 CLUTCH  ",,"0","2022-12-07 10:12:16","../specifications/","ze234966","522102",,,"acc473930","harare"
"483","RQ22022882","10226314","2022-02-28","CB139 Beatrice cable trenching ",,"0","2022-12-07 10:12:16","../specifications/","ze261092","524604",,,"acc473620","harare"
"484","RQ22022820","10226316","2022-02-28","CB39 Mbare cable trenching",,"0","2022-12-07 10:12:16","../specifications/","ze261092","524604",,,"acc473620","harare"
"485","RQ22022890","10226317","2022-02-28","CB39 Mbare btwn ss694&1159 ",,"0","2022-12-07 10:12:16","../specifications/","ze261092","524604",,,"acc473620","harare"
"486","RQ22022836","10226320","2022-02-28","CB59 W/Vale  btwn OHL 7SS3635",,"0","2022-12-07 10:12:16","../specifications/","ze261092","524604",,,"acc473620","harare"
"487","RQ22022813","10226321","2022-02-28","CB69 W/Vale btwn SS2481 &SS2489",,"0","2022-12-07 10:12:16","../specifications/","ze261092","524604",,,"acc473620","harare"
"488","RQ22022878","10186943","2022-02-28","supply double contact double filament bulbs for stock .fuses.10amp.15amp and 20amp",,"0","2022-12-07 10:12:16","../specifications/","ze254746","524201",,,"acc473930","harare"
"489","RQ22022886","10226245","2022-02-28","recon cylinder head for hr5183 ACP9947 CHERRY",,"0","2022-12-07 10:12:16","../specifications/","ze254746","524201",,,"acc473930","harare"
"490","RQ22022832","10226248","2022-02-28","RECON 4 INJECTORS FOR HR 5258 ADR 0898 NP 300 FOR MABELREIGN",,"0","2022-12-07 10:12:16","../specifications/","ze254746","524201",,,"acc473930","harare"
"491","RQ22022898","99226247","2022-02-28","CARRY OUT SERVICE ON ADF 8077 HR5223 NP300 FOR MABVUKU DEPOT",,"0","2022-12-07 10:12:16","../specifications/","ze254746","524201",,,"acc473930","harare"
"492","RQ22022870","90226247","2022-02-28","CARRY OUT SERVICE ON HR 5223 ADF 8077",,"0","2022-12-07 10:12:16","../specifications/","ze254746","524201",,,"acc473930","harare"
"493","RQ22022847","98226247","2022-02-28","CARRY OUT SERVICE ON ADF8077 HR5223 NP300 FOR MABVUKU",,"0","2022-12-07 10:12:16","../specifications/","ze254746","524201",,,"acc473930","harare"
"494","RQ2202286","10226342","2022-02-28","HEAD LAMPS L200 5 RIGHT AND 5 LEFT AND FRONT AND REAR SHOCKS L200 5 EACH",,"0","2022-12-07 10:12:16","../specifications/","ze234966","522102",,,"acc473930","harare"
"495","RQ22022865","10226341","2022-02-28","REUPHOLSTER SEAT FOR HR5193  ACX2608 ISUZU FOR RUWA",,"0","2022-12-07 10:12:16","../specifications/","ze254746","524201",,,"acc473930","harare"
"496","RQ22022833","10226247","2022-02-28","RECTIFY NONSTARTING AND NOISE FROM ENGINE ON HR 5223 ADF 8077 NP300",,"0","2022-12-07 10:12:16","../specifications/","ze254746","524201",,,"acc473930","harare"
"497","RQ22022814","10226350","2022-02-28","Bulk water for staff consumption",,"0","2022-12-07 10:12:16","../specifications/","ze261092","524604",,,"acc474000","harare"
"498","RQ22022826","10226365","2022-02-28","Purchase of sanitizers",,"0","2022-12-07 10:12:16","../specifications/1646060856Sanitizer Specifications.docx","ze293091","523001",,,"acc473640","harare"
"499","RQ22030264","10226492","2022-03-02","New office furniture HRO's office ",,"0","2022-12-07 10:12:16","../specifications/HR Officer quotation.pdf","ze296716","523001","ACE22021017","specifications/1644495640ACE  For Office Furniture  - HR office.pdf","acc475300","harare"
"500","RQ2203029","10226501","2022-03-02","PURCHASE OF 40 TUBES BLACK FLEXIRITE RUBBER SEALANT CARTRIDGES AND 10 IDUSTRIAL METAL BASE ACTIVATOR",,"0","2022-12-07 10:12:16","../specifications/RUBBER SEALANT.pdf","ze3522741","524301",,,"acc475500","harare"
"501","RQ22030265","10226254","2022-02-25","REWIND COILS FOR 33 AND 11KV CIRCUIT BREAKERS",,"0","2022-12-07 10:12:16","../specifications/REWIND TRIP COILS 2.jfif","ze3522741","524301",,,"acc473620","harare"
"502","RQ22030296","10226398","2022-02-01","PURCHASE OF CELLPHONE HANDSETS FOR RUWA REVENUE ASSUARANCE STAFF",,"0","2022-12-07 10:12:16","../specifications/handsets Ruwa $208 000.00.pdf","ze30570","524701",,,"acc473310","harare"
"503","RQ22030252","10226401","2022-02-01","PURCHASE OF 2 VOIP IP HANDSETS FOR MABVUKU DEPOT COMMERCIAL SECTION OFFICES",,"0","2022-12-07 10:12:16","../specifications/keycom $145 300.00.pdf","ze30570","524701",,,"acc473300","harare"
"504","RQ22030377","90226517","2022-03-03","Surgical masks",,"0","2022-12-07 10:12:16","../specifications/1646293253Masks specifications.docx","ze293091","523001",,,"acc473640","harare"
"505","RQ2203031","10225789","2022-02-15","To purchase Office furniture for Industrial Relations Officer",,"0","2022-12-07 10:12:16","../specifications/1646303392IRO office furniture.pdf","ze347558","523001","ACE2202097","specifications/1644399005ACE for Office furniture for Industrial Relations Officer.doc","acc475300","harare"
"506","RQ22030341","10225793","2022-02-16","To purchase Canteen chairs and tables for Wynne Street",,"0","2022-12-07 10:12:16","../specifications/1646303588Canteen Chairs.pdf","ze347558","523001","ACE2202092","specifications/1644398878ACE for canteen Chairs and tables.doc","acc475300","harare"
"507","RQ22030357","10225788","2022-02-16","To purchase additional office furniture for HRAM's secretary",,"0","2022-12-07 10:12:16","../specifications/1646303738tEERCHZ hram sECRETARY fYRNITURE.pdf","ze347558","523001","ACE22020970","specifications/1644397970ACE  additional office furniture  for HRAM Secretary...pdf","acc475300","harare"
"508","RQ22030468","10226517","2022-03-03","Surgical Masks (March Issue)",,"0","2022-12-07 10:12:16","../specifications/","ze293091","523001",,,"acc473640","harare"
"509","RQ22030465","10226628","2022-03-04","Purchase of sanitizing disinfectant",,"0","2022-12-07 10:12:16","../specifications/","ze293091","523001",,,"acc473640","harare"
"510","RQ22030478","10226607","2022-03-04","subscription of daily news newspaper for the office of District Manager-East",,"0","2022-12-07 10:12:16","../specifications/","ze30570","524701",,,"acc473810","harare"
"511","RQ22030895","90226746","2022-03-08","clutch kits for NP300 for stock",,"0","2022-12-07 10:12:16","../specifications/","ze254746","524201",,,"acc473930","harare"
"512","RQ22030855","10226597","2022-03-08","ATT TO FUEL STARVATION ON ISUZU KB240 HR 5297 ACX2592 RISK",,"0","2022-12-07 10:12:16","../specifications/","ze254746","524201",,,"acc473930","harare"
"513","RQ22030896","1022673","2022-03-07","Transportation of 12.2m Straight and cross arm concrete poles from pole plant along Coventry road to Dzivarasekwa Extension for DZ flats electrification project and this requires a 30T truck hire.",,"0","2022-12-07 10:12:16","../specifications/","ze237485","524101",,,"acc473600","harare"
"514","RQ22030838","10225742","2022-02-16","REWIND TRIP COILS FOR OE3 AND LMT SWITCHGEAR",,"0","2022-12-07 10:12:16","../specifications/","ze3522741","524301",,,"acc475500","harare"
"515","RQ22030962","90226747","2022-03-09","supply clutch kits for stock NP300 NISSAN",,"0","2022-12-07 10:12:16","../specifications/","ze254746","524201",,,"acc473930","harare"
"516","RQ22031088","10226639","2022-03-10","SUPPLY SUSPENSION SPARES FOR L200 ",,"0","2022-12-07 10:12:16","../specifications/","ze254746","524201",,,"acc473930","harare"
"517","RQ22031025","10226746","2022-03-09","CLUTCH KIT NP300",,"0","2022-12-07 10:12:16","../specifications/","ze234966","522102",,,"acc473930","harare"
"518","RQ22031074","10226747","2022-03-10"," CLUTCH KIT NP300",,"0","2022-12-07 10:12:16","../specifications/","ze234966","522102",,,"acc473930","harare"
"519","RQ22031085","10226886","2022-03-10","SUSPENSION BUSHES REAR (SET) NP300 PART NUMBER AR 5870K",,"0","2022-12-07 10:12:16","../specifications/","ze234966","522102",,,"acc473930","harare"
"520","RQ22031086","90226911","2022-03-10","SERVICE KIT UD CROONER",,"0","2022-12-07 10:12:16","../specifications/","ze234966","522102",,,"acc473930","harare"
"521","RQ22031098","10226911","2022-03-10","DIESEL SEAL (LIFT PUMP)",,"0","2022-12-07 10:12:16","../specifications/","ze234966","522102",,,"acc473930","harare"
"522","RQ22031049","10226912","2022-03-10","CLUCTH KI UD 70",,"0","2022-12-07 10:12:16","../specifications/","ze234966","522102",,,"acc473930","harare"
"523","RQ22031048","10222691","2022-03-10","HUB NP300",,"0","2022-12-07 10:12:16","../specifications/","ze234966","522102",,,"acc473930","harare"
"524","RQ22031017","10226916","2022-03-10","WATER PUMP NP300",,"0","2022-12-07 10:12:16","../specifications/","ze234966","522102",,,"acc473930","harare"
"525","RQ22031083","10226917","2022-03-10","BALL JOINT NISSAN NP300 4X4 AND 4X2 UPPER",,"0","2022-12-07 10:12:16","../specifications/","ze234966","522102",,,"acc473930","harare"
"526","RQ22031082","10226918","2022-03-10","FUEL PUMP ASSEMBLY ISUZU 6TH GENERATION",,"0","2022-12-07 10:12:16","../specifications/","ze234966","522102",,,"acc473930","harare"
"527","RQ22031022","10226919","2022-03-10","FUEL PUMP  ASSEMBLY ISUZU 5TH GENERATION",,"0","2022-12-07 10:12:16","../specifications/","ze234966","522102",,,"acc473930","harare"
"528","RQ22031023","10226921","2022-03-10","SUCTION VALVE NP300",,"0","2022-12-07 10:12:16","../specifications/","ze234966","522102",,,"acc473930","harare"
"529","RQ22031081","10226922","2022-03-10","CHASIS FILTER UD 90 AND UD70",,"0","2022-12-07 10:12:16","../specifications/","ze234966","522102",,,"acc473930","harare"
"530","RQ22031026","10226923","2022-03-10","OIL COOLER NISSAN NP300",,"0","2022-12-07 10:12:16","../specifications/","ze234966","522102",,,"acc473930","harare"
"531","RQ22031031","10226924","2022-03-10","IDLER ARM BUSHES NISSAN NP300",,"0","2022-12-07 10:12:16","../specifications/","ze234966","522102",,,"acc473930","harare"
"532","RQ22031018","19226926","2022-03-10","TIE ROD  END 4X4  NISSAN ",,"0","2022-12-07 10:12:16","../specifications/","ze234966","522102",,,"acc473930","harare"
"533","RQ22031040","10226925","2022-03-10","injectors nissan yd25",,"0","2022-12-07 10:12:16","../specifications/","ze234966","522102",,,"acc473930","harare"
"534","RQ22031029","90226926","2022-03-10","TIE ROD END NISSAN 4X4 YD25",,"0","2022-12-07 10:12:16","../specifications/","ze234966","522102",,,"acc473930","harare"
"535","RQ22031036","10226926","2022-03-10","TIE ROD END NP300 4X4",,"0","2022-12-07 10:12:16","../specifications/","ze234966","522102",,,"acc473930","harare"
"536","RQ22031028","10226928","2022-03-10","GEAR OIL 80W90",,"0","2022-12-07 10:12:16","../specifications/","ze234966","522102",,,"acc473930","harare"
"537","RQ22031080","10226930","2022-03-10","PENETRATING OIL 500ML",,"0","2022-12-07 10:12:16","../specifications/","ze234966","522102",,,"acc473930","harare"
"538","RQ22031084","10226931","2022-03-10","COOLNT ( 1 LITRE)",,"0","2022-12-07 10:12:16","../specifications/","ze234966","522102",,,"acc473930","harare"
"539","RQ22031038","10226932","2022-03-10","CABLE TIES",,"0","2022-12-07 10:12:16","../specifications/","ze234966","522102",,,"acc473930","harare"
"540","RQ22031096","90227081","2022-03-10","New Waterfalls urinary materials",,"0","2022-12-07 10:12:16","../specifications/1646918329scan0120.pdf","ze296538","523001",,,"acc475005","harare"
"541","RQ22031034","10227081","2022-03-10","New Waterfalls urinary materials",,"0","2022-12-07 10:12:16","../specifications/1646918390scan0120.pdf","ze296538","523001",,,"acc475500","harare"
"542","RQ22031042","10227085","2022-03-10","Purchase of Kuwadzana depot Utensils, 4 plate stove Depy 600 series, 1x fridge defy 303L & 1x microwave defy 43L",,"0","2022-12-07 10:12:16","../specifications/TV Sales and Hire Quotation.pdf","ze7269","524502",,,"acc475300","harare"
"543","RQ22031143","10225012","2022-03-11","TIE ROD END 4X2",,"0","2022-12-07 10:12:16","../specifications/","ze234966","522102",,,"acc473930","harare"
"544","RQ22031128","10224716","2022-03-11","UPPER CONTROL ARM NISSAN NP300",,"0","2022-12-07 10:12:16","../specifications/","ze234966","522102",,,"acc473930","harare"
"545","RQ22031185","10227120","2022-03-11","SHOCKS REAR AND FRONT NISSAN NP300",,"0","2022-12-07 10:12:16","../specifications/","ze234966","522102",,,"acc473930","harare"
"546","RQ2203114","90227121","2022-03-11","BRAKE PADS NISSAN NP 300 4X2",,"0","2022-12-07 10:12:16","../specifications/","ze234966","522102",,,"acc473930","harare"
"547","RQ22031135","10225021","2022-03-11","LOWER CONTROL ARM NISSAN 4X2",,"0","2022-12-07 10:12:16","../specifications/","ze234966","522102",,,"acc473930","harare"
"548","RQ22031169","10227121","2022-03-11","BRAKE PADS NISSAN 4X2",,"0","2022-12-07 10:12:16","../specifications/","ze234966","522102",,,"acc473930","harare"
"549","RQ22031294","10226594","2022-03-12","CLUTCH SLIPPING ON HR 5199 ACX2591 ISUZU KB240",,"0","2022-12-07 10:12:16","../specifications/","ze254746","524201",,,"acc473930","harare"
"550","RQ22031484","10227152","2022-03-14","Lunches for Apprentice students: 4th year Apprenticeship Training ",,"0","2022-12-07 10:12:16","../specifications/","ze296716","523001",,,"acc473660","harare"
"551","RQ22031412","10227135","2022-03-11","PURCHASE OF WORKSHOP DOORS ",,"0","2022-12-07 10:12:16","../specifications/WORKSHOP DOORS AJARA.pdf","ze3522741","524301",,,"acc475500","harare"
"552","RQ22031438","10227134","2022-03-11","REWIND COOLING FANS MOTORS FOR ACES 33/11KV T2",,"0","2022-12-07 10:12:16","../specifications/ACES FAN MOTORS 1.jpg","ze3522741","524301",,,"acc475500","harare"
"553","RQ22031466","10227157","2022-03-14","Photographing Services ZETDC Retirement Party Samakande & Paradza",,"0","2022-12-07 10:12:16","../specifications/","ze296716","523001",,,"acc473620","harare"
"554","RQ22031411","10227164","2022-03-14","Snacks for Retirement Party Samakande & Paradza : Golden Conifer ",,"0","2022-12-07 10:12:16","../specifications/","ze296716","523001",,,"acc473620","harare"
"555","RQ22031416","10227175","2022-03-14","PR to trench CB29 Mbare ,btwn ss 137 &722 issued to Mt Sinai on the 6th of March 2022",,"0","2022-12-07 10:12:16","../specifications/","ze261092","524604",,,"acc473620","harare"
"556","RQ22031447","10227203","2022-03-14","PAYMENT FOR DOCTOR'S BILL IN RESPECT OF MR SATANDE WHO WAS BEING ATTENDED TO BY DOCTOR TG CHIGONDA, WHILE HOSPITALISED AT BORROWDALE HOSPITAL",,"0","2022-12-07 10:12:16","../specifications/SATANDE BILL.pdf","ze30570","524701",,,"acc473670","harare"
"557","RQ2203144","10227202","2022-03-14","Purchase of External HDDs for IT",,"0","2022-12-07 10:12:16","../specifications/IMG_20220314_133144_523.jpg","ze51705","527001",,,"acc473000","harare"
"558","RQ22031421","90227177","2022-03-14","Offer to cross over railway line 18km peg  Mt Hampden",,"0","2022-12-07 10:12:16","../specifications/Railways.pdf","ze323896","524101",,,"acc473400","harare"
"559","RQ22031459","10227257","2022-03-14","PURCHASE OF NYLON WIRE FOR BRUSH CUTTERS",,"0","2022-12-07 10:12:16","../specifications/NYLON LINE BULK.jpg","ze3522741","524301",,,"acc475500","harare"
"560","RQ22031535","10227290","2022-03-15","ATT TO CLUTCH AND G/BOX ON JMC HR5176 ACR 2050 ",,"0","2022-12-07 10:12:16","../specifications/","ze254746","524201",,,"acc473930","harare"
"561","RQ2203153","10227285","2022-03-15","SERVICE COMPRESSOR FOR GARAGE WORKSHOP",,"0","2022-12-07 10:12:16","../specifications/","ze254746","524201",,,"acc473930","harare"
"562","RQ22031522","10227293","2022-03-15","ELECTRICS AND CLUTCH FOR HR 5282 ADY 4309 FOR G/VIEW",,"0","2022-12-07 10:12:16","../specifications/","ze254746","524201",,,"acc473930","harare"
"563","RQ22031598","10227297","2022-03-15","24V FLSHASHER UNIT",,"0","2022-12-07 10:12:16","../specifications/","ze234966","522102",,,"acc473930","harare"
"564","RQ22031581","10227296","2022-03-15","12V BULBS",,"0","2022-12-07 10:12:16","../specifications/","ze234966","522102",,,"acc473930","harare"
"565","RQ22031586","10227302","2022-03-15","COLUM SWITCH L200",,"0","2022-12-07 10:12:16","../specifications/","ze234966","522102",,,"acc473930","harare"
"566","RQ22031545","90227336","2022-03-15","CLUTCH O/HAUL ON HR5176 ACR2050 FOR MABELREIGN",,"0","2022-12-07 10:12:16","../specifications/","ze254746","524201",,,"acc473930","harare"
"567","RQ22031599","10227336","2022-03-15","CLUTCH OVERHAUL ON JMC HR5176 ACR 2050",,"0","2022-12-07 10:12:16","../specifications/","ze254746","524201",,,"acc473930","harare"
"568","RQ2203154","10227177","2022-03-14","Offer to cross over Railway line 18km and 19km peg Mt Hampden",,"0","2022-12-07 10:12:16","../specifications/1647348535Railways.pdf","ze323896","524101",,,"acc473400","harare"
"569","RQ22031523","10227338","2022-03-15","ELECTRICS AND MATCH CLUTCH ASSY ON HR5282 ADY4309",,"0","2022-12-07 10:12:16","../specifications/","ze254746","524201",,,"acc473930","harare"
"570","RQ2203152","10227345","2022-03-15","Hotel Accomodation for Chinguwo M, Goba E & Nyakatawa from ER for the period 17 March to 25 March 2022",,"0","2022-12-07 10:12:16","../specifications/ZETDC 17 to 25 March (1).pdf","ze346373","523001",,,"acc473620","harare"
"571","RQ22031551","10227344","2022-03-15","SERVICE FOR AFN3569 HR5344",,"0","2022-12-07 10:12:16","../specifications/","ze254746","524201",,,"acc473930","harare"
"572","RQ22031549","10227355","2022-03-15","Purchase of Herald & Sunday  for Engineer Tachiona and Eng Chimusaru",,"0","2022-12-07 10:12:16","../specifications/Herald and Sunday Mail March.pdf","ze323896","524101",,,"acc473810","harare"
"573","RQ22031680","10227341","2022-03-15","3 X APPLE 11 INCH (2021 ) M1 IPAD PRO
WI-FI + CEL 256GB - SPACE GREY
3 X SPECK BALANCE FOLIO FOR IPAD
PRO 11"" S/W VARIOUS
3 X BODY GLOVE TEMPERED GLASS SCREEN GUARD FOR
IPAD",,"0","2022-12-07 10:12:16","../specifications/Ipads.pdf","ze226580","527001",,,"acc473310","harare"
"574","RQ22031738","10227382","2022-03-17","H Sections for Finance section storeroom additional materials",,"0","2022-12-07 10:12:16","../specifications/scan0005.pdf","ze296538","523001",,,"acc475005","harare"
"575","RQ22031758","10227385","2022-03-17","timber for Finance section storeroom additional materials",,"0","2022-12-07 10:12:16","../specifications/scan0004.pdf","ze296538","523001",,,"acc475005","harare"
"576","RQ22031790","10227201","2022-03-16","Supply and installation of Emergency Warning System at New Waterfalls Depot",,"0","2022-12-07 10:12:16","../specifications/","ze293091","523001",,,"acc473640","harare"
"577","RQ22031734","10227208","2022-03-16","Purchase of fire fighting equipment for New Waterfalls Depot",,"0","2022-12-07 10:12:16","../specifications/","ze293091","523001",,,"acc473640","harare"
"578","RQ22031791","10227236","2022-03-16","Safety signage for New waterfalls depot",,"0","2022-12-07 10:12:16","../specifications/","ze293091","523001",,,"acc473640","harare"
"579","RQ22031713","10227478","2022-03-17","Strategic Workshop 23.03.2022 - 24.03.2022",,"0","2022-12-07 10:12:16","../specifications/","ze296716","523001",,,"acc473660","harare"
"580","RQ22031859","10227531","2022-02-18","Conference for 60 people at Zimbali on 23-24 March 2022",,"0","2022-12-07 10:12:16","../specifications/Estimate_1115_from_Zimbali_Events__Lifestyle.pdf","ze347558","523001",,,"acc473510","harare"
"581","RQ22031865","10227556","2022-03-18","purchase of 140cubic meter f concrete stones(40mm) for Beatrice control",,"0","2022-12-07 10:12:16","../specifications/","ze261092","524604",,,"acc404088","harare"
"582","RQ22031858","10227216","2022-03-14","PURCHASE OF CHAIRS FOR THE CONTROL ROOM AND OTHER NCC STAFF",,"0","2022-12-07 10:12:16","../specifications/1647600352scan0106.pdf","ze259101","524301","ACE22020744","specifications/16442292052010109 Milano Office Chairs.pdf","acc475300","harare"
"583","RQ22031830","10227600","2022-03-18","tiling materials for third floor",,"0","2022-12-07 10:12:16","../specifications/floor tiles third floor.pdf","ze346373","523001",,,"acc404110","harare"
"584","RQ22031954","10227613","2022-03-19","carry out service on HR5333AFN3287 NP300 FOR B/DALE",,"0","2022-12-07 10:12:16","../specifications/","ze254746","524201",,,"acc473930","harare"
"585","RQ22031939","90227557","2022-03-19","ATTEND TO NOISE FROM ENGINE HONDA AER2944",,"0","2022-12-07 10:12:16","../specifications/","ze254746","524201",,,"acc473930","harare"
"586","RQ22032137","10227653","2022-03-21","New Waterfalls depot Parktown borehole pump and accessories",,"0","2022-12-07 10:12:16","../specifications/scan0122.pdf","ze296538","523001",,,"acc475005","harare"
"587","RQ22032294","90227722","2022-03-15","SPARK PLUGS FOR ISUZU",,"0","2022-12-07 10:12:16","../specifications/","ze234966","522102",,,"acc473930","harare"
"588","RQ22032246","10227312","2022-03-16","BATTERY TERMINAL",,"0","2022-12-07 10:12:16","../specifications/","ze234966","522102",,,"acc473930","harare"
"589","RQ22032297","10227722","2022-03-22","genuine plugs for isuzu KB240 6TH GEN FOR STOCK",,"0","2022-12-07 10:12:16","../specifications/","ze254746","524201",,,"acc473930","harare"
"590","RQ22032263","10227732","2022-03-22","11 Kv Cable Trenching  -  19  Prospect,  119 hatgates,  49 Graniteside",,"0","2022-12-07 10:12:16","../specifications/","ze319295","524603",,,"acc473620","harare"
"591","RQ22032232","10227748","2022-03-22","8 x Floodlights for Kuwadzana Control ",,"0","2022-12-07 10:12:16","../specifications/ACE Industry- Flood lights quot.pdf","ze346799","524502",,,"acc403500","harare"
"592","RQ22032265","10227767","2022-03-22","Lunches for 4th year Apprentice Training : 20 participants ",,"0","2022-12-07 10:12:16","../specifications/","ze296716","523001",,,"acc473660","harare"
"593","RQ22032287","10227782","2022-03-22","PURCHASE OF 1 x CABLE IDENTIFIER FOR SUBSTATION MAINTENANCE",,"0","2022-12-07 10:12:16","../specifications/Cable Identifier -ACE 2022.docx","ze3522741","524301","ACE22021051","specifications/1644482524Cable Identifier -ACE 2022.docx","acc475600","harare"
"594","RQ22032269","10227779","2022-03-22","PURCHASE OF 2 x ELECTRIC AIR BLOWER FOR ELECTRICAL WORKSHOPS",,"0","2022-12-07 10:12:16","../specifications/ELECTRIC AIR BLOWER -ACE 2022.docx","ze3522741","524301","ACE22012537","specifications/1643113662ELECTRIC AIR BLOWER -ACE 2022.docx","acc475600","harare"
"595","RQ2203225","10227781","2022-03-22","PURCHASE OF 1 x DIELECTRIC STRENGTH OIL TESTER FOR ELECTRICAL WORKSHOPS",,"0","2022-12-07 10:12:16","../specifications/DIELECTRIC STRENGTH OIL TESTER -ACE 2022 (1).docx","ze3522741","524301","ACE22012575","specifications/1643112939DIELECTRIC STRENGTH OIL TESTER -ACE 2022 (1).docx","acc475600","harare"
"596","RQ22032278","10226458","2022-03-02","PURCHASE OF SCAFFOLDING FOR USE ON CIRCUIT BREAKER MAINTENANCE",,"0","2022-12-07 10:12:16","../specifications/SCAFFOLDING KWIKSTAGE-Components.jpg","ze3522741","524301","ACE22021621","specifications/1644998033SCAFFOLDING KWIKSTAGE-Components.jpg","acc475600","harare"
"597","RQ22032255","10226459","2022-03-02","4 x 28FT ALUMINIUM EXTENSION LADDERS: SUBSTATIONS                                           ",,"0","2022-12-07 10:12:16","../specifications/ACE FOR ELECTRICIANS LADDERS.doc","ze3522741","524301","ACE22021522","specifications/1644909818ACE FOR ELECTRICIANS LADDERS.doc","acc475600","harare"
"598","RQ22032257","10226462","2022-03-02","PURCHASE OF 10 X EARTH SETS FOR OPS AND MAINTENANCE ",,"0","2022-12-07 10:12:16","../specifications/ACE  FOR EARTH SETS.doc","ze3522741","524301","ACE22021544","specifications/1644908535ACE  FOR EARTH SETS.doc","acc475600","harare"
"599","RQ22032271","10226463","2022-03-02","PURCHASE OF 4 X BRUSH CUTTERS FOR OPS AND MAINTENANCE ",,"0","2022-12-07 10:12:16","../specifications/ACE  FOR BRUSH CUTTERS 7.doc","ze3522741","524301","ACE22021553","specifications/1644908221ACE  FOR BRUSH CUTTERS.doc","acc475600","harare"
"600","RQ22032261","10226465","2022-03-02",": PURCHASE OF 4 X LINK STCKS FOR OPS AND MAINTENANCE is RTGS",,"0","2022-12-07 10:12:16","../specifications/ACE  FOR LINK STICKS.doc","ze3522741","524301","ACE22021435","specifications/1644840538ACE  FOR LINK STICKS.doc","acc475600","harare"
"601","RQ22032227","10226474","2022-03-02","PURCHASE OF 1 x CIRCUIT BREAKER ANALYSER FOR SUBSTATION MAINTENANCE",,"0","2022-12-07 10:12:16","../specifications/Circuit Breaker Analyser Tester-ACE 2022.docx","ze3522741","524301","ACE22021025","specifications/1644483316Circuit Breaker Analyser Tester-ACE 2022.docx","acc475600","harare"
"602","RQ22032267","90226477","2022-03-02","PURCHASE OF 1 x TRANSFORMER TURNS RATIO METER FOR SUBSTATION MAINTENANCE",,"0","2022-12-07 10:12:16","../specifications/Transformer Turns Ratio Meter-ACE 2022.docx","ze3522741","524301","ACE22021060","specifications/1644483237Transformer Turns Ratio Meter-ACE 2022.docx","acc475600","harare"
"603","RQ22032217","10226477","2022-03-02","PURCHASE OF 1 x WINDING RESISTANCE TESTER FOR SUBSTATION MAINTENANCE",,"0","2022-12-07 10:12:16","../specifications/1647946125Transformer Turns Ratio Meter-ACE 2022.docx","ze3522741","524301","ACE22021095","specifications/1644483094Winding Resistance Tester-ACE 2022.docx","acc475600","harare"
"604","RQ2203227","10226482","2022-03-02","PURCHASE OF 1 x VACCUM CIRCUIT BREAKER TESTER FOR SUBSTATION MAINTENANCE",,"0","2022-12-07 10:12:16","../specifications/Vacuum Circuit Breaker Tester-ACE 2022.docx","ze3522741","524301","ACE22021046","specifications/1644482997Vacuum Circuit Breaker Tester-ACE 2022.docx","acc475600","harare"
"605","RQ2203223","10226483","2022-03-02","PURCHASE OF 1 x BATTERY RESISTANCE TESTER FOR SUBSTATION MAINTENANCE",,"0","2022-12-07 10:12:16","../specifications/BATTERY RESISTANCE TESTER -ACE 2022.docx","ze3522741","524301","ACE2202105","specifications/1644482794BATTERY RESISTANCE TESTER -ACE 2022.docx","acc475600","harare"
"606","RQ22032296","10227799","2022-03-22","Water  stand for  new  Waterfalls Depot",,"0","2022-12-07 10:12:16","../specifications/","ze319295","524603",,,"acc404087","harare"
"607","RQ22032254","10227829","2022-03-22","Gate of New Waterfalls  depot",,"0","2022-12-07 10:12:16","../specifications/","ze319295","524603",,,"acc404110","harare"
"608","RQ22032213","10212038","2022-03-22","panelbeating kit for garage",,"0","2022-12-07 10:12:16","../specifications/","ze254746","524201",,,"acc473930","harare"
"609","RQ2203229","10227557","2022-03-22","attend to engine not startingon honda bike aer2944",,"0","2022-12-07 10:12:16","../specifications/","ze254746","524201",,,"acc473930","harare"
"610","RQ22032245","10225694","2022-03-22","panel beating kit for garage use",,"0","2022-12-07 10:12:16","../specifications/","ze254746","524201",,,"acc473930","harare"
"611","RQ22032363","10227881","2022-03-23","CB29  Beatrice Cable trenching ",,"0","2022-12-07 10:12:16","../specifications/","ze261092","524604",,,"acc473620","harare"
"612","RQ22032311","10227911","2022-03-23","quarry stones for SS332 maintenance",,"0","2022-12-07 10:12:16","../specifications/","ze261092","524604",,,"acc404088","harare"
"613","RQ22032428","10227953","2022-03-24","650 BATTERY",,"0","2022-12-07 10:12:16","../specifications/","ze234966","522102",,,"acc473930","harare"
"614","RQ22032421","10227140","2022-03-17","HEAVY DUTY BLACK AND WHITE PRINTER FOR COMMERCIAL USE",,"0","2022-12-07 10:12:16","../specifications/PRINTERS REQUEST 001.jpg","ze332666","524502","ACE22021863","specifications/1645178633HP LaserJet Pro M521dn All spec.docx","acc475300","harare"
"615","RQ22032463","10227894","2022-03-23","PURCHASE OF HP PROBOOK 450 G6 LAPTOP FOR COMMERCIAL SUPERVISOR KUWADZANA CUSTOMER SERVICE CENTRE",,"0","2022-12-07 10:12:16","../specifications/laptop specs.docx","ze332666","524502","ACE22022384","specifications/1645604219laptop specs.docx","acc475300","harare"
"616","RQ22032424","10227962","2022-03-24","SERVICE ON AFN 3292 HR5328",,"0","2022-12-07 10:12:16","../specifications/","ze254746","524201",,,"acc473930","harare"
"617","RQ22032449","10227964","2022-03-24","CLUTCH SLIPPING ON 1040 ADR 6035 UD CPB",,"0","2022-12-07 10:12:16","../specifications/","ze254746","524201",,,"acc473930","harare"
"618","RQ22032498","10227968","2022-03-24","CARRY OUT SERVICE ON NISSAN UDPKE250 HR5325 AFN 3478",,"0","2022-12-07 10:12:16","../specifications/","ze254746","524201",,,"acc473930","harare"
"619","RQ22032430","10227971","2022-03-24","BREAKDOWN RECOVERY TO DULYS  ACM 2757 HR 5152 FROM B/DALE DEPOT",,"0","2022-12-07 10:12:16","../specifications/","ze254746","524201",,,"acc473930","harare"
"620","RQ22032482","10227973","2022-03-24","ENGINE KNOCK ON HR5271 ADV3155 ISUZU KB240",,"0","2022-12-07 10:12:16","../specifications/","ze254746","524201",,,"acc473930","harare"
"621","RQ22032466","10227975","2022-03-24","ENGINE KNOCK ON KB240 ON HR5283 ADY4308",,"0","2022-12-07 10:12:16","../specifications/","ze254746","524201",,,"acc473930","harare"
"622","RQ22032497","10227977","2022-03-24","TRANSPORTING 2 MV POLES FROM CBD DEPOT TO ST PATRICKS RD AND PLANTED THEM",,"0","2022-12-07 10:12:16","../specifications/","ze226769","524702",,,"acc473610","harare"
"623","RQ22032575","10228027","2022-03-25","Kuwadzana CSC torches for Artisans",,"0","2022-12-07 10:12:16","../specifications/1648198446ACE Industry- Flood lights quot.pdf","ze346799","524502",,,"acc281700","harare"
"624","RQ22032597","10228038","2022-03-25","Purchase of Drawing Office Kitchen Sink mixer Pillar",,"0","2022-12-07 10:12:16","../specifications/Sink.pdf","ze323896","524101",,,"acc475500","harare"
"625","RQ22032568","10228063","2022-03-25","3 XAPPLE 11 INCH (2021 ) M1 IPAD PROWI-FI + CEL 256GB - SPACE GREY
3 X SPECK BALANCE FOLIO FOR IPAD
3 X BODY GLOVE TEMPERED GLASS SCREEN GUARD

For Operations and Maintenance Engineer, District Manager North and District Manager South

",,"0","2022-12-07 10:12:16","../specifications/Sol centre.JPG","ze226580","527001",,,"acc473310","harare"
"626","RQ22032860","10228095","2022-03-28","Waterfalls water connection",,"0","2022-12-07 10:12:16","../specifications/1648454058scan0003.pdf","ze281875","523001",,,"acc475005","harare"
"627","RQ22032831","10228193","2022-03-28","trench CB89 btwn SS3218 &CB3219 ,urgent job which was issued to Tom and Nira on the 26th of March 2022",,"0","2022-12-07 10:12:16","../specifications/","ze261092","524604",,,"acc473620","harare"
"628","RQ22032899","10228196","2022-03-28","CB89 HF, btwn SS1800 &2031 cable fault trenching",,"0","2022-12-07 10:12:16","../specifications/","ze261092","524604",,,"acc473620","harare"
"629","RQ22032890","10228198","2022-03-27","CB109 Willowvale 11kv cable fault issued to Tom &Nira on the 27th of March.2022",,"0","2022-12-07 10:12:16","../specifications/","ze261092","524604",,,"acc473620","harare"
"630","RQ22032857","10228201","2022-03-28","CB39 3rg leg 11kv cable trenching ",,"0","2022-12-07 10:12:16","../specifications/","ze261092","524604",,,"acc473620","harare"
"631","RQ22032823","10227990","2022-03-24","Remote Pilot Licence Training & certification for 5 people",,"0","2022-12-07 10:12:16","../specifications/drone training.pdf","ze323896","524101",,,"acc473660","harare"
"632","RQ22032972","10228230","2022-03-29","175/70x13 Tyres",,"0","2022-12-07 10:12:16","../specifications/","ze234966","522102",,,"acc473930","harare"
"633","RQ22033059","10222750","2022-03-30","11R22.5 UD AND 90",,"0","2022-12-07 10:12:16","../specifications/","ze234966","522102",,,"acc473930","harare"
"634","RQ22033098","10228333","2022-03-30","recondition steering rack and 2 upper control arms for isuzu 250 f/n he5074",,"0","2022-12-07 10:12:16","../specifications/","ze303267","524201",,,"acc473930",
"635","RQ22033069","10228364","2022-03-30","CB29 Beatrice 1st leg trenching ",,"0","2022-12-07 10:12:16","../specifications/","ze261092","524604",,,"acc473620","harare"
"636","RQ22033120","10228375","2022-03-31","Carry out major service on HR5333 for Borrowdale depot",,"0","2022-12-07 10:12:16","../specifications/","ze254746","524201",,,"acc473930","harare"
"637","RQ22033162","10228372","2022-03-31"," Carry out service on HR 5326 FOR OPS&MAINS",,"0","2022-12-07 10:12:16","../specifications/","ze254746","524201",,,"acc473930","harare"
"638","RQ22033189","10228460","2022-03-31","two by 4 drawer wooden filing cabinets for warren park depot scso and lead artisan offices",,"0","2022-12-07 10:12:16","../specifications/filing cabinet quotation.pdf","ze242594","524504","ACE22021582","specifications/1644928710filing cabinet quotation.pdf","acc281700","harare"
"639","RQ22040167","10228479","2022-04-01","24v single contact single filament bulb",,"0","2022-12-07 10:12:16","../specifications/","ze234966","522102",,,"acc473930","harare"
"640","RQ22040162","10228487","2022-04-01","Pressure tank waterfalls new Depot ",,"0","2022-12-07 10:12:16","../specifications/ES-19-266635_2.pdf","ze296538","523001",,,"acc475005","harare"
"641","RQ22040117","10228159","2022-03-31","PURCHASE OF BRICKS FOR GUARD ROOMS CONSTRUCTION",,"0","2022-12-07 10:12:16","../specifications/","ze3522741","524301",,,"acc475500","harare"
"642","RQ22040129","10228165","2022-03-31","PURCHASE OF BRICKS FOR COPPER CAGE CONSTRUCTION",,"0","2022-12-07 10:12:16","../specifications/BRICKS FOR COPPER CAGE.jpg","ze3522741","524301",,,"acc475500","harare"
"643","RQ22040190","10228490","2022-04-01","Accommodation for Chinguwo M, Goba E, Nyakatawa E from Eastern Region (Cable fault locating team)",,"0","2022-12-07 10:12:16","../specifications/Bronte Quotations.pdf","ze301744","524001",,,"acc473620","harare"
"644","RQ22040151","10228489","2022-04-01","PURCHASE OF MALTA  L/SHAPED DESK AND CHICAGO SWIVELL CHAIR FOR SUBSTATION MAINTENANCE FOREPERSON OFFICE",,"0","2022-12-07 10:12:16","../specifications/","ze3522741","524301",,,"acc475300","harare"
"645","RQ22040111","10228494","2022-04-01","Plan fee for Ruwa depot",,"0","2022-12-07 10:12:16","../specifications/0_20220330133831_2.pdf","ze296538","523001",,,"acc473440","harare"
"646","RQ22040498","10228532","2022-04-04","front wheel bearings for 4 by 4 NP300 FOR B/DALE HR5236",,"0","2022-12-07 10:12:16","../specifications/","ze254746","524201",,,"acc473930","harare"
"647","RQ22040463","1022855","2022-04-04","charges for preparation of wayleave at 304.75km peg Somerby siding",,"0","2022-12-07 10:12:16","../specifications/Wayleave Somerby.pdf","ze323896","524101",,,"acc473400","harare"
"648","RQ22040554","90228586","2022-04-05","FIX AND SUPPLY GENERATOR EXHAUST FOR WORKSHOP GENERATOR",,"0","2022-12-07 10:12:16","../specifications/GENERATOR EXHAUST.pdf","ze3522741","524301",,,"acc475500","harare"
"649","RQ2204051","10228635","2022-04-05","330m2 instant lawn for New Waterfalls Depot",,"0","2022-12-07 10:12:16","../specifications/scan0128.pdf","ze281875","523001",,,"acc475005","harare"
"650","RQ22040574","10228620","2022-04-05","TRAINING OF STAFF MEMBERS AT NTC,SKILLS UPGRADE CLASS 3&4",,"0","2022-12-07 10:12:16","../specifications/ntc 1.jpg","ze30570","524701",,,"acc473660","harare"
"651","RQ22040540","10228616","2022-04-05","STAFF TRAINING BASIC LINES CONSTRUCTION AT NTC",,"0","2022-12-07 10:12:16","../specifications/ntc 2.jpg","ze30570","524701",,,"acc473660","harare"
"652","RQ22040649","10228712","2022-04-06","SERVICING OF AIRCONDITIONER IN THE OFFICE OF DISTRICT MANAGER",,"0","2022-12-07 10:12:16","../specifications/","ze30570","524701",,,"acc475300","harare"
"653","RQ22040617","10228740","2022-04-06","Dunkeld cottage ceiling repair works",,"0","2022-12-07 10:12:16","../specifications/scan0129.pdf","ze296538","523001",,,"acc475005","harare"
"654","RQ22040626","10228548","2022-04-05","Purchase of reflective vests for SHE Representatives",,"0","2022-12-07 10:12:16","../specifications/","ze293091","523001",,,"acc473640","harare"
"655","RQ22040660","10228564","2022-04-05","Servicing, inspection and supply of fire fighting equipment",,"0","2022-12-07 10:12:16","../specifications/Fire Extinguisher Inventory .xlsx","ze293091","523001",,,"acc473640","harare"
"656","RQ22040665","10228587","2022-04-05","Refurbishment of SHE Statistics boards for various depots",,"0","2022-12-07 10:12:16","../specifications/","ze293091","523001",,,"acc473640","harare"
"657","RQ22040644","10228702","2022-04-06","Surgical masks for Harare Region (May allocation)",,"0","2022-12-07 10:12:16","../specifications/","ze293091","523001",,,"acc473640","harare"
"658","RQ22040895","10228818","2022-04-08","PURCHASE OF DOUBLE DOORS WITH SIDELIGHT 6.38 C/LAMINATED CHARCOAL GREY 2434X2160 ",,"0","2022-12-07 10:12:16","../specifications/C.A.A.P.S HINGED DOUBLE DOORS WITH SIDELIGHT.pdf","ze226769","524702",,,"acc475005","harare"
"659","RQ22040860","10228876","2022-04-08","PAYMENT FOR PHYSIOTHERAPY SESSIONS IN RESPECT OF ARTISAN DELIWE MUSEVA,WHO WAS INJURED ON DUTY",,"0","2022-12-07 10:12:16","../specifications/DELIWE.pdf","ze30570","524701",,,"acc473670","harare"
"660","RQ22041181","10228586","2022-04-05","PURCHASE OF GENERATOR EXHAUST FOR WORKSHOP MOBILE GENERATOR",,"0","2022-12-07 10:12:16","../specifications/1649659111GENERATOR EXHAUST.pdf","ze3522741","524301",,,"acc475500","harare"
"661","RQ22041150","10228844","2022-04-11","VEH NOT PULLING AND MISFIRING SUSPECT TURBO AND INJECTORS",,"0","2022-12-07 10:12:16","../specifications/","ze254746","524201",,,"acc473930","harare"
"662","RQ22041128","90228839","2022-04-11","DETERGENTS FOR WORKSHOP USE",,"0","2022-12-07 10:12:16","../specifications/","ze254746","524201",,,"acc473930","harare"
"663","RQ22041195","10228839","2022-04-11","DETERGENTS FOR W/SHOP USE",,"0","2022-12-07 10:12:16","../specifications/","ze254746","524201",,,"acc473930","harare"
"664","RQ22041120","10228823","2022-04-11","WATER DISPENSOR FOR W/SHOP USE",,"0","2022-12-07 10:12:16","../specifications/","ze254746","524201",,,"acc473930","harare"
"665","RQ22041116","10228913","2022-04-11","workshop materials for lighting outside premises",,"0","2022-12-07 10:12:16","../specifications/","ze254746","524201",,,"acc473930","harare"
"666","RQ22041232","10228990","2022-04-08","Accommodation for Mr A.T Mutambirwa at Holiday Inn Mutare ",,"0","2022-12-07 10:12:16","../specifications/Holiday Inn.jpeg","ze347558","523001",,,"acc473500","harare"
"667","RQ22041362","10228987","2022-04-12","Trenching 26m  over existing tar, laying 110mm PVC pipes and tar reinstatement on Stratford Parade road in Mabelreign.",,"0","2022-12-07 10:12:16","../specifications/","ze237485","524101",,,"acc473620","harare"
"668","RQ22041345","10229098","2022-04-13","Pavers for South District Driveways Substations",,"0","2022-12-07 10:12:16","../specifications/ZIMTILE PAVERS.jpeg","ze53821","524601",,,"acc475500","harare"
"669","RQ2204147","10228930","2022-04-14","Beatrice control issued to Tom &Nira done on the 10th Of January 2022",,"0","2022-12-07 10:12:16","../specifications/","ze261092","524604",,,"acc473620","harare"
"670","RQ22041410","10228931","2022-04-14","CB 29 Mbare cable trenching between ss137 and 722 issued to Mount Sinai",,"0","2022-12-07 10:12:16","../specifications/","ze261092","524604",,,"acc473620","harare"
"671","RQ22041416","10229131","2022-04-14","SUPPLY AND FIX 3 x 12000BTUs and 1 x 48000BTUs AIR CONDITIONING UNITS FOR I.T OFFICES AND THE SEVER ROOM",,"0","2022-12-07 10:12:16","../specifications/Air Conditioners Specifications.pdf","ze42510","527001","ACE22032242","specifications/1647945324Quote - ZETDC Wayne Server Room Aircon supply.pdf","acc473620","harare"
"672","RQ2204144","10229138","2022-04-14","PURCHASE OF WET STICKS FOR USE ON 33KV CBs REPAIRS",,"0","2022-12-07 10:12:16","../specifications/WET STICKS.jpg","ze3522741","524301",,,"acc475500","harare"
"673","RQ22041473","10214439","2022-04-14","SERVICE KIT NP300",,"0","2022-12-07 10:12:16","../specifications/","ze234966","522102",,,"acc473930","harare"
"674","RQ22041442","10229149","2022-04-14","SERVICE KIT NP300",,"0","2022-12-07 10:12:16","../specifications/","ze234966","522102",,,"acc473930","harare"
"675","RQ22041451","10229177","2022-04-14","SIM card compatible Samsung Galaxy Tab S7 Tab for NDE",,"0","2022-12-07 10:12:16","../specifications/Samsung tab spec S7.docx","ze226580","527001",,,"acc473310","harare"
"676","RQ22041964","10229201","2022-04-19","Procurement of Uniforms for drones team ",,"0","2022-12-07 10:12:16","../specifications/IMG-20220411-WA0018.jpg","ze329223","525000",,,"acc473650","harare"
"677","RQ22041956","10229212","2022-04-19","Purchase of Galvanised steel pipes 2 x 110mm x 600mm to use as cable ducts across Avondale Stream of Dorset to Lincoln SS 11kv Feeder between Leni and Arbedeen roads in Avondale.",,"0","2022-12-07 10:12:16","../specifications/","ze39985","524301",,,"acc404087","harare"
"678","RQ22041958","10229202","2022-04-19","Cellphone Handsets for East Commercial staff Chitura Lovemore Ec No. 236462 and Elvis Chipatuko EC No 268168",,"0","2022-12-07 10:12:16","../specifications/20220419_123848.jpg","ze30570","524701",,,"acc473310","harare"
"679","RQ22041918","10229012","2022-04-14","PURCHASE OF LASERJET MFP M479 FDW COLOUR PRINTER",,"0","2022-12-07 10:12:16","../specifications/PRINTER SPECIFICATIONS.doc","ze292117","525000","ACE22022434","specifications/1645687793PRINTER SPECIFICATIONS.doc","acc473000","harare"
"680","RQ22041973","10229254","2022-04-19","CARRY OUT SERVICE ON UD CRONER AFN 3484 HR5324",,"0","2022-12-07 10:12:16","../specifications/","ze254746","524201",,,"acc473930","harare"
"681","RQ2204207","10229297","2022-04-20","6 x 1k coffee nescafe",,"0","2022-12-07 10:12:16","../specifications/scan0008.pdf","ze281875","523001",,,"acc473690","harare"
"682","RQ22042086","10229298","2022-04-20","2 x 110mm x 600mm Galvanised steel pipes ",,"0","2022-12-07 10:12:16","../specifications/","ze234605","524301",,,"acc404087","harare"
"683","RQ22042089","10229193","2022-04-19","Dust cleaning services for Coventry stores",,"0","2022-12-07 10:12:16","../specifications/","ze293091","523001",,,"acc474020","harare"
"684","RQ2204215","10229323","2022-04-21","CARRY OUT ENGINE O/HAUL ON HR5283 ISUZU OF WARREN PARK DEPOT",,"0","2022-12-07 10:12:16","../specifications/","ze254746","524201",,,"acc473930","harare"
"685","RQ22042120","10229324","2022-04-21","CARRY OUT ENGINE O/HAUL ON HR5271 ISUZU FOR OPPS/MAINS",,"0","2022-12-07 10:12:16","../specifications/","ze254746","524201",,,"acc473930","harare"
"687","RQ22042189","10229333","2022-04-21","CARRY OUT ENGINE O/HAUL ON 2648 ABY9518 T35 FOR W/PARK DEPOT",,"0","2022-12-07 10:12:16","../specifications/","ze254746","524201",,,"acc473930","harare"
"693","RQ22042243","10229433","2022-04-22","Purchase of 200 hangers for A0 vertical filing cabinets ",,"0","2022-12-07 10:12:16","../specifications/","ze236306","524101",,,"acc473010","harare"
"695","RQ22042272","10229421","2022-04-22","THIS JOB IS TO BUY 500 SQUARE METERS OF KIKUYU LAWN FOR S/S 1516 RUWA",,"0","2022-12-07 10:12:16","../specifications/lawn.pdf","ze44482","524705",,,"acc475800","harare"
"697","RQ22042533","10229532","2022-02-04","Purchase of office furniture for Personnel Clerk (Engineering)",,"0","2022-12-07 10:12:16","../specifications/Quotations for Furniture - Kaseke.pdf","ze346373","523001","ACE22041337","specifications/1649854474Specs Office Furniture - Personnel Clerk (Engineering).xlsx","acc475300","harare"
"698","RQ22042569","10229522","2022-04-25","Purchase of office furniture for Personnel Officer (Engineering)",,"0","2022-12-07 10:12:16","../specifications/Quotations for Furniture - Zhuwau.pdf","ze346373","523001","ACE22041380","specifications/1649854165Specs Office Furniture - PO (Engineering).xlsx","acc475300","harare"
"699","RQ22042672","10229547","2022-04-26","Meals for 1st Innovation Forum of 2022",,"0","2022-12-07 10:12:16","../specifications/Quotations 1st Innovation Forum.pdf","ze301744","524001",,,"acc473700","harare"
"700","RQ22042639","10229434","2022-04-22","Materials for plumbing jobs at Mabvuku Depot",,"0","2022-12-07 10:12:16","../specifications/plumbing repairs mabvuku.mht","ze30570","524701",,,"acc475005","harare"
"701","RQ22042690","10229431","2022-04-22","Purchase of Electrical repairs materials for Mabvuku Depot",,"0","2022-12-07 10:12:16","../specifications/Electrical repairs mabvuku.mht","ze30570","524701",,,"acc475005","harare"
"702","RQ22042638","10229436","2022-04-22","Purchase of Floor Tilling material for Mabvuku Depot",,"0","2022-12-07 10:12:16","../specifications/Tilling quotation mabvuku.mht","ze30570","524701",,,"acc475005","harare"
"703","RQ22042674","10229573","2022-04-26","205X16 TYRES",,"0","2022-12-07 10:12:16","../specifications/","ze234966","522102",,,"acc473930","harare"
"704","RQ2204266","10229150","2022-04-14","UPPER CONTROL ARM NP300",,"0","2022-12-07 10:12:16","../specifications/","ze234966","522102",,,"acc473930","harare"
"705","RQ22042643","10229151","2022-04-26","UPPER CONTRL ARM NP300",,"0","2022-12-07 10:12:16","../specifications/","ze234966","522102",,,"acc473930","harare"
"706","RQ22042676","10229152","2022-04-20","LOWER CONTROL ARM NP300 4X4",,"0","2022-12-07 10:12:16","../specifications/","ze234966","522102",,,"acc473930","harare"
"707","RQ22042644","10229569","2022-04-26","Sunday Mail and Herald newspapers for Management",,"0","2022-12-07 10:12:16","../specifications/scan0009.pdf","ze281875","523001",,,"acc473810","harare"
"708","RQ22042698","10229538","2022-04-26","May rental for Eng Tachiona",,"0","2022-12-07 10:12:16","../specifications/scan0010.pdf","ze281875","523001",,,"acc474010","harare"
"709","RQ22042653","10229536","2022-04-26","May 2022 rental for SCSO Maindidze Waterfalls depot",,"0","2022-12-07 10:12:16","../specifications/scan0011.pdf","ze281875","523001",,,"acc474010","harare"
"710","RQ22042660","10229542","2022-04-26","Safeguard Alarms for 50 Dunkled ",,"0","2022-12-07 10:12:16","../specifications/1650976808scan0012.pdf","ze281875","523001",,,"acc474030","harare"
"711","RQ22042691","10229613","2022-04-26","CB89 Beatrice cable fault between SS1974 and control",,"0","2022-12-07 10:12:16","../specifications/","ze261092","524604",,,"acc473620","harare"
"712","RQ22042611","10229614","2022-04-26","CB89 COV UGC BTWN CONTROL AND 93",,"0","2022-12-07 10:12:16","../specifications/","ze261092","524604",,,"acc473620","harare"
"713","RQ22042666","10229616","2022-04-26","CB49 COV UGC CABLE FAULT BTWN SS4034 &1345",,"0","2022-12-07 10:12:16","../specifications/","ze261092","524604",,,"acc473620","harare"
"714","RQ22042741","10229686","2022-04-27","ENGINE OIL",,"0","2022-12-07 10:12:16","../specifications/","ze234966","522102",,,"acc473930","harare"
"715","RQ22042821","10022972","2022-04-28","Rental for SCSO Hwami - KUWADZANA DEPOT",,"0","2022-12-07 10:12:16","../specifications/","ze281875","523001",,,"acc474010","harare"
"716","RQ22042822","10229725","2022-04-28","Apprentices Switching Test  Lunch and Drinks from 26.04.2022 to 26.05.2022",,"0","2022-12-07 10:12:16","../specifications/scan0038.pdf","ze239046","523001",,,"acc473700","harare"
"717","RQ22042875","10229727","2022-04-28","Rental for the SCSO Hwami - Kuwadzana depot  for the month of May 2022 ",,"0","2022-12-07 10:12:16","../specifications/scan0013.pdf","ze281875","523001",,,"acc474010","harare"
"718","RQ22042929","10229769","2022-04-29","LP Gas accessories purchases",,"0","2022-12-07 10:12:16","../specifications/BOC gas accessories.jpg","ze234605","524301",,,"acc404087","harare"
"719","RQ22050369","10229843","2022-05-03","11kv cable recovery form CB59 Willowvale for use as jointing pieces",,"0","2022-12-07 10:12:16","../specifications/","ze261092","524604",,,"acc473620","harare"
"720","RQ22050455","10229891","2022-05-04","Purchase of 1mm and 1.5mm press pan sheets for transformer workshops.",,"0","2022-12-07 10:12:16","../specifications/","ze294411","524301",,,"acc404088","harare"
"721","RQ22050493","10229892","2022-05-04","Purchase of 3mm press pan and 6mm cork gasket for transformer workshops.",,"0","2022-12-07 10:12:16","../specifications/","ze294411","524301",,,"acc404088","harare"
"722","RQ22050445","10229894","2022-05-04","Purchase of oil resistant safety shoes for transformer workshop staff.",,"0","2022-12-07 10:12:16","../specifications/","ze294411","524301",,,"acc473650","harare"
"723","RQ22050434","10229901","2022-05-04","Procurement of x-frame banners ",,"0","2022-12-07 10:12:16","../specifications/","ze329223","525000",,,"acc473210","harare"
"724","RQ22050441","10229863","2022-05-04","Roofing sheet kalahari red for function room 2",,"0","2022-12-07 10:12:16","../specifications/scan0139.pdf","ze296538","523001",,,"acc475005","harare"
"725","RQ22050494","10229916","2022-05-04","cable 2,5mm core flex and hacksaw dodge",,"0","2022-12-07 10:12:16","../specifications/Merge Result1.pdf","ze296538","523001",,,"acc475005","harare"
"726","RQ22050471","10229929","2022-05-04","TRANSFORMER OIL TESTS FOR HIGHFIELDS 33/11KV NUMBER 2",,"0","2022-12-07 10:12:16","../specifications/OIL TEST Proforma Invoice IO141220.PDF","ze3522741","524301",,,"acc473620","harare"
"727","RQ22050479","10229933","2022-05-04","CLUTCH AND SUSPENSION O/HAUL ON HR5197 KB240 5TH GEN FOR RISK ",,"0","2022-12-07 10:12:16","../specifications/","ze254746","524201",,,"acc473930","harare"
"728","RQ22050410","10229900","2022-05-04","CARRY OUT PANELBEATING ON HR5003 ABD 2503 L200 FOR G/VIEW DEPOT",,"0","2022-12-07 10:12:16","../specifications/","ze254746","524201",,,"acc473930","harare"
"733","RQ22050573","10229940","2022-05-05","ATT TO OIL PUMP AND OIL PRESSURE SWITCH ON HR 5228 ADJ 1296 FOR N/DEV CHERRY QQ",,"0","2022-12-07 10:12:16","../specifications/","ze254746","524201",,,"acc473930","harare"
"738","RQ22050634","1230059","2022-05-06","cable recovery for mv jointing pieces",,"0","2022-12-07 10:12:16","../specifications/","ze261092","524604",,,"acc473620","harare"
"739","RQ22050934","10230104","2022-05-09","PURCHASE OF 6 X  OXYGEN TEC CYLINDER 14.2KG AND 3 X ACET TEC CYLINDER 8KG GAS",,"0","2022-12-07 10:12:16","../specifications/","ze3522741","524301",,,"acc475500","harare"
"740","RQ22051059","10229999","2022-05-10","ATT TO PROPSHAFT UJ AND CENTRE BEARING FOR HR 5235 ADI 3704",,"0","2022-12-07 10:12:16","../specifications/","ze254746","524201",,,"acc473930","harare"
"741","RQ22051123","10230215","2022-05-11","REPLACE COMBINATION SWITCH ON 2644 ACU 0024 T35 FOR OPPS/MAINS",,"0","2022-12-07 10:12:16","../specifications/","ze254746","524201",,,"acc473930","harare"
"742","RQ22051167","10229808","2022-05-03","PURCHASE OF NEW TRANSFORMER OIL 840 LITRES FOR SENIORS 33/11KV TRANSFORMER  ",,"0","2022-12-07 10:12:16","../specifications/","ze3522741","524301",,,"acc475500","harare"
"743","RQ22051196","10229809","2022-05-03","PURCHASE OF NEW TRANSFORMER OIL 840 LITRES FOR KOPJE 33/11KV TRANSFORMER  ",,"0","2022-12-07 10:12:16","../specifications/","ze3522741","524301",,,"acc475500","harare"
"744","RQ2205117","10229810","2022-05-03","PURCHASE OF NEW TRANSFORMER OIL 840 LITRES FOR BORROWDALE 33/11KV TRANSFORMER  ",,"0","2022-12-07 10:12:16","../specifications/","ze3522741","524301",,,"acc475500","harare"
"745","RQ22051186","10229813","2022-05-03","PURCHASE OF NEW TRANSFORMER OIL 840 LITRES FOR GLENVIEW 33/11KV TRANSFORMER  ",,"0","2022-12-07 10:12:16","../specifications/","ze3522741","524301",,,"acc475500","harare"
"746","RQ22051156","10229816","2022-05-03","PURCHASE OF NEW TRANSFORMER OIL 840 LITRES FOR SANDE CRESCENT 33/11KV TRANSFORMER  ",,"0","2022-12-07 10:12:16","../specifications/","ze3522741","524301",,,"acc475500","harare"
"747","RQ22051128","10229817","2022-05-03","PURCHASE OF NEW TRANSFORMER OIL 840 LITRES FOR COLEFORD 33/11KV TRANSFORMER  ",,"0","2022-12-07 10:12:16","../specifications/","ze3522741","524301",,,"acc475500","harare"
"748","RQ22051254","10230318","2022-05-12","purchasing of landline sockets and cords at Wynne Street",,"0","2022-12-07 10:12:16","../specifications/","ze296538","523001",,,"acc404050","harare"
"749","RQ22051228","10230301","2022-05-12","boltcuttters for use by linesperson and cable jointers @mains section",,"0","2022-12-07 10:12:16","../specifications/IMG_20220512_122605.jpg","ze287652","524301",,,"acc404087",
"750","RQ22051212","10230377","2022-05-12","Old waterfalls depot toilets refurbishment ",,"0","2022-12-07 10:12:16","../specifications/waterfalls coventry.pdf","ze296538","523001",,,"acc475005","harare"
"751","RQ22051337","10230294","2022-05-13","purchase for materials repairs first floor commercial toilet",,"0","2022-12-07 10:12:16","../specifications/","ze281875","523001",,,"acc475005","harare"
"754","RQ22051321","10230423","2022-05-13","Hire of 2 honda fit for GIS AFT2979, AFR4165",,"0","2022-12-07 10:12:16","../specifications/Honda Fit.pdf","ze323896","524101",,,"acc473600","harare"
"755","RQ2205132","10230433","2022-05-13","CB89  11kv & mv  cable trenching at ss1800 10 meters @$1750",,"0","2022-12-07 10:12:16","../specifications/","ze261092","524604",,,"acc473620","harare"
"756","RQ22051340","10230432","2022-05-13","CB89 Beatrice control between ss1974 and Pepsi S.Mazorodze way urgent fault issued to Tom and Nira o 10.05.2022",,"0","2022-12-07 10:12:16","../specifications/","ze261092","524604",,,"acc473620","harare"
"758","RQ22051369","10230449","2022-05-13","Lunches for staff doing Maintenance and repairs 132kv Parkridge - Highfield SS Shutdown ",,"0","2022-12-07 10:12:16","../specifications/","ze234605","524301",,,"acc473700","harare"
"759","RQ22051613","10230394","2022-05-12","Electrical Fittings for OPSMA Kitchen ",,"0","2022-12-07 10:12:16","../specifications/Halsteds.pdf","ze346373","523001",,,"acc403500","harare"
"762","RQ22051653","10230483","2022-05-16","Executive Single BB for Chinguwo M, Nyakatawa M & Goba E fro E.R 16.05.2022-22.05.2022",,"0","2022-12-07 10:12:16","../specifications/NTC quotatio 15.05.2022-22.06.2022.pdf","ze346373","523001",,,"acc473620","harare"
"763","RQ22051681","10230481","2022-05-16","hire of 2 vehicles for GIS Project",,"0","2022-12-07 10:12:16","../specifications/1652694292Honda Fit.pdf","ze323896","524101",,,"acc473600","harare"
"764","RQ22051647","10230523","2022-05-16","hire of a bus for GIS project",,"0","2022-12-07 10:12:16","../specifications/","ze323896","524101",,,"acc473600","harare"
"765","RQ22051727","10230544","2022-05-17","Gm residency and waterfalls plumbing materials ",,"0","2022-12-07 10:12:16","../specifications/gm.pdf","ze296538","523001",,,"acc475005","harare"
"766","RQ22051723","10230559","2022-05-17","Purchasing of cleaning detergents for Wynne street use",,"0","2022-12-07 10:12:16","../specifications/detergents.pdf","ze296538","523001",,,"acc474020","harare"
"767","RQ22051778","10230576","2022-05-17","instant lawn 50 Dunkled",,"0","2022-12-07 10:12:16","../specifications/","ze281875","523001",,,"acc475800","harare"
"769","RQ22051867","10230579","2022-05-17","Glass and Putty for OPSMA workshop Kitchen",,"0","2022-12-07 10:12:16","../specifications/Glass & Putty OPSMA.pdf","ze346373","523001",,,"acc404110","harare"
"770","RQ22051841","10230615","2022-05-18","CB29 Mbare between SS722 &137 (Urgent fault issued to Nira and sons on 18.05.2022)",,"0","2022-12-07 10:12:16","../specifications/","ze261092","524604",,,"acc473620","harare"
"771","RQ22051820","10230617","2022-05-18","CB29 Mbare trenching between ss722 &2968 ",,"0","2022-12-07 10:12:16","../specifications/","ze261092","524604",,,"acc473620","harare"
"772","RQ22051811","10230618","2022-05-18","CB49 Coventry trenching between SS 3131 &2968",,"0","2022-12-07 10:12:16","../specifications/","ze261092","524604",,,"acc473620","harare"
"788","RQ22051973","10230665","2022-05-19","floor tiles for 1st floor commercial offices",,"0","2022-12-07 10:12:16","../specifications/tiles 1st floor.pdf","ze296538","523001",,,"acc475005","harare"
"789","RQ22051954","10230666","2022-05-19","floor tiles for 2nd floor commercial offices",,"0","2022-12-07 10:12:16","../specifications/2nd floor.pdf","ze296538","523001",,,"acc475005","harare"
"790","RQ22051910","10230602","2022-05-18","Purchase of plumbing material for gents toilet East District wing, (3x Urinals, 3x 40mm urinals wastes and 3x urinal brackets) # Gold Throne Investments.  ",,"0","2022-12-07 10:12:16","../specifications/Quortation Urinal east.jpg","ze30570","524701",,,"acc475600","harare"
"791","RQ22051930","10230603","2022-05-18","Purchase of plumbing material for t gents toilet East District wing, (3* 20mm Urinal  flush masters) # Gold Throne Investments.  ",,"0","2022-12-07 10:12:16","../specifications/quortation toilet east.jpg","ze30570","524701",,,"acc475600","harare"
"792","RQ22051923","10230715","2022-05-19","PURCHASING OF OD WATERFALLS DEPOT COVENTRY FLOOR TILES",,"0","2022-12-07 10:12:16","../specifications/COVENTRY.pdf","ze296538","523001",,,"acc475005","harare"
"793","RQ22051965","10230724","2022-05-19","Secretary's Winter School workshop for 5 Secretaries (L. Nhende; TMtizwa; R Makuwe; L Chiriseri and G Karumazondo)",,"0","2022-12-07 10:12:16","../specifications/Secretary Winter School Neeedle.pdf","ze347558","523001",,,"acc473710","harare"
"794","RQ22051974","102307","2022-05-19","INTERNATIONAL SYMPOSIUM ON RISK AND SAFETY MANAGEMENT 2022.",,"0","2022-12-07 10:12:16","../specifications/ZETDC VIC FALLS 2.pdf","ze293180","526001",,,"acc473660","harare"
"795","RQ22051941","10230737","2022-05-19","Herald and Sunday mail subscriptions",,"0","2022-12-07 10:12:16","../specifications/Herald and Sunday Mail May.pdf","ze323896","524101",,,"acc473810","harare"
"796","RQ22051933","10230738","2022-05-19","Renovations of Old Waterfalls Depot",,"0","2022-12-07 10:12:16","../specifications/reno.pdf","ze296538","523001",,,"acc475005","harare"
"797","RQ22052053","0","2022-05-20","Secretary's Winters School workshop for L. Nhende and P Mtizwa at Kingdom Hotel",,"0","2022-12-07 10:12:16","../specifications/Winter School June invoice 2.pdf","ze347558","523001",,,"acc473510","harare"
"800","RQ22052044","10230775","2022-05-20","Secretary Winter Scholl workshop for R Makuwe, L Chiriseri and G Karumazondo at Kingdom Hotel",,"0","2022-12-07 10:12:16","../specifications/1653042315Winter school invoice 1 (3).pdf","ze347558","523001",,,"acc473510","harare"
"801","RQ22052087","10230777","2022-05-20","Waterfalls renovations- Ceiling Coventry",,"0","2022-12-07 10:12:16","../specifications/Ceiling.pdf","ze296538","523001",,,"acc475005","harare"
"802","RQ22052345","10230814","2022-05-23","Meal provisions for Profit Centre Presentations 03.06.2022",,"0","2022-12-07 10:12:16","../specifications/03.06.2022.pdf","ze346373","523001",,,"acc473700","harare"
"803","RQ22052368","10230820","2022-05-23","Meal provisions for RMT Presentations scheduled for 02.06.2022",,"0","2022-12-07 10:12:16","../specifications/","ze346373","523001",,,"acc473700","harare"
"804","RQ22052329","10230792","2022-05-23","Purchase of 2450x1225x3mm HR Sheet for Ruwa Depot",,"0","2022-12-07 10:12:16","../specifications/scan0037.pdf","ze281875","523001",,,"acc475005","harare"
"805","RQ2205231","10230881","2022-05-23","Purchasing of 19mm stone for Ruwa depot construction",,"0","2022-12-07 10:12:16","../specifications/19mm.pdf","ze296538","523001",,,"acc475005","harare"
"806","RQ22052325","10230894","2022-05-23","River sand for Ruwa Depot new construction",,"0","2022-12-07 10:12:16","../specifications/river sand.pdf","ze296538","523001",,,"acc475005","harare"
"807","RQ22052354","10230892","2022-05-23","Pitsand for Ruwa Depot new construction",,"0","2022-12-07 10:12:16","../specifications/pitsands.pdf","ze296538","523001",,,"acc475005","harare"
"808","RQ22052360","10230893","2022-05-23"," 88200 common bricks for ruwa depot",,"0","2022-12-07 10:12:16","../specifications/scan0048.pdf","ze281875","523001",,,"acc475005","harare"
"809","RQ22052723","10231048","2022-05-27","Purchase of lunches for staff working on fallen tower number 13 Highfield to Seniors 132kv feeders",,"0","2022-12-07 10:12:16","../specifications/Tower Lunches.jpg","ze234605","524301",,,"acc473700","harare"
"810","RQ22052784","10231060","2022-05-27","Tilling materials for Drawing Office",,"0","2022-12-07 10:12:16","../specifications/Tile & Carpets Tiles Quote Drawing Office.pdf","ze346373","523001",,,"acc475005","harare"
"811","RQ22052796","10230721","2022-05-27","Paint for Old Waterfalls depot Coventry",,"0","2022-12-07 10:12:16","../specifications/paints coventry.pdf","ze296538","523001",,,"acc475005","harare"
"812","RQ22053082","10231120","2022-05-30","Building materials for Ops and Maintenance kitchen",,"0","2022-12-07 10:12:16","../specifications/scan0001.pdf","ze346373","523001",,,"acc475005","harare"
"813","RQ22053016","10231167","2022-05-30","Waterfalls new depot Booster pump",,"0","2022-12-07 10:12:16","../specifications/booster.pdf","ze296538","523001",,,"acc47570","harare"
"814","RQ22053133","10231207","2022-05-31","Payment of Wynne street 4th floor board room",,"0","2022-12-07 10:12:16","../specifications/","ze296538","523001",,,"acc475500","harare"
"815","RQ22060185","10231158","2022-05-30","BOREHOLE REPAIRS AND PUMP REPAIRS FOR ZENGEZA CSC",,"0","2022-12-07 10:12:16","../specifications/SUBMERSIBLE PUMP 4SDDM6 FOR ZENGEZA CSC.docx","ze278491","524403",,,"acc475005","harare"
"816","RQ22060158","10231248","2022-06-01","SUPER FOR LINE CREW WORKING ON TOWER NUMBER 13 HIGH_SERN 1&2 FDRS bought by ENG T Musunda
STANBIC MSASA A/C 9140001582819",,"0","2022-12-07 10:12:16","../specifications/Towers Super.pdf","ze234605","524301",,,"acc473700","harare"
"817","RQ2206014","10231245","2022-06-01","LUNCHES FOR STAFF WORKING ON TOWER NUMBER 12 HIGH_SERN 1&2 132KV FDRS ON 31/05/2022 bought by W Chipare STANBIC MSASA A/C 9140001917322",,"0","2022-12-07 10:12:16","../specifications/","ze234605","524301",,,"acc473700","harare"
"818","RQ22060196","10231262","2022-06-01","Purchase of replacement cellphone for Mr L Musekiwa Revenue assurance Assistant Zengeza CSC  ",,"0","2022-12-07 10:12:16","../specifications/","ze278491","524403",,,"acc473310","harare"
"820","RQ22060256","10231310","2022-06-02","The Herald and Sunday Mail Newspapers for District Manager and Senior Engineer South District",,"0","2022-12-07 10:12:16","../specifications/ZETDC Harare South subscription quotation hard copy 220601.1030.doc","ze53821","524601",,,"acc473810","harare"
"821","RQ22060266","10230745","2022-06-02","Daily News (Full Week) for District Manager South",,"0","2022-12-07 10:12:16","../specifications/Zesa Invoice Mr Mashe 12 Months.xls","ze53821","524601",,,"acc473810","harare"
"822","RQ22060269","10231303","2022-06-02","CARRY OUT FRONT SUSP ON HR5212 ACX 8238",,"0","2022-12-07 10:12:16","../specifications/","ze254746","524201",,,"acc473930","harare"
"823","RQ22060226","10231308","2022-06-02","CARRY OUT SERVICE AT HR5222 ADF 8078",,"0","2022-12-07 10:12:16","../specifications/","ze254746","524201",,,"acc473930","harare"
"826","RQ22060298","10231316","2022-06-02","Procurement first floor toilet renovations plumbing materials",,"0","2022-12-07 10:12:16","../specifications/proc toilet.pdf","ze296538","523001",,,"acc475005","harare"
"827","RQ22060259","10231346","2022-06-02","tiling materials for Drawing Office & projects Office at wynne street",,"0","2022-12-07 10:12:16","../specifications/QUOTATIONS Drawning Office .pdf","ze346373","523001",,,"acc475005","harare"
"828","RQ2206034","10231371","2022-06-03","REPAIR 33 KV AND MODIFY NEUTRAL CURRENT TRANSFORMER FOR PARKRIDGE V132/33 KV TRANSFORMER NO 1
SPECIFICATIONS ARE AS FOLLOWS 3 CORE , 800/1, 1600/1, 20 VA , CLASS 5P20 . DATA PLATE TO BE SUPPLIED BY OPS AND MAINTENANCE",,"0","2022-12-07 10:12:16","../specifications/PARKRIDGE CT DETAILS.jpg","ze3522741","524301",,,"acc475500","harare"
"829","RQ22060570","10231424","2022-06-05","STAFF TRAINING AT ZESA NATIONAL TRAINING CENTRE, SKILLS UPGRADING CLASS 3&4, PAYMENT.",,"0","2022-12-07 10:12:16","../specifications/NTC PAYMENT.jpg","ze30570","524701",,,"acc473660","harare"
"830","RQ22060742","10231536","2022-06-07","To purchase teas and lunches for Extraordinary Works Council meeting",,"0","2022-12-07 10:12:16","../specifications/","ze347558","523001",,,"acc473740","harare"
"831","RQ22060873","10231435","2022-06-06","Purchase of surgical masks for June 2022",,"0","2022-12-07 10:12:16","../specifications/","ze293091","523001",,,"acc473640","harare"
"835","RQ22061055","10231630","2022-06-08","PURCHASE OF NYLON LINE FOR  FOR PRIMARY S/S HOUSEKEEPING",,"0","2022-12-07 10:12:16","../specifications/NYLON LINE.jpg","ze3522741","524301",,,"acc475500","harare"
"836","RQ22061062","10231632","2022-06-08","PURCHASE OF 2.5MM2 SWA CABLE FOR ACES 33/11KV T2",,"0","2022-12-07 10:12:16","../specifications/NEUTRAL CT CABLE FOR ACES.jpg","ze3522741","524301",,,"acc475500","harare"
"837","RQ22061017","10231680","2022-06-10","CURRENT TRANSFORMERS FOR POMONA 132/33 KV TX NO1 ",,"0","2022-12-07 10:12:16","../specifications/Pomona T1 LVCTs specs.docx","ze3522741","524301",,,"acc475500","harare"
"838","RQ22061341","10231778","2022-06-13","Dunkeld fish pond construction",,"0","2022-12-07 10:12:16","../specifications/","ze296538","523001",,,"acc475005","harare"
"839","RQ22061382","10231772","2022-06-13","
Accommodation for cable fault location team",,"0","2022-12-07 10:12:16","../specifications/Bronte Accommodation.pdf","ze301744","524001",,,"acc473620","harare"
"840","RQ22061386","10231797","2022-06-13","Coventry renovations",,"0","2022-12-07 10:12:16","../specifications/","ze296538","523001",,,"acc475005","harare"
"841","RQ22061599","10231890","2022-06-15","Additional plumbing materials for OPSMA Toilets",,"0","2022-12-07 10:12:16","../specifications/plumbing materials ii.pdf","ze346373","523001",,,"acc475005","harare"
"842","RQ22061523","10231891","2022-06-15","additional electrical fittings materials- OPSMA KITCHEN",,"0","2022-12-07 10:12:16","../specifications/ELECTRICALS ii.pdf","ze346373","523001",,,"acc475005","harare"
"843","RQ22061589","10231744","2022-06-13","Subscription of Newsday and Independent newspaper for the office of District Manager East",,"0","2022-12-07 10:12:16","../specifications/newsday (1).jpg","ze30570","524701",,,"acc473810","harare"
"844","RQ22061527","10231748","2022-06-13","Subscription of Financial Gazette for the office of District Manager - East",,"0","2022-12-07 10:12:16","../specifications/gazette.jpg","ze30570","524701",,,"acc473810","harare"
"845","RQ22061587","10231807","2022-06-14","Subscription of Herald Newspaper  for the office of District Manager - East",,"0","2022-12-07 10:12:16","../specifications/Herald.jpg","ze30570","524701",,,"acc473810","harare"
"846","RQ22061518","10231751","2022-06-13","Subscription of  Daily news newspaper for the office of District Manager East ( 3 Months)",,"0","2022-12-07 10:12:16","../specifications/Dailynews.jpg","ze30570","524701",,,"acc473810","harare"
"847","RQ22061532","10231927","2022-06-15","timber materials for Finance section store room",,"0","2022-12-07 10:12:16","../specifications/timber finance.pdf","ze296538","523001",,,"acc475005","harare"
"848","RQ22061613","10231942","2022-06-15","Additional Tiling materials for OPSMA Toilets",,"0","2022-12-07 10:12:16","../specifications/additional House of tiles.pdf","ze346373","523001",,,"acc475005","harare"
"849","RQ22061749","10232038","2022-06-17","ZIE Biennial Conference",,"0","2022-12-07 10:12:16","../specifications/ZIE conference.pdf","ze346373","523001",,,"acc473510","harare"
"850","RQ22061740","10231112","2022-06-17","CB29 Mbare Matapi between SS137 &722 11KV cable fault urgent fault issued to Nira and sons on 19.05.2022",,"0","2022-12-07 10:12:16","../specifications/","ze261092","524604",,,"acc473620","harare"
"851","RQ22061745","10231113","2022-06-17","CB89 Beatrice 11kv cable fault between the CB and ss1974 urgent fault issued to Nira and sons on 14.05.2022",,"0","2022-12-07 10:12:16","../specifications/","ze261092","524604",,,"acc473620","harare"
"852","RQ22061759","10232045","2022-06-17","CB49 Coventry 11kv cable between ss2184 &2871 Olivine Birmingham road urgent fault issued to Nira and sons on 30.05.2022",,"0","2022-12-07 10:12:16","../specifications/","ze261092","524604",,,"acc473620","harare"
"853","RQ22061770","10232056","2022-06-17","DUNKELD DECK MATERIALS",,"0","2022-12-07 10:12:16","../specifications/DECK.pdf","ze296538","523001",,,"acc475005","harare"
"854","RQ22061735","10232043","2022-06-17","Purchase of cellphone handset for new Personnel clerk under East District J. Rugora ec no. 256641 and  2 new Revenues Assuarance Assistants who transfered fron Call centre to East District, E. Chipatuko ec no. 228168 and L. Chitura EC no, 236462",,"0","2022-12-07 10:12:16","../specifications/cellphone handset quort.jpg","ze30570","524701",,,"acc473310","harare"
"855","RQ22061773","10229175","2022-05-20","PURCHASE OF TONNER CARTRIDGE FOR PRINCIPAL ENGINEER OPERATIONS AND NCC CONTROL ROOM",,"0","2022-12-07 10:12:16","../specifications/","ze259101","524301",,,"acc475300","harare"
"856","RQ22061710","10232069","2022-06-16","IPMZ conference member own transport with accommodation",,"0","2022-12-07 10:12:16","../specifications/ipmz 2.jpeg","ze347558","523001",,,"acc473510","harare"
"857","RQ22061742","10232075","2022-06-16","IPMZ Conference member own transport with accommodation",,"0","2022-12-07 10:12:16","../specifications/ipmz1.jpeg","ze347558","523001",,,"acc473510","harare"
"858","RQ22062035","10231253","2022-06-01","Purchase of Tilling and skirting material for Mabvuku Depot",,"0","2022-12-07 10:12:16","../specifications/tILLING QUOT.jpg","ze30570","524701",,,"acc475005","harare"
"859","RQ22062093","10232104","2022-06-20","Standard BB for Cable Fault Locating Team from Eastern Region",,"0","2022-12-07 10:12:16","../specifications/Bronte ii.pdf","ze346373","523001",,,"acc473620","harare"
"860","RQ22062083","10232126","2022-06-20","Purchase of ID cards for 45 new contract workers",,"0","2022-12-07 10:12:16","../specifications/","ze30570","524701",,,"acc473620","harare"
"861","RQ22062034","10232140","2022-06-20","Tonner catridge",,"0","2022-12-07 10:12:16","../specifications/","ze346373","523001",,,"acc473000","harare"
"862","RQ22062019","10232139","2022-06-20","5 copies newspaper for RMT 3 months (12 weeks)",,"0","2022-12-07 10:12:16","../specifications/1655727793scan0077.pdf","ze281875","523001",,,"acc473810","harare"
"864","RQ22062099","10232159","2022-06-20","Airfares for IPMZ Convention L. Nyamande and G. Zhuwau",,"0","2022-12-07 10:12:16","../specifications/","ze53821","524601",,,"acc476300","harare"
"865","RQ22062134","1023047","2022-06-21","Heaters for switchboard, records and admin",,"0","2022-12-07 10:12:16","../specifications/scan0082.pdf","ze281875","523001",,,"acc475300","harare"
"866","RQ22062123","10232264","2022-06-21","materials for function room 2 kitchen",,"0","2022-12-07 10:12:16","../specifications/scan0086.pdf","ze281875","523001",,,"acc475005","harare"
"867","RQ22062272","10232263","2022-06-21","To purchase teas and lunches for Workers Committee Training on 28-29 and HR Meeting meeting on 30 June 2022",,"0","2022-12-07 10:12:16","../specifications/","ze347558","523001",,,"acc473700","harare"
"868","RQ22062224","10232329","2022-06-22","Replacement of Stolen Phone ( Huawei Y5) for K. Charakupa RR Number 091432 Serial number 866943038485847. This therefore is procurement for an Itel A58",,"0","2022-12-07 10:12:16","../specifications/","ze53821","524601",,,"acc473310","harare"
"869","RQ22062229","10232293","2022-06-22","Recondition propshaft for Nissan NP3000 HR 5292 for Mabvuku ",,"0","2022-12-07 10:12:16","../specifications/","ze7277","524201",,,"acc466607","harare"
"870","RQ22062269","10232341","2022-06-22","Membership Subscriptions  for Mundenda Proud",,"0","2022-12-07 10:12:16","../specifications/Membership Fees ECZ.pdf","ze301744","524001",,,"acc473820","harare"
"871","RQ22062263","10232344","2022-06-22","pvc gloves for cleaning purposes at Wynne street offices",,"0","2022-12-07 10:12:16","../specifications/scan0089.pdf","ze281875","523001",,,"acc474020","harare"
"872","RQ22062218","10232353","2022-06-22","Purchase of External harddrive for Drawing Office",,"0","2022-12-07 10:12:16","../specifications/Drawing Office Hard Drive.pdf","ze323896","524101",,,"acc473000","harare"
"873","RQ22062241","10232361","2022-06-22","Purchase of 5 matrix hand sets for Drawing Office and GIS",,"0","2022-12-07 10:12:16","../specifications/Matrix Handsfree.pdf","ze323896","524101",,,"acc473300","harare"
"874","RQ22062496","10232475","2022-06-24","Purchasing of Top soil 5 cubic for Dunkeld residency",,"0","2022-12-07 10:12:16","../specifications/Scan Jun 23, 2022.pdf","ze296538","523001",,,"acc475800","harare"
"875","RQ22062432","10232476","2022-06-24","PURCHASE OF PVA ROOF AND STOEP TINTER BLUE PAINT FOR PAINTING SUBSTATIONS",,"0","2022-12-07 10:12:16","../specifications/PVA ROOF & STOEP PAINT.jpg","ze3522741","524301",,,"acc475500","harare"
"876","RQ22062445","10232549","2022-06-24","Special Falcon Swivel Chair For Joyce Shokoni a Cancer Patient",,"0","2022-12-07 10:12:16","../specifications/Swivel Chair quote SHOKONI.pdf","ze53821","524601",,,"acc473640","harare"
"877","RQ22062535","10232558","2022-06-25","CB89 Coventry cable fault at the control,please note fault is affecting Powertel,the job was issued to Nira and sons on the 25th of June as a matter of urgency",,"0","2022-12-07 10:12:16","../specifications/","ze261092","524604",,,"acc473620","harare"
"878","RQ22062849","10232645","2022-06-28","CB179 Willowvale between ss3670 and control urgent fault issued to Nira and sons on 26.06.2022",,"0","2022-12-07 10:12:16","../specifications/","ze261092","524604",,,"acc473620","harare"
"879","RQ22062827","10232646","2022-06-28","CB89 Beatrice between control and ss 1974 in front of PEPSI COLA Mazorodze and George road urgent fault issued to Nira and sons on 15.06.2022",,"0","2022-12-07 10:12:16","../specifications/","ze261092","524604",,,"acc473620","harare"
"880","RQ2206287","10232650","2022-06-28","CB89 Beatrice control 11kv from control to ss 1974 inside control issued to Nira and sons on 1606.2022",,"0","2022-12-07 10:12:16","../specifications/","ze261092","524604",,,"acc473620","harare"
"881","RQ22062977","10232684","2022-06-29","Purchase of toner cartridges for Secretary Engineering",,"0","2022-12-07 10:12:16","../specifications/Quotations for toner.pdf","ze301744","524001",,,"acc473000","harare"
"882","RQ22062923","10232728","2022-06-29","Purchase of common bricks for guardroom for Coventry Garage",,"0","2022-12-07 10:12:16","../specifications/Quotations for common bricks.pdf","ze301744","524001",,,"acc475200","harare"
"883","RQ22063068","10232750","2022-06-30","Recondition 2 cylinder heads for Nissan UG780 Fleet no.2550 reg.ABY9559",,"0","2022-12-07 10:12:16","../specifications/","ze7277","524201",,,"acc473930","harare"
"884","RQ22070162","10232794","2022-07-01","PURCHASE OF 200 LITRES QD TRANSFORMER GREY PAINT AND 20 X 5 LITRES LACQUER THINNERS FOR PAINTING PRIMARY SUBSTATION TRANSFORMERS AND SWITCHGEAR FOR OPS AND MAINT",,"0","2022-12-07 10:12:16","../specifications/TRANSFORMER GREY PAINT 1.heic","ze3522741","524301",,,"acc475500","harare"
"885","RQ22070184","10232796","2022-07-01","SUPPLY AND FIT CANOPY FOR FLEET NUMBER 5273",,"0","2022-12-07 10:12:16","../specifications/CANOPY FOR HR 5273.heic","ze3522741","524301",,,"acc466607","harare"
"886","RQ22070119","10232795","2022-07-01","SUPPLY AND FIT CANOPY FOR FLEET NUMBER 5270",,"0","2022-12-07 10:12:16","../specifications/CANOPY FOR HR 5270.heic","ze3522741","524301",,,"acc466607","harare"
"887","RQ22070450","10232858","2022-07-04","120 x 38mm cubic meter quarry stones for Beatrice control maintenance",,"0","2022-12-07 10:12:16","../specifications/","ze261092","524604",,,"acc475500","harare"
"888","RQ22070473","10232866","2022-07-04","Welding machine for Southerton depot",,"0","2022-12-07 10:12:16","../specifications/","ze261092","524604",,,"acc281700","harare"
"889","RQ22070481","10232867","2022-07-04","Generator 5.5kva for Southerton depot",,"0","2022-12-07 10:12:16","../specifications/","ze261092","524604",,,"acc281700","harare"
"890","RQ2207047","10232868","2022-07-04","Drilling machines 1 big@$300000 and 1 small @$50000 for Southerton depot",,"0","2022-12-07 10:12:16","../specifications/","ze261092","524604",,,"acc281700","harare"
"891","RQ22070429","10232870","2022-07-04","Compressor 100liters for Southerton depot ",,"0","2022-12-07 10:12:16","../specifications/","ze261092","524604",,,"acc281700","harare"
"892","RQ2207046","10232872","2022-07-04","High pressure washer 2800w for Southerton depot",,"0","2022-12-07 10:12:16","../specifications/","ze261092","524604",,,"acc281700","harare"
"893","RQ22070561","10232952","2022-07-05","Executive Single Accomodation BB & Standard Dinner",,"0","2022-12-07 10:12:16","../specifications/ZETDC HARARE REGION ACCOMMODATION  AND MEALS 6-14 JULY 2022.pdf","ze346373","523001",,,"acc473620","harare"
"894","RQ22070623","10232756","2022-06-30","Carry out service on Nissan NP300 F/N HR 5334 FOR KUWADZANA DEPOT",,"0","2022-12-07 10:12:16","../specifications/","ze37540","524202",,,"acc473620","harare"
"895","RQ2207068","10232966","2022-07-06","Borehole Repairs Seke CSC",,"0","2022-12-07 10:12:16","../specifications/","ze241563","524401",,,"acc475500","harare"
"896","RQ22070661","10232816","2022-06-30","Carry out B service on AFN3298  NP200",,"0","2022-12-07 10:12:16","../specifications/","ze7277","524201",,,"acc473930","harare"
"897","RQ22070634","10232977","2022-07-06","transport of quarry stones from Harare quarry to Beatrice control banking details as follows
FBC BANK,MSASA BRANCH
1475078550116
",,"0","2022-12-07 10:12:16","../specifications/","ze261092","524604",,,"acc473900","harare"
"898","RQ22070782","10233034","2022-07-07","Repair starter motor and ring gear on HR5225 REG.ADI1764",,"0","2022-12-07 10:12:16","../specifications/","ze7277","524201",,,"acc473930","harare"
"899","RQ22070765","10233014","2022-07-07","Purchase of Tilling material for drawing office - Wynne Street",,"0","2022-12-07 10:12:16","../specifications/tilling drawing office.jpg","ze346373","523001",,,"acc475005","harare"
"900","RQ22070799","10233027","2022-07-07","Purchase of sprinkler system for Operations and Maintenance workshop front lawn",,"0","2022-12-07 10:12:16","../specifications/halsted quortation.jpg","ze346373","523001",,,"acc281700","harare"
"901","RQ2207078","10233051","2022-07-07","Payment of course fees, morning teas and lunches for 2 people for Substation and transfer maintenance course to be held at NTC.",,"0","2022-12-07 10:12:16","../specifications/maintainance training.jpg","ze346373","523001",,,"acc473005","harare"
"904","RQ22070834","10233125","2022-07-08","Solar Technology training for Harare Region Artisans",,"0","2022-12-07 10:12:16","../specifications/","ze347558","523001",,,"acc473660","harare"
"905","RQ22071153","10233154","2022-07-11","Purchase of floor tile to refurbish Makoni District",,"0","2022-12-07 10:12:16","../specifications/","ze241563","524401",,,"acc475005","harare"
"906","RQ22071136","10233139","2022-06-09","training",,"0","2022-12-07 10:12:16","../specifications/","ze346373","523001",,,"acc473660","harare"
"907","RQ22071144","10233156","2022-07-11","Payment of course fees, morning teas and lunch for 5 members of staff undergoing Linesman training at NTC",,"0","2022-12-07 10:12:16","../specifications/ntc training.jpg","ze30570","524701",,,"acc473005","harare"
"908","RQ22071298","10233274","2022-07-12","MABVUKU CSC PURCHASE FLOOR TILES VERANDAH,KITCHEN, 5X TOILETS WALL TILES",,"0","2022-12-07 10:12:16","../specifications/VERANDAH TILING QUOT.jpg","ze249246","524704",,,"acc475005","harare"
"909","RQ22071340","10233298","2022-07-13","INSCRIPTION OF BATTERY ROOM SINGS AS PER SAMPLE FOR PRIMARY SUBSTATIONS",,"0","2022-12-07 10:12:16","../specifications/","ze3522741","524301",,,"acc475500","harare"
"910","RQ2207145","10233402","2022-07-14","Attend to not starting,carry out rewiring on the truck and calibration of fitted componemts",,"0","2022-12-07 10:12:16","../specifications/","ze7277","524201",,,"acc473930","harare"
"911","RQ22071532","10233437","2022-07-15","Old waterfalls depot water connection accessories",,"0","2022-12-07 10:12:16","../specifications/1657873376scan0001.pdf","ze281875","523001",,,"acc475005","harare"
"912","RQ22071513","10233516","2022-07-15","Purchase of Surgical masks July issue",,"0","2022-12-07 10:12:16","../specifications/1657885100Masks specifications.docx","ze293091","523001",,,"acc473740","harare"
"913","RQ22071540","10233408","2022-07-14","Purchase of Sanitisers (stock replenishment)",,"0","2022-12-07 10:12:16","../specifications/1657885227Sanitizer Specifications.docx","ze293091","523001",,,"acc473640","harare"
"914","RQ22071563","10233412","2022-07-14","DISHWASHING LIQUID",,"0","2022-12-07 10:12:16","../specifications/","ze293091","523001",,,"acc473640","harare"
"915","RQ22071530","10233525","2022-07-15","plumbing materials for old waterfalls depot",,"0","2022-12-07 10:12:16","../specifications/scan0002.pdf","ze281875","523001",,,"acc475005","harare"
"916","RQ2207152","10233547","2022-07-15","Accessories for finance storeroom shelving",,"0","2022-12-07 10:12:16","../specifications/1657895950scan0003.pdf","ze281875","523001",,,"acc475005","harare"
"917","RQ22071774","10233549","2022-07-17","FEES FOR PHYSIOTHERAPY SESSIONS IN RESPECT OF INJURED CONTRACT WORKER AT BORROWDALE DEPOT",,"0","2022-12-07 10:12:16","../specifications/NCUBE 1.jpg","ze30570","524701",,,"acc473670","harare"
"918","RQ22071883","10233553","2022-07-18","Purchase of toner cartridges for Engineering Manager",,"0","2022-12-07 10:12:16","../specifications/Quotations EM's Toner.pdf","ze301744","524001",,,"acc473000","harare"
"919","RQ22071829","10233552","2022-07-18","Accommodation for cable fault location team",,"0","2022-12-07 10:12:16","../specifications/PR 10233552 Bronte.pdf","ze301744","524001",,,"acc473620","harare"
"920","RQ22071872","10233566","2022-07-18","Accommodation for Engineering Manager & HR & Admin Manager at Village Lodge Gweru",,"0","2022-12-07 10:12:16","../specifications/Village Lodge.pdf","ze347558","523001",,,"acc473620","harare"
"921","RQ22071870","10229773","2022-06-29","Sarter amature",,"0","2022-12-07 10:12:16","../specifications/","ze234966","522102",,,"acc473930","harare"
"922","RQ2207183","10229869","2022-07-13","Engine Oil",,"0","2022-12-07 10:12:16","../specifications/","ze234966","522102",,,"acc473930","harare"
"923","RQ22071826","10229870","2022-07-12","Engine Oil",,"0","2022-12-07 10:12:16","../specifications/","ze234966","522102",,,"acc473930","harare"
"925","RQ22071810","10233586","2022-07-18","Recondition propshaft for NP300 HR 5236 Borrowdale",,"0","2022-12-07 10:12:16","../specifications/","ze7277","524201",,,"acc473930","harare"
"926","RQ22071873","10233598","2022-07-18","Secretaries Workshop for Finance Manager's Secretary & HR & Admin Manager's secretary",,"0","2022-12-07 10:12:16","../specifications/Ravcom Secretaries Workshop H R & Financee.pdf","ze347558","523001",,,"acc473510","harare"
"927","RQ2207186","10233599","2022-07-18","Secretaries Workshop for Commercial Manager's secretary and District Manager East's Secretary at Leopard Rock",,"0","2022-12-07 10:12:16","../specifications/","ze347558","523001",,,"acc473510","harare"
"930","RQ22071915","10233619","2022-07-19","supply Cam and Crankshaft sprockets,timing chain and cover,guides and tensioner",,"0","2022-12-07 10:12:16","../specifications/","ze7277","524201",,,"acc473930","harare"
"933","RQ22071978","10233593","2022-07-18","supply and installation of modern control system machine and car for Wynne Street Offices Elevator",,"0","2022-12-07 10:12:16","../specifications/","ze296538","523001",,,"acc475005","harare"
"937","RQ22071992","10229871","2022-07-06","Engine Oil",,"0","2022-12-07 10:12:16","../specifications/","ze234966","522102",,,"acc473930","harare"
"939","RQ22071970","10233636","2022-07-19","Gm Wynne street toilet tiles",,"0","2022-12-07 10:12:16","../specifications/GM TOILET.pdf","ze296538","523001",,,"acc475005","harare"
"941","RQ22071959","10233646","2022-07-19","PURCHASE OF 10MM2 PVC SWA FOR GENERATOR STATE FUNCTIONS",,"0","2022-12-07 10:12:16","../specifications/STATE FUNCTION CABLE.jpg","ze3522741","524301",,,"acc475500","harare"
"942","RQ22071914","10233674","2022-07-19","PURCHASE OF 66 X FLOODLIGHT 100WATTS LED BLK D/LHT 6500 CEE",,"0","2022-12-07 10:12:16","../specifications/FLOODLIGHTS LED.jpg","ze3522741","524301",,,"acc475500","harare"
"943","RQ22072067","10233684","2022-07-20","Carry out Basic service and repairs on UD Croner PKE250 Reg.afr4692  HR5343 Kuwadzana",,"0","2022-12-07 10:12:16","../specifications/","ze7277","524201",,,"acc473930","harare"
"944","RQ2207204","10233683","2022-07-20","Carry out Basic service and repairs on UD Croner PKE250 Reg.4669 HR5345",,"0","2022-12-07 10:12:16","../specifications/","ze7277","524201",,,"acc473930","harare"
"945","RQ22072020","10230289","2022-07-06","Headlamp NP300",,"0","2022-12-07 10:12:16","../specifications/","ze234966","522102",,,"acc473930","harare"
"946","RQ22072089","10230323","2022-07-07","Oil and Fuel Filters Isuzu ",,"0","2022-12-07 10:12:16","../specifications/","ze234966","522102",,,"acc473930","harare"
"947","RQ22072014","10232530","2022-07-06","Service Kit Np300",,"0","2022-12-07 10:12:16","../specifications/","ze234966","522102",,,"acc473930","harare"
"948","RQ22072098","10232532","2022-07-06","Engine Oli",,"0","2022-12-07 10:12:16","../specifications/","ze234966","522102",,,"acc473930","harare"
"949","RQ2207203","10232533","2022-07-06","Shocks rear and front Np300",,"0","2022-12-07 10:12:16","../specifications/","ze234966","522102",,,"acc473930","harare"
"950","RQ22072046","10232534","2022-07-07","Upper control arm Np300",,"0","2022-12-07 10:12:16","../specifications/","ze234966","522102",,,"acc473930","harare"
"951","RQ22072062","10232535","2022-07-12","tie rod end outer and innerNP300",,"0","2022-12-07 10:12:16","../specifications/","ze234966","522102",,,"acc473930","harare"
"952","RQ2207208","10232536","2022-07-07","Brake pads 4x2 and 4x4",,"0","2022-12-07 10:12:16","../specifications/","ze234966","522102",,,"acc473930","harare"
"953","RQ22072084","10232538","2022-07-07","Oil Filters  and plugs Isuzu",,"0","2022-12-07 10:12:16","../specifications/","ze234966","522102",,,"acc473930","harare"
"954","RQ22072068","10232539","2022-07-06","Brake fluid",,"0","2022-12-07 10:12:16","../specifications/","ze234966","522102",,,"acc473930","harare"
"955","RQ22072061","10232541","2022-07-07","Clutch kit NP300",,"0","2022-12-07 10:12:16","../specifications/","ze234966","522102",,,"acc473930","harare"
"956","RQ22072076","10232792","2022-07-06","Tyres 205x15",,"0","2022-12-07 10:12:16","../specifications/","ze234966","522102",,,"acc473930","harare"
"957","RQ22072034","10232793","2022-07-07","Tyres 205x16",,"0","2022-12-07 10:12:16","../specifications/","ze234966","522102",,,"acc473930","harare"
"958","RQ22072071","10232893","2022-07-06","Steering Belt NP300",,"0","2022-12-07 10:12:16","../specifications/","ze234966","522102",,,"acc473930","harare"
"960","RQ22072026","10233730","2022-07-20","Payment of transport of bricks to Ruwa depot",,"0","2022-12-07 10:12:16","../specifications/Willdale Limited ta WILLDALE BRICKS QU-000005476_20220720112413_2.pdf","ze296538","523001",,,"acc475005","harare"
"961","RQ22072113","10233814","2022-07-12","Lower Control arm NP300",,"0","2022-12-07 10:12:16","../specifications/","ze234966","522102",,,"acc473930","harare"
"962","RQ22072235","10233865","2022-07-22","CB89 Beatrice 11kv cable  fault between control and ss 1974 issued to Nira and sons on 14 May 2022",,"0","2022-12-07 10:12:16","../specifications/","ze261092","524604",,,"acc473620","harare"
"963","RQ22072510","10233907","2022-07-25","Beyond line of sight training",,"0","2022-12-07 10:12:16","../specifications/Estimate_BVLOS Training.pdf","ze237485","524101",,,"acc473660","harare"
"964","RQ22072547","10233919","2022-07-25","teas for productivity meeting Engineering Section",,"0","2022-12-07 10:12:16","../specifications/Pick n pay july.pdf","ze346373","523001",,,"acc473690","harare"
"965","RQ22072677","10233979","2022-07-26","Carry  out Basic service on AFR4686 PKE250 for Ruwa Depot",,"0","2022-12-07 10:12:16","../specifications/","ze7277","524201",,,"acc473930","harare"
"966","RQ22080270","10234405","2022-08-02","PURCHASE OF 50 METRES OF 10MM2 X 4 CORE PVC , SWA CABLE FOR USE ON STANBY GENERATOR AT STATE FUNCTIONS",,"0","2022-12-07 10:12:16","../specifications/50m standby generator cable.jpg","ze3522741","524301",,,"acc475500","harare"
"967","RQ22080243","10234423","2022-08-02","Hire of a 1 tonne vehicle for use on Dzivarasekwa Flats 11kV OHL construction works",,"0","2022-12-07 10:12:16","../specifications/","ze237485","524101",,,"acc473600","harare"
"968","RQ22080363","10234511","2022-08-03","Purchasing of electricals for Finance section",,"0","2022-12-07 10:12:16","../specifications/finance.pdf","ze296538","523001",,,"acc475500","harare"
"969","RQ2208032","10234531","2022-08-03","ZIE Biennial Conference Accommodation",,"0","2022-12-07 10:12:16","../specifications/ZIE Biennial Conference Invoice.pdf","ze301744","524001",,,"acc473510","harare"
"970","RQ22080443","10234571","2022-08-04","PURCHASE OF MATERIALS FOR WORKSHO FRONT DOOR",,"0","2022-12-07 10:12:16","../specifications/ZESA WORKSHOP GATE MATERIALS.pdf","ze3522741","524301",,,"acc475500","harare"
"971","RQ2208046","10234594","2022-08-04","Sanitary bins and services 1 Oct 2022 to 30 Sep 2024",,"0","2022-12-07 10:12:16","../specifications/","ze293091","523001",,,"acc473700","harare"
"972","RQ22080415","10234603","2022-08-04","Printing of vision zero flyers",,"0","2022-12-07 10:12:16","../specifications/Vision Zero Flyer.docx","ze293091","523001",,,"acc473020","harare"
"973","RQ2208053","10234620","2022-08-05","Chainsaw  Repairs -Waterfalls ",,"0","2022-12-07 10:12:16","../specifications/Chainsaw Repair.pdf","ze319295","524603",,,"acc281700","harare"
"974","RQ22080536","10234661","2022-08-05","Carry out service at 40000km on AFN0970 NISSAN NP200",,"0","2022-12-07 10:12:16","../specifications/","ze7277","524201",,,"acc473930","harare"
"975","RQ2208058","10234662","2022-08-05","Conference Accommodation  and Registration fee",,"0","2022-12-07 10:12:16","../specifications/ZIE Conference.pdf","ze323896","524101",,,"acc473620","harare"
"976","RQ22080595","10234672","2022-08-05","Chainsaw  Repairs",,"0","2022-12-07 10:12:16","../specifications/Chainsaw Repair.pdf","ze319295","524603",,,"acc281700","harare"
"977","RQ22081093","10234692","2022-08-09","Recondition radiator for L200 HR 802 FOR RISK",,"0","2022-12-07 10:12:16","../specifications/","ze7277","524201",,,"acc473930","harare"
"978","RQ22081098","10234698","2022-08-10","Ateend to none starting on ADY3931",,"0","2022-12-07 10:12:16","../specifications/","ze7277","524201",,,"acc473930","harare"
"979","RQ22081023","10234761","2022-08-10","Hire of contractor for construction of 11kV feeder from Lynette Control to Ventersburg Industrial for System Reinforcement",,"0","2022-12-07 10:12:16","../specifications/Lynette to Sunway city 11kv.pdf","ze237485","524101","ACE22071590","specifications/1657897247Scan0006 (00000002).pdf","acc473620","harare"
"980","RQ22081053","10234770","2022-08-10","diesel car hire for 15 days for Southerton depot @105usd per day",,"0","2022-12-07 10:12:16","../specifications/","ze261092","524604",,,"acc473600","harare"
"981","RQ22081051","10234769","2022-08-10","petrol car hire for 15 days for Southerton depot for customer supplied installation @109usd per day",,"0","2022-12-07 10:12:16","../specifications/","ze261092","524604",,,"acc473600","harare"
"982","RQ22081139","10234824","2022-08-11","Air fares for 5 engineers From Harare to Victoria fall to attend to Engineers conference",,"0","2022-12-07 10:12:16","../specifications/HRE-VFA ZWL QUOTE.docx","ze237485","524101",,,"acc476300","harare"
"983","RQ22081129","10234800","2022-08-11","Procurement of exhibition banners for Harare Agricultural show ",,"0","2022-12-07 10:12:16","../specifications/","ze329223","525000",,,"acc473500","harare"
"985","RQ22081144","10234818","2022-08-11","Procurement of giveaways for Harare Agricultural show ",,"0","2022-12-07 10:12:16","../specifications/Give aways.pdf","ze329223","525000",,,"acc466605","harare"
"987","RQ22081131","10234816","2022-08-11","Procurement of uniforms for Harare Agricultural Show ",,"0","2022-12-07 10:12:16","../specifications/T-shirts and shirts.pdf","ze329223","525000",,,"acc473650","harare"
"990","RQ22081148","10234876","2022-08-11","Design and printing of A5 customer information brochure on gloss paper ",,"0","2022-12-07 10:12:16","../specifications/","ze329223","525000",,,"acc466605","harare"
"992","RQ22081152","10234873","2022-08-11","Materials for Ruwa temporary toilet",,"0","2022-12-07 10:12:16","../specifications/scan0005.pdf","ze281875","523001",,,"acc475005","harare"
"993","RQ2208122","10234883","2022-08-11","Zimbabwe Infrastucture Summit in Victoria Fall Smart Cities for Eng A. Gurupira",,"0","2022-12-07 10:12:16","../specifications/INVOICE ZEDTC 2022 ZIIS ENG GURUPIRA.pdf","ze347558","523001",,,"acc473620","harare"
"994","RQ22081247","10234944","2022-08-12","purchasing of paint for Harare Show Banking hall",,"0","2022-12-07 10:12:16","../specifications/paint show 2021.pdf","ze296538","523001",,,"acc475005","harare"
"995","RQ2208124","10234941","2022-08-12","FABRICATION OF 33KV ROSE CROWN CONTACTS FOR COVENTRY RD 33KV CB 37",,"0","2022-12-07 10:12:16","../specifications/33 KV CB CONTACTS FOR COVENTRY RD CB 37.jpg","ze3522741","524301",,,"acc475500","harare"
"996","RQ22081255","10234943","2022-08-12","purchasing of flush interior door for Harare Show Banking hall",,"0","2022-12-07 10:12:16","../specifications/door.pdf","ze296538","523001",,,"acc475005","harare"
"997","RQ22081531","10234968","2022-08-11","Accommodation for Harare Region participants for Munyati Sports Festival @ Eutopia Guest Lodge",,"0","2022-12-07 10:12:16","../specifications/","ze347558","523001",,,"acc473760","harare"
"999","RQ22081584","10234969","2022-08-10","Accommodation for Harare Region Munyati Sport festival participants at Eagles Vie Lodge.  Check in 30 September and Check out 2 October 2022",,"0","2022-12-07 10:12:16","../specifications/","ze347558","523001",,,"acc473760","harare"
"1000","RQ22081569","10234976","2022-08-10","Accommodation for Hare region Munyati Sports Festival participants: Checking in 29 September 2022 out 2 October 2022",,"0","2022-12-07 10:12:16","../specifications/","ze347558","523001",,,"acc473760","harare"
"1001","RQ22081525","10235040","2022-08-15","Accommodation for Harare Region Managers at King Solomon Hotels (Golden Mile) for the Munyati Sports Festival. Checking in 30 September out 2 October 2022 (2 nights)",,"0","2022-12-07 10:12:16","../specifications/","ze347558","523001",,,"acc473760","harare"
"1002","RQ22081550","10235034","2022-08-15","Purchase of volley ball equipment-Munyati festival",,"0","2022-12-07 10:12:16","../specifications/","ze293091","523001",,,"acc473760","harare"
"1003","RQ22081574","10235027","2022-08-15","Purchase of Tennis equipment-Munyati sports festival",,"0","2022-12-07 10:12:16","../specifications/","ze293091","523001",,,"acc473760","harare"
"1004","RQ2208159","10235036","2022-08-15","Purchase of Tug of war equipment",,"0","2022-12-07 10:12:16","../specifications/","ze293091","523001",,,"acc473760","harare"
"1005","RQ22081544","10235044","2022-08-15","Purchase of netball equipment-Munyati sports festival",,"0","2022-12-07 10:12:16","../specifications/","ze293091","523001",,,"acc473760","harare"
"1006","RQ22081528","10235021","2022-08-15","Purchase of soccer equipment (Munyati sports festival)",,"0","2022-12-07 10:12:16","../specifications/","ze293091","523001",,,"acc473760","harare"
"1007","RQ22081556","10235032","2022-08-15","Purchase of pool equipment-Munyati sports festival",,"0","2022-12-07 10:12:16","../specifications/","ze293091","523001",,,"acc473760","harare"
"1008","RQ22081586","10235038","2022-08-15","Dart and chess equipment for Munyati sports festival",,"0","2022-12-07 10:12:16","../specifications/","ze293091","523001",,,"acc473760","harare"
"1009","RQ22081510","10235013","2022-08-12","Hire of sporting grounds (Munyati festival preparations)",,"0","2022-12-07 10:12:16","../specifications/","ze293091","523001",,,"acc473760","harare"
"1010","RQ22081593","10235046","2022-08-15","Staff IDs for South District Employees",,"0","2022-12-07 10:12:16","../specifications/","ze53821","524601",,,"acc473020","harare"
"1012","RQ22081634","10235050","2022-08-16","Soccer equipment-Munyati sports festival",,"0","2022-12-07 10:12:16","../specifications/","ze293091","523001",,,"acc473760","harare"
"1014","RQ22081665","10235109","2022-08-16","Plumbing for Ruwa Depot",,"0","2022-12-07 10:12:16","../specifications/scan0013.pdf","ze296538","523001",,,"acc475500","harare"
"1015","RQ22081717","10235206","2022-08-17","Recondition clutch and pressure plate and machine flywheel for HR5190 Reg.ACI3611 for OPS &MAINS",,"0","2022-12-07 10:12:16","../specifications/","ze7277","524201",,,"acc473930","harare"
"1016","RQ22081735","10235213","2022-08-17","Supply stsrter motor forHR5225 Reg.ADI1764 YD25 for Mabelreign depot",,"0","2022-12-07 10:12:16","../specifications/","ze7277","524201",,,"acc473930","harare"
"1017","RQ2208171","10235211","2022-08-17","Supply starter motor HR5258 Reg.ADR0898 YD25 for Mabelreign",,"0","2022-12-07 10:12:16","../specifications/","ze7277","524201",,,"acc473930","harare"
"1018","RQ22081778","10235216","2022-08-17","Supply starter motor for HR5296 Reg AFC7119 for YD25 for Waterfalls",,"0","2022-12-07 10:12:16","../specifications/","ze7277","524201",,,"acc473930","harare"
"1019","RQ22081899","10235258","2022-08-17","Accomodation for Harare Region Munyati Sports Festival participants. Checkingin 30 September 2022and checking out 2 October 2022",,"0","2022-12-07 10:12:16","../specifications/","ze347558","523001",,,"acc473760","harare"
"1020","RQ22081977","10234783","2022-08-16","Purchase of first aid kits for ZETDC Harare Region",,"0","2022-12-07 10:12:16","../specifications/","ze293091","523001",,,"acc473800","harare"
"1021","RQ22081992","10235340","2022-08-19","5 x handsfree handset",,"0","2022-12-07 10:12:16","../specifications/handsets.pdf","ze346373","523001",,,"acc473300","harare"
"1022","RQ2208191","10235342","2022-08-19","Purchase of surgical masks Aug issue",,"0","2022-12-07 10:12:16","../specifications/","ze293091","523001",,,"acc473640","harare"
"1023","RQ22081953","10235291","2022-08-18","Supply Injector pump and 4Injectors for YD25 HR5260 REG.ADR0900 for Kuwadzana depot",,"0","2022-12-07 10:12:16","../specifications/","ze7277","524201",,,"acc473930","harare"
"1024","RQ22081930","10235292","2022-08-18","Supply Injector pump and 4 Injectors for YD25 HR5230 REG.ADI3583 for Warren park depot",,"0","2022-12-07 10:12:16","../specifications/","ze7277","524201",,,"acc473930","harare"
"1025","RQ22082220","10235384","2022-08-22","CB179 Willowvale cable fault urgent fault issued to Tom &Nira on 22.08.2022",,"0","2022-12-07 10:12:16","../specifications/","ze261092","524604",,,"acc473620","harare"
"1026","RQ22082282","10215604","2021-08-16","Recondition leaf springsfor UD70 HR 5175 for Glen view depot",,"0","2022-12-07 10:12:16","../specifications/","ze7277","524201",,,"acc473930","harare"
"1027","RQ22082243","10235385","2022-08-22","CB109 Willowvale urgent fault issued to Tom & Nira issued on22.08.2022",,"0","2022-12-07 10:12:16","../specifications/","ze261092","524604",,,"acc473620","harare"
"1030","RQ22082284","10235403","2022-08-22","CIS ANNUAL CONFERENCE ACCOMMODATION WITH AIRFARE FOR E. GONO & M SANGARE",,"0","2022-12-07 10:12:16","../specifications/","ze232300","522001",,,"acc473510","harare"
"1031","RQ22082210","10235482","2022-08-22","Supply crankshaft gear and Belt timing camshaft",,"0","2022-12-07 10:12:16","../specifications/","ze7277","524201",,,"acc473930","harare"
"1032","RQ22082271","10235429","2022-08-19","Acoomodation for Harare Region Sports Festival Committee at MCE Lodge(Kadoma) checking in 30 September out 2 October2022",,"0","2022-12-07 10:12:16","../specifications/","ze347558","523001",,,"acc473760","harare"
"1033","RQ22082263","10235448","2022-08-22","Purchase of first aid kits for Munyati sports festival",,"0","2022-12-07 10:12:16","../specifications/","ze293091","523001",,,"acc473760","harare"
"1035","RQ22082293","10235267","2022-08-18","Purchase of handsets for East District depots",,"0","2022-12-07 10:12:16","../specifications/handset quotation.jpg","ze30570","524701",,,"acc473360","harare"
"1036","RQ22082338","10233705","2022-07-26","PURCHASE OF TONNER CARTRIDGES FOR NCC",,"0","2022-12-07 10:12:16","../specifications/","ze259101","524301",,,"acc473010","harare"
"1039","RQ2208244","10235584","2022-08-24","Procurement of T&E for use during conductor stringing on 132kv fallen towers 12 and 13 Highfield to Seniors 1&2 feeders.",,"0","2022-12-07 10:12:16","../specifications/","ze234605","524301",,,"acc404087","harare"
"1040","RQ22082483","10235613","2022-08-24","Procurement of toiletries for use at Harare Agricultural show exhibition  ",,"0","2022-12-07 10:12:16","../specifications/New Document(26)1661335714335.pdf","ze329223","525000",,,"acc474020","harare"
"1041","RQ22082564","10235680","2022-08-25","Hire of a 22 bus seater for GIS Project for 8 months",,"0","2022-12-07 10:12:16","../specifications/","ze323896","524101",,,"acc473900","harare"
"1042","RQ22082593","10235719","2022-08-25","MABVUKU PURCHASE OF PAINTS FOR TARGET HARDENING  ",,"0","2022-12-07 10:12:16","../specifications/PAINT QUOT.jpg","ze249246","524704",,,"acc404070",
"1043","RQ22082576","10235713","2022-08-25","TRANSPORTATION OF GENERATOR FOR RTD  MAJOR CHANAKIRA'S BURIAL",,"0","2022-12-07 10:12:16","../specifications/","ze259101","524301",,,"acc473600","harare"
"1044","RQ22082510","10235714","2022-08-25","TRANSPORTATION OF GENERATOR FOR RTD MAJOR NYATI'S BURIAL",,"0","2022-12-07 10:12:16","../specifications/","ze259101","524301",,,"acc473600","harare"
"1045","RQ22082529","10235716","2022-08-25","TRANSPORTATION OF GENERATOR FOR CDE CHIDAWU'S BURIAL ",,"0","2022-12-07 10:12:16","../specifications/","ze259101","524301",,,"acc473600","harare"
"1046","RQ22082578","10235717","2022-08-25","TRANSPORTATION OF GENERATOR TO THE HEROES ACRE FOR HEROES DAY",,"0","2022-12-07 10:12:16","../specifications/","ze259101","524301",,,"acc473600","harare"
"1047","RQ22082544","10235718","2022-08-25","TRANSPORTATION OF GENERATOR TO THE NATIONAL SPORTS STADIUM FOR DEFENCE FORCES DAY",,"0","2022-12-07 10:12:16","../specifications/","ze259101","524301",,,"acc473600","harare"
"1048","RQ2208269","10235721","2022-08-25","Supply brake components for YD25 HR5250 for CBD",,"0","2022-12-07 10:12:16","../specifications/","ze7277","524201",,,"acc473930","harare"
"1049","RQ22082699","10235733","2022-08-25","Accommodation for Mt T Chigumira and Mr J Maorera.  T Chigumira checking in on Sunday 28 August and out on 1 September 2022.  J Maorera checking in on Monday 29 August 2022 and checking out Saturday 3 September 2022",,"0","2022-12-07 10:12:16","../specifications/Cresta Lodge 26 August 2022.pdf","ze347558","523001",,,"acc473620","harare"
"1050","RQ22082664","10235742","2022-08-26","Property removal for District Manager Chigumira",,"0","2022-12-07 10:12:16","../specifications/scan0004.pdf","ze281875","523001",,,"acc473620","harare"
"1051","RQ22082615","10235755","2022-08-26","Signage (Supply and installation)",,"0","2022-12-07 10:12:16","../specifications/","ze293091","523001",,,"acc473640","harare"
"1052","RQ22082955","10235817","2022-08-29","Supply 650 Battery for HR5185 Reg.ACP9949 for HR & ADMIN",,"0","2022-12-07 10:12:16","../specifications/","ze7277","524201",,,"acc473930","harare"
"1053","RQ22082933","10235842","2022-08-29","Accommodation for Harare Region Munyati Sports Festival participants: Checking in 30 September and out 2 October 2022 (2 nights)",,"0","2022-12-07 10:12:16","../specifications/","ze347558","523001",,,"acc473760","harare"
"1054","RQ22083062","10235888","2022-08-30","Farewell Dinner for Mr A. Matereke and Mr F Mashe at Victoria Twenty-Two",,"0","2022-12-07 10:12:16","../specifications/","ze347558","523001",,,"acc473750","harare"
"1055","RQ22090185","10236004","2022-08-30","Breakfast for Munyati Sports Festival participants at Eaglesvale (3 mornings)",,"0","2022-12-07 10:12:16","../specifications/","ze347558","523001",,,"acc473760","harare"
"1056","RQ22090227","10236060","2022-09-02","Additional bill for Mr T Chigumira's hotel stay",,"0","2022-12-07 10:12:16","../specifications/","ze347558","523001",,,"acc473620","harare"
"1057","RQ22090210","10236072","2022-09-02","Review on Stategic Workshop at Zimbali Events",,"0","2022-12-07 10:12:16","../specifications/Zimbali.jpeg","ze347558","523001",,,"acc473620","harare"
"1058","RQ22090294","10236073","2022-09-02","Accommodation for Mr J Maorera at Cresta Oasis for 6 nights",,"0","2022-12-07 10:12:16","../specifications/Cresta Oasis accomodation for Maorera.pdf","ze347558","523001",,,"acc473620","harare"
"1059","RQ22090566","10236117","2022-09-05","Performance Review - Motivational Presentation - Arthur Marara",,"0","2022-12-07 10:12:16","../specifications/STRATEGY TALK - MARARA URTHUR.pdf","ze53821","524601",,,"acc473620","harare"
"1060","RQ22090595","10236129","2022-09-05","Performance Management Review Motivational Presentation - Arthur Marara",,"0","2022-12-07 10:12:16","../specifications/QUOTE MARARA 2022.pdf","ze53821","524601",,,"acc473620","harare"
"1061","RQ2209059","10236142","2022-09-05","Additional bill for Mr T Chigumira at Cresta Lodge. Checking in 4 September 2022 and out 9 September 2022",,"0","2022-12-07 10:12:16","../specifications/Cresta Lodge 5 September.pdf","ze347558","523001",,,"acc473620","harare"
"1062","RQ22090564","10236141","2022-09-05","Station Refurbishment (Tilling, Painting, Ceiling) Glenview CSC and Glenora Banking receipting Office",,"0","2022-12-07 10:12:16","../specifications/","ze53821","524601",,,"acc475005","harare"
"1065","RQ22090575","10236160","2022-09-05","Solar Home Installation Training and Meals 29 Aug - 2 September 2022",,"0","2022-12-07 10:12:16","../specifications/ZETDC HARARE REGION SOLAR HOME INSTALLATION 29 AUG-2 SEP 2022.pdf","ze296716","523001",,,"acc473660","harare"
"1067","RQ22090695","10236211","2022-09-06","Supply oil pump for Daff 825 fleet 2429 for East District",,"0","2022-12-07 10:12:16","../specifications/","ze7277","524201",,,"acc473930","harare"
"1068","RQ22090612","10236169","2022-09-06","Telephone handsets for Harare Region",,"0","2022-12-07 10:12:16","../specifications/scan0009.pdf","ze281875","523001",,,"acc473360","harare"
"1069","RQ22090672","10236219","2022-09-06","plumbing materials",,"0","2022-12-07 10:12:16","../specifications/scan0008.pdf","ze281875","523001",,,"acc475005","harare"
"1070","RQ22090728","10236401","2022-09-07","CB 49 COVENTRY 11KV CABLE FAULT",,"0","2022-12-07 10:12:16","../specifications/","ze261092","524604",,,"acc473620","harare"
"1071","RQ22090798","10236409","2022-09-07","CB39 MBARE 11KV CABLE FAULT",,"0","2022-12-07 10:12:16","../specifications/","ze261092","524604",,,"acc473620","harare"
"1072","RQ22090758","10236412","2022-09-07","CB39 BEATRICE 11KV CABLE FAULT",,"0","2022-12-07 10:12:16","../specifications/","ze261092","524604",,,"acc473620","harare"
"1073","RQ22090768","10236417","2022-09-07","CB29 BEATRICE 11KV CABLE FAULT",,"0","2022-12-07 10:12:16","../specifications/","ze261092","524604",,,"acc473620","harare"
"1074","RQ22090764","10236261","2022-09-07","CB 179 WILLOWVALE SS3670 URGENT CABLE FAULT ISSUED TO NIRA&SONS ON23/08/2022",,"0","2022-12-07 10:12:16","../specifications/","ze261092","524604",,,"acc473620","harare"
"1075","RQ22090749","10236259","2022-09-07","CB109 WILLOWVALE BTWN SS3558&3330 URGENT CABLE FAULT ISSUED TO NIRA&SONS ON22/08/2022",,"0","2022-12-07 10:12:16","../specifications/","ze261092","524604",,,"acc473620","harare"
"1076","RQ22090822","10236489","2022-09-08","Procurement of Cellphone for P. Punungwe Accounting Officer and Nyamande L. Personnel Officer as per Administration Policy No. 21 on Cellphone Handsets",,"0","2022-12-07 10:12:16","../specifications/","ze53821","524601",,,"acc473310","harare"
"1077","RQ22090890","10236522","2022-09-08","Purchase of Mobile Phone for A. Chidiwuro a Messenger for her operational exigencies",,"0","2022-12-07 10:12:16","../specifications/","ze53821","524601",,,"acc473310","harare"
"1078","RQ22090827","10236537","2022-09-08","Repair gearbox for NP300 AES4686 HR5289 ",,"0","2022-12-07 10:12:16","../specifications/","ze7277","524201",,,"acc473930","harare"
"1079","RQ22090893","10236538","2022-09-08","Repair gearbox for Nissan 2.7 AAP9301 F/N627",,"0","2022-12-07 10:12:16","../specifications/","ze7277","524201",,,"acc473930","harare"
"1080","RQ22090982","10236566","2022-09-09","HR Metrics and Analysis - IPMZ Training L. Nyamande Personnel Officer South District",,"0","2022-12-07 10:12:16","../specifications/Re__HR_Analytics.zip","ze53821","524601",,,"acc473660","harare"
"1082","RQ22090917","10236604","2022-09-09","30 days 7 tonne truck hire for use by Network Development Projects team",,"0","2022-12-07 10:12:16","../specifications/","ze237485","524101",,,"acc473605","harare"
"1083","RQ22090996","10236437","2022-09-07","TO PURCHASE WEEDKILLER FOR RUWA CONTROL, EPWORTH AND DAMAFALLS CONTROL",,"0","2022-12-07 10:12:16","../specifications/WEEDKILLER.jpg","ze44482","524705",,,"acc404088","harare"
"1084","RQ22090964","10236637","2022-09-09","Accommodation for Maorera
12 - 17 September 2022
Cresta Oasis Lodge ",,"0","2022-12-07 10:12:16","../specifications/","ze296716","523001",,,"acc473620","harare"
"1085","RQ22090992","10236632","2022-09-09","HR Symposium 
3 participants
IPMZ ",,"0","2022-12-07 10:12:16","../specifications/","ze296716","523001",,,"acc473660","harare"
"1086","RQ22091270","10236738","2022-09-12","PURCHASE OF PAINTS FOR PAINTING TRANSFORMERS IN PRIMARY SUBSTATIONS",,"0","2022-12-07 10:12:16","../specifications/DULUX PAINT 2.pdf","ze3522741","524301",,,"acc475500","harare"
"1087","RQ22091278","10236735","2022-09-12","PURCHASE OF PAINTS FOR PAINTING 33 KV BUS-BARS IN PRIMARY SUBSTATIONS",,"0","2022-12-07 10:12:16","../specifications/NASH PAINT 1.pdf","ze3522741","524301",,,"acc475500","harare"
"1088","RQ22091243","10236740","2022-09-12","Accommodation for Eng. P. Mundenda for Conference on Disaster and Risk Management at Elephant Hills. ",,"0","2022-12-07 10:12:16","../specifications/Scan","ze301744","524001",,,"acc473620","harare"
"1089","RQ22091371","10235601","2022-09-07","FRONT WHEEL BEARING NP300",,"0","2022-12-07 10:12:16","../specifications/","ze234966","522102",,,"acc473930","harare"
"1090","RQ22091315","10236818","2022-09-08","650 BATTERY",,"0","2022-12-07 10:12:16","../specifications/","ze234966","522102",,,"acc473930","harare"
"1111","RQ220913101472","10236840","2022-09-13","Provision of Cleaning of Walls, Windows and Carpets at Dorset",,"0","2022-12-07 10:12:16","../specifications/","ze346373","523001",,,"acc473620",
"1112","RQ220913101845","10236842","2022-09-13","fix and supply of Curtains at Dorset ",,"0","2022-12-07 10:12:16","../specifications/","ze346373","523001",,,"acc473620",
"1142","RQ22091482","10236926","2022-09-14","Flight booking for Eng. P Mundenda to Victoria Falls for Conference on Disaster and Risk Management",,"0","2022-12-07 10:12:16","../specifications/Fastjet Quotation.pdf","ze301744","524001",,,"acc476300","harare"
"1143","RQ22091471","10236993","2022-09-14","20 Tonne overhead crane service and repairs for Transformer workshops",,"0","2022-12-07 10:12:16","../specifications/20220914_124127.jpg","ze294411","524301",,,"acc473620",
"1144","RQ22091469","10236855","2022-09-13","Purchase of Regalia for Munyati Sports Festival",,"0","2022-12-07 10:12:16","../specifications/","ze293091","523001",,,"acc473760","harare"
"1145","RQ22091424","10236999","2022-09-14","30 days hire of a 7 tonne truck for use on Dzivarasekwa flats 11kV overhead line construction.
",,"0","2022-12-07 10:12:16","../specifications/","ze237485","524101",,,"acc473600","harare"
"1146","RQ22091488","10236858","2022-09-13","Purchase of Kit bags and water bottles-Munyati sports festival",,"0","2022-12-07 10:12:16","../specifications/","ze293091","523001",,,"acc473760","harare"
"1147","RQ22091429","10236877","2022-09-13","Soccer regalia",,"0","2022-12-07 10:12:16","../specifications/","ze293091","523001",,,"acc473760","harare"
"1148","RQ22091415","10236879","2022-09-13","Netball Regalia",,"0","2022-12-07 10:12:16","../specifications/","ze293091","523001",,,"acc473760","harare"
"1149","RQ22091487","10236882","2022-09-13","Purchase of sneakers",,"0","2022-12-07 10:12:16","../specifications/","ze293091","523001",,,"acc473760","harare"
"1150","RQ22091434","10236886","2022-09-13","Athletics team regalia",,"0","2022-12-07 10:12:16","../specifications/","ze293091","523001",,,"acc473760","harare"
"1151","RQ2209143","10236915","2022-09-13","Tug of war regalia for men",,"0","2022-12-07 10:12:16","../specifications/","ze293091","523001",,,"acc473760","harare"
"1152","RQ2209145","10236916","2022-09-13","Tug of war regalia for women",,"0","2022-12-07 10:12:16","../specifications/","ze293091","523001",,,"acc473760","harare"
"1153","RQ22091472","10236917","2022-09-13","Volley ball team regalia",,"0","2022-12-07 10:12:16","../specifications/","ze293091","523001",,,"acc473760","harare"
"1154","RQ22091447","10236918","2022-09-13","Regalia for pool, chess, darts and draft teams",,"0","2022-12-07 10:12:16","../specifications/","ze293091","523001",,,"acc473760","harare"
"1155","RQ22091427","10236919","2022-09-13","Lawn and table tennis regalia",,"0","2022-12-07 10:12:16","../specifications/","ze293091","523001",,,"acc473760","harare"
"1156","RQ2209141","12345678","2022-09-14","test",,"0","2022-12-07 10:12:16","../specifications/Scan (1).pdf","ze9047785","527001",,,"acc404110","harare"
"1157","RQ22091594","10237109","2022-09-15","New Ruwa Depot building materials",,"0","2022-12-07 10:12:16","../specifications/scan0015.pdf","ze281875","523001",,,"acc475005","harare"
"1158","RQ22091551","10237091","2022-09-15","Pavers for New Waterfalls depot",,"0","2022-12-07 10:12:16","../specifications/scan0016.pdf","ze281875","523001",,,"acc475005","harare"
"1159","RQ22091629","10237168","2022-09-16","80mm x 30000 plain pavers for New Waterfalls",,"0","2022-12-07 10:12:16","../specifications/1663322711scan0016.pdf","ze281875","523001",,,"acc475005","harare"
"1160","RQ22091642","10237207","2022-09-16","Solar Home Installation and Meals - Staff Training",,"0","2022-12-07 10:12:16","../specifications/ZETDC HARARE REGION SOLAR HOME INSTALLATION 29 AUG-2 SEP 2022.pdf","ze296716","523001",,,"acc473660","harare"
"1161","RQ22091655","10237196","2022-09-16","Partitioning material for finance section",,"0","2022-12-07 10:12:16","../specifications/scan0019.pdf","ze281875","523001",,,"acc475005","harare"
"1162","RQ22091656","10237204","2022-09-16","Accommodation for Mr J Maorera: Checking in Monday 19 September and out on Saturday 24 September 2022",,"0","2022-12-07 10:12:16","../specifications/Cresta Lodge Maorera 15 Sept.jpeg","ze347558","523001",,,"acc473620","harare"
"1163","RQ2209169","10237179","2022-09-16","materials for partitioning finance offices",,"0","2022-12-07 10:12:16","../specifications/scan0018.pdf","ze281875","523001",,,"acc475005","harare"
"1164","RQ22091954","10237319","2022-09-19","Medical tests for K. Kawere",,"0","2022-12-07 10:12:16","../specifications/","ze293091","523001",,,"acc473670","harare"
"1165","RQ22091995","10237325","2022-09-19","Medical tests for I. Kativhu",,"0","2022-12-07 10:12:16","../specifications/","ze293091","523001",,,"acc473670","harare"
"1166","RQ22091983","10237332","2022-09-19","First aid equipment for first aid room",,"0","2022-12-07 10:12:16","../specifications/","ze293091","523001",,,"acc473800","harare"
"1167","RQ22091948","10237219","2022-09-19","Ultrasound scan for I. Kativhu",,"0","2022-12-07 10:12:16","../specifications/","ze293091","523001",,,"acc473670","harare"
"1168","RQ22092098","10237417","2022-09-20","Accommodation for E Gomera",,"0","2022-12-07 10:12:16","../specifications/Oddessy  accommodation for Gomera.pdf","ze347558","523001",,,"acc473760","harare"
"1169","RQ22092020","10237447","2022-09-15","Accommodation for Munyati Sport festival participants",,"0","2022-12-07 10:12:16","../specifications/","ze347558","523001",,,"acc473760","harare"
"1170","RQ22092148","10237465","2022-09-21","TO BUY CLUTCH KIT FOR ISUZU HR5193 RUWA DEPOT",,"0","2022-12-07 10:12:16","../specifications/","ze44482","524705",,,"acc473930","harare"
"1171","RQ22092287","10237502","2022-09-22","Herald (M-Sat) Hardcopy & Sunday Mail 3 months Subscriptions",,"0","2022-12-07 10:12:16","../specifications/ZETDC Harare South subscription quotation hard copy 220921.0930 (1).doc","ze53821","524601",,,"acc473810","harare"
"1172","RQ22092229","10237548","2022-09-22","Fingaz Newspaper for District Manager South - one year Subscription",,"0","2022-12-07 10:12:16","../specifications/","ze53821","524601",,,"acc473810","harare"
"1174","RQ22092297","10237558","2022-09-22","Purchase of cellphone for Secretary Engineering",,"0","2022-12-07 10:12:16","../specifications/Quotations for Cellphone Secretary Engineering.pdf","ze301744","524001",,,"acc473310","harare"
"1175","RQ2209221","10237592","2022-09-22","PURCHASE OF WETSTICKS FOR TRANSFORMER AND CIRCUIT BREAKER REPAIRS",,"0","2022-12-07 10:12:16","../specifications/WORKSHOP KITCHEN ELECTRICAL ITEMS 1.heic","ze3522741","524301",,,"acc475500","harare"
"1176","RQ22092293","10237578","2022-09-22","Purchase of Cell phone handsets for Artisan Assistants - Lines under Ruwa Depot. F, Gahadza EC No. 274097 and E. Mufori EC No. 36862 # Gincom House of Appliances",,"0","2022-12-07 10:12:16","../specifications/gincon techn.jpg","ze30570","524701",,,"acc473310","harare"
"1177","RQ22092224","10237581","2022-09-22","Purchase of Cellphone Handset for Hamandawana D EC No54933, Artisan Assistant - Lines under Ruwa Depot # Gincom House of Appliances",,"0","2022-12-07 10:12:16","../specifications/itel gincon.jpg","ze30570","524701",,,"acc473310","harare"
"1178","RQ22092631","10237800","2022-09-26","Accommodation ffor Munyati Sports Festival participantsfor Harare Region",,"0","2022-12-07 10:12:16","../specifications/","ze347558","523001",,,"acc473760","harare"
"1179","RQ22092675","10237814","2022-09-26","Accommodation for J. Maorera: Checking in 26 September 2022 and out on 1 October 2022",,"0","2022-12-07 10:12:16","../specifications/Maorera 27 September 2022.pdf","ze347558","523001",,,"acc473620","harare"
"1180","RQ22092694","10237212","2022-09-15","TO BUY SAMSUNG HANDSETS FOR RUWA ARTISAN",,"0","2022-12-07 10:12:16","../specifications/","ze44482","524705",,,"acc473310","harare"
"1181","RQ22092646","10237796","2022-09-26","To hire clothing for male models for the Munyati Sports festival",,"0","2022-12-07 10:12:16","../specifications/LAFINEST.jpeg","ze347558","523001",,,"acc473760","harare"
"1182","RQ22092728","10237852","2022-09-27","Supply R/H side brake calliper for NP300 HR5224",,"0","2022-12-07 10:12:16","../specifications/","ze7277","524201",,,"acc473930","harare"
"1183","RQ22092765","10237857","2022-09-27","Purchase of cellphones for HR Section",,"0","2022-12-07 10:12:16","../specifications/","ze293091","523001",,,"acc473310","harare"
"1184","RQ22092741","10237879","2022-09-27","Hiring of Female Models' clothing",,"0","2022-12-07 10:12:16","../specifications/Lilys Boutique 1.pdf","ze347558","523001",,,"acc473760","harare"
"1185","RQ2209278","10237858","2022-09-26","Breakfast for 22 Munyati Sports Festival participants booked at MEC Lodge.  MEC Lodge does not offer breakfast.Breakfast will be served on 1 and 2 October 2022.",,"0","2022-12-07 10:12:16","../specifications/Oddessey BREAKFAST QUOTE 01.10.22.pdf","ze347558","523001",,,"acc473760","harare"
"1186","RQ22092717","10237884","2022-09-27","Refreshments for Munyati Festival ",,"0","2022-12-07 10:12:16","../specifications/","ze296716","523001",,,"acc473760","harare"
"1187","RQ22092750","10237906","2022-09-27","Mt HAMPDEN 33/11KV S/S: REPLACEMENT OF A 33/11kV TRANSFORMER  T2 COMPLETE WITH PROTECTION AND TAP CHANGING PANELS, INCLUDING HV TRANSFORMER BAY EQUIPMENT ",,"0","2022-12-07 10:12:16","../specifications/165279081120MVA Transformer.docx","ze237485","524101","ACE22051711","specifications/165279081120MVA Transformer.docx","acc473620","harare"
"1188","RQ22092841","10237861","2022-09-27","Recondition propshaft for NP300 HR5233 Southerton depot",,"0","2022-12-07 10:12:16","../specifications/","ze7277","524201",,,"acc473930","harare"
"1189","RQ22092899","10237859","2022-09-27","Recondition propshaft for NP300 HR5222 Ops and Mains",,"0","2022-12-07 10:12:16","../specifications/","ze7277","524201",,,"acc473930","harare"
"1190","RQ22092880","10237853","2022-09-27","Recondition propshaft for NP300 HR5230 Warren Park ",,"0","2022-12-07 10:12:16","../specifications/","ze7277","524201",,,"acc473930","harare"
"1191","RQ2209287","10237935","2022-09-28","Oranges for Munyati Festival 29 September 2022 - 02 October 2022",,"0","2022-12-07 10:12:16","../specifications/","ze296716","523001",,,"acc473760","harare"
"1192","RQ22092867","10237967","2022-09-26","Topurchase Mobile phone forthe General Manager - Mr Gurupira",,"0","2022-12-07 10:12:16","../specifications/Samsobile Point.jpeg","ze347558","523001",,,"acc473310","harare"
"1193","RQ22092852","10238009","2022-09-27","Hiring of Female Models's clothing for the Munyati Sports Festival",,"0","2022-12-07 10:12:16","../specifications/Lilys Boutique 5.pdf","ze347558","523001",,,"acc473620","harare"
"1194","RQ22092924","10237982","2022-09-28","Machine engine components for DH7002 for Transport",,"0","2022-12-07 10:12:16","../specifications/","ze7277","524201",,,"acc473930","harare"
"1195","RQ22092911","10237948","2022-09-28","SupplyHPCF280A#80A BLACK",,"0","2022-12-07 10:12:16","../specifications/","ze7277","524201",,,"acc473930","harare"
"1196","RQ22092980","10237966","2022-09-28","Machine  engine components",,"0","2022-12-07 10:12:16","../specifications/","ze7277","524201",,,"acc473930","harare"
"1197","RQ22092971","10238002","2022-09-28","Machine engine components",,"0","2022-12-07 10:12:16","../specifications/","ze7277","524201",,,"acc473930","harare"
"1198","RQ22092977","10238033","2022-09-29","Purchasing cell phone handsets for  Personnel officers",,"0","2022-12-07 10:12:16","../specifications/Cell Phone Quotatations.pdf","ze224510","523001",,,"acc473310","harare"
"1199","RQ22093023","10238126","2022-09-30","REPAIR FAULTY CURRENT TRANSFORMER FOR BIRCHS TO ACES 33 KV FEEDER AT BIRCHS SPECS ARE THREE CORE, 800/1 AMPS, 15VA, CLASS 10P10",,"0","2022-12-07 10:12:16","../specifications/BIRCHS CT.jpg","ze3522741","524301",,,"acc475500","harare"
"1200","RQ2210034","10238149","2022-10-03","Accommodation for Mr J Maorera: Checking in 3 October 2022 and out on 8 October 2022",,"0","2022-12-07 10:12:16","../specifications/Maorera Invoice  3 October to 8.pdf","ze347558","523001",,,"acc473620","harare"
"1207","RQ22100424","10238161","2022-10-03","Service 51 Tonne main hoist and 10 Tonne auxiliary hoist on Workshop overhead crane.",,"0","2022-12-07 10:12:16","../specifications/Hoist Engineering.jpg","ze294411","524301",,,"acc475500","harare"
"1210","RQ22100512","10238274","2022-10-05","PURCHASE OF  OPERATIONS CELLPHONE FOR ZE44911 P MUPINI",,"0","2022-12-07 10:12:16","../specifications/","ze294411","524301",,,"acc473310","harare"
"1222","RQ22100676","10238346","2022-10-06","Procurement of Generator Diesel 4.5kVA",,"0","2022-12-07 10:12:16","../specifications/1664436674Generator Quote 2 Electrosales.jpeg","ze232459","524401","ACE22092969","specifications/1664436674Generator Quote 2 Electrosales.jpeg","acc281700","harare"
"1223","RQ2210062","10238348","2022-10-06","PURCHASE OF NEW TRANSFORMER OIL FOR BEATRICE 33/11KV TRANSFORMER MAINTENANCE",,"0","2022-12-07 10:12:16","../specifications/","ze3522741","524301",,,"acc475500","harare"
"1224","RQ22100613","10238349","2022-10-06","PURCHASE OF NEW TRANSFORMER OIL FOR DORSET 33/11KV TRANSFORMER MAINTENANCE",,"0","2022-12-07 10:12:16","../specifications/","ze3522741","524301",,,"acc475500","harare"
"1225","RQ22100723","10238389","2022-10-07","CARRY OUT SERVICE ON HR5326 REG.AFN0979 FOR COMMERCIAL   07/10/22",,"0","2022-12-07 10:12:16","../specifications/","ze223573","524201",,,"acc466607","harare"
"1226","RQ2210076","10238387","2022-10-07","CARRY OUT SERVICE ON HR5331 REG.AFN3299 FOR COMMERCIAL.",,"0","2022-12-07 10:12:16","../specifications/","ze223573","524201",,,"acc466607","harare"
"1227","RQ22100755","10238396","2022-10-07","PURCHASE OF PAINTS FOR PAINTING TRANSFORMERS FOR OPS AND MAINT",,"0","2022-12-07 10:12:16","../specifications/NASH PAINTS TRANSFORMER.pdf","ze3522741","524301",,,"acc475500","harare"
"1228","RQ22100797","10238399","2022-10-07","BUY  BOLT KITS, OIL SEALS AND SEAL OILS FOR HR5175 REG.ACO7715 FOR GLENVIEW DEPOT.",,"0","2022-12-07 10:12:16","../specifications/","ze223573","524201",,,"acc466607","harare"
"1229","RQ22100746","10238426","2022-10-07","Carry out service as per qoutation on AFN3675 HR5341 for Glen view Depot ",,"0","2022-12-07 10:12:16","../specifications/","ze7277","524201",,,"acc473930","harare"
"1230","RQ22101062","10238438","2022-10-07","Purchase of cell phones for Network Development Technicians",,"0","2022-12-07 10:12:16","../specifications/","ze237485","524101",,,"acc473310","harare"
"1231","RQ22101068","10238460","2022-10-10","PURCHASE OF ROAD LINER PAINT FOR ACTURUS CONTROL MAINTENANCE",,"0","2022-12-07 10:12:16","../specifications/ROAD LINER QUOT 2.jpg","ze249246","524704",,,"acc404088","harare"
"1232","RQ22101026","10238480","2022-10-10","Voip IP Telephone Handsets for Glenview CSC",,"0","2022-12-07 10:12:16","../specifications/","ze53821","524601",,,"acc473300","harare"
"1233","RQ22101049","10238483","2022-10-10","Accommodation for Mr J Maorera: Checking in 10 October 2022 and out on 15 October 2022",,"0","2022-12-07 10:12:16","../specifications/Cresta Lodge Maorera -10 October.pdf","ze347558","523001",,,"acc473620","harare"
"1234","RQ22101088","10238505","2022-10-10","Accommodation for F. Matonda at N1 Hotel",,"0","2022-12-07 10:12:16","../specifications/","ze224510","523001",,,"acc473620","harare"
"1235","RQ22101072","10238471","2022-10-10","urinary system Old Waterfalls",,"0","2022-12-07 10:12:16","../specifications/1665410198scan0013.pdf","ze281875","523001",,,"acc475005","harare"
"1237","RQ22101193","10238588","2022-10-10","To purchase cellphone for HRAM's secretary",,"0","2022-12-07 10:12:16","../specifications/Innovative Technologies.jpeg","ze347558","523001",,,"acc473310","harare"
"1238","RQ22101114","10238590","2022-10-07","To purchase printer catridges for HRAM's Secretary",,"0","2022-12-07 10:12:16","../specifications/Fuser technology.jpeg","ze347558","523001",,,"acc473310","harare"
"1239","RQ22101244","10238470","2022-10-11","purchase of face masks",,"0","2022-12-07 10:12:16","../specifications/","ze346373","523001",,,"acc473640","harare"
"1240","RQ22101227","10238666","2022-10-12","mersh wire  for Ruwa Depot project",,"0","2022-12-07 10:12:16","../specifications/scan0017.pdf","ze281875","523001",,,"acc475005","harare"
"1245","RQ22101368","10238683","2022-10-13","HIRING OF ONE TONNE TRUCK FOR USE AT OPS AND MAINTENANCE SECTION",,"0","2022-12-07 10:12:16","../specifications/","ze3522741","524301",,,"acc473600","harare"
"1246","RQ22101315","10238684","2022-10-13","HIRING OF ONE TONNE TRUCK FOR USE AT OPS AND MAINTENANCE SECTION",,"0","2022-12-07 10:12:16","../specifications/","ze3522741","524301",,,"acc473600","harare"
"1247","RQ22101389","10238711","2022-10-02","Accommodation and breakfast for Munyati Sports festival participants (Additional)",,"0","2022-12-07 10:12:16","../specifications/oddessey additional Invoice.pdf","ze347558","523001",,,"acc473760","harare"
"1248","RQ2210136","10238715","2022-10-13","Supply complete engine and clutch assembly",,"0","2022-12-07 10:12:16","../specifications/","ze7277","524201",,,"acc473930","harare"
"1249","RQ22101330","10238737","2022-10-13","Rubberised Door mats for Wyyne Street Bankinghall",,"0","2022-12-07 10:12:16","../specifications/Nationalcarpets Rubberised door mat.jpeg","ze346373","523001",,,"acc475005","harare"
"1250","RQ22101443","10238775","2022-10-14","repair engine on ADJ1296 CHERRY for Network Development",,"0","2022-12-07 10:12:16","../specifications/","ze7277","524201",,,"acc473930","harare"
"1251","RQ22101427","10238629","2022-10-12","Supply brake components for NP300 HR5224 as per qoutation",,"0","2022-12-07 10:12:16","../specifications/","ze7277","524201",,,"acc473930","harare"
"1253","RQ2210147","10238769","2022-10-13","Plumbing Materials for 4th Floor toilet",,"0","2022-12-07 10:12:16","../specifications/1665733901scan0018.pdf","ze346373","523001",,,"acc475005","harare"
"1256","RQ22101483","10238757","2022-10-14","plumbing material for dossert ",,"0","2022-12-07 10:12:16","../specifications/1665735787scan0019.pdf","ze346373","523001",,,"acc47570","harare"
"1257","RQ22101436","10238795","2022-10-14","Purchase of Cell phones for use by Drawing Office Staff.",,"0","2022-12-07 10:12:16","../specifications/","ze237485","524101",,,"acc473310","harare"
"1258","RQ22101765","10238857","2022-10-17","Accommodation for Mr J. Maorera.  Checking in 17 October 2022 and out on 22 October 2022",,"0","2022-12-07 10:12:16","../specifications/ZETDC-Maorera 17 October.pdf","ze347558","523001",,,"acc473620","harare"
"1260","RQ22101844","10238917","2022-10-18","Aircon Servicing - Secretary Engineering",,"0","2022-12-07 10:12:16","../specifications/","ze301744","524001",,,"acc473620","harare"
"1263","RQ22101863","10238951","2022-10-18","Daily News for RMT",,"0","2022-12-07 10:12:16","../specifications/Zesa Wynne Street OCT.xls","ze346373","523001",,,"acc473810","harare"
"1264","RQ22101839","10238993","2022-10-18","REGENERATION OF 10 400 LITRES OF TRANSFORMER OIL FOR SEKI M70 33/11KV T4",,"0","2022-12-07 10:12:16","../specifications/","ze3522741","524301",,,"acc475500","harare"
"1265","RQ22101857","10239000","2022-10-18","PURCHASE OF FLEXRITE RUBBER SEALANT FOR MAINTENANCE",,"0","2022-12-07 10:12:16","../specifications/RUBBER SEALANT.heic","ze3522741","524301",,,"acc475500","harare"
"1266","RQ22101915","10239102","2022-10-19","Purchase of Toner- Cartridge for DM East Secretary",,"0","2022-12-07 10:12:16","../specifications/","ze30570","524701",,,"acc473020","harare"
"1267","RQ22101985","10238794","2022-10-14","Subsribtion of Herald and Sunday mail Newspapre for Sales Manager East District",,"0","2022-12-07 10:12:16","../specifications/Herald Newspaper - Sales Mgr East.jfif","ze30570","524701",,,"acc473810","harare"
"1268","RQ22101958","10238741","2022-10-13","Payment of medical bills, for contract employee Nomzamo Ncube 9077697 who was injured whilst on duty",,"0","2022-12-07 10:12:16","../specifications/Momentum invoice - Nomzamo.pdf","ze30570","524701",,,"acc473670","harare"
"1269","RQ22101978","10239065","2022-10-19","FinGaz",,"0","2022-12-07 10:12:16","../specifications/scan0020.pdf","ze346373","523001",,,"acc473810","harare"
"1271","RQ22102060","10239146","2022-10-20","reinforced mesh wire ",,"0","2022-12-07 10:12:16","../specifications/BSI Steel.jpeg","ze346373","523001",,,"acc475005","harare"
"1272","RQ22102085","10239147","2022-10-20","Purchase of Exhibition Indaba lighting at National Training Centre",,"0","2022-12-07 10:12:16","../specifications/","ze237485","524101",,,"acc473500","harare"
"1273","RQ22102049","10239053","2022-10-20","Roofing sheets for Workshop stores shade",,"0","2022-12-07 10:12:16","../specifications/","ze3522741","524301",,,"acc404091","harare"
"1274","RQ22102046","10239052","2022-10-20","Stteel structure fabrication of Workshop stores shade",,"0","2022-12-07 10:12:16","../specifications/","ze3522741","524301",,,"acc404091","harare"
"1275","RQ22102034","10239162","2022-10-20","Purchase of Cell phones for Engineers at Network Development",,"0","2022-12-07 10:12:16","../specifications/","ze237485","524101",,,"acc473310","harare"
"1276","RQ2210201","10239057","2022-10-20","Workshop front gate fabrication - OPS and Maintenance",,"0","2022-12-07 10:12:16","../specifications/","ze3522741","524301",,,"acc404091","harare"
"1277","RQ22102038","10239144","2022-10-19","Decorated venue, food, snacks and welcome drinks and ",,"0","2022-12-07 10:12:16","../specifications/Golden Conifer 20-40 yrs.pdf","ze347558","523001",,,"acc473620","harare"
"1278","RQ22102065","10239159","2022-10-20","Accomodation for Mr F. Matonda attending Mr  R. Mugwara hearing",,"0","2022-12-07 10:12:16","../specifications/Proforma Invoice F. Matonda.pdf","ze224510","523001",,,"acc473620",
"1279","RQ22102092","10239190","2022-10-20","For purchases of tools to be used at NTC for works ahead of exhibition Indaba",,"0","2022-12-07 10:12:16","../specifications/","ze237485","524101",,,"acc473500","harare"
"1280","RQ22102179","10239289","2022-10-21","30 days hire of a 7 tonne truck for use on Dzivarasekwa flats 11kV overhead line construction.",,"0","2022-12-07 10:12:16","../specifications/","ze237485","524101",,,"acc473600","harare"
"1281","RQ2210216","10239308","2022-10-21","Unlimited ADSL for GM,FM & HRAM's Offices",,"0","2022-12-07 10:12:16","../specifications/ZETDC QUOTE adsl i.pdf","ze346373","523001",,,"acc473330","harare"
"1282","RQ22102171","10239310","2022-10-21","ZAS- Showgrounds Oct Rent",,"0","2022-12-07 10:12:16","../specifications/ZAS310 Oct rent.jpeg","ze346373","523001",,,"acc474010","harare"
"1283","RQ22102166","10239311","2022-10-21","ZAS -Showgrounds Nov 2022 rent",,"0","2022-12-07 10:12:16","../specifications/ZAS311 Nov Rent.jpeg","ze346373","523001",,,"acc474010","harare"
"1284","RQ22102145","10239313","0224-10-21","Tenant deposit & Sept Rent",,"0","2022-12-07 10:12:16","../specifications/zas 313 Tenant Deposit Sept.jpeg","ze346373","523001",,,"acc474010","harare"
"1285","RQ22102476","10239360","2022-10-24","Accommodation for Mr B. Mlambo for the disciplinary hearing of Mr R. Mugwara, in on 25.10.2022 and checking out on 26.10.2022( two nights)",,"0","2022-12-07 10:12:16","../specifications/B. Mlambo accommodation.pdf","ze224510","523001",,,"acc473620","harare"
"1286","RQ22102479","10239386","2022-10-19","To purchase beers for 2022 LSA Function",,"0","2022-12-07 10:12:16","../specifications/lsa beers.jpeg","ze347558","523001",,,"acc473630","harare"
"1288","RQ22102415","10239387","2022-10-19","To purchase soft drinks for LSA function",,"0","2022-12-07 10:12:16","../specifications/lsa refreshments.jpeg","ze347558","523001",,,"acc473630","harare"
"1289","RQ2210242","10239419","2020-10-25","To purchase wines for 2022Long Service Awards",,"0","2022-12-07 10:12:16","../specifications/OK Mart Wines.jpeg","ze347558","523001",,,"acc473630","harare"
"1290","RQ2210254","10239431","2022-10-25","Hire of full band for the Long service function",,"0","2022-12-07 10:12:16","../specifications/Sarungano and The Story Tellers Band.docx","ze224510","523001",,,"acc473620","harare"
"1291","RQ22102538","10239439","2022-10-12","WIPER BLADES",,"0","2022-12-07 10:12:16","../specifications/","ze234966","522102",,,"acc473930","harare"
"1292","RQ22102574","10239095","2022-10-12","INJECTORS NP300",,"0","2022-12-07 10:12:16","../specifications/","ze234966","522102",,,"acc473930","harare"
"1293","RQ22102568","10239440","2022-10-25","Purchase of materials required for construction of a village shed at NTC for the exhibition Indaba",,"0","2022-12-07 10:12:16","../specifications/","ze237485","524101",,,"acc473500","harare"
"1294","RQ22102530","10239434","2022-10-25","Southerton bulk water deliveries",,"0","2022-12-07 10:12:16","../specifications/","ze261092","524604",,,"acc474000","harare"
"1295","RQ22102563","10239443","2022-10-25","Purchase of cellphone handset for Chiparo L(B5) ec No. 50369 - Secretary for District Manager East",,"0","2022-12-07 10:12:16","../specifications/IMG_20221025_095346.jpg","ze30570","524701",,,"acc473310","harare"
"1297","RQ22102550","10239233","2022-10-25","A4 Pro Photo Frame for Long Service Awards",,"0","2022-12-07 10:12:16","../specifications/scan0001.pdf","ze293091","523001",,,"acc473730","harare"
"1298","RQ22102566","10239234","2022-10-25","Photoshoot & Printing 5x7"" photos for Long Service Awards",,"0","2022-12-07 10:12:16","../specifications/1666694869scan.pdf","ze293091","523001",,,"acc473730","harare"
"1300","RQ22102519","10239492","2022-10-25","Accomodation for Mr J Maorera at Coghlan Villa.  Checking in on 25 October 2022 and out on 30October 2022",,"0","2022-12-07 10:12:16","../specifications/COGHLAN VILLA 2.pdf","ze347558","523001",,,"acc473620","harare"
"1301","RQ22102696","10239414","2022-10-24","Cellphone handsets for artisans",,"0","2022-12-07 10:12:16","../specifications/","ze234605","524301",,,"acc473310","harare"
"1302","RQ22102636","10239525","2022-10-26","PURCHASE OF QD TINTED TRANSFORMER GREY PAINT, THINNERS AND TURPENTINE",,"0","2022-12-07 10:12:16","../specifications/","ze3522741","524301",,,"acc475500","harare"
"1303","RQ22102666","10239529","2022-10-26","Cellphone Handsets for artisans",,"0","2022-12-07 10:12:16","../specifications/","ze234605","524301",,,"acc473310","harare"
"1304","RQ22102681","10239476","2022-10-26","cleaning detergents",,"0","2022-12-07 10:12:16","../specifications/","ze281875","523001",,,"acc474010","harare"
"1305","RQ22102685","10239566","2022-10-12","Decorated venue, food, welcome snacks, PA system & DJ",,"0","2022-12-07 10:12:16","../specifications/Zimbali LSA 1.jpeg","ze347558","523001",,,"acc473630","harare"
"1306","RQ22102645","10239473","2022-10-26","cleaning materials",,"0","2022-12-07 10:12:16","../specifications/scan0058.pdf","ze281875","523001",,,"acc474020","harare"
"1309","RQ22102615","10239582","2022-10-26","Decorated Venue, food, welcome snacks for 20-40years LSA recipients",,"0","2022-12-07 10:12:16","../specifications/Zimbali LSA 20-40.pdf","ze347558","523001",,,"acc473630","harare"
"1310","RQ22102654","10239589","2022-10-26","Catridges to print certificates and invitations for 2022 LSA recepients",,"0","2022-12-07 10:12:16","../specifications/Yellow Portion Investment.jpeg","ze347558","523001",,,"acc473630","harare"
"1312","RQ22103142","10239754","2022-10-31","Purchase of ingredients for teas and lunches for Engineering Forum Presentations",,"0","2022-12-07 10:12:16","../specifications/","ze301744","524001",,,"acc473700","harare"
"1313","RQ2210318","1023976","2022-10-31","Catridge for HRO""s office",,"0","2022-12-07 10:12:16","../specifications/","ze347558","523001",,,"acc473010","harare"
"1314","RQ22103130","10239762","2022-10-31","Carry out 50000km service on AFM7421",,"0","2022-12-07 10:12:16","../specifications/","ze7277","524201",,,"acc473930","harare"
"1315","RQ2210311","10239763","2022-10-31","Carry out 30000km sevice on AFM7422",,"0","2022-12-07 10:12:16","../specifications/","ze7277","524201",,,"acc473930","harare"
"1320","RQ22103157","10239761","2022-10-31","PURCHASE OF MATERIAL FOR REPAIRS OF LIGHTINING ACTURUS CONTROL",,"0","2022-12-07 10:12:16","../specifications/","ze249246","524704",,,"acc404088","harare"
"1321","RQ22103189","10239767","2022-10-31","PURCHASE OF FLOOD LIGHTS FOR ACTURUS CONTROLL -MABVUKU CSC",,"0","2022-12-07 10:12:16","../specifications/FLOOD LIGHTS QUOTE 1.jpg","ze249246","524704",,,"acc404088","harare"
"1322","RQ22103178","10239803","2022-10-31","Service and repair of fire alarm CBD CSC",,"0","2022-12-07 10:12:16","../specifications/","ze293091","523001",,,"acc473640","harare"
"1323","RQ22103143","10239805","2022-10-31","PURCHASE OF TONNER CATRIDGE MABVUKU CSC PRINTING",,"0","2022-12-07 10:12:16","../specifications/","ze249246","524704",,,"acc473000","harare"
"1324","RQ22110184","10239870","2022-02-01","To purchase Guest of Honour presents",,"0","2022-12-07 10:12:16","../specifications/","ze347558","523001",,,"acc473630","harare"
"1325","RQ2211012","10239875","2022-10-12","Decorated venue , food and welcome snacks for LSA function for 20-40 years recipients",,"0","2022-12-07 10:12:16","../specifications/","ze347558","523001",,,"acc473630","harare"
"1326","RQ2211025","10239892","2022-11-02","Procurement of 2023 diaries ",,"0","2022-12-07 10:12:16","../specifications/","ze329223","525000",,,"acc473010","harare"
"1327","RQ22110266","10239893","2022-11-02","Design, layout and printing of 2023 Calendars",,"0","2022-12-07 10:12:16","../specifications/","ze329223","525000",,,"acc473010","harare"
"1328","RQ22110228","10239911","2022-11-02","refurbishment commecial ladies toilet",,"0","2022-12-07 10:12:16","../specifications/scan0062.pdf","ze281875","523001",,,"acc475005","harare"
"1329","RQ22110285","10239939","2022-10-12","Decorated venue, food, welcome snacks for 20-40 LSA recipients",,"0","2022-12-07 10:12:16","../specifications/","ze347558","523001",,,"acc473630","harare"
"1330","RQ22110294","10239940","2022-11-02","CRANE HIRE FOR 33KV CIRCUIT BREAKER REPLACEMENT AT PARKRIDGE CB 17",,"0","2022-12-07 10:12:16","../specifications/","ze3522741","524301",,,"acc473600","harare"
"1331","RQ22110383","10240033","2022-11-03","Netball Tournament Affiliation Fee and food",,"0","2022-12-07 10:12:16","../specifications/","ze237248","523001",,,"acc473440","harare"
"1332","RQ22110333","10240048","2022-11-03","Accommodation for two Disciplinary Committee members for the hearing of Mr R. Mugwara, checking in on 08.11.2022, checking out on 10.11.2022",,"0","2022-12-07 10:12:16","../specifications/Hearing accommodation.pdf","ze224510","523001",,,"acc473620","harare"
"1333","RQ22110773","10240163","2022-11-07","Procurement of A5 Diaries ",,"0","2022-12-07 10:12:16","../specifications/","ze329223","525000",,,"acc466605","harare"
"1334","RQ22110713","10240168","2022-11-07","Procurement of A5 Standard Notebook  & Executive notebooks",,"0","2022-12-07 10:12:16","../specifications/","ze329223","525000",,,"acc466605","harare"
"1335","RQ22110770","10240181","2022-11-07","Accommodation for J Maorera: Checking in 7 November and out on 8 November 2022",,"0","2022-12-07 10:12:16","../specifications/Maorera in 07 -08 Nov.pdf","ze347558","523001",,,"acc473620","harare"
"1336","RQ22110846","10240239","2022-11-08","Strategic Workshop at NTC on 10-11 November 2022",,"0","2022-12-07 10:12:16","../specifications/NTC QUOTATION.pdf","ze347558","523001",,,"acc473510","harare"
"1337","RQ22110833","10240233","2022-11-01","BRAAI PACKS FOR LSA FUNCTION 2022",,"0","2022-12-07 10:12:16","../specifications/Braai packs.jpeg","ze241563","524401",,,"acc473630","harare"
"1338","RQ22110876","10240235","2022-11-08","Plumbing material for Highfield control-Sub station maintenance",,"0","2022-12-07 10:12:16","../specifications/Highfield control plumbing qoute.pdf","ze261092","524604",,,"acc404088","harare"
"1340","RQ22110867","10240242","2022-11-08","Plumbing for Willowvale and Beatrice control-sub station maintenance",,"0","2022-12-07 10:12:16","../specifications/Beatrice and Willowvale plumbing qoutes.pdf","ze261092","524604",,,"acc404088","harare"
"1341","RQ22111473","10240507","2022-10-18","Live band pefomance for LSA function 2",,"0","2022-12-07 10:12:16","../specifications/TERRY BAND.jpeg","ze347558","523001",,,"acc473630","harare"
"1342","RQ22111494","10240506","2022-10-17","Live performance band for LSA function1",,"0","2022-12-07 10:12:16","../specifications/sarungano.jpeg","ze347558","523001",,,"acc473630","harare"
"1343","RQ22111596","10240573","2022-11-15","PURCHASE OF 5.5 KW KEY START RG 6900K PETROL  GENERATOR PORTABLE",,"0","2022-12-07 10:12:16","../specifications/GENERATOR HALSTEDS.jpg","ze3522741","524301","ACE22102563","specifications/1666702516GENERATOR HALSTEDS.jpg","acc475600","harare"
"1344","RQ22111569","10240577","2022-11-15","FABRICATION OF A DOUBLE AXLE VENTER TRAILER WITH WHEELS FOR 35KVA GENERATOR",,"0","2022-12-07 10:12:16","../specifications/GENERATOR TRAILERS.html","ze3522741","524301","ACE22102895","specifications/1666965024GENERATOR TRAILERS.html","acc475600","harare"
"1345","RQ22111545","10240576","2022-11-15","PURCHASE OF PORTABLE COMPRESSOR 100 L, 3.0HP, 2200W, RC -3100B AC3100",,"0","2022-12-07 10:12:16","../specifications/COMPRESSOR HALSTEDS.jpg","ze3522741","524301","ACE22102516","specifications/1666702314COMPRESSOR HALSTEDS.jpg","acc475600","harare"
"1346","RQ22111588","10240571","2022-11-15","PURCHASE OF HIGH PRESSURE CLEANER FOR USE ON TRANSFORMER MAINTENANCE",,"0","2022-12-07 10:12:16","../specifications/HIGH PRESSURE CLEANER.heic","ze3522741","524301","ACE22102539","specifications/1666703229HIGH PRESSURE CLEANER.heic","acc475600","harare"
"1347","RQ22111586","10240578","2022-11-14","cellphone for Garage Workers Committee chairperson",,"0","2022-12-07 10:12:16","../specifications/1668502493zhuwau garage.jpeg","ze346373","523001",,,"acc473310","harare"
"1348","RQ22111578","10240627","2022-11-15","Accommodation for B Mlambo and F Matonda",,"0","2022-12-07 10:12:16","../specifications/n1 hOTEL.jpeg","ze347558","523001",,,"acc473630","harare"
"1349","RQ2211172","10240631","2022-11-17","cable trenching cb 89 coventry",,"0","2022-12-07 10:12:16","../specifications/","ze261092","524604",,,"acc473620","harare"
"1350","RQ22111866","22111588","2022-11-18","bulbs for lighting",,"0","2022-12-07 10:12:16","../specifications/","ze281875","523001",,,"acc475005","harare"
"1351","RQ22111830","10240747","2022-11-18","pin bulbs",,"0","2022-12-07 10:12:16","../specifications/scan0033.pdf","ze281875","523001",,,"acc403500","harare"
"1352","RQ22111828","10240697","2022-11-17","endurite and screw for roofing repairs",,"0","2022-12-07 10:12:16","../specifications/","ze281875","523001",,,"acc475005","harare"
"1353","RQ22112269","10240926","2022-11-22","TO BUY CHANNEL IRON AND DEFORMED BAR FOR TARGET HARDENING RUWA DEPOT",,"0","2022-12-07 10:12:16","../specifications/target hardening.pdf","ze44482","524705",,,"acc404088","harare"
"1354","RQ22112232","10240944","2022-11-22","Long Services Branded Ties ",,"0","2022-12-07 10:12:16","../specifications/","ze296716","523001",,,"acc473630","harare"
"1355","RQ22112479","10241050","2022-11-24","Accommodation for Mr B. Mlambo and Mr F. Matonda for the hearing of Mr R. Mugwara(Checkinbg in on 27/11/2022, checking out 29/11/2022)",,"0","2022-12-07 10:12:16","../specifications/Matonda and Mlambo.pdf","ze224510","523001",,,"acc473620","harare"
"1356","RQ22112488","10241065","2022-11-24","Teas and lunches for Workers Committee meeting ",,"0","2022-12-07 10:12:16","../specifications/","ze296716","523001",,,"acc473740","harare"
"1357","RQ22112442","10241003","2022-11-24","185 CU  3 Core cable for Southerton depot 200m (ref stf #2935884)",,"0","2022-12-07 10:12:16","../specifications/","ze261092","524604",,,"acc404086","harare"
"1358","RQ22112421","10241100","2022-11-24","Purchase of 6 x Ergonomic swivel chairs for Zengeza CSC staff.",,"0","2022-12-07 10:12:16","../specifications/Ergonomic high back Swivel chairs.docx","ze266728","524403",,,"acc475300","harare"
"1359","RQ22112462","10240753","2022-11-21","Purchase of ergonomic cashier stools/chairs",,"0","2022-12-07 10:12:16","../specifications/Cashier stools.docx","ze266728","524403",,,"acc475300","harare"
"1360","RQ22112414","10241111","2022-11-24","Lunches for the Long Service Awards Committee",,"0","2022-12-07 10:12:16","../specifications/scan0040.pdf","ze293091","523001",,,"acc473700","harare"
"1361","RQ22112424","10241117","2022-11-24","Long Service Awards Entertainment Band - Sarungano",,"0","2022-12-07 10:12:16","../specifications/","ze296716","523001",,,"acc473630","harare"
"1362","RQ2211258","10241150","2022-11-25","Tiling material for 4th floor offices ",,"0","2022-12-07 10:12:16","../specifications/","ze296716","523001",,,"acc475005","harare"
"1363","RQ22112923","10241240","2022-11-29","Refurbishing gent toilet urinary ",,"0","2022-12-07 10:12:16","../specifications/scan0055.pdf","ze281875","523001",,,"acc475005","harare"
"1364","RQ22112935","10241241","2022-11-29","ROOF SEAL FOR LEAKING ROOF WYNNE STREET",,"0","2022-12-07 10:12:16","../specifications/scan0054.pdf","ze281875","523001",,,"acc475005","harare"
"1365","RQ22112969","10241274","2022-02-11","Photoshoot & Printing 5x7"" photos for the Long Service Awards",,"0","2022-12-07 10:12:16","../specifications/scan0056.pdf","ze293091","523001",,,"acc473730","harare"
"1366","RQ22113049","10241326","2022-11-30","RIDERS PROTECTIVE GEAR ",,"0","2022-12-07 10:12:16","../specifications/ZETDC Makoni quote 20220928 riders protective gear Sept 2022 ZWL  (1) (1).pdf","ze51764","524402",,,"acc473650","harare"
"1367","RQ22120250","10241420","2022-12-02","Procurement of uniforms for the drones team ",,"0","2022-12-07 10:12:16","../specifications/Revised Drone Shirts and TIES.pdf","ze329223","525000",,,"acc473650","harare"
"1368","RQ22120558","10230981","2022-05-25","PURCHASE OF 2 HP PROBOOK 450 G8 LAPTOPS FOR THE LEAD ARTISAN AND COMMERCIAL SUPERVISOR WARREN PARK DEPOT @ $300000.00 EACH",,"0","2022-12-07 10:12:16","../specifications/16433538201640941522laptop specs (2).docx","ze242594","524504","ACE22012845","specifications/16433538201640941522laptop specs.docx","acc473000","harare"
