"id","document_id","rfq_number","rfq_date","scope_of_work","item_required","qty","date_created","specifications","created_by","section_code","ace","ace_spec","proc_ref"
"78","RQ19020668","10166356","2018-11-06","Bus Hiring to Vumba",,"0","2019-02-06 10:10:30","../specifications/MBHS 500.pdf","ze301698","GARAGE",,,
"79","RQ19020688","10166352","2019-02-06","Installation of intrusion detection at Vumba",,"0","2019-02-06 11:20:09","../specifications/Intrusion detection.doc","ze228346","ENGINEERING",,,
"80","RQ19020632","10166353","2019-02-06","Installation of intrusion detection at Toronto",,"0","2019-02-06 11:21:45","../specifications/1549444905Intrusion detection.doc","ze228346","ENGINEERING",,,
"81","RQ19020692","10166355","2019-02-06","Installation of intrusion detection at Rusape Local substation",,"0","2019-02-06 11:22:47","../specifications/1549444966Intrusion detection.doc","ze228346","ENGINEERING",,,
"82","RQ19020631","10166373","2019-02-06","New tyres 215R15 Dunlop brand for np300 FN ER2131 Environs 2wheel drive",,"0","2019-02-11 12:35:10","../specifications/1549447228NEW TYRES 215R15.docx","ze48941","MTG",,,
"83","RQ19020635","10166374","2019-02-06","New tyres 215R15 Dunlop brand for np300  2wheel drive f/n er2148 Environs",,"0","2019-02-11 12:35:14","../specifications/1549447355NEW TYRES 215R15.docx","ze48941","MTG",,,
"84","RQ19020698","10166375","2019-02-06","new tyres 215R15 Dunlop for  np300 2 wheel drive fn ER2143 Environs ",,"0","2019-02-11 12:35:18","../specifications/1549447481NEW TYRES 215R15.docx","ze48941","MTG",,,
"85","RQ19020666","10166378","2019-02-06","new tyres 215R15 Dunlop for np300 f/n er2136 Environs ",,"0","2019-02-11 12:35:22","../specifications/1549447649NEW TYRES 215R15.docx","ze48941","MTG",,,
"86","RQ19020663","10166380","2019-02-06","new tyres 215R15 for np300 2 wheel drive f/n Er 2132 Urban",,"0","2019-02-11 12:35:25","../specifications/1549447791NEW TYRES 215R15.docx","ze48941","MTG",,,
"87","RQ19020696","10166398","2019-02-06","new tyres 215R15 Dunlop for np300 2 wheel drive f/n er2144 Urban",,"0","2019-02-11 12:35:29","../specifications/1549448008NEW TYRES 215R15.docx","ze48941","MTG",,,
"88","RQ19020628","10166399","2019-02-06","new tyres Dunlop brand for np300 2 wheel drive f/n er2138 ",,"0","2019-02-11 12:35:34","../specifications/1549448088NEW TYRES 215R15.docx","ze48941","MTG",,,
"89","RQ1902066","10166400","2019-02-06","new tyres 215R15 Dunlop for np300 2 wheel drive f/n er2129 Nyanga",,"0","2019-02-11 12:35:40","../specifications/1549448742NEW TYRES 215R15.docx","ze48941","MTG",,,
"90","RQ19020638","10166401","2019-02-06","new tyres for Isuzu KB f/n er2195 Environs   245/70R16 Dunlop brand",,"0","2019-02-11 12:35:48","../specifications/NEW TYRES 245.70R16.docx","ze48941","MTG",,,
"91","RQ19020685","10166402","2019-02-06","new tyres size 245/70R16 Dunlop Steel belt, Radial For Isuzu f/n er2164 Network Development",,"0","2019-02-11 12:35:52","../specifications/1549449578NEW TYRES 245.70R16.docx","ze48941","MTG",,,
"92","RQ19020650","10166403","2019-02-06","new tyres 245/70R16 Dunlop Radial Steel belt for np300 4x4 f/n er2165 Environs",,"0","2019-02-11 12:35:56","../specifications/1549449654NEW TYRES 245.70R16.docx","ze48941","MTG",,,
"93","RQ19020625","10166404","2019-02-06","new tyres 245/70R16 for np300 4x4 f/n er2153 Dunlop Steel belt Radial",,"0","2019-02-11 12:36:00","../specifications/1549449969NEW TYRES 245.70R16.docx","ze48941","MTG",,,
"94","RQ19020682","10166451","2019-02-06","new tyres 245/70R16 Dunlop Steel belt, Radial for np300 4x4 f/n er2149 Nyanga",,"0","2019-02-11 12:36:03","../specifications/1549450059NEW TYRES 245.70R16.docx","ze48941","MTG",,,
"95","RQ19020610","10166406","2019-02-06","new tyres 245/70R16 for np300 4x4 f/n er2186  Dunlop Steel belt radial",,"0","2019-02-11 12:36:07","../specifications/1549450175NEW TYRES 245.70R16.docx","ze48941","MTG",,,
"96","RQ19020690","10166407","2019-02-06","new tyres 245/70R16 Dunlop Steel belt, Radial np300 4x4 f/n er2156 Maintenance",,"0","2019-02-11 12:36:11","../specifications/1549450261NEW TYRES 245.70R16.docx","ze48941","MTG",,,
"97","RQ19020681","10166408","2019-02-06","new tyres 245/70R16, Dunlop Steel belt Radial for np300 4x4 f/n er2184 Maintenance ",,"0","2019-02-11 12:36:15","../specifications/1549450347NEW TYRES 245.70R16.docx","ze48941","MTG",,,
"98","RQ1902069","10166409","2019-02-06","New tyres 245/70R16 Dunlop Steel belt, Radial for np300 4x4 f/n er2159  Chimanimani",,"0","2019-02-11 12:36:19","../specifications/1549450435NEW TYRES 245.70R16.docx","ze48941","MTG",,,
"99","RQ19020667","10166411","2019-02-06","new tyres 245/70R16 Dunlop for np300 4x4 FN ER2185 Maintenance",,"0","2019-02-11 12:36:23","../specifications/1549450819NEW TYRES 245.70R16.docx","ze48941","MTG",,,
"100","RQ19020620","10166412","2019-02-06","new tyres 9R 22.5  for UD er2109 Dunlop or Pirreri",,"0","2019-02-11 12:36:28","../specifications/NEW TYRES9R 22.5.docx","ze48941","MTG",,,
"101","RQ1902061","10166413","2019-02-06","New tyres UD70 f/n er2090 9R 22.5 Dunlop or pirreri Brand",,"0","2019-02-11 12:22:22","../specifications/1549452030NEW TYRES9R 22.5.docx","ze48941","MTG",,,
"102","RQ19020627","10166419","2019-02-06","new tyres 205/70R15  FN ER2042 Quantum Bus, Dunlop Brand",,"0","2019-02-11 12:36:32","../specifications/NEW TYRES 20570R15.docx","ze48941","MTG",,,
"103","RQ19020648","10166419","2019-02-06","new tyres Dunlop or Pirreri brand FN ER2120 Chimanimani",,"0","2019-02-11 12:36:36","../specifications/1549452776NEW TYRES9R 22.5.docx","ze48941","MTG",,,
"104","RQ19020694","10166420","2019-02-06","new tyres 265/65 R17 Wrangler Good Year. Mazda BT50 Beast  er2199 for DM Mutare",,"0","2019-02-11 12:36:40","../specifications/265.65.17 tyres.docx","ze48941","MTG",,,
"105","RQ19020675","10166424","2019-02-06","upper control arms np300 2Wheel Drive FN er2144 Urban",,"0","2019-02-11 12:36:43","../specifications/np300 upper control arms.docx","ze48941","MTG",,,
"106","RQ19020699","10166425","2019-02-06","purchase of upper control arms np300 2Wheel Drive f/n er2131 Environs",,"0","2019-02-11 12:36:47","../specifications/1549456577np300 upper control arms.docx","ze48941","MTG",,,
"107","RQ19020654","10166427","2019-02-06","purchase of upper control arms for Mazda BT50 ( Petrol ) FN er2123, Loss Control",,"0","2019-02-11 12:36:52","../specifications/Mazda BT upper control arms.docx","ze48941","MTG",,,
"108","RQ19020677","10166422","2019-02-06","rim 17 inch Mazda BT50 Beast f/n er2199 for DM Mutare",,"0","2019-02-06 19:30:48","../specifications/1549457156Mazda BT upper control arms.docx","ze48941","MTG",,,
"109","RQ19020614","10166465","2019-02-06","cement",,"0","2019-02-06 15:22:58","../specifications/cement..pdf","ze289310","ERM",,,
"110","RQ1902063","10166466","2019-02-06","DEGREASER FOR CLEANING TRANSFORMERS AND SWITCHGEAR.",,"0","2019-02-06 15:27:28","../specifications/degreaser.pdf","ze289310","ERM",,,
"111","RQ19020612","10166470","2019-02-06","DULUX PAINT WHITE GLOSS 5L AND TRANSFORMER GREY 20L",,"0","2019-02-06 15:35:41","../specifications/1549460141paint.pdf","ze289310","ERM",,,
"112","RQ19020643","10166483","2019-02-06","suspension material for np300 2Wheel Drive f/n er2146 Engine number TD27933815

Chassis number ADNAGD22Z0035513  Middle Sabi truck",,"0","2019-02-11 12:36:56","../specifications/1549461198suspension material for np300 4x2.docx","ze48941","MTG",,,
"113","RQ19020652","10166479","2019-02-06","suspension material for np300 4x2 er 2138 Chipinge. Engine number TD27927308
Chassis number ADNAHGD222003590",,"0","2019-02-11 12:36:59","../specifications/1549461495suspension material for np300 4x2.docx","ze48941","MTG",,,
"114","RQ19020847","10159662","2018-11-06","SUPPLY NEW CYLINDER HEAD FOR MAZDA BT50 DIESEL ENGINE, ENGINE NUMBER ZW11UWIJMYI-000313",,"0","2019-02-11 12:37:03","../specifications/MAZDA BT ER2085 CYLINDERHEAD DOCUMENT.docx","ze48941","MTG",,,
"115","RQ19020846","10159662","2018-11-06","new cylinder head for Mazda BT Diesel Engine Engine number ZW11UWIJMYI-000313 F/N er2085",,"0","2019-02-11 12:37:10","../specifications/1549616438MAZDA BT ER2085 CYLINDERHEAD DOCUMENT.docx","ze48941","MTG",,,
"116","RQ1902081","10166465","2019-02-07","Cement for Primary s/s CB and Water tanks pad construction",,"0","2019-02-08 14:50:05","../specifications/1549630205cement..pdf","ze289310","ERM",,,
"117","RQ19020852","10166470","2019-02-07","PAINTING OF SUB STATION STRUCTURES",,"0","2019-02-08 15:22:44","../specifications/1549632164paint.pdf","ze289310","ERM",,,
"118","RQ19020883","10166758","2019-02-08","2X TICK BUSH AND 47 SPANS OF LIGHT BUSH CLEARED ON NYANYADZI 33KV LINE",,"0","2019-02-08 16:43:16","../specifications/Scan_Doc1013.pdf","ze259373","MSB",,,
"120","RQ19021173","10166834","2019-02-06","Vehicle Hire Mangandaire H",,"0","2019-02-11 09:56:17","../specifications/850.pdf","ze301698","GARAGE",,,
"121","RQ19021116","10166678","2019-02-08","Purchase of tools for Artisan(Electrical)",,"0","2019-02-11 10:32:36","../specifications/Artisan Tools 1.pdf","ze8486","MTD",,,
"122","RQ19021167","10166840","2019-02-11","FIT AND SUPPLY REAR ISUZU FLEET NO. ER2173",,"0","2019-02-11 10:55:44","../specifications/ISUZU.pdf","ze232696","URB",,,
"123","RQ19021117","10166697","2019-02-08","Materials for floor tiling for Urban depot Kitchen and ladies toilet",,"0","2019-02-11 11:04:40","../specifications/MUTARE URBAN DEPOT KITCHEN AND TOILET FLOORING MATERIALS.docx","ze8486","MTD",,,
"124","RQ19021135","10166693","2019-02-08","Purchase of Samsung J2 PRO cellphones",,"0","2019-02-11 11:50:32","../specifications/SAMSUNG J2 PRO SPECIFICATIONS.docx","ze8486","MTD",,,
"125","RQ19021127","10166910","2019-02-11","Bond paper for D/O",,"0","2019-02-11 15:09:37","../specifications/bond paper computers.pdf","ze270210","MTD",,,
"126","RQ19021190","10166942","2019-02-11","Purchase of Smart Cards for Senior Mangers - ER
For January and February 2019",,"0","2019-02-11 16:16:54","../specifications/Redan 3211.20.pdf","ze301698","GARAGE",,,
"127","RQ19021271","10166992","2019-02-12","purchase of new tyres 215R15 for np300 truck f/n er2146",,"0","2019-02-12 11:18:27","../specifications/1549963106NEW TYRES 215R15.docx","ze48941","MTG",,,
"128","RQ19021263","10166545","2019-02-07","195 R 15 C New  Tyres  F/No 2201",,"0","2019-02-12 12:32:12","../specifications/QUOTE TYRES  Binum Tyre.pdf","ze44253","MSG",,,
"129","RQ19021215","10166543","2019-02-07"," 195 R 15 C Tyres F/no 2200",,"0","2019-02-12 12:34:59","../specifications/1549967699QUOTE TYRES  Binum Tyre.pdf","ze44253","MSG",,,
"130","RQ19021253","10166578","2019-02-07","215/70R15 Tyres F/no 2117",,"0","2019-02-12 12:37:51","../specifications/QUOTE TYRES 3   Meadcress 07.pdf","ze44253","MSG",,,
"131","RQ19021225","10166574","2019-02-07"," 215/70R15 Ttres F/No2114",,"0","2019-02-12 12:41:37","../specifications/1549968097QUOTE TYRES 3   Meadcress 07.pdf","ze44253","MSG",,,
"132","RQ1902128","10166573","2019-02-07","215/70R15 Tyres F/No2104",,"0","2019-02-12 12:44:01","../specifications/1549968241QUOTE TYRES 3   Meadcress 07.pdf","ze44253","MSG",,,
"133","RQ19021235","10166573","2019-02-07","215/70R15 Tyres F/No2104",,"0","2019-02-12 12:44:02","../specifications/1549968242QUOTE TYRES 3   Meadcress 07.pdf","ze44253","MSG",,,
"134","RQ19021220","10166568","2019-02-07","215/70R15 Tyres F/no2146",,"0","2019-02-12 12:47:09","../specifications/1549968429QUOTE TYRES 3   Meadcress 07.pdf","ze44253","MSG",,,
"135","RQ1902129","10166567","2019-02-07","215/70R15 Tyres F/no2082",,"0","2019-02-12 12:50:38","../specifications/1549968638QUOTE TYRES 3   Meadcress 07.pdf","ze44253","MSG",,,
"136","RQ19021213","10166566","2019-02-07","215/70R15 Tyres F/No 2032",,"0","2019-02-12 12:56:38","../specifications/1549968998QUOTE TYRES 3   Meadcress 07.pdf","ze44253","MSG",,,
"137","RQ19021258","10166561","2019-02-07","245/70R15 Tyres F/No 2157",,"0","2019-02-12 13:01:25","../specifications/1549969285QUOTE TYRES  Binum Tyre.pdf","ze44253","MSG",,,
"138","RQ19021226","10166551","2019-02-07","245/70R16 Tyres F/no 2174",,"0","2019-02-12 13:04:53","../specifications/1549969493QUOTE TYRES  Binum Tyre.pdf","ze44253","MSG",,,
"139","RQ19021285","10166568","2019-02-07","215/70R15 Tyres F/no 2140",,"0","2019-02-12 14:40:30","../specifications/INVOICE- MEADCRES 2.pdf","ze44253","MSG",,,
"140","RQ19021210","10165709","2019-01-30","Repair of 3 X 300/1 Current transformers",,"0","2019-02-12 14:49:56","../specifications/Hawker Siddely.pdf","ze289310","ERM",,,
"141","RQ19021288","10167024","2019-02-12","SUPPLY NEW GEARBOX FOR MAZDA BEAST F/N ER2154",,"0","2019-02-12 15:07:29","../specifications/ER2154.docx","ze48941","MTG",,,
"142","RQ19021223","10164336","2019-01-09","Air Compressor for Accounting Officer-Cash",,"0","2019-02-12 15:11:40","../specifications/Air Compressor-Accounting Officer (Cash)-12 Feb 2019.pdf","ze305510","MSD",,,
"143","RQ19021295","10167034","2019-02-12","Break down From Masvingo To Harare F/No2169",,"0","2019-02-12 15:30:17","../specifications/1549978217ISUZU TOWING 2169.docx",,,,,
"144","RQ19021214","10167029","2019-02-12","182 000km service F/no2174",,"0","2019-02-12 15:39:08","../specifications/1549978747ISUZU  2174.docx",,,,,
"145","RQ19021268","10167037","2019-02-12","Repairing of Mutare Environs Water tank: fix and supply",,"0","2019-02-12 15:54:58","../specifications/20190212_155604[1].jpg","ze57673","ENV",,,
"146","RQ19021236","10167043","2019-02-12","Break Clippers F/no 2158",,"0","2019-02-12 16:02:15","../specifications/1549980134INVOICE- MEADCRES 2.pdf",,,,,
"147","RQ1902127","10167043","2019-02-12","break clipers F/no2158",,"0","2019-02-12 16:04:08","../specifications/Calipper.pdf",,,,,
"148","RQ19021211","10167045","2019-02-12","Break Clipers F/No 2150",,"0","2019-02-12 16:07:09","../specifications/1549980429Calipper.pdf",,,,,
"149","RQ19021272","10167045","2019-02-12","Break Clipers F/No 2150",,"0","2019-02-12 16:07:55","../specifications/1549980475Calipper.pdf",,,,,
"150","RQ19021221","10167045","2019-02-12","Break Clipers F/No 2150",,"0","2019-02-12 16:08:42","../specifications/1549980522Calipper.pdf",,,,,
"151","RQ19021265","10167045","2019-02-12","Break Clipers F/No 2150",,"0","2019-02-12 16:08:43","../specifications/1549980523Calipper.pdf",,,,,
"152","RQ19021365","10167146","2019-02-13","Purchase of Samsung Galaxy J7 for B Kusereka to replace the one that was stolen and a police report was made",,"0","2019-02-13 09:53:24","../specifications/J7.pdf","ze289310","ERM",,,
"153","RQ1902139","10167101","2019-02-12","Being 1tonne truck  hire  for  faults 31days March 2019 Rusape depot",,"0","2019-02-13 10:00:16","../specifications/truck hire.docx","ze56120","RSP",,,
"154","RQ1902137","10167102","2019-02-12","Being 1tonne truck hire for 31 days  Meter reading Rusape Depot March 2019",,"0","2019-02-13 10:36:13","../specifications/truck hire1.docx","ze56120","RSP",,,
"155","RQ19021384","10167103","2019-02-12","Being 1tonne truck hire Zero purchase for 31days Rusape Depot March  2019",,"0","2019-02-13 10:05:03","../specifications/truck hire2.docx","ze56120","RSP",,,
"156","RQ19021367","10167104","2019-02-12","Being 1tonne truck hire New connections for 31days Rusape Depot March 2019",,"0","2019-02-13 10:06:53","../specifications/truck hire3.docx","ze56120","RSP",,,
"157","RQ19021387","10167105","2019-02-12","Being 1tonne truck hire Substation maintenance Rusape Depot March 2019",,"0","2019-02-13 10:09:22","../specifications/truck hire4.docx","ze56120","RSP",,,
"158","RQ19021322","10166292","2019-02-04","REPAIR OF 4 X BREAKER COILS TO IEE SPECS.",,"0","2019-02-13 10:12:37","../specifications/1550045557QUOTE# FI1140  COILS REWINDING..docx","ze289310","ERM",,,
"159","RQ19021368","10167153","2019-02-13","Weeding inside and outside Mutare Environs Depot",,"0","2019-02-13 10:18:23","../specifications/20190212_162244[1].jpg","ze57673","ENV",,,
"160","RQ19021375","10167148","2019-02-13","Request for paint to paint Chimanimani Depot",,"0","2019-02-13 10:26:09","../specifications/Request for quote painting.pdf","ze341827","CHM",,,
"161","RQ19021398","10167152","2019-02-13","Hiring of external services in painting chimanimani depot",,"0","2019-02-13 10:36:34","../specifications/1550046994Request for quote painting.pdf","ze341827","CHM",,,
"162","RQ19021341","10167146","2019-02-13","PURCHASE OF SAMSUNG J7 FOR B KUSEREKA TO REPLACE THE LOST ONE",,"0","2019-02-13 11:29:39","../specifications/J7 Specs and Police report.pdf","ze289310","ERM",,,
"163","RQ19021369","10167174","2019-02-13","Acid proof worksuits for garage personnel-Mutare",,"0","2019-02-13 11:31:36","../specifications/ACID PROOF.docx","ze48941","MTG",,,
"164","RQ19021385","10165662","2019-02-05","purchase of 800l GTX oil for both Masving and Mutare Garages",,"0","2019-02-13 12:48:01","../specifications/800L ENGINE OIL.docx","ze48941","MTG",,,
"165","RQ19021364","10167126","2019-02-13","ROPE FOR LINECREW TEAM",,"0","2019-02-13 19:07:27","../specifications/Halsteds qoute.pdf","ze312010","CHR",,,
"166","RQ1902146","10146887","2018-06-02","Supply and Erection of 27.5 x 23 x 1.8 meters 3mm of Diamond mesh wire complete with Barbed wire, 1 x 5,4 metre wide vehicle gate  and one x 0,9 metre wide pedestrian gate.Check drawing attached.",,"0","2019-02-14 10:12:24","../specifications/VR Fencing.pdf","ze336912","END",,,
"167","RQ19021445","10167300","2019-02-14","Purchase of 6mm and 10 mm rubberised cork gaskets for s/s maintenance",,"0","2019-02-14 10:35:12","../specifications/Gasket Specification.pdf","ze289310","ERM",,,
"168","RQ19021468","10166239","2019-02-05","J 7 Cell Phones (Tools) for Mhlambi M-Murema J-Jack B and Teedzayi R",,"0","2019-02-14 10:42:48","../specifications/J7 (Cell Phones)Tools- Mhlambi Marshall-Murema Joseph-Jack Blessing and Teedzayi ray.pdf","ze305510","MSD",,,
"169","RQ19021456","10167219","2019-02-13","PROCUREMENT AND INSTALL 1 X AIR CONDITIONER FOR COMMERCIAL OFFICER-MASVINGO			
",,"0","2019-02-14 10:48:25","../specifications/Air Conditioner 2019.docx","ze251186","MSD",,,
"170","RQ19021412","10167220","2019-02-13","PROCUREMENT  OF 1 X EXECUTIVE L-SHAPED 6 DRAWER OFFICE DESK - FOR COMMERCIAL OFFICER			
",,"0","2019-02-14 10:53:35","../specifications/OFFICE DESK FOR COMMERCIAL OFFICER MASVINGO 2019.xls","ze251186","MSD",,,
"171","RQ19021428","10167222","2019-02-13","PROCUREMENT  OF 3  DOOR GLASS BOOKCASE -FOR COMMERCIAL OFFICER			
",,"0","2019-02-14 10:56:45","../specifications/Desk and Book case 2019.docx","ze251186","MSD",,,
"172","RQ19021458","10154709","2018-09-10","Supply 200m of pvc swa pvc cable 16mm x 4core for ZCDC VR Station",,"0","2019-02-14 11:56:58","../specifications/Cable 16 4core.docx","ze336912","END",,,
"173","RQ19021479","10167321","2019-02-14","Purchase of sulphur hexafluoride SF6 gas for use in circuit breakers.",,"0","2019-02-14 12:07:19","../specifications/sulfur-hexafluoride-sf6-spec-sheet-ss-p4657.pdf","ze289310","ERM",,,
"174","RQ19021447","10154700","2018-09-10","Supply and deliver 50kg bags Cement",,"0","2019-02-14 12:13:41","../specifications/Cement.docx","ze336912","END",,,
"175","RQ19021496","10154263","2018-09-05","Supply and Deliver bags of Cement for ZCDC VR",,"0","2019-02-14 12:17:57","../specifications/1550139477Cement.docx","ze336912","END",,,
"176","RQ19021469","10140681","2018-02-08","Supply and Deliver roofing materials for ZCDC VR Control room. See attached drawing.",,"0","2019-02-14 12:20:14","../specifications/ZCDC voltage regulator-control room.pdf","ze336912","END",,,
"177","RQ19021440","10160582","2018-11-15","Supply Cement Bricks for ZCDC VR Control Room",,"0","2019-02-14 12:21:37","../specifications/Cement Bricks.docx","ze336912","END",,,
"178","RQ19021475","10165331","2018-11-24","Supply 50kg bags of cement",,"0","2019-02-14 12:22:46","../specifications/1550139766Cement.docx","ze336912","END",,,
"179","RQ19021423","10165337","2019-01-24","Supply Washed River sand for Nyakomba A pad",,"0","2019-02-14 12:24:27","../specifications/River Sand.docx","ze336912","END",,,
"180","RQ19021492","10161627","2018-11-28","Supply and erect perimeter fence 7.5 x 5 x 1.8 at Nyakomba A, with barbed wire 3 lines and 1 x 5.4m wide gate. see attached spec.",,"0","2019-02-14 12:27:01","../specifications/Nyakomba A Fencing.pdf","ze336912","END",,,
"181","RQ19021535","10166545","2019-02-07","Request to buy new Tyres size 195R15c for F/no 2201",,"0","2019-02-15 10:07:23","../specifications/Request  to buy New Tyres 5x195r15C for worn out tyres of Fleet number 2201.docx","ze44253","MSG",,,
"182","RQ19021580","10166543","2019-02-07"," Purchase of 195R15C New Tyres For F/No 2200",,"0","2019-02-15 10:25:26","../specifications/Request  to buy New Tyres 5x195R15C for worn out tyres of Fleet number 2200.docx","ze44253","MSG",,,
"183","RQ19021592","10167424","2019-02-15","PURCHASING OF GAS BOTTLE ACCESSORIES",,"0","2019-02-15 10:46:12","../specifications/BOC Gas Bottle Accessories.jpg","ze232696","URB",,,
"184","RQ19021570","10158700","2018-10-22","Erect Landing Spans at ZCDC VR Substation",,"0","2019-02-15 10:47:30","../specifications/ZCDC Landing Spans.docx","ze336912","END",,,
"185","RQ19021517","10167429","2019-02-15","Suspension material for Mist L200 er2011 Loss Control",,"0","2019-02-15 10:51:41","../specifications/SUSPENSION MATERIAL ER2011.docx","ze48941","MTG",,,
"186","RQ19021556","10166578","2019-02-07","Purchace of 5x215/7015 New  Tyres For F/No2117",,"0","2019-02-15 11:54:10","../specifications/Fleet number 2117.docx","ze44253","MSG",,,
"187","RQ19021588","10166574","2019-01-07","Purchase of 215/70R15 Tyres F/no2114",,"0","2019-02-15 11:58:19","../specifications/Fleet number 2114.docx","ze44253","MSG",,,
"188","RQ19021595","10166573","2019-02-07","Purchase Of 215/70R15 new Tyres F/No 2104",,"0","2019-02-15 12:23:43","../specifications/Fleet number 2104.docx","ze44253","MSG",,,
"189","RQ19021554","10167474","2019-02-15","TO PURCHASE IPAD PRO FOR COMMERCIAL MANAGER ",,"0","2019-02-15 13:46:46","../specifications/iPad SPECIFICATIONS.docx","ze9034671","IT100",,,
"190","RQ19021593","10167492","2019-02-15","clutch kit for np300 4x4 f/n er2156",,"0","2019-02-15 15:25:47","../specifications/clutch kit.pdf","ze48941","MTG",,,
"191","RQ19021518","10166573","2019-02-07","Purchase of 5x215/70R15 Tyres Fo
/No2104",,"0","2019-02-15 15:36:37","../specifications/1550237797Fleet number 2104.docx",,,,,
"192","RQ19021577","10166568","2019-02-07","Purchase  of 5x215/70R15 Tyres For F/No2140",,"0","2019-02-15 15:41:19","../specifications/15502380792140.docx",,,,,
"193","RQ19021587","10166567","2019-02-07","Purchase Of 5x215/70R15 Tyres F/no2082",,"0","2019-02-15 15:44:48","../specifications/2082.docx",,,,,
"194","RQ19021559","10166566","2019-02-07","Purchase Of  5 x215/70r15 Tyres For F/no 2032",,"0","2019-02-15 15:50:28","../specifications/2032.docx",,,,,
"195","RQ19021562","10166566","2019-02-07","Purchase Of  5 x215/70r15 Tyres For F/no 2032",,"0","2019-02-15 15:50:30","../specifications/15502386302032.docx",,,,,
"196","RQ19021581","10166566","2019-02-07","Purchase Of  5 x215/70r15 Tyres For F/no 2032",,"0","2019-02-15 15:50:33","../specifications/15502386332032.docx",,,,,
"197","RQ19021882","10166218","2019-02-14","MEGAWATT BUILDING BOQ PAINTING INTERIOR",,"0","2019-02-18 09:09:33","../specifications/MEGAWATT BOQ INTIRIOR.xlsx","ze318957","HR500",,,
"198","RQ19021821","10165663","2019-02-14","ROOFING MATERIALS FOR NYANGA EXEC GUEST HOUSE VERANDAH",,"0","2019-02-18 09:15:47","../specifications/BOQ NYANGA GUEST HSE.xlsx","ze318957","HR500",,,
"199","RQ19021858","10167248","2019-02-14","DEEP CLEANING OF ALL WINDOWS AT MEGAWATT BUILDING",,"0","2019-02-18 09:21:53","../specifications/BOQ CLEANING WINDOWS.xlsx","ze318957","HR500",,,
"200","RQ19021877","10167253","2019-02-14","FIX & SUPPLY OF MEGAWATT BUILDING 3RD FLOOR BLINDS (ECONO BEIGE)",,"0","2019-02-18 09:42:34","../specifications/BOQ MEGAWATT BLINDS.xlsx","ze318957","HR500",,,
"201","RQ19021898","10167255","2019-02-14","FIX & SUPPLY OF MEGAWATT BUILDING 2ND FLOOR BLINDS (ECONO BEIGE)",,"0","2019-02-18 09:44:28","../specifications/1550475868BOQ MEGAWATT BLINDS.xlsx","ze318957","HR500",,,
"202","RQ19021852","10167257","2019-02-14","FIX & SUPPLY OF MEGAWATT BUILDING 1ST FLOOR BLINDS (ECONO BEIGE)",,"0","2019-02-18 09:46:53","../specifications/1550476013BOQ MEGAWATT BLINDS.xlsx","ze318957","HR500",,,
"203","RQ19021848","10167252","2019-02-14","FIX & SUPPLY OF MEGAWATT BUILDING GROUND FLOOR BLINDS (ECONO BEIGE)",,"0","2019-02-18 09:49:10","../specifications/1550476150BOQ MEGAWATT BLINDS.xlsx","ze318957","HR500",,,
"204","RQ19021857","10167412","2019-02-14","SUPPLY OF 10 CUBIC METERS OF GRAVEL- FILL & LEVEL MEGAWATT CAR PARK ",,"0","2019-02-18 09:58:24","../specifications/BOQ CAR PARK.xlsx","ze318957","HR500",,,
"212","RQ19021894","10164756","2019-02-14","SUPPLY OF 50 BAGS CEMENT (32.2) AT NYANGA EXEC GUEST HOUSE FOR DRIVEWAY & WATER FEATURE",,"0","2019-02-18 15:03:12","../specifications/BOQ CEMENT NYANGA.xlsx","ze318957","HR500",,,
"213","RQ19021886","10164757","2019-02-14","SUPPLY OF 2 LOADS 3/4 QUARRY STONES AT NYANGA EXEC GUEST HOUSE FOR DRIVEWAY & WATER FEATURE",,"0","2019-02-18 15:13:21","../specifications/BOQ QUARRY STONES.xlsx","ze318957","HR500",,,
"214","RQ19021817","10166524","2019-02-06","Supply and deliver 1000 60A S/P MCBs for services in ER",,"0","2019-02-18 15:22:05","../specifications/MCBs Spec 2019.docx","ze336912","END",,,
"215","RQ19021824","10164759","2019-02-14","SUPPLY & DELIVER OF 14m3 PITSAND AT NYANGA EXEC GUEST HOUSE FOR DRIVEWAY & WATER FEATURE",,"0","2019-02-18 15:22:51","../specifications/BOQ PITSAND.xlsx","ze318957","HR500",,,
"216","RQ19021818","10164760","2019-02-14","SUPPLY & DELIVER OF INTERLOCKING PAVERS TO COVER 300m2 AT NYANGA EXEC GUEST HOUSE",,"0","2019-02-18 15:26:36","../specifications/BOQ PAVERS.xlsx","ze318957","HR500",,,
"217","RQ19021962","10167620","2019-02-19","Purchase of suspension material for L200 er2039 Nyanga",,"0","2019-02-19 09:46:59","../specifications/SUSPENSION MATERIAL ER2039.docx","ze48941","MTG",,,
"218","RQ19021989","10167623","2019-02-19","complete clutch kit for np300 4x4 f/n er2184",,"0","2019-02-19 09:48:54","../specifications/clutch kit 4x4.jpg","ze48941","MTG",,,
"219","RQ19021911","10167624","2019-02-19","complete Injector Pump for UD95 er2192 Chipinge Truck",,"0","2019-02-19 12:25:33","../specifications/injector pump.docx","ze48941","MTG",,,
"220","RQ1902192","10165651","2019-02-05","new tyres 1400R20 for Crane er2198 Maint",,"0","2019-02-19 09:53:58","../specifications/CRANE TRUCK TYRES ER2198.docx","ze48941","MTG",,,
"222","RQ19021925","10167300","2019-02-14","PURCHASE OF 6MM RUBERISED GASKETS",,"0","2019-02-19 12:49:55","../specifications/1550573395Gasket Specification.pdf","ze289310","ERM",,,
"223","RQ19021932","10167300","2019-02-14","PURCHASE OF 10MM RUBBERISED GASKETS ",,"0","2019-02-19 12:51:04","../specifications/1550573464Gasket Specification.pdf","ze289310","ERM",,,
"224","RQ19021979","10167690","2019-02-19","Purchase of materials for flooring Mutare Environs ladies rest room",,"0","2019-02-19 14:32:27","../specifications/MUTARE ENVIRONS DEPOT LADIES REST ROOM  FLOORING MATERIALS.docx","ze8486","MTD",,,
"225","RQ19021993","10167711","2019-02-19","purchasing of till rolls for Masvingo District",,"0","2019-02-19 15:56:36","../specifications/tiil rolls.docx","ze234532","MSD",,,
"226","RQ19022044","10166543","2019-02-07","Purchase of Tyres for Fleet numbers ER 2200 ",,"0","2019-02-20 09:45:30","../specifications/Tyre Specification.pdf","ze228117","MSG",,,
"227","RQ19022094","10167761","2019-02-20","BOND PAPER FOR R/O PRINTING",,"0","2019-02-20 10:54:18","../specifications/TYPEK.pdf","ze318957","HR500",,,
"228","RQ19022057","10167777","2019-02-20","new batteries for Benz truck f/n 1062 size 683 ( Mutare Urban )",,"0","2019-02-20 16:42:01","../specifications/BATTERY 1062.docx","ze48941","MTG",,,
"229","RQ19022041","10167780","2019-02-20","NEW TYRES FOR CHERRY JI ER2181 SIZE 175/65R14 ( Mutare District )",,"0","2019-02-20 16:40:45","../specifications/er2181 new tyres.docx","ze48941","MTG",,,
"230","RQ19022089","10165688","2019-01-29","Supply and delivery of cable 16mm x 2core pvc swa pvc",,"0","2019-02-20 14:30:42","../specifications/lvcable.doc","ze336912","END",,,
"231","RQ19022091","10165689","2019-01-29","Supply and Delivery of Cable 16mm x 4core pvc swa pvc",,"0","2019-02-20 14:32:20","../specifications/1550665940lvcable.doc","ze336912","END",,,
"232","RQ19022030","10165691","2019-01-29","Supply and Delivery of PG clamps 50-100mm Al/Al",,"0","2019-02-20 14:34:37","../specifications/hardawre accessories.doc","ze336912","END",,,
"233","RQ19022072","10167762","2019-02-20","Supply and delivery of 33kV D'fuse mounts c/w carrier",,"0","2019-02-20 14:36:39","../specifications/1550666199D fuse & Mounts.DOC","ze336912","END",,,
"234","RQ19022066","10166605","2019-02-07","Supply and deliver 11kV wood crossarms",,"0","2019-02-20 14:54:29","../specifications/Wood crossarms.docx","ze336912","END",,,
"235","RQ19022097","10166609","2019-02-07","Supply and deliver 33kV wood crossarms",,"0","2019-02-20 14:55:29","../specifications/1550667329Wood crossarms.docx","ze336912","END",,,
"236","RQ19022079","10166560","2019-02-07","Supply and delivery of 3/4 Stay plates for Masvingo District",,"0","2019-02-20 14:58:39","../specifications/1550667519hardawre accessories.doc","ze336912","END",,,
"237","RQ19022064","10166565","2019-02-07","Supply and delivery of 3/4 Stay washer for Masvingo District",,"0","2019-02-20 14:59:43","../specifications/1550667583hardawre accessories.doc","ze336912","END",,,
"238","RQ19022085","10166559","2019-02-07","Supply and delivery of 3/4 Stay Rods for Masvingo District",,"0","2019-02-20 15:00:39","../specifications/1550667639hardawre accessories.doc","ze336912","END",,,
"239","RQ19022028","10166563","2019-02-07","Supply and delivery of 5/8 Stay plates for Masvingo District",,"0","2019-02-20 15:06:39","../specifications/1550667998hardawre accessories.doc","ze336912","END",,,
"240","RQ19022013","10166582","2019-02-07","Supply and delivery of 5/8 Stay Rods for Masvingo District",,"0","2019-02-20 15:08:01","../specifications/1550668081hardawre accessories.doc","ze336912","END",,,
"241","RQ19022012","10166583","2019-02-07","Supply and delivery of 50mm Line Taps for Masvingo District",,"0","2019-02-20 15:09:05","../specifications/Line Tap.docx","ze336912","END",,,
"242","RQ19022093","10166478","2019-02-07","Supply and delivery of 16mm x 2c pvc swa pvc cable  for Masvingo District",,"0","2019-02-20 15:10:52","../specifications/1550668252lvcable.doc","ze336912","END",,,
"243","RQ19022022","10166518","2019-02-07","Supply and delivery of 16mm x 4c pvc swa pvc cable  for Masvingo District",,"0","2019-02-20 15:11:41","../specifications/1550668300lvcable.doc","ze336912","END",,,
"244","RQ19022027","10166523","2019-02-07","Supply and delivery of 50-100mm Al/Al PG clamp  for Masvingo District",,"0","2019-02-20 15:14:01","../specifications/1550668440hardawre accessories.doc","ze336912","END",,,
"245","RQ19022018","10166524","2019-02-07","Supply and delivery of 60A S/P 240V MCB  for Masvingo District",,"0","2019-02-20 15:15:57","../specifications/1550668557MCBs Spec 2019.docx","ze336912","END",,,
"246","RQ19022050","10166597","2019-02-07","Supply and delivery of D'mounts 11kV c/w carrier for Masvingo District",,"0","2019-02-20 15:18:19","../specifications/1550668698D fuse & Mounts.DOC","ze336912","END",,,
"247","RQ19022029","10167810","2019-02-20","Front suspension To repair F/no2158",,"0","2019-02-20 15:18:57","../specifications/susp 2158.docx",,,,,
"248","RQ19022077","10166601","2019-02-07","Supply and delivery of 33kV D'fuse mount c/w  for Masvingo District",,"0","2019-02-20 15:19:28","../specifications/1550668768D fuse & Mounts.DOC","ze336912","END",,,
"249","RQ19022071","10166608","2019-02-07","Supply and delivery of 11kV wood crossarms  for Masvingo District",,"0","2019-02-20 15:20:50","../specifications/1550668850Wood crossarms.docx","ze336912","END",,,
"250","RQ19022055","10167807","2019-02-20","TO PURCHASE 55A TONER CARTRIDGE FOR MANICALAND ACCOUNTING OFFICER",,"0","2019-02-20 15:21:21","../specifications/mechlec computers 55A.xls","ze9034671","IT100",,,
"251","RQ19022035","10167750","2019-02-20","Purchase Of  245/70R16 New Tyres F/No 2158",,"0","2019-02-20 15:21:32","../specifications/Tyres 2158.docx",,,,,
"252","RQ19022015","10166611","2019-02-07","Supply and delivery of 33kV wood crossarms  for Masvingo District",,"0","2019-02-20 15:21:56","../specifications/1550668916Wood crossarms.docx","ze336912","END",,,
"253","RQ1902209","10167747","2019-02-20","Purchase Of 2 x 683 Batteries For f/no 2601",,"0","2019-02-20 15:25:36","../specifications/15506691362601.docx",,,,,
"254","RQ19022039","10167757","2019-02-20","Purchase Of 245/70r16 Tyres F/No 2161",,"0","2019-02-20 15:28:23","../specifications/Tyres 2161.docx",,,,,
"255","RQ19022095","10167696","2019-02-19","Supply and delivery of  3/4 Stay plates for Masvingo District",,"0","2019-02-20 15:30:27","../specifications/1550669427hardawre accessories.doc","ze336912","END",,,
"256","RQ19022082","10167813","2019-02-20","TO PURCHASE 131A BLACK AND CYAN TONER CARTRIDGE FOR GENERAL MANAGER'S SECRETARY ",,"0","2019-02-20 15:30:45","../specifications/mechlec computers 131A.pdf","ze9034671","IT100",,,
"257","RQ19022088","10167756","2019-02-20","Purchase Of 245/70R16 Tyres F/No 2151",,"0","2019-02-20 15:32:01","../specifications/Tyres 2151.docx",,,,,
"258","RQ1902202","10167668","2019-02-19","Supply and delivery of  3/4 Stay Washer for Manicaland District	",,"0","2019-02-20 15:47:33","../specifications/1550670452hardawre accessories.doc","ze336912","END",,,
"259","RQ19022053","10167665","2019-02-19","Supply and delivery of  3/4 Stay Rods for Manicaland District	",,"0","2019-02-20 15:48:27","../specifications/1550670507hardawre accessories.doc","ze336912","END",,,
"260","RQ19022060","10167675","2019-02-19","Supply and delivery of  5/8 Stay Plates for Manicaland District	",,"0","2019-02-20 15:49:41","../specifications/1550670581hardawre accessories.doc","ze336912","END",,,
"261","RQ19022058","10167676","2019-02-19","Supply and delivery of  5/8 stay rods for Manicaland District	",,"0","2019-02-20 15:54:34","../specifications/1550670874hardawre accessories.doc","ze336912","END",,,
"262","RQ19022087","10167678","2019-02-19","Supply and delivery of 16mm x 2c cable pvc swa pvc for Manicaland District	",,"0","2019-02-20 15:56:49","../specifications/1550671009lvcable.doc","ze336912","END",,,
"263","RQ1902204","10167679","2019-02-20","Supply and delivery of  16mm x 4c pvc swa pvc cable for Manicaland District	",,"0","2019-02-20 15:58:24","../specifications/1550671104lvcable.doc","ze336912","END",,,
"264","RQ19022021","10167681","2019-02-19","Supply and delivery of  50-100mm Al/Al PG clamps for Manicaland District	",,"0","2019-02-20 16:01:30","../specifications/1550671290hardawre accessories.doc","ze336912","END",,,
"265","RQ19022059","10167681","2019-02-19","Supply and delivery of  50-100mm Al/Al PG clamps for Manicaland District	",,"0","2019-02-20 16:01:31","../specifications/1550671291hardawre accessories.doc","ze336912","END",,,
"266","RQ19022024","10167681","2019-02-19","Supply and delivery of  50-100mm Al/Al PG clamps for Manicaland District	",,"0","2019-02-20 16:01:32","../specifications/1550671292hardawre accessories.doc","ze336912","END",,,
"267","RQ19022098","10167685","2019-02-19","Supply and delivery of 60A S/P 240V MCBs for Manicaland District	",,"0","2019-02-20 16:06:10","../specifications/1550671570MCBs Spec 2019.docx","ze336912","END",,,
"268","RQ19022061","10167685","2019-02-19","Supply and delivery of 60A S/P 240V MCBs for Manicaland District	",,"0","2019-02-20 16:06:11","../specifications/1550671571MCBs Spec 2019.docx","ze336912","END",,,
"269","RQ19022010","10167685","2019-02-19","Supply and delivery of 60A S/P 240V MCBs for Manicaland District	",,"0","2019-02-20 16:06:30","../specifications/1550671590MCBs Spec 2019.docx","ze336912","END",,,
"270","RQ19022052","10167763","2019-02-20","Supply and delivery of 11kV d'fuse mounts c/w carrier for Manicaland District	",,"0","2019-02-20 16:08:15","../specifications/1550671695D fuse & Mounts.DOC","ze336912","END",,,
"271","RQ19022067","10167763","2019-02-20","Supply and delivery of 11kV d'fuse mounts c/w carrier for Manicaland District	",,"0","2019-02-20 16:08:16","../specifications/1550671696D fuse & Mounts.DOC","ze336912","END",,,
"272","RQ1902201","10167764","2019-02-20","Supply and delivery of 33kV d'fuse mounts c/w carrier for Manicaland District",,"0","2019-02-20 16:09:33","../specifications/1550671773D fuse & Mounts.DOC","ze336912","END",,,
"273","RQ19022040","10167764","2019-02-20","Supply and delivery of 33kV d'fuse mounts c/w carrier for Manicaland District",,"0","2019-02-20 16:09:34","../specifications/1550671774D fuse & Mounts.DOC","ze336912","END",,,
"274","RQ19022076","10166607","2019-02-07","Supply and delivery of 11kV wood crossarms for Manicaland District",,"0","2019-02-20 16:11:31","../specifications/1550671891Wood crossarms.docx","ze336912","END",,,
"275","RQ19022025","10166610","2019-02-07","Supply and delivery of 33kV wood crossarms for Manicaland District",,"0","2019-02-20 16:12:46","../specifications/1550671966Wood crossarms.docx","ze336912","END",,,
"276","RQ19022019","10167724","2019-02-18","HIRE OF 30 TONNE TRUCK TO FERRY DAMAGED TRANSFORMERS TO HARARE-CENTRAL STORES",,"0","2019-02-20 18:45:56","../specifications/Scan_Doc1056.pdf","ze259373","MSB",,,
"277","RQ19022216","10166545","2019-02-07","195R15 New Tyres For F/No 2201",,"0","2019-02-22 09:43:43","../specifications/Tyre 195R15c.pdf","ze44253","MSG",,,
"278","RQ19022255","10166543","2019-02-07","Purchase Of 195 R 15 C New Tyres F/no 2200",,"0","2019-02-22 09:49:11","../specifications/1550821751Tyre 195R15c.pdf","ze44253","MSG",,,
"279","RQ19022297","10166578","2019-02-07","Purchase of 215/70R15 New Tyres F/No 2117",,"0","2019-02-22 09:52:27","../specifications/Tyre  spec 215.pdf","ze44253","MSG",,,
"280","RQ19022226","10166574","2019-02-07","Purchase Of 215/70R15 New Tyres F/No 2114",,"0","2019-02-22 09:55:57","../specifications/1550822157Tyre  spec 215.pdf","ze44253","MSG",,,
"281","RQ19022239","10166562","2019-02-07","Purchase Of New Tyres F/no2082",,"0","2019-02-22 10:00:58","../specifications/1550822458Tyre  spec 215.pdf","ze44253","MSG",,,
"282","RQ19022252","10166566","2019-02-07","Purchase Of New Tyres F/No 2032",,"0","2019-02-22 10:04:10","../specifications/1550822650Tyre  spec 215.pdf","ze44253","MSG",,,
"283","RQ19022293","10166566","2019-02-07","Purchase Of New Tyres F/No 2032",,"0","2019-02-22 10:04:42","../specifications/1550822682Tyre  spec 215.pdf","ze44253","MSG",,,
"284","RQ19022224","10166561","2019-02-07","Purchase Of New 245/70R16 Tyres For F/no 2157",,"0","2019-02-22 10:10:35","../specifications/Tyre Specification 16.pdf","ze44253","MSG",,,
"285","RQ1902224","10166551","2019-02-07","Purchase Of New 245/70R16 Tyres For F/no 2174",,"0","2019-02-22 10:12:34","../specifications/1550823153Tyre Specification 16.pdf","ze44253","MSG",,,
"286","RQ19022263","10167747","2019-02-19","Purchase Of 683 Battery For F/No 2601",,"0","2019-02-22 10:16:38","../specifications/Battery  683.pdf","ze44253","MSG",,,
"287","RQ19022230","10167750","2019-02-19","Purchase Of New 245/70R16 Tyres F/No 2158",,"0","2019-02-22 10:19:08","../specifications/1550823548Tyre Specification 16.pdf","ze44253","MSG",,,
"288","RQ19022292","10167757","2019-02-19","Purchase of New 245/70R16 Tyres For F/No 2161",,"0","2019-02-22 10:21:46","../specifications/1550823706Tyre Specification 16.pdf","ze44253","MSG",,,
"289","RQ19022273","10167756","2019-02-19","Purchase Of New 245/70R16 Tyres For F/No 2151",,"0","2019-02-22 10:24:31","../specifications/1550823871Tyre Specification 16.pdf","ze44253","MSG",,,
"290","RQ19022249","10167875","2019-02-22","new battery for f/n er2085 BT size 650",,"0","2019-02-22 10:27:47","../specifications/BATTERY er2085.docx","ze48941","MTG",,,
"291","RQ19022227","10167808","2019-02-19","Purchase Of a Wind screen To Supply And Fit For F/no 2032",,"0","2019-02-22 10:40:38","../specifications/Windscreen Spec 2032.pdf","ze44253","MSG",,,
"292","RQ19022221","10167884","2019-02-22","Purchase Of New Batteries For F/no 1037",,"0","2019-02-22 11:09:46","../specifications/Battery  671.pdf","ze44253","MSG",,,
"293","RQ19022275","10167887","2019-02-22","Purchase Of New Tyres size 9R22,5 For F/no2119",,"0","2019-02-22 11:13:31","../specifications/Tyre Spec UD70.pdf","ze44253","MSG",,,
"294","RQ19022267","10167910","2019-02-22","Transport 2MVA 33/11kV transformer from Bikita to ZENT in Harare (about 381 kilometres)
Weight 7 tonnes, Height 3 metres, Width 3 metres",,"0","2019-02-22 15:06:12","../specifications/1550840771Bikita transformer.pdf","ze301914","ERM",,,
"295","RQ1902222","10167910","2019-02-22","Transport 2MVA 33/11kV transformer from Bikita to ZENT in Harare (about 381 kilometres)
Weight 7 tonnes, Height 3 metres, Width 3 metres",,"0","2019-02-22 15:06:16","../specifications/1550840775Bikita transformer.pdf","ze301914","ERM",,,
"296","RQ19022294","10167910","2019-02-22","Transport 2MVA 33/11kV transformer from Bikita to ZENT in Harare (about 381 kilometres)
Weight 7 tonnes, Height 3 metres, Width 3 metres",,"0","2019-02-22 15:06:17","../specifications/1550840777Bikita transformer.pdf","ze301914","ERM",,,
"297","RQ19022240","10167910","2019-02-22","Transport 2MVA 33/11kV transformer from Bikita to ZENT in Harare (about 381 kilometres)
Weight 7 tonnes, Height 3 metres, Width 3 metres",,"0","2019-02-22 15:06:18","../specifications/1550840778Bikita transformer.pdf","ze301914","ERM",,,
"298","RQ19022212","10167910","2019-02-22","Transport 2MVA 33/11kV transformer from Bikita to ZENT in Harare (about 381 kilometres)
Weight 7 tonnes, Height 3 metres, Width 3 metres",,"0","2019-02-22 15:06:20","../specifications/1550840779Bikita transformer.pdf","ze301914","ERM",,,
"299","RQ19022291","10167615","2019-02-22","Servicing of 20 fire extinguishers at Mutare Garage-Annual service",,"0","2019-02-22 15:35:43","../specifications/firetech engineers.jpg","ze48941","MTG",,,
"300","RQ19022279","10167918","2019-02-22","Engine Oil 5w-40 Full Sythetic  For Stock",,"0","2019-02-22 16:12:52","../specifications/ENGINE OIL 60l.pdf","ze44253","MSG",,,
"301","RQ19022243","10167909","2019-02-22","Engine Oil 15w40 for stock",,"0","2019-02-22 16:17:36","../specifications/ENGINE OIL 300l.pdf","ze44253","MSG",,,
"302","RQ19022246","10167926","2019-02-22","Design & Printing of Brochures and Flyers",,"0","2019-02-22 17:04:57","../specifications/REQUEST FOR QUOTATIONS brochures specs 1.docx","ze280542","COM700",,,
"303","RQ19022580","10167955","2019-02-25","PAINTING SERVICES AT JOTALI NEW OFFICES MEASURING APPROX. 97m2",,"0","2019-02-25 09:47:02","../specifications/PAINTING SERVICES JOTALI NEW OFFICES MEASURING APPROX.docx","ze318957","HR500",,,
"304","RQ19022581","10167950","2019-02-25","PAINTING MATERIALS FOR JOTALI NEW OFFICES",,"0","2019-02-25 09:53:28","../specifications/PANTING MATERIAL- JOTALI NEW OFFICES.xlsx","ze318957","HR500",,,
"305","RQ19022532","10159663","2019-02-25","Carryout service on Mercedes Benz  Artego  AAJ4044
Chassis no WDB9700776K56125
Engine no 90491100195395",,"0","2019-02-25 10:56:37","../specifications/FLEET NUMBER 1062.docx","ze48941","MTG",,,
"306","RQ19022554","10168002","2019-02-25","Purchase Of Cell Phone For Garage Foreman Masvingo",,"0","2019-02-25 11:49:08","../specifications/phone spec.pdf","ze44253","MSG",,,
"307","RQ19022518","10168007","2019-02-25","Request To Attend To Faulty Suspension F/No 2157",,"0","2019-02-25 12:22:34","../specifications/quote 2157 sus.pdf","ze44253","MSG",,,
"308","RQ19022583","10168011","2019-02-25","Purchase Bioguard belts",,"0","2019-02-25 14:52:12","../specifications/BioGuard Specifications.docx","ze336912","END",,,
"309","RQ19022526","10168012","2019-02-25","Purchase pole saver rods",,"0","2019-02-25 14:56:44","../specifications/PoleSaver Rods Specifications.docx","ze336912","END",,,
"310","RQ19022596","10168078","2019-02-25","Purchase 100mm SCA Insulated Conductor",,"0","2019-02-25 15:17:05","../specifications/INSULATED SCA OVERHEAD LINE CONDOCTOR.docx","ze336912","END",,,
"311","RQ19022538","10168018","2019-02-25","PURCHASE OF ANGLE GRINDERS FOR MAINTENANCE DEPARTMENT",,"0","2019-02-25 15:50:53","../specifications/Angle Grinder Specifications.pdf","ze289310","ERM",,,
"312","RQ1902254","10168024","2019-02-25","PURCHASE OF 3 SETS OF TORQUE WRENCH 60-340NM",,"0","2019-02-25 15:53:03","../specifications/Torque Wrench Specification.pdf","ze289310","ERM",,,
"313","RQ1902256","10168026","2019-02-25","PURCHASE OF HAND BLOWERS",,"0","2019-02-25 15:54:40","../specifications/Hand Blower.pdf","ze289310","ERM",,,
"314","RQ19022512","10168031","2019-02-25","PURCHASE OF 2 SETS OF CHASIS PUNCH FROM GLAND 0-6",,"0","2019-02-25 15:56:37","../specifications/1551102997Chassis Punch set Specifications.pdf","ze289310","ERM",,,
"315","RQ1902253","10168033","2019-02-25","PURCHASE OF HIGH PRESSURE WASHERS",,"0","2019-02-25 15:58:59","../specifications/1551103139Water pressure washer cleaner specification..pdf","ze289310","ERM",,,
"316","RQ19022521","10168037","2019-02-25","PURCHASE OF WELDING MACHINE FOR MAINTENANCE DEPOT",,"0","2019-02-25 15:59:59","../specifications/Welding Machine.pdf","ze289310","ERM",,,
"317","RQ19022574","10168037","2019-02-25","PURCHASE OF WELDING MACHINE FOR MAINTENANCE DEPOT",,"0","2019-02-25 16:00:00","../specifications/1551103200Welding Machine.pdf","ze289310","ERM",,,
"318","RQ19022531","10168067","2019-02-25","INTRUSION DETECTION SYSTEM FOR VUMBA S/S",,"0","2019-02-25 16:02:47","../specifications/RFQ- IDS 23.11.doc","ze289310","ERM",,,
"319","RQ19022586","10168075","2019-02-25","INTRUSION DETECTION SYSTEM FOR RUSAPE LOCAL S/S",,"0","2019-02-25 16:05:40","../specifications/1551103540RFQ- IDS 23.11.doc","ze289310","ERM",,,
"320","RQ19022587","10168077","2019-02-25","INTRUSION DETECTION SYSTEM FOR NYANGA S/S",,"0","2019-02-25 16:06:44","../specifications/1551103604RFQ- IDS 23.11.doc","ze289310","ERM",,,
"321","RQ19022649","10168050","2019-02-25","TRANSPORTATION OF A POWER TRANSFORMER FROM LENNOX MINE TO HARARE SOUTH WALES",,"0","2019-02-26 11:14:19","../specifications/Lenox txf.docx","ze289310","ERM",,,
"322","RQ19022647","10168018","2019-02-25","PURCHASE OF ANGLE GRINDER FOR MAINTENANCE DEPOT
ACE NUMBER  ACE19021381",,"0","2019-02-26 12:10:50","../specifications/1551175850Angle Grinder Specifications.pdf","ze289310","ERM",,,
"323","RQ19022648","10168024","2019-02-25","PURCHASE OF 3 SETS OF TORQUE WRENCH OF 60 - 340NM
ACE NUMBER  ACE1902077",,"0","2019-02-26 12:13:53","../specifications/1551176033Torque Wrench Specification.pdf","ze289310","ERM",,,
"324","RQ1902261","10168026","2019-02-25","PURCHASE OF HAND BLOWERS FOR MAINTENANCE SECTION
ACE NUMBER  ACE19021332",,"0","2019-02-26 12:15:49","../specifications/1551176149Hand Blower.pdf","ze289310","ERM",,,
"325","RQ19022679","10168031","2019-02-25","PURCHASE OF CHASIS PUNCH 2 SETS OF GLAND 0-6
ACE NUMBER  ACE1902075",,"0","2019-02-26 12:18:53","../specifications/1551176333Chassis Punch set Specifications.pdf","ze289310","ERM",,,
"326","RQ19022690","10168033","2019-02-25","PURCHASE OF HIGH PRESSURE WASHER FOR MAINTENANCE SECTION
ACE NUMBER  ACE19021377",,"0","2019-02-26 12:20:35","../specifications/1551176435Water pressure washer cleaner specification..pdf","ze289310","ERM",,,
"327","RQ19022627","10168037","2019-02-25","PURCHASE OF WELDING MACHINE FOR MAINTENANCE SECTION
ACE NUMBER  ACE19021378",,"0","2019-02-26 12:22:14","../specifications/1551176534Welding Machine.pdf","ze289310","ERM",,,
"328","RQ19022642","10168067","2019-02-25","INTRUSION DETECTION SYSTEM FOR VUMBA S/S",,"0","2019-02-26 12:25:33","../specifications/Technical Specification for Sub Station Surveillance System..pdf","ze289310","ERM",,,
"329","RQ19022654","10168075","2019-02-25","INTRUSION DETECTION FOR RUSAPE LOCAL S/S",,"0","2019-02-26 12:30:41","../specifications/1551177041Technical Specification for Sub Station Surveillance System..pdf","ze289310","ERM",,,
"330","RQ19022640","10168077","2019-02-25","INTRUSION DETECTION SYSTEM FOR NYANGA S/S",,"0","2019-02-26 12:33:37","../specifications/1551177217Technical Specification for Sub Station Surveillance System..pdf","ze289310","ERM",,,
"331","RQ19022636","10168050","2019-02-25","TRANSPORTATION OF POWER TRANSFORMER FROM LENNOX MINE TO HARARE SOUTH WALES",,"0","2019-02-26 12:45:27","../specifications/Lenox txf.pdf","ze289310","ERM",,,
"332","RQ19022612","10167936","2019-02-25","LIGHTING MATERIALS FOR JOTALI NEW OFFICES",,"0","2019-02-26 14:24:31","../specifications/JOTALI LIGHTING MATERIALS.xlsx","ze318957","HR500",,,
"333","RQ19022681","10168224","2019-02-26","Purchase Of New 245/70R16 tyres F/no 2075",,"0","2019-02-26 16:34:48","../specifications/1551191688Tyre  spec 215.pdf","ze44253","MSG",,,
"334","RQ1902271","10168224","2019-02-27","Purchase Of 245/70R16 New Tyres For F/No 2075",,"0","2019-02-27 08:33:47","../specifications/Tyres 2075.pdf","ze44253","MSG",,,
"335","RQ1902275","10168225","2019-02-27","Purchase of 195x14 New tyres F/no 2010",,"0","2019-02-27 08:48:34","../specifications/Tyre Spec 14.pdf","ze44253","MSG",,,
"336","RQ19022783","10165706","2019-02-27","3/4  stay rods   for mutare district",,"0","2019-02-27 11:54:10","../specifications/iecompatviewlist[1].xml","ze276839","ENV",,,
"337","RQ19022811","10168419","2019-02-28","ACE to cover the purchase of four (4) laptops for Mutare and Masvingo for use in the Call Centre system",,"0","2019-02-28 09:12:08","../specifications/Call Centre laptops Specifications.pdf","ze9034669","IT100","ACE19021264","specifications/HP 450 G5 Specifications.pdf",
"338","RQ19022870","10162201","2018-12-13","Repair and paint demaged canopy for np300 f/n er2131",,"0","2019-03-04 09:01:46","../specifications/","ze48941","MTG",,,
"339","RQ19022876","10162200","2018-12-13","repair and paint demaged canopy np300  f/n er2148",,"0","2019-03-04 08:52:23","../specifications/er2148 canopy.jpg","ze48941","MTG",,,
"340","RQ19022863","10162199","2018-12-13","repair and paint damaged canopy np300 f/n er2143",,"0","2019-03-04 08:46:10","../specifications/er2143 canopy.jpg","ze48941","MTG",,,
"341","RQ19022868","10162201","2019-02-13","repair and paint damaged canopy for np300 f/n er2131",,"0","2019-02-28 09:41:15","../specifications/er2131 canopy.jpg","ze48941","MTG",,,
"342","RQ1902289","10165685","2019-02-27","Shackle Insulators ",,"0","2019-02-28 09:41:48","../specifications/shackle insulators.PNG","ze261297","MTD",,,
"343","RQ19022895","10165686","2019-02-27","D irons",,"0","2019-02-28 09:43:00","../specifications/D irons.PNG","ze261297","MTD",,,
"344","RQ19022814","10165687","2019-02-27","Airdac",,"0","2019-02-28 09:58:00","../specifications/Airdac.PNG","ze261297","MTD",,,
"345","RQ19022845","10166658","2019-02-08","TRANSPORTATION OF TRANSFORMER FROM MASHAVA TO HARARE SOUTH WALES ( DISTANCE ABOUT 300KM)",,"0","2019-02-28 17:16:12","../specifications/King Mine Transformer spec.pdf","ze289310","ERM",,,
"346","RQ19022877","10165688","2019-02-27","16mm 2 core cable",,"0","2019-02-28 10:08:53","../specifications/16mm 2 core cable.PNG","ze261297","MTD",,,
"347","RQ19022896","10168050","2019-02-25","TRANSPORTATION OF POWER TRANSFORMER FROM LENNOX MINE TO HARARE SOUTH WALES (ABOUT 300KM)",,"0","2019-02-28 10:09:16","../specifications/1551341356Lenox txf.pdf","ze289310","ERM",,,
"348","RQ19022853","10165689","2019-02-27","16mm 4 core cable",,"0","2019-02-28 10:10:33","../specifications/16mm 4 core.PNG","ze261297","MTD",,,
"349","RQ19022899","10165690","2019-02-27","Copper/aluminium PG",,"0","2019-02-28 10:11:44","../specifications/Copper all pg.PNG","ze261297","MTD",,,
"350","RQ19022840","10168216","2019-02-26","ARCH LEVER FILES FOR FINANCE SECTION",,"0","2019-02-28 10:14:25","../specifications/Scan0171.pdf","ze265261","FM300",,,
"351","RQ19022817","10168206","2019-02-26","BONDPAPER FINANCE SECTION",,"0","2019-02-28 10:15:52","../specifications/Scan0175.pdf","ze265261","FM300",,,
"352","RQ19022855","10168449","2019-02-28","PURCHASE OF STATIONARY FINANCE DEPARTMENT",,"0","2019-02-28 10:37:31","../specifications/","ze265261","FM300",,,
"353","RQ19022833","10165691","2019-02-27","Aluminium PG",,"0","2019-02-28 10:53:27","../specifications/1551344007al pg.PNG","ze261297","MTD",,,
"354","RQ19022820","10165697","2019-02-27","50A T/P",,"0","2019-02-28 10:54:19","../specifications/50a tp.PNG","ze261297","MTD",,,
"355","RQ19022847","10168455","2019-02-28","Purchase of  200m rope polysteel for chimanimani depot",,"0","2019-02-28 10:54:49","../specifications/","ze341827","CHM",,,
"356","RQ1902288","10165698","2019-02-27","60 T/P",,"0","2019-02-28 11:08:49","../specifications/60 tp.PNG","ze261297","MTD",,,
"357","RQ1902285","10165699","2019-02-27","100T/P",,"0","2019-02-28 11:14:05","../specifications/1551345245100 tp.PNG","ze261297","MTD",,,
"358","RQ19022828","10165700","2019-02-27","Piercing connectors",,"0","2019-02-28 11:19:43","../specifications/piercing connectors.PNG","ze261297","MTD",,,
"359","RQ19022887","10165701","2019-02-27","225Amps T/P",,"0","2019-02-28 11:20:31","../specifications/225 amps.PNG","ze261297","MTD",,,
"360","RQ19022885","10165702","2019-02-27","Glands size 4",,"0","2019-02-28 11:21:19","../specifications/glands size 4.PNG","ze261297","MTD",,,
"361","RQ19022813","10165703","2019-02-27","Shrouds size 4",,"0","2019-02-28 11:22:21","../specifications/shrouds 4.PNG","ze261297","MTD",,,
"362","RQ19022878","10165705","2019-02-27","Shrouds size 2",,"0","2019-02-28 11:23:10","../specifications/shrouds 2.PNG","ze261297","MTD",,,
"363","RQ19022850","10165714","2019-02-27","Spindiles 5/8",,"0","2019-02-28 11:23:54","../specifications/Spindles.PNG","ze261297","MTD",,,
"364","RQ19022857","10165715","2019-02-27","Gunclamps 100mm",,"0","2019-02-28 11:28:01","../specifications/1551346081gun clamps.PNG","ze261297","MTD",,,
"365","RQ19022843","10165716","2019-02-27","Stay insulators",,"0","2019-02-28 11:28:58","../specifications/stay insulators.PNG","ze261297","MTD",,,
"366","RQ19022832","10165717","2019-02-27","4 door cubicle",,"0","2019-02-28 11:29:42","../specifications/4 door cubicle.PNG","ze261297","MTD",,,
"367","RQ1902282","10165719","2019-02-27","2 door cubicle",,"0","2019-02-28 11:30:28","../specifications/2 door cubicle.PNG","ze261297","MTD",,,
"368","RQ19022854","10167171","2019-02-27","Pole washers",,"0","2019-02-28 11:43:37","../specifications/1551347016pole washers.PNG","ze261297","MTD",,,
"369","RQ1902287","10165723","2019-02-27","X arm 11kV",,"0","2019-02-28 11:44:19","../specifications/x arm.PNG","ze261297","MTD",,,
"370","RQ19022835","10165724","2019-02-27","X Arm 33kV",,"0","2019-02-28 11:45:05","../specifications/x arm 33.PNG","ze261297","MTD",,,
"371","RQ19022886","10167161","2019-02-27","Conductor HDA 100mm",,"0","2019-02-28 11:46:10","../specifications/conductor hda 100mm.PNG","ze261297","MTD",,,
"372","RQ19022837","10167164","2019-02-27","Conductor HDA 50mm",,"0","2019-02-28 11:46:59","../specifications/conductor hda 50mm.PNG","ze261297","MTD",,,
"373","RQ19022883","10167162","2019-02-27","Conductor SCA 50mm",,"0","2019-02-28 11:47:56","../specifications/conductor hda sca.PNG","ze261297","MTD",,,
"374","RQ19022839","10167168","2019-02-27","Insulator disc",,"0","2019-02-28 12:26:04","../specifications/1551349564insulator disc.PNG","ze261297","MTD",,,
"375","RQ19022875","10167170","2019-02-27","Poly 11kV disc",,"0","2019-02-28 12:26:44","../specifications/poly 11kV disc.PNG","ze261297","MTD",,,
"376","RQ19022871","10167169","2019-02-27","Poly 33kV disc",,"0","2019-02-28 12:27:22","../specifications/poly 33kV disc.PNG","ze261297","MTD",,,
"377","RQ19022891","10167166","2019-02-27","25kVA 11/0.4kV transformer",,"0","2019-02-28 12:28:19","../specifications/25kVA 11-0.4 txf.PNG","ze261297","MTD",,,
"378","RQ19022831","10167167","2019-02-27","50kVA 11/0.4kV transformer",,"0","2019-02-28 12:30:28","../specifications/155134982850kVA 11-0.4txf.PNG","ze261297","MTD",,,
"379","RQ19022880","10168503","2019-02-28","TRANSPORTATION OF 3MVA TRANSFORMER 33/11KV TRANSFORMER FROM GUTU TO ZENT. (DISTANCE ONE WAY 240KM)",,"0","2019-02-28 16:41:47","../specifications/Gutu Transfomer.pdf","ze289310","ERM",,,
"380","RQ1903014","10168470","2019-03-01","BLEND PETROL FOR DEPOT OPERATIONS",,"0","2019-03-01 10:17:21","../specifications/ace motors.jpg","ze49484","MSV",,,
"381","RQ19030186","10168470","2019-03-01","BLEND PETROL FOR DEPOT OPERATIONS",,"0","2019-03-01 10:17:22","../specifications/1551428242ace motors.jpg","ze49484","MSV",,,
"382","RQ19030115","10168470","2019-03-01","BLEND PETROL FOR DEPOT OPERATIONS",,"0","2019-03-01 10:17:24","../specifications/1551428244ace motors.jpg","ze49484","MSV",,,
"383","RQ19030141","10168539","2019-03-01","VEHICLE HIRE FOR DEPOT OPERATIONS REG NO AAL1760",,"0","2019-03-01 11:51:56","../specifications/","ze49484","MSV",,,
"384","RQ19030499","10168647","2019-03-04","SUPPLY AND FIX CONCRETE PAVERS ALONG CABS FEEDER ZB SECTION",,"0","2019-03-04 12:41:29","../specifications/Pavers CABS feeder ZB SECTION.doc","ze336912","END",,,
"385","RQ19030456","10168647","2019-03-04","SUPPLY AND FIX CONCRETE PAVERS ALONG CABS FEEDER ZB SECTION	",,"0","2019-03-04 14:02:27","../specifications/1551700946Pavers CABS feeder ZB SECTION.doc","ze336912","END",,,
"386","RQ19030439","10168657","2019-03-04","PURCHASE OF SAMSUNG J7 FOR ENGINEER CHIKOMO",,"0","2019-03-04 15:43:34","../specifications/1551707014J7.pdf","ze289310","ERM",,,
"387","RQ19030584","10168346","2019-02-19","Florescent tubes,Starters and Balasts for ground and first floor offices",,"0","2019-03-05 11:48:45","../specifications/florisents, starters.pdf","ze270210","MTD",,,
"388","RQ19030517","10168758","2019-03-05","SUPPLY AND DELIVER CLAMP 8BOLT UNIVERSAL LARGE 				
",,"0","2019-03-05 14:57:09","../specifications/8 Bolt Clamp.docx","ze336912","END",,,
"389","RQ19030668","10168851","2019-03-06","This ACE is raised to cover the cost of the purchase of a Laptop for the HR and Admin Manager",,"0","2019-03-06 12:59:01","../specifications/HRAM Laptop Specs 2019-02-27.docx","ze297232","IT100","ACE19022794","specifications/1551254833HRAM Laptop justification 2019-02-27.docx",
"390","RQ19030657","10168891","2019-03-06","Purchase of 1 by 4 Plate stove Superior Princess for Middle Sabi Guest House",,"0","2019-03-06 17:07:38","../specifications/Superior Princess  white 4 plate stove.docx","ze269859","MND","ACE19021513","specifications/",
"391","RQ1903064","10168898","2019-03-06","1 Double Bed -Ortho King for Middle Sabi Guest House",,"0","2019-03-06 17:10:55","../specifications/Double Bed.docx","ze269859","MND","ACE19021518","specifications/",
"392","RQ19030698","10168911","2019-03-06","soap for masvingo & manicaland district",,"0","2019-03-06 18:09:06","../specifications/","ze276839","ENV",,,
"393","RQ19030730","10167807","2019-02-20","To purchase 55A Toner Cartridge for Manicaland Accounting Officer",,"0","2019-03-07 08:47:36","../specifications/","ze9034669","IT100",,,
"394","RQ19030747","1016883","2019-03-06"," To purchase fence  for Middle Sabi staff Houses",,"0","2019-03-13 12:44:43","../specifications/Supply and Fix of Middle Sab Fence.docx","ze269859","MND","ACE19021135","specifications/Specifications -Fencing for Middle Sabi Staff Houses.xlsx",
"395","RQ19030768","1016883","2019-03-06"," To purchase fence  for Middle Sabi staff Houses",,"0","2019-03-07 10:41:16","../specifications/1551948076Supply and Fix of Middle Sab Fence.docx",,,"ACE19021135",,
"396","RQ19030757","10168986","2019-03-07","Plumbing Materials for Middle Sabi Junior Staff Houses",,"0","2019-03-07 14:34:11","../specifications/","ze269859","MND",,,
"397","RQ19030791","10167083","2019-02-01","Being purchase of plumbing materials for Rusape depot toilets and sewer system",,"0","2019-03-07 16:24:14","../specifications/plumbing materials.pdf","ze56120","RSP",,,
"398","RQ19030726","10167544","2019-01-02","Being purchase of submissible pump 4SDM3/10 .55kw 0 .75hp 220v TERRI for Rusape Depot Borehole",,"0","2019-03-07 16:26:30","../specifications/submisible pump.xlsx","ze56120","RSP",,,
"399","RQ19030880","10169083","2019-03-08","Car Hiring for Operations 1 tonne truck preferably 4 x 4 for Chimanimani",,"0","2019-03-08 08:57:45","../specifications/","ze341827","CHM",,,
"400","RQ19030889","10168531","2019-02-28","HIRE OF 7 TONE TRUCKS X 2 - TRANSPORTING DRUMS OF OILTO HRE AND QUARY STONES TO  NYAKOMBA A and B ASAP ",,"0","2019-03-08 09:38:52","../specifications/","ze301698","GARAGE",,,
"401","RQ19030847","10168844","2019-03-04","Rotten pole replacement at Marange business Centre",,"0","2019-03-08 14:55:57","../specifications/","ze57673","ENV",,,
"402","RQ19030893","10168844","2019-03-04","Rotten pole replacement at Bambazonke, Marange",,"0","2019-03-08 14:57:48","../specifications/","ze57673","ENV",,,
"403","RQ19031347","10169486","2018-03-13","Hospital Bill for Nathan Chihlahla who was burned wile trying to get a nest from an HV line on the 11th February 2019 ",,"0","2019-03-13 11:13:03","../specifications/Scan_Doc0029.pdf","ze343927","MSD",,,
"407","RQ19031315","10123456","2019-03-13","Staff training ",,"0","2019-03-13 15:02:45","../specifications/Workers Committee Training.docx","ze257362","MND",,,
"409","RQ1903136","10169597","2019-03-13","Single Phase Welding Machine for Loss Control",,"0","2019-03-13 17:01:13","../specifications/Welding Machine-Loss Control (Masvingo District).docx","ze305510","MSD",,,
"410","RQ19031361","10169598","2019-03-13","Water Dispenser for Gutu CSC",,"0","2019-03-13 17:02:59","../specifications/Water Dispenser-Capri TF 340 Water Dispenser-Gutu CSC.docx","ze305510","MSD",,,
"411","RQ19031341","10169597","2019-03-13","Single Phase Welding Machine for Loss Control",,"0","2019-03-13 17:06:14","../specifications/1552489573Welding Machine-Loss Control (Masvingo District).docx","ze305510","MSD","ACE19021970","specifications/1550561591Welding Machine-Loss Control (Masvingo District).docx",
"412","RQ19031343","10169598","2019-03-13","Water Dispenser for GUtu CSC",,"0","2019-03-13 17:08:01","../specifications/1552489681Water Dispenser-Capri TF 340 Water Dispenser-Gutu CSC.docx","ze305510","MSD","ACE19022262","specifications/1550819545Water Dispenser-Capri TF 340 Water Dispenser-Gutu CSC.docx",
"413","RQ19031371","10169599","2019-03-13","Stove for Gutu CSC",,"0","2019-03-13 17:09:30","../specifications/Stove-4 Plate-Gutu CSC.docx","ze305510","MSD","ACE19022292","specifications/1550821904Stove-4 Plate-Gutu CSC.docx",
"414","RQ19031391","10169600","2019-03-13","Borehole Drilling for Gutu CSC",,"0","2019-03-13 17:12:01","../specifications/1552489921Borehole Drilling-Gutu CSC (February 2019).docx","ze305510","MSD","ACE19022233","specifications/1550836705Borehole Drilling-Gutu CSC (February 2019).docx",
"415","RQ19031323","10169600","2019-03-13","Borehole Drilling for Gutu CSC",,"0","2019-03-13 17:12:03","../specifications/1552489923Borehole Drilling-Gutu CSC (February 2019).docx","ze305510","MSD","ACE19022233",,
"416","RQ19031324","10169601","2019-03-13","Deep Freezer for Gutu CSC",,"0","2019-03-13 17:14:29","../specifications/Deep Freezer-Capri 270l -Gutu CSC.docx","ze305510","MSD","ACE19022236","specifications/1550840719Deep Freezer-Capri 270l -Gutu CSC.docx",
"417","RQ19031342","10169602","2019-03-13","Perimeter Fencing for Gutu Staff Houses",,"0","2019-03-13 17:16:35","../specifications/Perimeter Fencing for Gutu Houses.docx","ze305510","MSD","ACE19022723","specifications/1551265129Perimeter Fencing for Gutu Houses.docx",
"418","RQ1903131","10169603","2019-03-13","Generator for Gutu CSC",,"0","2019-03-13 17:19:37","../specifications/1552490377Generator Specifications-Gutu CSC.docx","ze305510","MSD","ACE19022799","specifications/1551274672Generator Specifications-Gutu CSC.docx",
"419","RQ19031413","10169525","2019-03-13","Purcahse of 300x32x2 Grinding stone for Mtre Environs Grinder",,"0","2019-03-14 12:32:18","../specifications/","ze57673","ENV",,,
"420","RQ19031438","10169525","2019-03-13","300 x 32 x 2 Grinding stone for Mutare Environs",,"0","2019-03-14 12:34:41","../specifications/KPG grinding stone $490.jpg","ze57673","ENV",,,
"421","RQ19031481","10169523","2019-03-13","Electric bendsaw for Mutare Environs",,"0","2019-03-14 12:37:27","../specifications/KPG grinding stone $3500.jpg","ze57673","ENV",,,
"422","RQ19031473","10169674","2019-03-14","printer for office 211 (HR Mutare District)",,"0","2019-03-14 14:08:04","../specifications/Specifications printer.pdf","ze270210","MTD","ACE19031110","specifications/1552308248heavy duty printer.pdf",
"423","RQ19031425","10169677","2019-03-14","Air Conditioner for District Manager's Office (Mutare) 18000 btu",,"0","2019-03-14 14:19:45","../specifications/Specifications air con.pdf","ze270210","MTD","ACE19030586","specifications/1551778153Air conditioner for Mutare District Manager.docx",
"424","RQ19031484","10169678","2019-03-14","double door fridge for ground floor staff",,"0","2019-03-14 14:33:12","../specifications/Specifications fridge.docx","ze270210","MTD","ACE19030563","specifications/1551778713Double door fridge for ground floor staff.docx",
"425","RQ19031470","10169712","2019-03-14","CONSTRUCTION OF SUBSTATION TOILETS AT CHIPINGE SUBSTATION",,"0","2019-03-14 16:14:29","../specifications/","ze47724","CHP",,,
"426","RQ19031545","10169830","2019-03-14","TO PURCHASE HP920XL INK CARTRIDGES (FULL SET) FOR MUTARE PERSONAL OFFICER ",,"0","2019-03-15 16:41:15","../specifications/","ze9034671","IT100",,,
"428","RQ19031877","10169395","2019-03-14","Purchase 2 x 0.75hp pump for Guest Houses Water Features ",,"0","2019-03-18 11:32:42","../specifications/Water Pump Spec..docx","ze260932","GM400",,,
"429","RQ19031828","10169948","2019-03-18","Purchase of 14 First aid kits for Mutare Environs",,"0","2019-03-19 15:38:20","../specifications/FIRST AID KIT CONTENTS.docx","ze8486","MTD",,,
"430","RQ19031856","10170065","2019-03-18","Labour for Clearing Driveway from Robert Mugabe to S7 Substation at House No. 7 Gordon Avenue Murambi",,"0","2019-03-18 16:37:28","../specifications/7 Gordon Driveway.jpg","ze232696","URB",,,
"431","RQ19031844","10170068","2019-03-18","Labour for Painting Mutare Urban Depot Fence and poles",,"0","2019-03-18 16:40:01","../specifications/","ze232696","URB",,,
"432","RQ19031981","10164603","2019-01-14","Supply and fix two Directional / Billboards for Urban and Environs",,"0","2019-03-19 15:38:32","../specifications/bill board-Layout1.msg","ze8486","MTD",,,
"433","RQ19031948","10164610","2019-01-14","Fix and supply the Construction of vehicle sheds for Urban",,"0","2019-03-19 15:38:27","../specifications/urban car park-Layout2.msg","ze8486","MTD",,,
"434","RQ19031914","10164607","2019-01-07","Supply and fix 160m PVC water pipe for Mutare Environs Compound houses. Site visit to be on 26/03/2019.",,"0","2019-03-19 15:37:55","../specifications/","ze8486","MTD",,,
"435","RQ19031953","10170183","2019-03-19","Purchase 20mm (3/4) nylon rope",,"0","2019-03-19 12:27:43","../specifications/","ze336912","END",,,
"436","RQ19031919","10170186","2019-03-19","Purchase 20mm Manual wood Augers",,"0","2019-03-19 12:29:01","../specifications/","ze336912","END",,,
"437","RQ19031987","10170187","2019-03-19","Supply and Deliver Pick head and handles",,"0","2019-03-19 12:30:31","../specifications/","ze336912","END",,,
"438","RQ19031985","10170190","2019-03-19","Supply and deliver shovels",,"0","2019-03-19 12:31:48","../specifications/","ze336912","END",,,
"439","RQ19031958","10170192","2019-03-19","Supply and deliver Wheelbarrows",,"0","2019-03-19 12:32:46","../specifications/","ze336912","END",,,
"440","RQ19031960","10169971","2019-03-18","Supply and Deliver 33kV wood x-arms 1850mm at Mutare Stores",,"0","2019-03-19 14:47:57","../specifications/1552993852hardawre accessories.doc","ze336912","END",,,
"441","RQ19031963","10169972","2019-03-18","Supply and deliver 11kV wood poles 1650mm",,"0","2019-03-19 14:49:30","../specifications/1552994096hardawre accessories.doc","ze336912","END",,,
"442","RQ19031992","10169975","2019-03-18","Supply and deliver 11kV steel bracing straps",,"0","2019-03-19 14:52:56","../specifications/1552994341hardawre accessories.doc","ze336912","END",,,
"443","RQ19031968","10169973","2019-03-18","Supply and deliver Fibre bracing straps",,"0","2019-03-19 14:53:00","../specifications/1552994464hardawre accessories.doc","ze336912","END",,,
"444","RQ19031984","10170037","2019-03-18","Supply and deliver galvanised pole caps",,"0","2019-03-19 14:53:05","../specifications/1552994639hardawre accessories.doc","ze336912","END",,,
"445","RQ19031912","10169979","2019-03-18","Supply and deliver woodpole washers 20mm",,"0","2019-03-19 14:53:09","../specifications/1552994729hardawre accessories.doc","ze336912","END",,,
"446","RQ1903193","10169979","2019-03-18","Supply and deliver woodpole washers 20mm",,"0","2019-03-19 14:53:13","../specifications/1552994730hardawre accessories.doc","ze336912","END",,,
"447","RQ19031916","10169980","2019-03-18","Supply and deliver 33kV Pole top Brackets",,"0","2019-03-19 14:53:18","../specifications/1552994816hardawre accessories.doc","ze336912","END",,,
"448","RQ19031917","10169986","2019-03-18","Supply and deliver polymeric 11kV Disk Insulators for strain points",,"0","2019-03-19 14:53:21","../specifications/Polymeric Insulators and Accessories.doc","ze336912","END",,,
"449","RQ1903198","10169982","2019-03-18","Supply and Deliver 33kV polymeric Disk Insulators",,"0","2019-03-19 14:53:25","../specifications/1552995388Polymeric Insulators and Accessories.doc","ze336912","END",,,
"450","RQ19031995","10169988","2019-03-18","Supply and deliver steel galvanised twisted shackle straps",,"0","2019-03-19 14:53:29","../specifications/1552995577hardawre accessories.doc","ze336912","END",,,
"451","RQ19031967","10169989","2019-03-18","Supply and deliver clevis adaptor 90degrees",,"0","2019-03-19 14:51:44","../specifications/1552997040hardawre accessories.doc","ze336912","END",,,
"452","RQ19031959","10169992","2019-03-18","Supply and deliver suspension clamps wide angle",,"0","2019-03-19 14:51:20","../specifications/1552997176hardawre accessories.doc","ze336912","END",,,
"453","RQ19031978","10169993","2019-03-18","Supply and deliver 50-100mm 3bolt cast iron gun clamps",,"0","2019-03-19 14:51:06","../specifications/1552997679hardawre accessories.doc","ze336912","END",,,
"454","RQ19031952","10169996","2019-03-18","Supply and deliver porcelain disk insulators for 33kV",,"0","2019-03-19 14:50:54","../specifications/155299788333kv disc insulators.doc","ze336912","END",,,
"455","RQ1903195","10169997","2019-03-18","Supply and deliver 11kV pin Insulators",,"0","2019-03-19 14:50:38","../specifications/1552998249hardawre accessories.doc","ze336912","END",,,
"456","RQ19031933","10170246","2019-03-19","purchase of two new batteries size 650 for Rusape UD f/n er2090",,"0","2019-03-19 14:55:56","../specifications/1553000156BATTERY ER2090.docx","ze48941","MTG",,,
"457","RQ19031980","10169987","2019-03-18","Supply and deliver 33kV polymeric disc insulators",,"0","2019-03-19 15:04:19","../specifications/1553000659Polymeric Insulators and Accessories.doc","ze336912","END",,,
"458","RQ19031938","10169966","2019-03-18","Supply and deliver 9m woodpoles to SAZ 120 standard",,"0","2019-03-19 15:07:42","../specifications/Wood Poles 22001.docx","ze336912","END",,,
"459","RQ19031920","10169967","2019-03-18","Supply and deliver 11m woodpoles to SAZ120 standard",,"0","2019-03-19 15:11:56","../specifications/1553001116Wood Poles 22001.docx","ze336912","END",,,
"460","RQ1903192","10169969","2019-03-18","Supply and deliver 12.6m woodpoles to SAZ 120 standard",,"0","2019-03-19 15:13:28","../specifications/1553001208Wood Poles 22001.docx","ze336912","END",,,
"461","RQ19031966","10169999","2019-03-18","Supply and Deliver 50-100mm PG Clamps Universal",,"0","2019-03-19 15:19:17","../specifications/1553001557hardawre accessories.doc","ze336912","END",,,
"462","RQ19031956","10170002","2019-03-18","Supply and deliver eye bolts M20 x 300mm",,"0","2019-03-19 15:22:18","../specifications/","ze336912","END",,,
"463","RQ19031994","10170003","2019-03-18","Supply and deliver bolt and nut M20 x 180mm",,"0","2019-03-19 15:24:14","../specifications/","ze336912","END",,,
"465","RQ19031975","10170270","2019-03-19","Swivel chair exceed for C Munhapu",,"0","2019-03-19 16:17:39","../specifications/C Munhapu swivel chair.docx","ze262722","MTD","ACE19030789","specifications/1551942586Swivel chair.xls",
"466","RQ19032069","10169899","2019-03-20","SUPPLY OF 2.5MM CABLE FLEX CORE",,"0","2019-03-20 12:11:51","../specifications/GM LIGHTING MATERIALS REQUIRED.docx","ze318957","HR500",,,
"467","RQ19032045","10170516","2019-03-20","TO PURCHASE SAMSUNG J7 FOR BUSINESS EXCELLENCE MANAGER ",,"0","2019-03-20 13:42:55","../specifications/Samsung J7 specs.pdf","ze9034671","IT100",,,
"468","RQ19032158","10170707","2019-03-21","Vehicle hire",,"0","2019-03-21 09:04:19","../specifications/","ze57673","ENV",,,
"469","RQ19032134","10170722","2019-03-21","TO PURCHASE HP CE260 BLACK TONER CARTRIDGE FOR GENERAL MANAGER'S SECRETARY ",,"0","2019-03-21 09:40:27","../specifications/","ze9034671","IT100",,,
"470","RQ19032138","10170741","2019-03-21","Cartridges for HR Secretary Office ( HP980 Cyan, HP980 Yellow and HP980 Magenta Cartridges)",,"0","2019-03-21 10:26:19","../specifications/E- Machines quotation for cartridges for HRAM SEC - $1788.00.pdf","ze223670","HR500",,,
"471","RQ19032125","10170727","2019-03-21","PROCUMENT OF 2HP 1.5KW 220V SINGLE PHASE SUBMERSIBLE PUMP",,"0","2019-03-21 10:40:02","../specifications/Scan_Doc1153.pdf","ze259373","MSB",,,
"472","RQ19032185","10170296","2019-03-19","Purchase of Data Cabinets for Manicaland District: Rusape, Nyanga, Chimanimani, Chipinge and Middle Sabi depots",,"0","2019-03-21 11:59:52","../specifications/Network cabinets Specifications 20019-03-13.docx","ze297232","IT100","ACE19031485","specifications/1552566872Data Cabinets Explanatory Notes 2019-03.docx",
"473","RQ19032121","10170299","2019-03-19","Purchase of Data Cabinets for Masvingo District: Chiredzi, Rutenga, Gutu, Mashava, Masvingo Garage and Masvingo District office",,"0","2019-03-21 12:00:42","../specifications/1553162442Network cabinets Specifications 20019-03-13.docx","ze297232","IT100","ACE19031496","specifications/1552568668Data Cabinets Explanatory Notes 2019-03.docx",
"474","RQ19032190","10170775","2019-03-21","Purchase of Data Cabinets for Mutare District: Urban, Environs and Jotali sites",,"0","2019-03-21 12:01:25","../specifications/1553162484Network cabinets Specifications 20019-03-13.docx","ze297232","IT100","ACE19031458","specifications/1552568843Data Cabinets Explanatory Notes 2019-03.docx",
"475","RQ19032239","10170895","2019-03-22","Vehicle Hire to transport 4 loads of Quarry stones to Nyanga and Nyakomba",,"0","2019-03-22 08:54:27","../specifications/","ze336912","END",,,
"476","RQ19032645","10171344","2019-03-26","MEGAWATT PARKING RENOVATION MATERIALS",,"0","2019-03-26 14:42:18","../specifications/megawatt car park.xlsx","ze318957","HR500",,,
"477","RQ19032672","10171440","2019-03-26","Purchase of Hydraulic Oil for Crane Truck er2198",,"0","2019-03-26 15:17:28","../specifications/HYDRAULIC OIL 100L.docx","ze48941","MTG",,,
"478","RQ19032747","10165765","2019-01-30","NEW TYRES 4X195R14 FOR ER2011 ( L200 TRUCK )",,"0","2019-03-28 14:44:02","../specifications/NEW TYRES ER2011.docx","ze48941","MTG",,,
"479","RQ1903273","10171604","2019-03-27","Purchasing of Sony Car Radio for Fleet No ER2203",,"0","2019-03-27 15:54:13","../specifications/Car Radio.jpg","ze232696","URB",,,
"480","RQ19032832","10171355","2019-03-28","MEGAWATT PARKING REFURBISHMENT MATERIALS",,"0","2019-03-28 10:30:17","../specifications/CAR PARK1.xlsx","ze318957","HR500",,,
"481","RQ19032854","10171435","2019-03-26","ROOFING MATERIALS FOR GM'S LEAKING DECK",,"0","2019-03-28 10:36:03","../specifications/GM ROOFING.xlsx","ze318957","HR500",,,
"482","RQ19032880","10171738","2019-03-28","Purchase of tyres for EM'S VEHICLE ADA 5168",,"0","2019-03-28 12:48:01","../specifications/","ze301698","GARAGE",,,
"483","RQ19032836","10171779","2019-03-28","Auctioneer for 2019",,"0","2019-03-28 16:19:28","../specifications/","ze301698","GARAGE",,,
"484","RQ19032893","10171693","2019-03-28","Purchase of 2 Ruckus Wireless Access Points for Megawatt wireless network upgrade",,"0","2019-03-28 16:32:18","../specifications/Ruckus AP Specifications.docx","ze297232","IT100","ACE19031558","specifications/1552644245Wireless Access Points Explanation 15-03-2019.docx",
"485","RQ19032963","10171796","2019-03-29","Purchase of Angle Irons for Repairs of the Veranda (Snr & Exec Guest Houses) which was blown away by the wind",,"0","2019-03-29 18:25:17","../specifications/","ze260932","GM400",,,
"486","RQ19040233","10171686","2019-03-28","Purchase of Laptop for System Support Officer ",,"0","2019-04-02 09:56:52","../specifications/Laptop Spec.docx","ze297232","IT100","ACE19031543","specifications/1552639853laptop_specs.pdf",
"487","RQ19040297","10171691","2019-03-28","Purchase of Router for Nyanga Depot (1)",,"0","2019-04-02 10:00:31","../specifications/isr4331-sec-k9-datasheet.pdf","ze297232","IT100","ACE19032539","specifications/1553504630isr4331-sec-k9-datasheet.pdf",
"488","RQ19040251","10171709","2019-03-28","Purchase of Router for Chimanimani Depot (1)",,"0","2019-04-02 10:01:43","../specifications/1554192103isr4331-sec-k9-datasheet.pdf","ze297232","IT100","ACE19032578","specifications/1553504780isr4331-sec-k9-datasheet.pdf",
"489","RQ19040273","10171689","2019-03-28","Purchase Router for Middle Sabi Depot (1)",,"0","2019-04-02 10:02:58","../specifications/1554192178isr4331-sec-k9-datasheet.pdf","ze297232","IT100","ACE1903255","specifications/1553504900isr4331-sec-k9-datasheet.pdf",
"490","RQ19040219","10171688","2019-03-28","Purchase of Router for Chiredzi Depot (1)",,"0","2019-04-02 10:04:47","../specifications/1554192287isr4331-sec-k9-datasheet.pdf","ze297232","IT100","ACE19032512","specifications/1553505006isr4331-sec-k9-datasheet.pdf",
"491","RQ19040238","10171687","2019-03-28","Purchase of Router for Jotali (1)",,"0","2019-04-02 10:07:38","../specifications/1554192457isr4331-sec-k9-datasheet.pdf","ze297232","IT100","ACE19032543","specifications/1553505120isr4331-sec-k9-datasheet.pdf",
"492","RQ19040260","10171683","2019-03-28","The purchase of 2 laptops for Sales Executive Manicaland and Senior Engineer Manicaland",,"0","2019-04-02 10:09:24","../specifications/1554192564Laptop Spec.docx","ze297232","IT100","ACE19032640","specifications/1553594022Laptop justification.docx",
"493","RQ19040232","10171677","2019-03-28","Purchase of two (2) laptops for the Commercial Manager and the Systems Administrator",,"0","2019-04-02 10:10:50","../specifications/1554192650Laptop Spec.docx","ze297232","IT100","ACE19032666","specifications/1553594588Laptop justification.docx",
"494","RQ19040254","10171675","2019-03-28","Purchase of two (2) laptops for Senior Engineer Mutare and Personnel Officer Manicaland",,"0","2019-04-02 10:12:37","../specifications/1554192757Laptop Spec.docx","ze297232","IT100","ACE1903266","specifications/1553602970Laptop justification.docx",
"495","RQ19040269","10172249","2019-04-02","Purchase of Cellphone for the Transport Controller",,"0","2019-04-02 16:21:30","../specifications/Phone Spec Mtnde.docx","ze301698","GARAGE",,,
"496","RQ19040580","10172584","2019-04-05","tyres for power star truck  1400r20 er 2198",,"0","2019-04-05 14:45:20","../specifications/","ze50113","ENV",,,
"497","RQ19040827","10168050","2019-02-25","TRANSPORTATION OF A 9 TONNE POWER TRANSFORMER FROM LENNOX MINE TO HARARE (DISTANCE 300KM)",,"0","2019-04-08 14:32:37","../specifications/1554726757Lenox txf.pdf","ze289310","ERM",,,
"498","RQ19040997","10172923","2019-04-09","Fumigation of snakes at Mutare Environs Yard",,"0","2019-04-09 11:01:16","../specifications/Fumigation of snakes.jpg","ze57673","ENV",,,
"499","RQ19041068","10173058","2019-04-10","2X HP970 BLACK, 1X HP971 CYAN, 1X HP971 YELLOW AND 1X HP971 MAGENTA FOR FINANCE SECRETARY'S  ALL-IN-ONE PRINTER",,"0","2019-04-10 09:06:26","../specifications/","ze265261","FM300",,,
"500","RQ19041086","10173172","2019-04-10","SUPPLY CLUTCH KIT FOR ISUZU KB 240 F/N ER2187
CHASSIS NUMBER ADMMRRGR304735927
ENGINE NUMBER NP004869",,"0","2019-04-10 14:39:51","../specifications/CLUTCH KIT ISUZU KB.docx","ze48941","MTG",,,
"501","RQ19041081","10173184","2019-04-10","Microwave for Manicaland District Office",,"0","2019-04-10 15:17:09","../specifications/Specifications Microwave.docx","ze269859","MND","ACE19030444","specifications/1551697824Explanatory Notes for Microwave.docx",
"502","RQ19041043","10173184","2019-04-10","Microwave for Manicaland District Office",,"0","2019-04-10 15:17:13","../specifications/1554902233Specifications Microwave.docx","ze269859","MND","ACE19030444",,
"503","RQ19041087","10173150","2019-04-10","Supply and Deliver 32.5 PPC Cement Ntyakomba A",,"0","2019-04-15 08:46:40","../specifications/","ze336912","END",,,
"504","RQ1904111","10173390","2019-04-11","Wage envelopes for packaging of payslips for the Region ",,"0","2019-04-11 14:38:51","../specifications/","ze223670","HR500",,,
"505","RQ19041110","10173390","2019-04-11","Wage Envelopes for packaging of payslips for the region ",,"0","2019-04-11 14:48:19","../specifications/Mutare Office Solutions - quotation $150.00 - wage envelopes for payslip packaging.pdf","ze223670","HR500",,,
"506","RQ19041273","10173605","2019-04-12","INTRUSION DETECTION SYSTEM FOR INDUSTRIAL S/S",,"0","2019-04-12 15:37:13","../specifications/INTRUSION DETECTION INDUSTRIAL.pdf","ze289310","ERM",,,
"507","RQ19041544","10173670","2019-04-15","TO PURCHASE HP CF212 YELLOW AND CF213 MAGENTA TONER CARTRIDGE FOR ENGINEERING MANAGERS SECRETARY  ",,"0","2019-04-15 09:32:21","../specifications/","ze9034671","IT100",,,
"508","RQ19041530","10164245","2019-01-09","Tar Reinstatement

",,"0","2019-04-15 12:43:29","../specifications/Tar Reinstatement Spec.docx","ze336912","END",,,
"509","RQ19041542","10169330","2019-03-12","Trench lay and back fill - Cabs feeder from Meikles to Megawatt",,"0","2019-04-15 12:47:22","../specifications/Mutare Cable Replacement Spec.docx","ze336912","END",,,
"510","RQ19041590","10173734","2019-04-15","Fix and supply - concrete cutting, back filling and compaction",,"0","2019-04-15 12:51:18","../specifications/Concrete cutting Spec.docx","ze336912","END",,,
"511","RQ19041675","10173824","2019-04-16","PURCHASE OF BATTERY FOR CHREDZI EAST ",,"0","2019-04-16 15:02:52","../specifications/BATTERY SPECIFICATIONS.pdf","ze289310","ERM",,,
"512","RQ19041623","10173826","2019-04-16","PURCHASE OF BATTERY FOR WARNHAM S/S",,"0","2019-04-16 15:04:45","../specifications/1555419884BATTERY SPECIFICATIONS.pdf","ze289310","ERM",,,
"513","RQ19041657","10173836","2019-04-16","BATTERY FOR ODZI S/S",,"0","2019-04-16 15:07:18","../specifications/1555420038BATTERY SPECIFICATIONS.pdf","ze289310","ERM",,,
"514","RQ19041660","10173841","2019-04-16","PURCHASE OF BATTERY FOR HIPPO VALLEY S/S",,"0","2019-04-16 15:10:47","../specifications/1555420247BATTERY SPECIFICATIONS.pdf","ze289310","ERM",,,
"515","RQ19041676","10173841","2019-04-16","PURCHASE OF BATTERY CHARGER FOR HIPPO VALLEY S/S",,"0","2019-04-16 15:12:24","../specifications/BATTERY CHARGER SPECIFICATIONS.pdf","ze289310","ERM",,,
"516","RQ1904161","10173845","2019-04-16","PURCHASE OF BATTERY FOR RUSAPE NORTH S/S",,"0","2019-04-16 15:20:31","../specifications/1555420831BATTERY SPECIFICATIONS.pdf","ze289310","ERM",,,
"517","RQ19041653","10173845","2019-04-16","PURCHASE OF BATTERY CHARGER FOR RUSAPE NORTH S/S",,"0","2019-04-16 15:22:59","../specifications/1555420979BATTERY CHARGER SPECIFICATIONS.pdf","ze289310","ERM",,,
"518","RQ19041679","10173857","2019-04-16","PURCHASE OF BATTERY FOR TSUNGWESI S/S",,"0","2019-04-16 15:25:23","../specifications/1555421123BATTERY SPECIFICATIONS.pdf","ze289310","ERM",,,
"519","RQ19041656","10173857","2019-04-16","PURCHASE OF BATTERY CHARGER FOR TSUNGWESI S/S",,"0","2019-04-16 15:26:53","../specifications/1555421213BATTERY CHARGER SPECIFICATIONS.pdf","ze289310","ERM",,,
"520","RQ19041646","10173873","2019-04-16","PURCHASE OF BATTERY FOR MT SELINDA S/S",,"0","2019-04-16 15:28:49","../specifications/1555421329BATTERY SPECIFICATIONS.pdf","ze289310","ERM",,,
"521","RQ19041629","10173873","2019-04-16","PURCHASE OF BATTERY CHARGER FOR MT SELINDA S/S",,"0","2019-04-16 15:30:26","../specifications/1555421426BATTERY CHARGER SPECIFICATIONS.pdf","ze289310","ERM",,,
"522","RQ1904169","10173879","2019-04-16","PURCHASE OF BATTERY FOR FARMERS HALL S/S",,"0","2019-04-16 15:32:22","../specifications/1555421542BATTERY SPECIFICATIONS.pdf","ze289310","ERM",,,
"523","RQ19041615","10173879","2019-04-16","PURCHASE OF BATTERY CHARGER FOR FARMERS HALL S/S",,"0","2019-04-16 15:33:57","../specifications/1555421637BATTERY CHARGER SPECIFICATIONS.pdf","ze289310","ERM",,,
"524","RQ19041627","10173882","2019-04-16","PURCHASE OF BATTERY FOR BIKITA MINERALS S/S",,"0","2019-04-16 15:35:17","../specifications/1555421716BATTERY SPECIFICATIONS.pdf","ze289310","ERM",,,
"525","RQ19041644","10173888","2019-04-09","PURCHASE OF BATTERY CHARGER FOR RUSAPE WEST S/S",,"0","2019-04-16 15:36:53","../specifications/1555421812BATTERY CHARGER SPECIFICATIONS.pdf","ze289310","ERM",,,
"526","RQ19041699","10173916","2019-04-16","FIRST AID BOXES FOR MANICALAND DISTRICT ",,"0","2019-04-16 15:43:04","../specifications/1555422184First Aid Box Contents.docx","ze293598","MND",,,
"527","RQ19042376","10173978","2019-04-23","FIX & SUPPLY OF NEW BLINDS IN 3RD FLOOR BOARDROOM",,"0","2019-04-23 10:52:48","../specifications/blinds boardroom.xlsx","ze318957","HR500",,,
"528","RQ19042333","10173979","2019-04-23","FIX & SUPPLY OF NEW BLINDS IN GM'S OFFICE",,"0","2019-04-23 11:01:40","../specifications/1556010100blinds boardroom.xlsx","ze318957","HR500",,,
"529","RQ19042331","10173981","2019-04-23","FIX & SUPPLY OF NEW BLINDS IN GM'S SECRETARY OFFICE",,"0","2019-04-23 11:09:55","../specifications/1556010594blinds boardroom.xlsx","ze318957","HR500",,,
"530","RQ19042451","10174180","2019-04-24","TRAINING  CLIENT CARE",,"0","2019-04-24 10:01:12","../specifications/TRAIN CLIENT.xlsx","ze318957","HR500",,,
"531","RQ19042456","10174182","2019-04-24","TRAINING TIME MANAGEMENT",,"0","2019-04-24 10:03:03","../specifications/1556092983TRAIN CLIENT.xlsx","ze318957","HR500",,,
"532","RQ19042495",,"2019-04-10",,,"0","2019-04-24 12:52:04","../specifications/CHIPINGE DEPOT.docx","ze293598","MND",,,
"533","RQ19042438","10173135","2019-04-10","GARDEN SPRINKERS AND ACCESSORIES FOR CHIPINGE DEPOT",,"0","2019-04-24 12:42:18","../specifications/1556102537CHIPINGE DEPOT.docx","ze293598","MND",,,
"534","RQ19042458","10173130","2019-04-10","GARDEN SPRINKERS AND ACCESSORIES FOR CHIMANIMANI DEPOT",,"0","2019-04-24 12:43:05","../specifications/chimanimani.docx","ze293598","MND",,,
"535","RQ19042429","10173126","2019-04-10","GARDEN SPRINKERS AND ACCESSORIES FOR CHIPINGE TOP OFFICE",,"0","2019-04-24 12:48:01","../specifications/CHIPINGE TOP OFFICE.docx","ze293598","MND",,,
"536","RQ19042482","10175120","2019-04-10","GARDEN SPRINKERS AND ACCESSORIES FOR MSABI",,"0","2019-04-24 12:49:05","../specifications/MSABI.docx","ze293598","MND",,,
"537","RQ19042415","10174222","2019-04-24","Request to purchase Fuel filters E13 (stock)",,"0","2019-04-24 16:26:10","../specifications/CHISHU.jpg","ze44253","MSG",,,
"538","RQ19042445","10174139","2019-04-24","Request to purchase  Oil filters Z 95 (stock)",,"0","2019-04-24 16:27:26","../specifications/1556113860CHISHU.jpg","ze44253","MSG",,,
"539","RQ19042492","10174140","2019-04-24","Request to Purchase Oil Filters Z 91 C",,"0","2019-04-24 15:53:03","../specifications/1556113983CHISHU.jpg","ze44253","MSG",,,
"540","RQ19042457","10174143","2019-04-24","Request To purchase Oil filters Z 248 (stock)",,"0","2019-04-25 14:21:17","../specifications/1556114665CHISHU.jpg","ze44253","MSG",,,
"541","RQ19042463","10174144","2019-04-24","Request to purchase Fuel filters Z 180 (stock)",,"0","2019-04-25 14:20:26","../specifications/1556114814CHISHU.jpg","ze44253","MSG",,,
"542","RQ19042420","10174146","2019-04-24","Request to Purchase Fuel Filters Z 188 (stock)",,"0","2019-04-25 14:21:42","../specifications/1556114934CHISHU.jpg","ze44253","MSG",,,
"543","RQ1904265","10174476","2019-04-26","Purchase of universal flushing kits for chimanimani depot",,"0","2019-04-26 12:46:13","../specifications/flushing kits.jpg","ze341827","CHM",,,
"544","RQ19042642","10173760","2019-04-26","RENOVATION MATERIALS FOR MIDDLE SABI DEPORT ",,"0","2019-04-26 14:24:56","../specifications/","ze318957","HR500",,,
"545","RQ19042636","10173808","2019-04-25","RENOVATION MATERIALS FOR MIDDLE SABI STAFF HOUSES",,"0","2019-04-26 15:10:03","../specifications/1556284203MIDDLE SABI.xlsx","ze318957","HR500",,,
"546","RQ19042934","10174570","2019-04-29","Request For a 622 Battery for F/No ER2082",,"0","2019-04-29 11:13:27","../specifications/Battery Spec 622.pdf","ze44253","MSG",,,
"547","RQ19042999","10174571","2019-04-29","Request for a 622 Battery F/No ER2104",,"0","2019-04-29 11:15:24","../specifications/1556527767Battery Spec 622.pdf","ze44253","MSG",,,
"548","RQ19042998","10174573","2019-04-29","Request for a 622 Battery F/No ER2124",,"0","2019-04-29 11:14:39","../specifications/1556527850Battery Spec 622.pdf","ze44253","MSG",,,
"549","RQ19042922","10174576","2019-04-29","New tyres 245/70R16 er2150-Chimanimani",,"0","2019-04-29 11:09:41","../specifications/","ze48941","MTG",,,
"550","RQ19042963","10174576","2019-04-29","new tyres 245/70R16 for er2150 Chimanimani
Nissan np300 4*4",,"0","2019-04-30 10:24:09","../specifications/245.70R16.docx","ze48941","MTG",,,
"551","RQ19042938","10174578","2019-04-29","new tyres 265/98R17 for er2154 Mazda BT50 (Beast )",,"0","2019-04-30 10:19:54","../specifications/265.65R17.docx","ze48941","MTG",,,
"552","RQ19042940","10174581","2019-04-29","new tyres 285/70R15 er2210 Land Cruiser",,"0","2019-04-30 10:22:10","../specifications/285.70r17.docx","ze48941","MTG",,,
"553","RQ19042929","10174581","2019-04-29","new tyres 285/70R15 er2210 Land Cruiser",,"0","2019-04-30 10:18:47","../specifications/1556529429285.70r17.docx","ze48941","MTG",,,
"554","RQ1904295","10174583","2019-04-29","new tyres 245/70 R15 for er2085",,"0","2019-04-29 11:27:23","../specifications/245.70R15.docx","ze48941","MTG",,,
"555","RQ19042982","10174584","2019-04-29","New tyres UD er2127 11R 22.5",,"0","2019-04-29 11:29:31","../specifications/11R 22.5 Tyres.docx","ze48941","MTG",,,
"556","RQ19042931","10174585","2019-04-29","New tyres 11R 22.5 UD er2193",,"0","2019-04-29 11:31:17","../specifications/155653027711R 22.5 Tyres.docx","ze48941","MTG",,,
"557","RQ19042950","10174585","2019-04-29","New tyres 11R 22.5 UD er2193",,"0","2019-04-29 11:32:03","../specifications/155653032311R 22.5 Tyres.docx","ze48941","MTG",,,
"558","RQ19042928","10174574","2019-04-29","Purchase of 650 Battery F/No 2010",,"0","2019-04-30 15:29:04","../specifications/Battery Spec 650.pdf","ze44253","MSG",,,
"559","RQ19042993","10174580","2019-04-29","650 Battery f/No 2151",,"0","2019-04-29 11:50:19","../specifications/1556531418Battery Spec 650.pdf","ze44253","MSG",,,
"560","RQ19042979","10174580","2019-04-29","650 Battery f/No 2151",,"0","2019-04-29 11:51:33","../specifications/1556531493Battery Spec 650.pdf","ze44253","MSG",,,
"561","RQ19042966","10174580","2019-04-29","650 Battery F/No 2157",,"0","2019-04-29 11:53:17","../specifications/1556531597Battery Spec 650.pdf","ze44253","MSG",,,
"562","RQ19042937","10174580","2019-04-29","Purchase of 650 Battery F/No 2151",,"0","2019-04-30 15:31:39","../specifications/1556531601Battery Spec 650.pdf","ze44253","MSG",,,
"563","RQ19042989","10174579","2019-04-29","650 Battery F/No2157",,"0","2019-04-29 11:55:10","../specifications/1556531710Battery Spec 650.pdf","ze44253","MSG",,,
"564","RQ19042910","10174579","2019-04-29","Purchase of 650 Battery F/No2158",,"0","2019-04-30 15:27:48","../specifications/1556531712Battery Spec 650.pdf","ze44253","MSG",,,
"565","RQ19042956","10174582","2019-04-29","Purchase of 650 Battery F/No2071",,"0","2019-04-30 15:32:42","../specifications/1556531788Battery Spec 650.pdf","ze44253","MSG",,,
"566","RQ19042976","10174602","2019-04-29","New cellphone for G Bundo Samsung J7",,"0","2019-04-29 11:57:21","../specifications/CELL PHONE SAMSUNG.docx","ze48941","MTG",,,
"567","RQ19042933","10174620","2019-04-29","Purchase of 650 Battery F/No 2140",,"0","2019-04-30 15:29:45","../specifications/1556533671Battery Spec 650.pdf","ze44253","MSG",,,
"568","RQ19043071","10174575","2019-04-30","650 Battery F/No ER2157",,"0","2019-05-02 08:20:59","../specifications/1556632026Battery Spec 650.pdf","ze44253","MSG",,,
"569","RQ19050274","10174757","2019-05-02","Major Service F/No 2119",,"0","2019-05-02 08:43:11","../specifications/QUOTE 2119 major service  susp (3).pdf","ze44253","MSG",,,
"570","RQ19050231","10174756","2019-05-02","Suspension Repairs F/No 2071",,"0","2019-05-02 08:45:37","../specifications/QUOTE 2071.pdf","ze44253","MSG",,,
"571","RQ19050278","10174755","2019-05-02","Major Service F/No 2142",,"0","2019-05-02 08:47:31","../specifications/QUOTE 2142 service (3).pdf","ze44253","MSG",,,
"572","RQ19050223","10174808","2019-05-02","purchase of new battery size 652 for Isuzu KB er2189",,"0","2019-05-02 13:13:44","../specifications/BATTERY ER2189.docx","ze48941","MTG",,,
"573","RQ19050365","10174929","2019-05-03","Erect 0.07km t-off of 33/16 line to supply Nyakomba D New site",,"0","2019-05-03 14:14:14","../specifications/","ze336912","END",,,
"574","RQ19050393","10174932","2019-05-03","Erect (8 x 5 x 1.8)m perimeter fence as specified in the drawing attached. Site visit on Tuesday at 9.30am Nyakomba D",,"0","2019-05-03 14:24:35","../specifications/p563-4 fence-Layout1 Nyakomba D.pdf","ze336912","END",,,
"575","RQ1905038","10174938","2019-05-03","Supply and Deliver 32.5 cement for King mine substation",,"0","2019-05-03 14:27:50","../specifications/","ze336912","END",,,
"576","RQ19050357","10174940","2019-05-03","supply and deliver washed riversand for kingmine ss",,"0","2019-05-03 14:30:40","../specifications/","ze336912","END",,,
"577","RQ19050359","10174942","2019-05-03","supply and deliver 19mm concrete stones for kingmine ss",,"0","2019-05-03 14:39:31","../specifications/","ze336912","END",,,
"578","RQ19050370","10174944","2019-05-03","supply and deliver m20 x 400mm galvanised bolts and nuts",,"0","2019-05-03 14:40:41","../specifications/","ze336912","END",,,
"579","RQ19050341","10174946","2019-05-03","supply and deliver 6m lenghths of rough sawn timber 228 x 38mm",,"0","2019-05-03 14:42:30","../specifications/","ze336912","END",,,
"580","RQ19050696","10175039","2019-05-06","LANDSCAPING SERVICES FOR INSTALLATION OF 2*WATER FEATURE AT NYANGA EXEC & NON EXEC GUEST HOUSES",,"0","2019-05-06 09:23:13","../specifications/WATER FEATURE SPEC.docx","ze318957","HR500",,,
"581","RQ19050613","10175048","2019-05-06","SLIDING GATE MATERIALS FOR MEGAWATT CAR PARK",,"0","2019-05-06 09:55:43","../specifications/CAR PARK SLIDING GATE.xlsx","ze318957","HR500",,,
"582","RQ19050680","10175076","2019-05-06","Procurement of materials for fixing tiles at Artisan Middle Sabi's House",,"0","2019-05-06 12:05:56","../specifications/","ze269859","MND",,,
"583","RQ1905061","10175076","2019-05-06","Procurement of materials for fixing tiles at Artisan Middle Sabi's House",,"0","2019-05-06 12:05:59","../specifications/","ze269859","MND",,,
"584","RQ19050792","10175158","2019-05-07","Switch numbers for ER",,"0","2019-05-07 09:01:46","../specifications/","ze341851","END",,,
"585","RQ1905073","10173760","2019-05-07","request for quotations for building materials",,"0","2019-05-07 09:16:56","../specifications/","ze318957","HR500",,,
"586","RQ19050727","10173760","2019-05-07","RENOVATION MATERIALS FOR MIDDLE SABI DEPORT",,"0","2019-05-07 09:46:24","../specifications/MIDDLE SABI DEPOT.xlsx","ze318957","HR500",,,
"587","RQ19050739","10175163","2019-05-07","supply of A1 bond paper for drawing office",,"0","2019-05-07 10:05:05","../specifications/","ze341851","END",,,
"588","RQ19050713","10173839","2019-05-07","RENOVATION MATERIALS FOR CHIPINGE DEPOT",,"0","2019-05-07 10:10:33","../specifications/CHIPINGE DEPOT.xlsx","ze318957","HR500",,,
"589","RQ19050796","10174483","2019-05-07","RENOVATION MATERIALS FOR CHIMANIMANI ",,"0","2019-05-07 10:57:09","../specifications/chimanimani.xlsx","ze318957","HR500",,,
"590","RQ19050791","10175284","2019-05-07","commercial technician tools that are used everyday",,"0","2019-05-07 15:22:41","../specifications/COMMS TECH TOOLS EVERYDAY.xlsx","ze318957","HR500",,,
"591","RQ19050749","10175291","2019-05-07","COMMERCIAL TECHNICIAN TOOLS THAT ARE USED OCCASIONALLY ",,"0","2019-05-07 15:32:13","../specifications/COMMS TECH TOOLS OCCASIONALLY.xlsx","ze318957","HR500",,,
"592","RQ19050827","10173940","2019-04-17","Purchase of First aid box and contents  for maintenance department",,"0","2019-05-08 09:54:56","../specifications/First Aid Box Contents - NSSA.pdf","ze289310","ERM",,,
"593","RQ19050873","10175381","2019-05-08","RENOVATION  MATERIALS FOR NYANGA STAFF HOUSES",,"0","2019-05-08 10:52:15","../specifications/NYANGA PAINTING STAFF HOUSES.xlsx","ze318957","HR500",,,
"594","RQ19050877","10175386","2019-05-08","RENOVATION MATERIALS FOR NYANGA STAFF HOUSES (ROOF & CARPENTRY",,"0","2019-05-08 11:33:21","../specifications/NYANGA ROOF & CARPENTRY STAFF HOUSES.xlsx","ze318957","HR500",,,
"595","RQ19050876","10175392","2019-05-08","RENOVATION OF NYANGA STAFF HOUSES (WINDOW PANES)",,"0","2019-05-08 11:51:31","../specifications/NYANGA WINDOWPANES STAFF HOUSES.xlsx","ze318957","HR500",,,
"596","RQ19050889","10175397","2019-05-08","RENOVATION MATERIALS FOR NYANGA STAFF HOUSES (PLUMBING)",,"0","2019-05-08 11:58:55","../specifications/NYANGA PLUMBING STAFF HOUSES.xlsx","ze318957","HR500",,,
"597","RQ19050881","10175453","2019-05-08","Tender for Purchasing Tyres for ER2208",,"0","2019-05-08 12:03:03","../specifications/","ze301698","GARAGE",,,
"598","RQ19050849","10175401","2019-05-08","RENOVATION MATERIALS FOR NYANGA STAFF HOUSES (TILING)",,"0","2019-05-08 12:08:03","../specifications/NYANGA TILING STAFF HOUSES.xlsx","ze318957","HR500",,,
"599","RQ19050824","10175459","2019-05-08","Purchasing of PVC Interior Paint  for repaint interior walls for Workshop, Canteen and Offices (2x20ltrs Blue, 5x20ltrs White, 13x20ltrs yellow, 1x20ltrs Black, 2x20ltrs Grey)",,"0","2019-05-08 12:36:40","../specifications/EXPLANATORY NOTES FOR PAINT.docx","ze232696","URB",,,
"600","RQ19050812","10175467","2019-05-08","CEMENT FOR CONSTRUCTION OF  WATER FEATURE AT NYANGA EXEC AND NON EXEC GUEST HOUSES",,"0","2019-05-08 14:39:47","../specifications/NYANGA GUEST HOUSE WATER FEATURE.xlsx","ze318957","HR500",,,
"601","RQ19050896","10173808","2019-05-08","RENOVATION MATERIALS FOR MIDDLE SABI STAFF HOUSES",,"0","2019-05-08 15:54:16","../specifications/MIDDLE SABI STAFF HSES.xlsx","ze318957","HR500",,,
"602","RQ19050911","10175521","2019-05-09","Procurement of Painting materials for Rusape Depot",,"0","2019-05-09 08:52:50","../specifications/PAINT REQUIREMENTS FOR RUSAPE DEPOT.docx","ze269859","MND",,,
"603","RQ1905109","10174000","2019-04-17","Supplying of High Pressure Spray Gun for Mutare Urban Operation",,"0","2019-05-10 14:44:31","../specifications/T&E QUOTATIONS.msg","ze232696","URB",,,
"604","RQ19051075","10173996","2019-04-17","Supplying Impact Drill GSB 14.4V Bosch 316514077815 for Mutare Urban Operations",,"0","2019-05-10 14:48:47","../specifications/Tools and Equipment.msg","ze232696","URB",,,
"605","RQ19051079","10175725","2019-05-10","purchase of boxes A4 bond paper for Manicaland District depots and district office ",,"0","2019-05-10 15:47:43","../specifications/Denbury bond.pdf","ze293598","MND",,,
"606","RQ19051315","10175727","2019-05-10","cleaning detergents  for Manicaland district office",,"0","2019-05-13 08:52:40","../specifications/","ze293598","MND",,,
"607","RQ19051357","10175830","2019-05-13","PAINTING INTERIOR AT ENVIRONS  STAFF HOUSES ",,"0","2019-05-13 14:54:16","../specifications/PAINTING INTERIOR.xlsx","ze318833","HR500",,,
"608","RQ19051499","10175118","2019-05-06","Purchase of Samsung J7 Dual Sim Handset",,"0","2019-05-14 09:19:19","../specifications/","ze280542","COM700",,,
"609","RQ19051444","10175916","2019-05-14","PURCHASE OF REPLACEMENT SPRING CHARGING MOTOR FOR VUMBA 33KV CB FDR, HDZ - 60 - 30  110 - 127V AC - DC 50/60HZ   200W  140r/min",,"0","2019-05-14 11:14:20","../specifications/SPRING CHARGING MOTOR.jpg","ze289310","ERM",,,
"610","RQ19051450","10175923","2019-05-14","PURCHASE OF REPLACEMENT SPRING CHARGING MOTOR FOR OIL REFINERY 33KV CB FDR, HDZ - 60 - 30  110 - 127V AC - DC 50/60HZ   200W  140r/min",,"0","2019-05-14 11:16:06","../specifications/1557825366SPRING CHARGING MOTOR.jpg","ze289310","ERM",,,
"611","RQ19051474","10175804","2019-05-14","FUMIGATION OF MEGAWATT BUILDING OFFICES",,"0","2019-05-14 11:59:03","../specifications/Scan_Doc0070.pdf","ze318833","HR500",,,
"612","RQ19051448","10175947","2019-05-14","Suspension Kit ,Nissan NP300 4x2 F/No 2133",,"0","2019-05-14 12:00:20","../specifications/NISSAN SPEC SUSP.pdf","ze44253","MSG",,,
"613","RQ19051487","10175949","2019-05-14","Suspension Kit For , Nissan NP300 4x2 F/No 2140",,"0","2019-05-14 12:03:16","../specifications/1557828195NISSAN SPEC SUSP.pdf","ze44253","MSG",,,
"614","RQ19051496","10175951","2019-05-14","Suspension Kit ;Nissan NP300; 4x2 F/No2142",,"0","2019-05-14 12:05:24","../specifications/1557828324NISSAN SPEC SUSP.pdf","ze44253","MSG",,,
"615","RQ19051577","10176063","2019-05-15","Purchase of 42.5 Cement for Construction of Water Feature at the Guest Houses ",,"0","2019-05-15 12:34:49","../specifications/","ze260932","GM400",,,
"616","RQ19051594","10176073","2019-05-15","RENOVATION MATERIALS FOR MAURLEK ZESA FLATS ",,"0","2019-05-15 13:30:11","../specifications/BOQ ZESA FLATS.xlsx","ze318833","HR500",,,
"617","RQ19052011","10176384","2019-05-20","Window Winder mechanisms LHS & RHS For F./No 2158 Nissan NP300 ",,"0","2019-05-22 08:28:52","../specifications/window winder 2158.pdf","ze44253","MSG",,,
"618","RQ19052190","10175812","2019-05-13","Purchase of tools for 3 Artisans Mutare Environs",,"0","2019-05-21 08:56:23","../specifications/","ze261297","MTD",,,
"619","RQ19052430","10174332","2019-05-02","2xnew batteries size 652 for UD Truck for M/Sabi er2109",,"0","2019-05-24 12:51:15","../specifications/batteries er2109.jpg","ze48941","MTG",,,
"620","RQ19052417","10176792","2019-05-24","Supply of Grey gloss paint for secondary transformer maintenance",,"0","2019-05-24 14:54:16","../specifications/","ze261297","MTD",,,
"621","RQ19052421","10176794","2019-05-24","Supply of Blue gloss paint for secondary substation maintenance",,"0","2019-05-24 14:55:32","../specifications/","ze261297","MTD",,,
"622","RQ1905248","10176797","2019-05-24","Supply of Silver shine gloss paint for substation fence painting",,"0","2019-05-24 14:57:14","../specifications/","ze261297","MTD",,,
"623","RQ19052484","10176795","2019-05-24","Supply of Yellow gloss paint for pillar box painting ",,"0","2019-05-24 14:58:21","../specifications/","ze261297","MTD",,,
"624","RQ1905249","10176796","2019-05-24","Turpentine for mixing paints",,"0","2019-05-24 14:59:19","../specifications/","ze261297","MTD",,,
"625","RQ19052495","10176798","2019-05-24","Barbed wire for transformer anti climb security",,"0","2019-05-24 15:02:40","../specifications/","ze261297","MTD",,,
"626","RQ19052493","10176802","2019-05-24","Danger notices for secondary substations Mutare Environs and urban ",,"0","2019-05-24 15:21:20","../specifications/","ze261297","MTD",,,
"627","RQ19052479","10176803","2019-05-24","Aluminium pole tags ",,"0","2019-05-24 15:22:55","../specifications/","ze261297","MTD",,,
"628","RQ1905271","10176881","2019-05-27","LIGHTING MATERIALS FOR JOTALI NEW OFFICES",,"0","2019-05-27 10:35:50","../specifications/JOTALI LIGHTING MATERIALS REDONE.xlsx","ze318957","HR500",,,
"629","RQ19052793","10176917","2019-05-27","PLASTIC CHAIRS FOR RUSAPE CANTEEN",,"0","2019-05-27 13:34:09","../specifications/","ze293598","MND",,,
"630","RQ19052857","10176994","2019-05-28","Purchase of Corporate and National Flags for centres",,"0","2019-05-28 10:04:48","../specifications/National Flags.docx","ze318833","HR500",,,
"631","RQ19052814","10176993","2019-05-28","12 reams bond paper for Regional office",,"0","2019-05-28 10:06:53","../specifications/","ze318833","HR500",,,
"632","RQ19052876","10177024","2019-05-28","TO SUPPLY AND FIX 6 BLAIR TOILETS FOR PRIMARY SUBSTATIONS-MIDDLESABI SABI NETWORK",,"0","2019-05-28 12:22:23","../specifications/","ze259373","MSB",,,
"633","RQ19052879","10177025","2019-05-28","TO SUPPLY WATER TANK STANDS FOR MIDDLESABI PRIMARY SUBSTATIONS",,"0","2019-05-28 12:24:35","../specifications/","ze259373","MSB",,,
"634","RQ19052899","10177027","2019-05-28","HIRE OF 1 TONNE PICK UP TRUCKS FOR PURPOSE OF METER READING/REVENUE COLLECTION  AND OPERATIONS",,"0","2019-05-28 12:26:33","../specifications/","ze259373","MSB",,,
"635","RQ19052946","10177082","2019-05-29","GLOW PLUGS F/N 2010 & 2032",,"0","2019-05-29 10:12:30","../specifications/MITSUBISHI SPEC Heater Plugs.pdf","ze44253","MSG",,,
"636","RQ19053060","10177187","2019-05-30","PURCHASE OF HP932XL/933XL INK CARTRIDGES",,"0","2019-05-30 10:59:31","../specifications/","ze265261","FM300",,,
"637","RQ19053052","10170030","2019-03-18","J7 Cell Phones for Sales Executive and Commercial Officer-Masvingo District",,"0","2019-05-30 15:35:34","../specifications/Cell Phone for Commercial Officer and Sales Executive (Samsung J7).xlsx","ze305510","MSD",,,
"638","RQ19053066","10177210","2019-05-30","Toilet Renovations at Chimanimani Depot",,"0","2019-05-30 15:39:52","../specifications/","ze341827","CHM",,,
"639","RQ19053067","10177223","2019-05-30","Depot renovations at Chimanimani",,"0","2019-05-30 15:51:38","../specifications/","ze341827","CHM",,,
"640","RQ19053047","10177219","2019-05-30","Depot renovations - depot shelving of stores office",,"0","2019-05-30 15:53:44","../specifications/","ze341827","CHM",,,
"641","RQ19053181","10177111","2019-05-29","Design and printing of flyers",,"0","2019-05-31 16:17:34","../specifications/RFQ brochures specs edited.docx","ze280542","COM700",,,
"642","RQ19053147","10177112","2019-05-29","Design and printing of brochures",,"0","2019-05-31 16:19:55","../specifications/1559312395RFQ brochures specs edited.docx","ze280542","COM700",,,
"643","RQ19060377","10177345","2019-06-03","NEW TYRES 31x10.5R15 by 5 for Toyota Virgo er2208",,"0","2019-06-03 12:05:21","../specifications/NEW TYRES 31x10.5R15.docx","ze48941","MTG",,,
"644","RQ1906036","10177361","2019-06-03","Purchase of silver shine paint for Rusape Depot",,"0","2019-06-03 14:23:37","../specifications/","ze56120","RSP",,,
"645","RQ1906046","10177448","2019-06-04","new batteries for UD truck size 652x2",,"0","2019-06-04 10:44:30","../specifications/BATTERY size652.docx","ze48941","MTG",,,
"646","RQ19060421","10177450","2019-06-04","new batteries size 652 for UD er2109",,"0","2019-06-04 10:46:12","../specifications/1559637972BATTERY size652.docx","ze48941","MTG",,,
"647","RQ19060410","10177451","2019-06-04","new batteries for Benz Artego size 683 f/n 1062",,"0","2019-06-04 10:47:37","../specifications/BATTERY size683.docx","ze48941","MTG",,,
"648","RQ19060471","10177453","2019-06-04","new batteries size 652 for UD er2127",,"0","2019-06-04 10:48:45","../specifications/1559638125BATTERY size652.docx","ze48941","MTG",,,
"649","RQ19060498","10177455","2019-06-04","new batteries for UD size 652 for er2120",,"0","2019-06-04 10:50:10","../specifications/1559638210BATTERY size652.docx","ze48941","MTG",,,
"650","RQ19060483","10177456","2019-06-04","new battery for f/n er2165 size 650",,"0","2019-06-04 10:53:11","../specifications/BATTERY size650.docx","ze48941","MTG",,,
"651","RQ19060459","10177459","2019-06-04","new battery for er 2187 size 650",,"0","2019-06-04 10:54:24","../specifications/1559638464BATTERY size650.docx","ze48941","MTG",,,
"652","RQ19060452","10177461","2019-06-04","new battery size 650 for er2143 ",,"0","2019-06-04 10:55:31","../specifications/1559638531BATTERY size650.docx","ze48941","MTG",,,
"653","RQ19060480","10177467","2019-06-04","new battery for er2144 size 650",,"0","2019-06-04 10:59:26","../specifications/1559638766BATTERY size650.docx","ze48941","MTG",,,
"654","RQ19060495","10177462","2019-06-04","new battery for er2144 size 650",,"0","2019-06-04 11:05:05","../specifications/1559639105BATTERY size650.docx","ze48941","MTG",,,
"655","RQ19060469","10177468","2019-06-04","new battery size 650 for er2150",,"0","2019-06-04 11:06:11","../specifications/1559639171BATTERY size650.docx","ze48941","MTG",,,
"656","RQ19060470","10177471","2019-06-04","new battery for er2146 size 650",,"0","2019-06-04 11:07:31","../specifications/1559639251BATTERY size650.docx","ze48941","MTG",,,
"657","RQ19060486","10177473","2019-06-04","new battery size 652 for er2163 ",,"0","2019-06-04 11:08:48","../specifications/1559639328BATTERY size652.docx","ze48941","MTG",,,
"658","RQ19060437","10177475","2019-06-04","new battery for cherry f/n er2181 size 631",,"0","2019-06-04 11:10:07","../specifications/BATTERY size631.docx","ze48941","MTG",,,
"659","RQ19060423","10177467","2019-06-04","supply new battery size 650 f/n er2129",,"0","2019-06-04 14:56:03","../specifications/1559652963BATTERY size650.docx","ze48941","MTG",,,
"660","RQ19060599","10175407","2019-05-07","Purchase of Samsung J7 for artisan C Chipere Environs",,"0","2019-06-05 12:30:38","../specifications/","ze261297","MTD",,,
"661","RQ19060546","10177636","2019-06-05","TRUCK HIRING SERVICES ",,"0","2019-06-05 14:37:12","../specifications/","ze47724","CHP",,,
"662","RQ19060615","10177756","2019-06-06","Installation Inspection Books (E117)-Masvingo District",,"0","2019-06-06 16:09:59","../specifications/","ze305510","MSD",,,
"663","RQ19060834","10177837","2019-06-08","SPORTS BALLS FOR CHIPINGE STAFF WELLNESS",,"0","2019-09-23 11:12:45","../specifications/20190608_094703.jpg","ze47724","CHP",,,
"664","RQ19061025","10177345","2019-06-03","New Tyres        5x 31x10.5R15    for Toyota Virgo er2208",,"0","2019-06-10 10:38:25","../specifications/virgo er2208.docx","ze48941","MTG",,,
"665","RQ19061171","10177992","2019-06-11","FIREFIGHTING EQUIPMENT SERVICING FOR MEGAWATT BUILDING",,"0","2019-06-11 12:06:42","../specifications/Fire extinguisher Spec 2019.doc","ze247200","HR500",,,
"666","RQ19061262","10177806","2019-06-10","Paving Material for Masvingo Show Stand (Paving Bricks-Quarry Dust-Gravel)",,"0","2019-06-12 12:28:40","../specifications/Paving Material-Masvingo Show Stand.pdf","ze305510","MSD",,,
"667","RQ1906123","10177807","2019-06-10","Labour for Paving Masvingo Show Stand",,"0","2019-06-12 13:11:14","../specifications/Labour for Paving-Masvingo Show Stand.pdf","ze305510","MSD",,,
"668","RQ19061245","10178140","2019-06-12","Mutare Environs Depot signage includin Fire Assembly point and replacement of safety board",,"0","2019-06-12 15:30:25","../specifications/Mutare Environs Signage requirements.docx","ze57673","ENV",,,
"669","RQ19061236","10178128","2019-06-12","Mutare Environs fire extinguishers service and recharging at Depot and 13 Primary substations",,"0","2019-06-12 15:34:11","../specifications/environs sustations.JPG","ze57673","ENV",,,
"670","RQ19061357","10162925","2018-12-21","5xnew tyres 205/70R for mazda BT er2123",,"0","2019-06-13 10:57:42","../specifications/","ze48941","MTG",,,
"671","RQ19061354","10165763","2019-02-06","5xnew tyres 205/70R for Mazda BT er2122",,"0","2019-06-13 11:00:53","../specifications/1560416453NEW TYRES 20570R15.docx","ze48941","MTG",,,
"672","RQ19061318","10162925","2018-12-21","5xnew tyres 205/70R for Mazda er2123",,"0","2019-06-13 11:05:34","../specifications/1560416734NEW TYRES 20570R15.docx","ze48941","MTG",,,
"673","RQ1906139","10165765","2019-02-06","5xnew tyres size 195R14 for Mist L200 er2011",,"0","2019-06-13 11:08:58","../specifications/1560416938NEW TYRES ER2011.docx","ze48941","MTG",,,
"674","RQ19061380","10178202","2019-06-13","Purchase of 2*6 drawer desks.",,"0","2019-06-13 12:02:08","../specifications/","ze318833","HR500",,,
"675","RQ19061387","10178080","2019-06-13","Purchase of Bell Swivel chair for Human Resource and Admin Manager.",,"0","2019-06-13 12:06:46","../specifications/","ze318833","HR500",,,
"676","RQ19061362","10178260","2019-06-13","Purchase of 2 chainsaw worksuits for chimanimani depot",,"0","2019-06-13 14:14:16","../specifications/","ze341827","CHM",,,
"677","RQ19061377","10178261","2019-06-13","purchase of leather gloves for chimanimani depot staff",,"0","2019-06-13 14:15:36","../specifications/","ze341827","CHM",,,
"678","RQ19061447","10178353","2019-06-14","purchaseof 50 mm conductor sca",,"0","2019-06-14 14:19:58","../specifications/","ze341827","CHM",,,
"679","RQ19061427","10178351","2019-06-14","purchase of 100mm conductor",,"0","2019-06-14 14:21:00","../specifications/","ze341827","CHM",,,
"680","RQ19061740","10165783","2019-02-06","New tyres 285R16 for f/n er2624",,"0","2019-06-17 13:44:22","../specifications/285R16 Tyres.docx","ze48941","MTG",,,
"681","RQ19061769","10165741","2019-02-06","New tyres 205/70R15 for er2095",,"0","2019-06-17 13:46:00","../specifications/NEW TYRES ER2095.docx","ze48941","MTG",,,
"682","RQ19061722","10178447","2019-06-17","new tyres 245 70R16 for er2183",,"0","2019-06-17 13:48:18","../specifications/1560772097245.70R16.docx","ze48941","MTG",,,
"683","RQ19061726","10178404","2019-06-17","request for toner cartridge for maintenance engineer",,"0","2019-06-17 14:04:03","../specifications/Consumables(970)1.pdf","ze9037091","IT100",,,
"684","RQ19061749","10178489","2019-06-17","Transport Hiring 10 tonne lorry",,"0","2019-06-17 16:36:22","../specifications/","ze341827","CHM",,,
"685","RQ19061838","10178512","2019-06-18","New battery size 650 for NP300 er2138",,"0","2019-06-18 09:03:39","../specifications/1560841419BATTERY size650.docx","ze48941","MTG",,,
"686","RQ19061852","10178514","2019-06-18","New battery size 650 for np300 er2149",,"0","2019-06-18 09:05:00","../specifications/1560841500BATTERY size650.docx","ze48941","MTG",,,
"687","RQ19061866","10178515","2019-06-18","new battery size 650 for np300 er2143",,"0","2019-06-18 09:06:16","../specifications/1560841575BATTERY size650.docx","ze48941","MTG",,,
"688","RQ19061929","10178670","2019-06-19","provide ten new fire extinguishers and service of 20 fire extinguishers at chipinge depot",,"0","2019-06-19 12:26:36","../specifications/","ze47724","CHP",,,
"689","RQ19061982","10178695","2019-06-19","Purchase of tyres F/no 2191 Masvingo DM",,"0","2019-06-19 16:25:52","../specifications/SPEC TYRES BT50 D M.pdf","ze44253","MSG",,,
"690","RQ19062031","10178722","2019-06-20","Supply of GIS tools for drawing office",,"0","2019-06-20 09:34:10","../specifications/GIS tool spec.docx","ze341851","END",,,
"691","RQ19062073","10178620","2019-06-19","Construction of 2 x water features at Nyanga Guest Houses ",,"0","2019-06-20 10:00:08","../specifications/","ze260932","GM400",,,
"692","RQ19062125","10178800","2019-06-21","CIF for Manicaland depots",,"0","2019-06-21 09:43:24","../specifications/CIF FOR MANICALAND DEPOTS.pdf","ze293598","MND",,,
"693","RQ19062117","10178801","2019-06-21","E1 books for Manicaland depots",,"0","2019-06-21 09:46:08","../specifications/E1 FOR MANICALAND DEPOTS.pdf","ze293598","MND",,,
"694","RQ19062183","10178807","2019-06-21","Purchase l shaped executive desk for Manicaland District Manager's office",,"0","2019-06-21 10:05:16","../specifications/MANICALAND DISTRICT MANAGER EXECUTIVE DESK.docx","ze258156","MND","ACE19021963","specifications/1550580013MANICALAND DISTRICT MANAGER EXECUTIVE DESK.docx",
"695","RQ19062166","10178815","2019-06-21","E86 books for manicaland depots",,"0","2019-06-21 10:55:43","../specifications/E86 BOOKS FOR MANICALAND DEPOTS.pdf","ze293598","MND",,,
"696","RQ19062121","10178817","2019-06-21","E60 books for manicaland depots",,"0","2019-06-21 10:58:59","../specifications/E60 BOOKS FOR MANICALAND DEPOTS.pdf","ze293598","MND",,,
"697","RQ19062143","10178820","2019-06-21","E16 books for manicaland depots",,"0","2019-06-21 11:14:17","../specifications/1561108457E16 BOOKS FOR MANICALAND DEPOTS.pdf","ze293598","MND",,,
"698","RQ19062144","10178822","2019-06-21","E22 books for Manicaland district",,"0","2019-06-21 11:20:01","../specifications/E22 BOOKS FOR MANICALAND DEPOTS.pdf","ze293598","MND",,,
"699","RQ19062159","10178823","2019-06-21","FAULT REPORT BOOKS FOR MANICALAND DISTRICT OFFICE",,"0","2019-06-21 11:25:04","../specifications/FAULT REPORT BOOKS FOR MANICALAND DEPOTS.pdf","ze293598","MND",,,
"700","RQ19062169","10178823","2019-06-21","FAULT REPORT BOOKS FOR MANICALAND DISTRICT OFFICE",,"0","2019-06-21 11:31:11","../specifications/1561109470FAULT REPORT BOOKS FOR MANICALAND DEPOTS.pdf","ze293598","MND",,,
"701","RQ1906215","10178824","2019-06-21","E117 books for manicaland depots",,"0","2019-06-21 11:39:06","../specifications/1561109946E117 BOOKS FOR MANICALAND DEPOTS.pdf","ze293598","MND",,,
"702","RQ19062188","10178857","2019-06-21","New battery size 631 for er2180",,"0","2019-06-21 14:39:24","../specifications/BATTERY size 631.docx","ze48941","MTG",,,
"703","RQ19062131","10178862","2019-06-21","screen doors for nyanga staff houses",,"0","2019-06-21 15:26:57","../specifications/SCREEN DOORS NYANGA.pdf","ze269859","MND",,,
"704","RQ19062195","10174610","2019-05-24","Borehole drilling for Chimanimani Depot",,"0","2019-06-21 15:40:18","../specifications/Quotation -Tandamanzi.pdf","ze269859","MND","ACE19041541","specifications/1555312385Explanatory Notes for Borehole.docx",
"705","RQ19062128","10174613","2019-05-17","Borehole Drilling ,Casing and Installation at Chipinge Depot",,"0","2019-06-21 15:42:19","../specifications/1561124539Quotation -Tandamanzi.pdf","ze269859","MND","ACE1904156","specifications/1555336695Explanatory Notes for Chipinge.docx",
"706","RQ19062170","10178870","2019-06-21","TRANSPORT HIRE TO FERRY WOOD POLES TO CHIREDZI DEPOT",,"0","2019-06-21 16:17:53","../specifications/","ze261920","CHR",,,
"707","RQ19062124","10178876","2019-06-21","TOOLS FOR ARTISANS AND LEAD ARTISAN FOR MUTARE URBAN",,"0","2019-06-21 17:39:12","../specifications/TOOLS QUOTATION.msg","ze232696","URB",,,
"708","RQ19062494","10178909","2019-06-24","Purchase of 11m Wooden transmission poles",,"0","2019-06-24 08:43:32","../specifications/","ze261297","MTD",,,
"709","RQ19062715","10178449","2019-06-14","Servicing of fire extinguishers",,"0","2019-06-27 08:21:28","../specifications/","ze341827","CHM",,,
"710","RQ19062722","10178939","2019-06-27","PVA Paint (off-white) for Megawatt interior.",,"0","2019-06-27 09:34:46","../specifications/paint spec.docx","ze318833","HR500",,,
"711","RQ19062758","10178941","2019-06-27","60*60 Porcelain tiles for Nyanga staff house.",,"0","2019-06-27 09:49:38","../specifications/tiles specs.docx","ze318833","HR500",,,
"712","RQ1906274","10179005","2019-06-27","Fitting of 2 low level cisterns in Gents Toilet at Mutare Urban Client Service Centre, to provide labour and material",,"0","2019-06-27 15:17:36","../specifications/Semutsva cisterns.jpg","ze232696","URB",,,
"713","RQ19062736","10179087","2019-06-27","TONER CARTIDGE FOR MANICALAND DISTRICT ",,"0","2019-06-27 16:28:27","../specifications/TONER CARTIDGE FOR MANICALAND DISTRICT.docx","ze293598","MND",,,
"714","RQ19062859","10179089","2019-06-27","BOND PAPER FOR MANICALAND DISTRICT (15 BOXES)",,"0","2019-06-28 09:01:17","../specifications/BOND PAPER FOR MANICALAND DISTRICT.docx","ze293598","MND",,,
"715","RQ19062838","10179154","2019-06-28","Supply a heavy duty hydraulic press for Mutare Garage",,"0","2019-06-28 10:04:52","../specifications/HEAVEY DUTY HYDRAULIC PRESS.docx","ze48941","MTG","ACE19042068","specifications/1555774483Mutare Garage T&E Requirements 2016.xlsx",
"716","RQ19062834","10179153","2019-06-28","Supply a heavy duty air compressor for Mutare Garage",,"0","2019-06-28 10:09:22","../specifications/HEAVEY DUTY AIR COMPRESSOR.docx","ze48941","MTG","ACE19042097","specifications/1555774972Mutare Garage T&E Requirements 2016.xlsx",
"717","RQ19062830","10179152","2019-06-28","pneumatic grease gun",,"0","2019-06-28 10:11:48","../specifications/PNEMATIC GREASE GUN.docx","ze48941","MTG","ACE19042240","specifications/1555941554Mutare Garage T&E Requirements 2019.xlsx",
"718","RQ19062898","10179145","2019-06-28","heavy duty socket box ( metric )
heavy duty socket box ( imperial )",,"0","2019-06-28 10:16:50","../specifications/HEAVEY DUTY SOCKET BOXE IMPERIAL AND METRIC.docx","ze48941","MTG","ACE19042285","specifications/1555942299Mutare Garage T&E Requirements 2019.xlsx",
"719","RQ19062846","10179143","2019-06-28","heavy duty gearbox lifter",,"0","2019-06-28 10:19:34","../specifications/HEAVEY DUTY GEARBOX LIFTER.docx","ze48941","MTG","ACE19042281","specifications/1555942460Mutare Garage T&E Requirements 2019.xlsx",
"720","RQ19062816","10179141","2019-06-28","Engine Diagnostic machine ( universal)",,"0","2019-06-28 10:22:07","../specifications/ENGINE DIAGNOSTIC MACHINE-UNIVERSAL.docx","ze48941","MTG","ACE19042265","specifications/1555943384Mutare Garage T&E Requirements 2019.xlsx",
"721","RQ19062856","10179140","2019-06-28","6 x bench vices",,"0","2019-06-28 10:23:51","../specifications/BENCH VICES.docx","ze48941","MTG","ACE19042210","specifications/1555943547Mutare Garage T&E Requirements 2019.xlsx",
"722","RQ19062870","10179139","2019-06-28","heavy duty battery charger",,"0","2019-06-28 10:25:41","../specifications/HEAVEY DUTY BATTERY CHARGER.docx","ze48941","MTG","ACE19042239","specifications/1555943854Mutare Garage T&E Requirements 2019.xlsx",
"723","RQ19062872","10179137","2019-06-28","Electronic tyre changer",,"0","2019-06-28 10:27:36","../specifications/ELECTRONIC TYRE CHANGER.docx","ze48941","MTG","ACE19042264","specifications/1555943976Mutare Garage T&E Requirements 2019.xlsx",
"724","RQ19062839","10179137","2019-06-28","engine steam cleaner",,"0","2019-06-28 10:29:03","../specifications/ENGINE STEAM CLEANER.docx","ze48941","MTG","ACE19042262","specifications/1555944974Mutare Garage T&E Requirements 2019.xlsx",
"725","RQ19062847","10179133","2019-06-28","complete gas welding equipment with pipes, bottles of acetlyene and oxygen, gauges",,"0","2019-06-28 10:31:58","../specifications/COMPLETE GAS WELDING EQUIPMENT WITH PIPES BOTTLES OF ACCETLYNE AND OXYGEN GAUGES.docx","ze48941","MTG","ACE19042233","specifications/1555945365Mutare Garage T&E Requirements 2019.xlsx",
"726","RQ19062864","10179132","2019-06-28","hydrometer x 1
battery tester x 1",,"0","2019-06-28 10:38:43","../specifications/HYDROMETER.docx","ze48941","MTG","ACE19042290","specifications/1555945566Mutare Garage T&E Requirements 2019.xlsx",
"727","RQ19062818","10179131","2019-06-28","2 x multi-meters",,"0","2019-06-28 10:41:00","../specifications/MULTIMETRES.docx","ze48941","MTG","ACE1904226","specifications/1555945653Mutare Garage T&E Requirements 2019.xlsx",
"728","RQ19062825","10179119","2019-06-28","heavy duty battery jumpers",,"0","2019-06-28 10:42:37","../specifications/HEAVEY DUTY BATTERY JUMPERS.docx","ze48941","MTG","ACE19042250","specifications/1555945738Mutare Garage T&E Requirements 2019.xlsx",
"729","RQ19062820","10179117","2019-06-28","2 x 5Tonne bock and Tackle",,"0","2019-06-28 10:45:06","../specifications/5 TON BLOCK AND TACKL1.docx","ze48941","MTG","ACE19042215","specifications/1555945865Mutare Garage T&E Requirements 2019.xlsx",
"730","RQ19062889","10179116","2019-06-28","Quater Power",,"0","2019-06-28 10:47:13","../specifications/QUATER POWER.docx","ze48941","MTG","ACE19042268","specifications/1555946091Mutare Garage T&E Requirements 2019.xlsx",
"731","RQ19062819","10179115","2019-06-28","Nissan Trucks Hub Spanners x 5 sets",,"0","2019-06-28 10:50:05","../specifications/NISS TRUCKS HUB SPANNERS SETS.docx","ze48941","MTG","ACE19042219","specifications/1555946213Mutare Garage T&E Requirements 2019.xlsx",
"732","RQ1906287","10179111","2019-06-28","injector sockets x 5 sets",,"0","2019-06-28 10:53:51","../specifications/1561712031INJECTOR SOCKETS SETS.docx","ze48941","MTG","ACE19042242","specifications/1555946296Mutare Garage T&E Requirements 2019.xlsx",
"733","RQ19062813","10179114","2019-06-28","heavy duty pray gun and airline 40m",,"0","2019-06-28 10:56:15","../specifications/HEAVEY DUTY SPRAY GUN AND AIRLINE 40M.docx","ze48941","MTG","ACE1904227","specifications/1555946628Mutare Garage T&E Requirements 2019.xlsx",
"734","RQ19062869","10179099","2019-06-27","4 x CM Pullers",,"0","2019-06-28 10:57:49","../specifications/CM PULLERS.docx","ze48941","MTG","ACE19042289","specifications/1555946738Mutare Garage T&E Requirements 2019.xlsx",
"735","RQ19062822","10179098","2019-06-27","Tapes and Die Sets x 5",,"0","2019-06-28 11:23:24","../specifications/TAPES AND DIE SETS.docx","ze48941","MTG","ACE19042227","specifications/1555946857Mutare Garage T&E Requirements 2019.xlsx",
"736","RQ19062891","10179098","2019-06-28","Torxy Sockets, male and female x 4 sets",,"0","2019-06-28 11:25:04","../specifications/TORXY SOCKETS MALE,FEMALE SETS.docx","ze48941","MTG","ACE19042256","specifications/1555946979Mutare Garage T&E Requirements 2019.xlsx",
"737","RQ19062823","10179091","2019-06-27","Spring Compressor x 3 sets",,"0","2019-06-28 11:28:04","../specifications/1561714084SPRING COMPRESSOR SETS.docx","ze48941","MTG","ACE19042277","specifications/1555947335Mutare Garage T&E Requirements 2019.xlsx",
"738","RQ19062867","10179127","2019-06-28","1 x heavy duty Torque Wrench
1 x light duty Torque Wrench",,"0","2019-06-28 11:36:37","../specifications/HEAVEY DUTY TORQUE WRENCH X 1.docx","ze48941","MTG","ACE1904222","specifications/1555947635Mutare Garage T&E Requirements 2019.xlsx",
"739","RQ19062824","10179127","2019-06-27","Cooling System Tester x 2",,"0","2019-06-28 11:41:36","../specifications/1561714896COOLING SYSTEM TESTER.docx","ze48941","MTG","ACE19042237","specifications/1555947877Mutare Garage T&E Requirements 2019.xlsx",
"740","RQ19062815","10179121","2019-06-28","Easy Out sets x 2",,"0","2019-06-28 11:44:16","../specifications/EASY OUT SETS.docx","ze48941","MTG","ACE1904224","specifications/1555948553Mutare Garage T&E Requirements 2019.xlsx",
"741","RQ19062814","10179120","2019-06-28","Sanding Machine",,"0","2019-06-28 11:46:41","../specifications/SANDING MACHINE.docx","ze48941","MTG","ACE19042292","specifications/1555948875Mutare Garage T&E Requirements 2019.xlsx",
"742","RQ19070168","10179211","2019-07-01","SERVICE MATERIAL AND SUSPENSION MATERIAL FOR NP300 4X2",,"0","2019-07-01 09:29:25","../specifications/NP300 4X2.docx","ze48941","MTG",,,
"743","RQ19070188","10179215","2019-07-01","service material and suspension material for np300 4x4",,"0","2019-07-01 09:38:09","../specifications/NP300 4X4.docx","ze48941","MTG",,,
"744","RQ19070139","10179216","2019-07-01","new batteries size 652 and 650",,"0","2019-07-01 09:41:21","../specifications/New batteries sizes.docx","ze48941","MTG",,,
"745","RQ19070111","10179222","2019-07-01","Supply and fix Concrete pavers along CABS feeder on ZB, Greenwood Pharmacy, Halsteds, Mitchels and Megawatt",,"0","2019-07-01 09:54:22","../specifications/","ze336912","END",,,
"746","RQ19070129","10179222","2019-07-01","Supply and fix Concrete pavers along CABS feeder on ZB, Greenwood Pharmacy, Halsteds, Mitchels and Megawatt",,"0","2019-07-01 09:54:24","../specifications/","ze336912","END",,,
"747","RQ19070189","10179223","2019-07-01","Supply and fix Interlocking Bricks along CABS Feeder on Meikles and Spar Sections",,"0","2019-07-01 09:55:44","../specifications/","ze336912","END",,,
"748","RQ19070193","10179239","2019-07-01","SUPPLY OF 100X 50KG CEMENT BAGS FOR MIDDLESABI DEPOT GUARDROOM",,"0","2019-07-01 11:47:55","../specifications/INSPECTION REPORT AND BOQ- MIDDLE SABI DEPOT AND STAFF HOUSES.docx","ze259373","MSB",,,
"749","RQ19070162","10179241","2019-07-01","SUPPLY OF 5 X 12 FT ASBESTOS FOR GUARDROOM ROOFING-MIDDLESABI DEPOT",,"0","2019-07-01 11:49:55","../specifications/1561974595INSPECTION REPORT AND BOQ- MIDDLE SABI DEPOT AND STAFF HOUSES.docx","ze259373","MSB",,,
"750","RQ19070177","10179243","2019-07-01","2 Ton Floor Trolly Jacks",,"0","2019-07-01 13:05:26","../specifications/2 Ton Floor Trolly Jacks.docx","ze44253","MSG",,,
"751","RQ1907012","10179242","2019-07-01","Industrial Creeper Beds ",,"0","2019-07-01 14:06:38","../specifications/Industrial  Creeper Beds On wheels and Head Rest.docx","ze44253","MSG",,,
"752","RQ19070117","10177605","2019-06-05","Supply 50kg bags of 32.5 Cement for ZCDC VR Control Room",,"0","2019-07-01 15:49:44","../specifications/","ze336912","END",,,
"753","RQ1907017","10179271","2019-07-01","11 R 22,5 Tyres F/No2194",,"0","2019-07-01 16:26:01","../specifications/11 R 22 tyres.docx","ze44253","MSG",,,
"754","RQ19070293","10178125","2019-07-02","Reconstruction  of 6 km of 100mm 33 kv line to Tarka and installation of 1 x 50kva 33/0.4 ; 1x100 kva 33/0.4 and 1 x200 kva 33/0.4",,"0","2019-07-02 15:53:24","../specifications/","ze341827","CHM",,,
"755","RQ19070325","10178622","2019-06-19","Construction of water feature at Executive and Senior Guest Houses in Nyanga  ",,"0","2019-07-03 15:11:45","../specifications/Copy of WATER FEATURE NYANGA ZESA-Paragon - FINAL.xlsx","ze260932","GM400",,,
"756","RQ19070357","10178620","2019-06-19","Construction of Water Features at Executive and Senior Guest Houses ",,"0","2019-07-03 15:14:35","../specifications/1562159675Copy of WATER FEATURE NYANGA ZESA-Paragon - FINAL.xlsx","ze260932","GM400",,,
"757","RQ1907106","10179324","2019-07-10","FIX&SUPPLY OF INTERLOCKING PAVERS (MAROON/RED & BLACK)",,"0","2019-07-10 08:17:10","../specifications/SPECIFICATIONS PAVEMENT.docx","ze318957","HR500",,,
"758","RQ19071031","10179325","2019-07-10","PURCHASE OF 3/4 mm QUARRY STONES FOR CHREDZI EAST S/S",,"0","2019-07-10 11:34:15","../specifications/","ze289310","ERM",,,
"759","RQ19071030","10179327","2019-07-10","PURCHASE OF 3/4 MM QUARRY STONES FOR MTERI S/S",,"0","2019-07-10 11:35:47","../specifications/","ze289310","ERM",,,
"760","RQ19071084","10179328","2019-07-10","PURCHASE OF 3/4 MM QUARRY STONES FOR HIPPO VALLEY S/S",,"0","2019-07-10 11:36:47","../specifications/","ze289310","ERM",,,
"761","RQ19071077","10179329","2019-07-10"," PURCHASE OF 3/4 MM QUARRY STONES FOR TRIANGLE TOWN S/S",,"0","2019-07-10 11:38:10","../specifications/","ze289310","ERM",,,
"762","RQ19071032","10179330","2019-07-10"," PURCHASE OF 3/4 MM QUARRY STONES FOR TRIANGLE MILL S/S",,"0","2019-07-10 11:38:58","../specifications/","ze289310","ERM",,,
"763","RQ19071087","10179332","2019-07-10"," PURCHASE OF 3/4 MM QUARRY STONES FOR TRIANGLE EAST S/S",,"0","2019-07-10 11:39:50","../specifications/","ze289310","ERM",,,
"764","RQ19071078","10179333","2019-07-10"," PURCHASE OF 3/4 MM QUARRY STONES FOR RENCO MINE S/S",,"0","2019-07-10 11:40:48","../specifications/","ze289310","ERM",,,
"765","RQ19071089","10179335","2019-07-10"," PURCHASE OF 3/4 MM QUARRY STONES FOR RUTENGA S/S",,"0","2019-07-10 11:42:06","../specifications/","ze289310","ERM",,,
"766","RQ19071060","10179338","2019-07-10"," PURCHASE OF 3/4 MM QUARRY STONES FOR TOKWE MUKOSI S/S",,"0","2019-07-10 11:43:01","../specifications/","ze289310","ERM",,,
"767","RQ19071029","10179342","2019-07-10"," PURCHASE OF 3/4 MM QUARRY STONES FOR MASVINGO S/S",,"0","2019-07-10 11:44:30","../specifications/","ze289310","ERM",,,
"768","RQ19071085","10179344","2019-07-10"," PURCHASE OF 3/4 MM QUARRY STONES FOR GLENLIVET S/S",,"0","2019-07-10 11:45:24","../specifications/","ze289310","ERM",,,
"769","RQ1907104","10179347","2019-07-10"," PURCHASE OF 3/4 MM QUARRY STONES FOR FARMER'S HALL  S/S",,"0","2019-07-10 11:46:42","../specifications/","ze289310","ERM",,,
"770","RQ19071082","10179348","2019-07-10"," PURCHASE OF 3/4 MM QUARRY STONES FOR FLAMBOYANT S/S",,"0","2019-07-10 11:47:48","../specifications/","ze289310","ERM",,,
"771","RQ19071037","10179351","2019-07-10"," PURCHASE OF 3/4 MM QUARRY STONES FOR ZAKA S/S",,"0","2019-07-10 11:49:01","../specifications/","ze289310","ERM",,,
"772","RQ1907108","10179360","2019-07-10","TRANSPORTATION OF 1000KVA 33/11KV TRANSFORMER FROM SOUTH WALES TO OSBORNE SERIAL NO 15849 ( DISTANCE ABOUT 300KM)",,"0","2019-07-10 14:21:46","../specifications/","ze289310","ERM",,,
"773","RQ19071197","10179477","2019-07-11","Purchase of 05A toner cartridges for IT office,Regional Garage foreman,regional accounts clerk,network development technician,finance regional office",,"0","2019-07-11 09:21:41","../specifications/","ze9037091","IT100",,,
"774","RQ19071121","10179485","2019-07-11","05A TONER CARTRIDGE FOR MANICALAND COMMERCIAL OFFICE ,MANICALAND ACCOUNTING OFFICER,RUSAPE BANKING HALL SUPERVISOR,MANICALAND SALES EXECUTIVE",,"0","2019-07-11 10:01:55","../specifications/","ze9037091","IT100",,,
"775","RQ19071114","10179491","2019-07-11","05A TONER CARTRIDGE FOR REGIONAL OFFICE HRO",,"0","2019-07-11 10:09:13","../specifications/","ze9037091","IT100",,,
"776","RQ1907117","10179494","2019-07-11","TO PURCHASE 05A TONER CARTRIDGE FOR MUTARE ENGINEERING ,MUTARE REVENUE OFFICE,MUTARE DEPOT CLERK",,"0","2019-07-11 10:21:27","../specifications/","ze9037091","IT100",,,
"777","RQ1907112","10179506","2019-07-11","80A TONER CARTRIDGE FOR MUTARE DMs Secretary",,"0","2019-07-11 11:27:51","../specifications/","ze9037237","IT100",,,
"778","RQ19071125","10179545","2019-07-11","80A toner cartridge for Manicaland clerk, Manicaland PO and Chipinge stores keeper",,"0","2019-07-11 12:56:48","../specifications/","ze9037237","IT100",,,
"779","RQ19071157","10179545","2019-07-11","80A toner cartridge for Manicaland clerk, Manicaland PO and Chipinge stores keeper",,"0","2019-07-11 14:23:12","../specifications/","ze9037237","IT100",,,
"780","RQ19071132","10179575","2019-07-11","920XL INK TONER CARTRIDGE FOR MUTARE PERSONNEL OFFICER ",,"0","2019-07-11 14:25:45","../specifications/","ze9037237","IT100",,,
"781","RQ1907118","10179580","2019-07-11","131A TONER CARTRIDGE FOR GENERAL MANAGER'S SECRETARY",,"0","2019-07-11 14:33:10","../specifications/","ze9037237","IT100",,,
"782","RQ19071140","10179583","2019-07-11","Purchase of 5xtyres for ER2042",,"0","2019-07-11 14:36:06","../specifications/","ze301698","GARAGE",,,
"783","RQ19071149","10179549","2019-07-11","971XL INK CARTRIDGE FOR MAINTENANCE ENGINEER",,"0","2019-07-11 14:52:50","../specifications/","ze9037237","IT100",,,
"784","RQ19071158","10179523","2019-07-11","Reupholster np300 4x4 seat f/n er2165",,"0","2019-07-11 16:03:10","../specifications/REUPHOLSTER NP300 4X4 SEAT.docx","ze48941","MTG",,,
"785","RQ19071117","10179622","2019-07-11","Engine oil 500l GTX Castrol for Mutare Garage",,"0","2019-07-11 16:13:07","../specifications/1562854387ENGINE OIL GTX.docx","ze48941","MTG",,,
"786","RQ19071294","10179645","2019-07-12","970/971 INK CARTRIDGES FOR FINANCE DEPARTMENT",,"0","2019-07-12 09:01:30","../specifications/","ze265261","FM300",,,
"787","RQ19071243","10179644","2019-07-12","05A CARTRIDGES FOR FINANCE DEPARTMENT",,"0","2019-07-12 09:56:57","../specifications/","ze265261","FM300",,,
"788","RQ19071275","10179642","2019-07-12","80A TONER CARTRIDGE",,"0","2019-07-12 09:58:11","../specifications/","ze265261","FM300",,,
"789","RQ19071214","10179659","2019-07-12","HP953 INK CARTRIDGES",,"0","2019-07-12 10:14:49","../specifications/","ze265261","FM300",,,
"790","RQ19071280","10179659","2019-07-12","HP953 INK CARTRIDGES",,"0","2019-07-12 10:15:35","../specifications/","ze265261","FM300",,,
"791","RQ19071259","10179660","2019-07-12","HP920XL INK CARTRIDGES",,"0","2019-07-12 10:17:16","../specifications/","ze265261","FM300",,,
"792","RQ19071558","10179544","2019-07-15","fix and supply of 2 broken window glasses for second and third floor ladies toilets.",,"0","2019-07-15 09:58:11","../specifications/SPECIFICATIONS for glass window.docx","ze318833","HR500",,,
"793","RQ19071575","10179588","2019-07-15","supply of 100w led flood lights for megawatt exterior.",,"0","2019-07-15 10:00:14","../specifications/","ze318833","HR500",,,
"794","RQ19071554","10179779","2019-07-15","supply of toner cartridge for HRO and Admin offices.",,"0","2019-07-15 10:03:16","../specifications/1563177796SPECIFICATIONS for glass window.docx","ze318833","HR500",,,
"795","RQ19071596","10179801","2019-07-15","FRONT SHOCKSX2
REAR SHOCKS X2
MIST. LANCER ER2084",,"0","2019-07-15 11:54:57","../specifications/FRONT.REAR SHOCKS MIST.LANCER.docx","ze48941","MTG",,,
"796","RQ19071544","10179807","2019-07-15","FRONT SHOCKS X2 MIST LANCER
REAR SHOCKS X 2",,"0","2019-07-15 11:56:57","../specifications/1563184617FRONT.REAR SHOCKS MIST.LANCER.docx","ze48941","MTG",,,
"797","RQ19071572","10179579","2019-07-15","Supply and fitting of window blinds at ZETDC Megawatt second floor.",,"0","2019-07-15 15:58:28","../specifications/","ze318833","HR500",,,
"798","RQ19071666","10179794","2019-07-16","Everywhere chairs with arms for Jotali Boardroom.",,"0","2019-07-16 14:56:38","../specifications/","ze318833","HR500",,,
"799","RQ19071799","10179869","2019-07-15","Servicing of fire extinguishers for Masvingo District",,"0","2019-07-17 08:37:31","../specifications/Servicing of Fire Extinguishers Specification.docx","ze269190","MSD",,,
"800","RQ19071955","10180090","2019-07-18","Re-upholstering Car boot for Fleet Number ER2086 for Manicaland District",,"0","2019-07-19 10:19:23","../specifications/Upholstery Miriyoga.pdf","ze49638","MND",,,
"801","RQ19071963","10180145","2019-07-19","10x50kg Cement for Masvingo Garage Durawall Plastering",,"0","2019-07-22 09:08:56","../specifications/10x50kg cement.docx","ze44253","MSG",,,
"802","RQ19072229","10177629","2019-06-01","Purchase of 5 Pedal sanitary bins for use in ladies toilets",,"0","2019-07-22 10:24:38","../specifications/","ze8486","MTD",,,
"803","RQ19072267","10177543","2019-06-01","Printinf of 100 books From E22 (Application for connection or Disconnection books)",,"0","2019-07-22 10:28:01","../specifications/","ze8486","MTD",,,
"804","RQ19072281","10178725","2019-06-01","PRINTING OF 100 BOOKS OF FORM E1 (Installation of Inspection Books) in triplicate, top two pages on bank paper and third copy on newsprint)",,"0","2019-07-22 10:32:41","../specifications/","ze8486","MTD",,,
"805","RQ19072219","10178727","2017-06-01","Printing of 100 Books of Form E117(Inspection Report Book). in triplicate, top two pages on bank paper and third copy on newsprint.",,"0","2019-07-22 10:35:34","../specifications/","ze8486","MTD",,,
"806","RQ19072260","10180267","2019-07-22","HP 80A Toner catridge",,"0","2019-07-22 14:56:11","../specifications/catridge.pdf","ze244635","MTD",,,
"807","RQ19072299","10180265","2019-07-22","215/70R15 Tyres",,"0","2019-07-22 14:58:20","../specifications/215.docx","ze44253","MSG",,,
"808","RQ19072374","10180265","2019-07-23","215/70R15 Tyres",,"0","2019-07-23 09:33:02","../specifications/Tyre Specification 15.pdf","ze44253","MSG",,,
"809","RQ1907233","10167747","2019-07-23","683 Batteries",,"0","2019-07-23 16:33:39","../specifications/Battery Spec 683.pdf","ze44253","MSG",,,
"810","RQ1907239","10180297","2019-07-23","Cellphones for Business Excellence Development",,"0","2019-07-23 10:00:31","../specifications/Samsung J8.pdf","ze9032635","IT100",,,
"811","RQ19072342","10167884","2019-07-23","671 Batteries",,"0","2019-07-23 16:36:57","../specifications/Battery Spec 671.pdf","ze44253","MSG",,,
"812","RQ19072399","10167884","2019-07-23","671 Battery",,"0","2019-07-23 10:02:48","../specifications/1563868968Battery Spec 671.pdf","ze44253","MSG",,,
"813","RQ19072352","10180315","2019-07-23","650 Battery ",,"0","2019-07-23 12:37:41","../specifications/Battery Spec 650 (3).pdf","ze44253","MSG",,,
"814","RQ19072398","10180317","2019-07-23","622 Battery",,"0","2019-07-23 12:39:49","../specifications/Battery Spec 622 (3).pdf","ze44253","MSG",,,
"815","RQ19072325","10180316","2019-07-23","650 Battery ",,"0","2019-07-23 12:45:17","../specifications/1563878717Battery Spec 650 (3).pdf","ze44253","MSG",,,
"816","RQ19072377","10180318","2019-07-23","650 Battery",,"0","2019-07-23 12:46:59","../specifications/1563878819Battery Spec 650 (3).pdf","ze44253","MSG",,,
"817","RQ19072316","10180319","2019-07-23","622 Battery",,"0","2019-07-23 12:50:17","../specifications/1563879017Battery Spec 622 (3).pdf","ze44253","MSG",,,
"818","RQ19072333","10180319","2019-07-23","622 Battery",,"0","2019-07-23 12:50:19","../specifications/1563879019Battery Spec 622 (3).pdf","ze44253","MSG",,,
"819","RQ19072375","10180319","2019-07-23","622 Battery",,"0","2019-07-23 12:50:22","../specifications/1563879022Battery Spec 622 (3).pdf","ze44253","MSG",,,
"820","RQ19072368","10180320","2019-07-23","650 Battery ",,"0","2019-07-23 14:25:47","../specifications/1563884746Battery Spec 650 (3).pdf","ze44253","MSG",,,
"821","RQ19072387","10180319","2019-07-23","622 Battery ",,"0","2019-07-23 14:26:55","../specifications/1563884814Battery Spec 622 (3).pdf","ze44253","MSG",,,
"822","RQ19072329","10180322","2019-07-23","650 Battery",,"0","2019-07-23 14:28:04","../specifications/1563884884Battery Spec 650 (3).pdf","ze44253","MSG",,,
"823","RQ19072359","10180323","2019-07-23","650 battery ",,"0","2019-07-23 14:29:25","../specifications/1563884965Battery Spec 650 (3).pdf","ze44253","MSG",,,
"824","RQ19072367","10180327","2019-07-23","650 Battery",,"0","2019-07-23 14:34:54","../specifications/1563885294Battery Spec 650 (3).pdf","ze44253","MSG",,,
"825","RQ19072334","10180328","2019-07-23","650 Battery",,"0","2019-07-23 14:37:44","../specifications/1563885464Battery Spec 650 (3).pdf","ze44253","MSG",,,
"826","RQ1907234","10180329","2019-07-23","650 Battery",,"0","2019-07-23 14:39:07","../specifications/1563885547Battery Spec 650 (3).pdf","ze44253","MSG",,,
"827","RQ19072379","1080368","2019-07-23","215/70R15 Tyres",,"0","2019-07-23 15:41:53","../specifications/215R15 Tyres.pdf","ze44253","MSG",,,
"828","RQ19072317","10180374","2019-07-23","215/70R15 Tyres",,"0","2019-07-23 15:43:18","../specifications/1563889398215R15 Tyres.pdf","ze44253","MSG",,,
"829","RQ19072331","10180374","2019-07-23","215/70R15 Tyres",,"0","2019-07-23 15:44:09","../specifications/1563889449215R15 Tyres.pdf","ze44253","MSG",,,
"830","RQ19072389","10180375","2019-07-23","11R22.5Tyres",,"0","2019-07-23 15:46:37","../specifications/1563889597Tyre Spec UD70.pdf","ze44253","MSG",,,
"831","RQ19072460","10180381","2019-07-23","Purchase of GM's Laptop",,"0","2019-07-24 08:55:08","../specifications/1563951307GM Laptop.docx","ze9034669","IT100",,,
"832","RQ19072488","10179242","2019-07-24","Creeper Beds",,"0","2019-07-24 13:16:08","../specifications/INDUSTRIAL CREEPER BEDS ON WHEELS WITH HEAD REST.docx","ze44253","MSG",,,
"833","RQ19072417","10179243","2019-07-24","2 TON TROLLEY JACKS",,"0","2019-07-24 13:18:45","../specifications/2 TON TROLLEY JACKS.docx","ze44253","MSG",,,
"834","RQ19072494","10177082","2019-07-24","HEATER PLUGS",,"0","2019-07-24 13:25:04","../specifications/HEATER PLUGS.docx","ze44253","MSG",,,
"835","RQ19072443","10175947","2019-07-24","SUSPENSION KIT ",,"0","2019-07-24 13:40:00","../specifications/SUSPENSION KIT.docx","ze44253","MSG",,,
"836","RQ19072492","10175949","2019-07-24","suspension kit",,"0","2019-07-24 13:42:50","../specifications/1563968570SUSPENSION KIT.docx","ze44253","MSG",,,
"837","RQ19072432","10175951","2019-07-24","suspension Kit",,"0","2019-07-24 13:44:05","../specifications/1563968645SUSPENSION KIT.docx","ze44253","MSG",,,
"838","RQ19072535","10180557","2019-07-22","Purchase of Hosepipe for Nyanga csc",,"0","2019-07-25 08:35:41","../specifications/","ze243981","NYA",,,
"839","RQ19072536","10175947","2019-07-25","SUSPENSION KIT NISSAN  NP300",,"0","2019-07-25 15:25:17","../specifications/1564045213NISSAN SPEC SUSP.pdf","ze44253","MSG",,,
"840","RQ19072587","10175949","2019-07-25","SUSPENSION KIT NISSAN NP300",,"0","2019-07-25 15:27:00","../specifications/1564045311NISSAN SPEC SUSP.pdf","ze44253","MSG",,,
"841","RQ19072566","10175951","2019-07-25","SUSPENSION KIT NISSAN NP300",,"0","2019-07-25 15:26:22","../specifications/1564045398NISSAN SPEC SUSP.pdf","ze44253","MSG",,,
"842","RQ19072547","10180559","2019-07-25","Engine Cleaner",,"0","2019-07-25 11:11:57","../specifications/ENGINE CLEANER SPEC.pdf","ze44253","MSG",,,
"843","RQ19072598","10180561","2019-07-25","ATF Oil",,"0","2019-07-25 11:13:52","../specifications/ATF SPEC.pdf","ze44253","MSG",,,
"844","RQ19072564","10180562","2019-07-24","Multipurpose Grease",,"0","2019-07-25 11:16:02","../specifications/MULTIPURPOSE GREASE SPEC.pdf","ze44253","MSG",,,
"845","RQ19072586","10180564","2019-07-25","Wheel Bearing Grease",,"0","2019-07-25 11:17:38","../specifications/WHEEL BEARING GREASE SPEC.pdf","ze44253","MSG",,,
"846","RQ19072546","10180565","2019-07-25","Brake Fluid ",,"0","2019-07-25 11:20:56","../specifications/1564046456BRAKE FLUID SPEC.pdf","ze44253","MSG",,,
"847","RQ19072584","10180500","2019-07-25","Gear Box Oil SAE 75 W 90",,"0","2019-07-25 11:26:55","../specifications/GEARBOX OIL SPEC.pdf","ze44253","MSG",,,
"848","RQ19072530","10180499","2019-07-25","Mutton cloth 10 x 1 kg",,"0","2019-07-25 11:50:47","../specifications/1564047118MUTTON  CLOTH  X  1KG.docx","ze44253","MSG",,,
"849","RQ19072568","10180614","2019-07-25","PURCHASE OF COLOUR CODED TRASH BINS FOR WASTE SEGREGATION",,"0","2019-07-25 13:29:38","../specifications/color-coded-trash-bins.webp","ze289310","ERM",,,
"850","RQ19072520","10180697","2019-07-25","PURCHASE OF DISTILLED WATER FOR PRIMARY S/S BATTERY MAINTENANCE",,"0","2019-07-25 16:11:54","../specifications/DISTILLED WATER.jpg","ze289310","ERM",,,
"851","RQ1907265","10180690","2019-07-25","Chipinge Agricultural Show Stand Design",,"0","2019-07-26 14:08:53","../specifications/RFQ - Stand Designing for Chipinge Agric Show.doc","ze280542","COM700",,,
"852","RQ19072694","10180692","2019-07-25","Supply of branded Golf Shirts for Chipinge Agricultural Show",,"0","2019-07-26 14:14:41","../specifications/RFQ-  Golf Shirts - Octane.docx","ze280542","COM700",,,
"853","RQ19072617","10180693","2019-07-25","Chiredzi Agricultural Show Stand Design",,"0","2019-07-26 14:17:18","../specifications/RFQ - Stand Designing for Chiredzi Agric Show.doc","ze280542","COM700",,,
"854","RQ19072660","10180694","2019-07-25","Supply of Branded Golf Shirts for Chiredzi Agricultural Show",,"0","2019-07-26 14:23:36","../specifications/1564143816RFQ-  Golf Shirts - Sigma.docx","ze280542","COM700",,,
"855","RQ19072612","10168419","2019-07-26","ACE to cover the purchase of four (4) laptops for Mutare and Masvingo for use in the Call Centre system",,"0","2019-07-26 16:18:49","../specifications/HARDWARE SPECIFICATIONS for HP 450 Laptops.docx","ze297232","IT100",,,
"856","RQ19072625","10168851","2019-07-26","This ACE is raised to cover the cost of the purchase of a Laptop for the HR and Admin Manager",,"0","2019-07-26 17:14:00","../specifications/1564154040Laptop Spec.docx","ze297232","IT100",,,
"857","RQ19072919","10180827","2019-07-29","TRANSPORTATION AND OFFLOADING  OF 1000KVA 33/11KV TRANSFORMER FROM SOUTH WALES WATERFALLS, HARARE  TO MARANGE SUBSTATION. SERIAL NO 15849 ( DISTANCE ABOUT 375KM)",,"0","2019-07-29 11:46:45","../specifications/","ze289310","ERM",,,
"858","RQ19072956","10180411","2019-07-29","supply of bond paper for regional office.",,"0","2019-07-29 14:45:35","../specifications/","ze318957","HR500",,,
"859","RQ19072918","10180229","2019-07-29","Supply and Delivery of Renovation Materials at Chimanimani Depot",,"0","2019-07-29 15:16:54","../specifications/PR10180229.docx","ze318833","HR500",,,
"860","RQ19072955","10180133","2019-07-29","Supply and Delivery of Renovation Materials at Chipinge Depot",,"0","2019-07-29 15:18:33","../specifications/PR10180133.docx","ze318833","HR500",,,
"861","RQ19072957","10180284","2019-07-29","Supply and Delivery of Renovation Materials at Chiredzi Depot",,"0","2019-07-29 15:20:02","../specifications/PR10180284.docx","ze318833","HR500",,,
"862","RQ19072972","10180307","2019-07-29","Supply and Delivery of Renovation Materials at Gutu Depot",,"0","2019-07-29 15:22:23","../specifications/1564406543PR10180307.docx","ze318833","HR500",,,
"863","RQ1907299","10180307","2019-07-29","Supply and Delivery of Renovation Materials at Gutu Depot",,"0","2019-07-29 15:22:25","../specifications/1564406545PR10180307.docx","ze318833","HR500",,,
"864","RQ19072996","10180307","2019-07-29","Supply and Delivery of Renovation Materials at Gutu Depot",,"0","2019-07-29 15:22:27","../specifications/1564406547PR10180307.docx","ze318833","HR500",,,
"865","RQ19072949","10180307","2019-07-29","Supply and Delivery of Renovation Materials at Gutu Depot",,"0","2019-07-29 15:22:45","../specifications/1564406564PR10180307.docx","ze318833","HR500",,,
"866","RQ19072945","10180234","2019-07-29","Supply and Delivery of Renovation Materials at Mashava Depot",,"0","2019-07-29 15:24:24","../specifications/PR10180234.docx","ze318833","HR500",,,
"867","RQ19072964","10180160","2019-07-29","Supply and Delivery of Renovation Materials at Masvingo Depot",,"0","2019-07-29 15:25:53","../specifications/PR10180160.docx","ze318833","HR500",,,
"868","RQ19072941","10180116","2019-07-29","Supply and Delivery of Renovation Materials at Middle Sabi Depot",,"0","2019-07-29 15:29:29","../specifications/pr10180116.docx","ze318833","HR500",,,
"869","RQ19072912","10180350","2019-07-29","Supply and Delivery of Renovation Materials at Rutenga Depot",,"0","2019-07-29 15:31:10","../specifications/PR10180350.docx","ze318833","HR500",,,
"870","RQ19073072","10180902","2019-07-30","soap for mutare staff",,"0","2019-07-30 08:38:00","../specifications/","ze276839","ENV",,,
"871","RQ19073032","10180903","2019-07-30","soap for masvingo district",,"0","2019-07-30 08:39:22","../specifications/","ze276839","ENV",,,
"872","RQ19073038","10180905","2019-07-30","soap 1kg for manicaland",,"0","2019-08-20 11:55:32","../specifications/","ze276839","ENV",,,
"873","RQ19073067","10178800","2019-06-13","CIF BOOKS FOR MANICALAND DISTRICT",,"0","2019-07-30 12:25:53","../specifications/STATIONARY.docx","ze293598","MND",,,
"874","RQ19073042","10178817","2019-06-13","E60 BOOKS FOR MANICALAND DISTRICT",,"0","2019-07-30 12:28:45","../specifications/1564482525STATIONARY.docx","ze293598","MND",,,
"875","RQ19073077","10178801","2019-05-13","E1 BOOKS FOR MANICALAND DISTRICT",,"0","2019-07-30 12:29:48","../specifications/1564482588STATIONARY.docx","ze293598","MND",,,
"876","RQ19073081","10178815","2019-05-13","E86 BOOKS FOR MANICALAND DISTRICT OFFICE",,"0","2019-07-30 12:31:49","../specifications/1564482709STATIONARY.docx","ze293598","MND",,,
"877","RQ19073048","10178823","2019-05-13","FAULT REPORT BOOKS FOR MANICALAND DISTRICT OFFICE",,"0","2019-07-30 12:33:00","../specifications/1564482780STATIONARY.docx","ze293598","MND",,,
"878","RQ19073020","10178823","2019-05-13","FAULT REPORT BOOKS FOR MANICALAND DISTRICT OFFICE",,"0","2019-07-30 12:33:02","../specifications/1564482782STATIONARY.docx","ze293598","MND",,,
"879","RQ19073043","10178824","2019-05-13","E117 BOOKS FOR MANICALAND DISTRICT OFFICE",,"0","2019-07-30 12:34:32","../specifications/","ze293598","MND",,,
"880","RQ19073082","10178822","2019-05-13","E22 BOOKS FOR MANICALAND DISTRICT OFFICE",,"0","2019-07-30 12:36:20","../specifications/1564482980STATIONARY.docx","ze293598","MND",,,
"881","RQ19073014","10178820","2019-05-13","E16 BOOKS FOR MANICALAND DISTRICT",,"0","2019-07-30 12:38:04","../specifications/","ze293598","MND",,,
"882","RQ1907305","10173126","2019-04-10","garden sprinkers for chipinge top office",,"0","2019-07-30 12:46:11","../specifications/1564483570CHIPINGE TOP OFFICE.docx","ze293598","MND",,,
"883","RQ19073041","10173135","2019-04-10","garden sprinklers for chipinge depot",,"0","2019-07-30 12:47:24","../specifications/","ze293598","MND",,,
"884","RQ19073061","10173130","2019-04-10","garden sprinklers for chimanimani",,"0","2019-07-30 12:48:47","../specifications/1564483727chimanimani.docx","ze293598","MND",,,
"885","RQ19073083","10175120","2019-04-10","garden sprinbkers for msabi depot",,"0","2019-07-30 12:49:34","../specifications/1564483774MSABI.docx","ze293598","MND",,,
"886","RQ19073062","10173916","2019-05-01","first aid boxes for manicaland district",,"0","2019-07-30 12:50:16","../specifications/","ze293598","MND",,,
"887","RQ19073033","10179089","2019-06-27","BOND PAPER FOR MANICALAND DISTRICT",,"0","2019-07-30 12:51:33","../specifications/","ze293598","MND",,,
"888","RQ19073047","10179087","2019-06-27","TONER CARTRIDGE FOR MANICALAND DISTRICT",,"0","2019-07-30 12:53:57","../specifications/","ze293598","MND",,,
"889","RQ19073012","10180912","2019-07-30","Refilling of First Aid Box as per NSSA requirments ",,"0","2019-07-30 13:42:20","../specifications/1564486940NSSA First Aid Requirements.jpg","ze232696","URB",,,
"890","RQ19073063","10180912","2019-07-30","Refilling of First Aid Box as per NSSA requirments ",,"0","2019-07-30 13:42:22","../specifications/1564486942NSSA First Aid Requirements.jpg","ze232696","URB",,,
"891","RQ19073045","10180912","2019-07-30","Refilling of First Aid Box as per NSSA requirments ",,"0","2019-07-30 13:42:24","../specifications/1564486944NSSA First Aid Requirements.jpg","ze232696","URB",,,
"892","RQ19073052","10180912","2019-07-30","Refilling of First Aid Box as per NSSA requirments ",,"0","2019-07-30 13:43:21","../specifications/1564487001NSSA First Aid Requirements.jpg","ze232696","URB",,,
"893","RQ19073084","10180912","2019-07-30","Refiiling of Centre First Aid Box as per NSSA Requirement",,"0","2019-07-30 14:11:24","../specifications/1564488684NSSA First Aid Requirements.jpg","ze232696","URB",,,
"894","RQ1907304","10180972","2019-07-30","To purchase 55A Toner Manicaland Accountant Officer",,"0","2019-07-30 16:20:08","../specifications/","ze9037237","IT100",,,
"895","RQ1907302","10180972","2019-07-30","To purchase 55A Toner Manicaland Accountant Officer",,"0","2019-07-30 16:31:38","../specifications/","ze9037237","IT100",,,
"896","RQ19073028","10180972","2019-07-30","To purchase 55A Toner Manicaland Accountant Officer",,"0","2019-07-30 16:32:21","../specifications/","ze9037237","IT100",,,
"897","RQ1907309","10180972","2019-07-30","To purchase 55A Toner Manicaland Accountant Officer",,"0","2019-07-30 16:32:43","../specifications/","ze9037237","IT100",,,
"898","RQ19073046","10180972","2019-07-30","To purchase 55A Toner for Manicaland Accountant Officer",,"0","2019-07-30 16:54:30","../specifications/","ze9037237","IT100",,,
"899","RQ19073198","10180972","2019-07-31","To purchase 55A for Manicaland Accountant Officer",,"0","2019-07-31 08:23:03","../specifications/","ze9037237","IT100",,,
"900","RQ19073135","10179869","2019-07-15","Fire Extinguishers Servicing-Masvingo District",,"0","2019-07-31 11:58:49","../specifications/Fire Extinguishers Servicing-Masvingo District office.docx","ze269190","MSD",,,
"901","RQ19073136","10180990","2019-07-31","2 x 2hp pumps for water features ",,"0","2019-07-31 16:12:27","../specifications/","ze260932","GM400",,,
"902","RQ19080155","10181093","2019-08-01"," Supply of 20 boxes of porcelain tiles for Nyanga Staff Houses",,"0","2019-08-01 15:59:08","../specifications/","ze269859","MND",,,
"903","RQ1908011","10181089","2019-08-01","Fix and supply of screen doors at Nyanga staff Houses",,"0","2019-08-01 16:02:14","../specifications/","ze269859","MND",,,
"904","RQ19080577","10181160","2019-08-05","Fabrication of fuel tank on F/N 2624 - UD Aichi 8 Tone truck",,"0","2019-08-05 09:39:05","../specifications/","ze301698","GARAGE",,,
"905","RQ19080574","10181164","2019-08-05","PURCHASE OF CEMENT FOR 33KV CB  PAD CONSTRUCTION AT RUSAPE NORTH AND RUSAPE 132KV SUB STATIONS.",,"0","2019-08-05 10:57:32","../specifications/","ze289310","ERM",,,
"906","RQ19080521","10181160","2019-08-05","Fabrication of Fuel Tank on F/N 2624- Nsn UD Aichi 8 Tonne",,"0","2019-08-05 12:03:01","../specifications/FUEL TANK FABRICATION SPECIFICATIONS.docx","ze301698","GARAGE",,,
"907","RQ19080511","10181176","2019-08-05","purchase of 2 lower ball joints for np300 er2129",,"0","2019-08-05 13:19:48","../specifications/ball joints er2129.jpg","ze48941","MTG",,,
"908","RQ1908068","10181228","2019-08-06","Purchase of door Locksets for Nyanga Staff Houses",,"0","2019-08-06 11:22:29","../specifications/","ze269859","MND",,,
"909","RQ19080755","10181299","2019-08-07","Purchase of pole chain saws for Mutare District",,"0","2019-08-07 08:55:53","../specifications/","ze261297","MTD",,,
"910","RQ19080739","10181299","2019-08-07","Purchase of 6 X electric powered pole saws/pruner c/w battery and battery charger  ",,"0","2019-08-07 12:12:30","../specifications/Pole saw-pruner.docx","ze261297","MTD",,,
"911","RQ19080751","10181307","2019-08-07","Supply of A1 Picture frames.",,"0","2019-08-07 14:50:11","../specifications/","ze318957","HR500",,,
"912","RQ19080870","10181367","2019-08-08","PURCHASE OF ANTISLIP SAFETY SHOES FOR MAINTENANCE DEPARTMENT 2020 ALLOCATION",,"0","2019-08-08 16:18:43","../specifications/ANTISLIP SAFETY SHOES.jpg","ze289310","ERM",,,
"913","RQ19080840","10181365","2019-08-08","PURCHASE OF ACID PROOF WORKSUITS FOR MAINTENANCE DEPARTMENT 2020 ALLOCATION- GREY COLOUR",,"0","2019-08-08 16:18:26","../specifications/ACID PROOF WORKSUITS.jpg","ze289310","ERM",,,
"914","RQ19081432","10181484","2019-08-14","BOND PAPER FOR R/O PRINTING",,"0","2019-08-14 11:09:54","../specifications/","ze318957","HR500",,,
"915","RQ19081463","10178214","2019-08-14","FLOOD LIGHTS FOR MEGAWATT BUILDING",,"0","2019-08-14 14:02:38","../specifications/","ze318957","HR500",,,
"916","RQ19081553","10181520","2019-08-15","TONER CARTRIDGES FOR MANICALAND DISTRICT OFFICE - 5*05A and 5*80A",,"0","2019-08-15 08:47:16","../specifications/","ze293598","MND",,,
"917","RQ19081571","10181546","2019-08-15","PURCHASE OF SECURITY LIGHTS FOR THE MAINTENANCE DEPOT YARD - (6 X 30W and 10 X 100W)",,"0","2019-08-15 14:22:53","../specifications/","ze289310","ERM",,,
"918","RQ19081651","10118158","2019-08-16","Labour for repainting intreior walls for 10 ZETDC staff houses at Mutare Environs Compound",,"0","2019-08-16 12:26:36","../specifications/Labour.pdf","ze270210","MTD",,,
"919","RQ19081974","10178214","2019-08-19","LED FLOOD LIGHTS FOR MEGAWATT BUILDING",,"0","2019-08-19 09:57:37","../specifications/","ze318957","HR500",,,
"920","RQ1908206","10181736","2019-08-20","Printing of 100bks (E84) 11 Kv line inspection report",,"0","2019-08-20 12:39:59","../specifications/Printing of 100bks on bank paper in triplicate.pdf","ze270210","MTD",,,
"921","RQ19082194","10181689","2019-08-20","05A TONER CARTRIDGE FOR HRO & ADMIN PRINTERS",,"0","2019-08-21 08:14:04","../specifications/","ze318957","HR500",,,
"922","RQ19082376","10182062","2019-08-23","Construction of 1 Blair toilet at Reenen sub station, Nyanga",,"0","2019-08-23 12:02:05","../specifications/","ze243981","NYA",,,
"923","RQ19082341","10182062","2019-08-23","Construction of 1 Blair toilet at Reenen sub station, Nyanga",,"0","2019-08-23 12:03:53","../specifications/","ze243981","NYA",,,
"924","RQ19082311","10182063","2019-08-23","Blair toilet for Nyanga north substation",,"0","2019-08-23 12:04:35","../specifications/","ze243981","NYA",,,
"925","RQ19082398","10182104","2019-08-23","Water tanks for Nyanga csc",,"0","2019-08-23 15:34:54","../specifications/","ze243981","NYA",,,
"926","RQ19082688","10182139","2019-08-26","Supply Cement Bricks for ZCDC control room",,"0","2019-08-26 14:18:17","../specifications/","ze336912","END",,,
"927","RQ19082655","10182138","2019-08-16","Fix and Supply Concrete Pavers Along CABS Feeder on ZB Section, Greenwood Pharmacy, Halsteds and Mitchels",,"0","2019-08-26 11:07:51","../specifications/","ze336912","END",,,
"928","RQ19082611","10182227","2019-08-26","Vertical Strains on Merrywaters  11 kv feeder",,"0","2019-08-26 16:28:16","../specifications/","ze341827","CHM",,,
"929","RQ19082712","10182318","2019-08-27","WORK STATION DESKS FOR I.T PERSONNEL",,"0","2019-08-27 16:03:14","../specifications/","ze318957","HR500",,,
"930","RQ19082781","10182317","2019-08-27","Tubular poles on Machongwe T-Off",,"0","2019-08-27 16:09:27","../specifications/","ze341827","CHM",,,
"931","RQ19082788","10182315","2019-08-27","Request for Tubular poles on 33 kv Chimanimani feeder",,"0","2019-08-27 16:12:41","../specifications/","ze341827","CHM",,,
"932","RQ19082769","10182321","2019-08-27","Request for Tubular poles on Biriiri feeder",,"0","2019-08-27 16:15:13","../specifications/","ze341827","CHM",,,
"933","RQ1908275","10182325","2019-08-27","Request for Tubular Poles On 33 kv Chisengu T-OFF",,"0","2019-08-27 16:23:14","../specifications/","ze341827","CHM",,,
"934","RQ19082892","10182351","2019-08-28","Servicing Fire Extinguisher for Masvingo District",,"0","2019-08-28 09:14:00","../specifications/1566976440Fire Extinguishers Servicing-Masvingo District office.docx","ze305510","MSD",,,
"935","RQ19082885","10182351","2019-08-28","Servicing Fire Extinguisher for Masvingo District",,"0","2019-08-28 09:14:09","../specifications/1566976448Fire Extinguishers Servicing-Masvingo District office.docx","ze305510","MSD",,,
"936","RQ19082827","10182351","2019-08-28","Servicing Fire Extinguisher for Masvingo District",,"0","2019-08-28 09:14:16","../specifications/1566976456Fire Extinguishers Servicing-Masvingo District office.docx","ze305510","MSD",,,
"937","RQ19082810","10182351","2019-08-28","Servicing Fire Extinguisher for Masvingo District",,"0","2019-08-28 09:14:23","../specifications/1566976463Fire Extinguishers Servicing-Masvingo District office.docx","ze305510","MSD",,,
"938","RQ19082823","10182351","2019-08-28","Servicing Fire Extinguisher for Masvingo District",,"0","2019-08-28 09:15:14","../specifications/1566976514Fire Extinguishers Servicing-Masvingo District office.docx","ze305510","MSD",,,
"939","RQ19082882","10182336","2019-08-27","Request for Tubular Poles 33 kv Chayamiti T-Off",,"0","2019-08-28 14:24:45","../specifications/","ze341827","CHM",,,
"940","RQ19082864","10182329","2019-08-27","Request for Tubular Poles on 33 kv Gwendingwe T-Off",,"0","2019-08-28 14:26:45","../specifications/","ze341827","CHM",,,
"941","RQ19082871","10182325","2019-08-28","Request for Tubular poles on 33 kv Chisengu",,"0","2019-08-28 14:31:44","../specifications/","ze341827","CHM",,,
"942","RQ19082861","10182399","2019-08-28","Request for Tubular poles on Rusitu feeder",,"0","2019-08-28 15:19:52","../specifications/","ze341827","CHM",,,
"943","RQ19082822","10182399","2019-02-08","Request for Tubular poles on 11 kv Rusitu feeder",,"0","2019-08-28 15:22:51","../specifications/","ze341827","CHM",,,
"944","RQ19082851","10182339","2019-08-28","Request for Tubular poles on 33 kv Nyanyadzi fdr Chiramba t-off",,"0","2019-08-28 15:25:27","../specifications/","ze341827","CHM",,,
"945","RQ1908282","10182339","2019-08-28","Request for Tubular poles on 33 kv Nyanyadzi fdr Chiramba t-off",,"0","2019-08-28 15:27:24","../specifications/","ze341827","CHM",,,
"946","RQ19082824","10182338","2019-08-28","Request for Tubular poles on 33 kv Nyanyadzi fdr",,"0","2019-08-28 15:31:38","../specifications/","ze341827","CHM",,,
"947","RQ19082881","10182401","2019-08-28","PURCHSASE OF 1000L WATER TANKS FOR MANICALAND SUB STATIONS",,"0","2019-08-28 15:59:12","../specifications/1000L TANK.jpg","ze289310","ERM",,,
"948","RQ19082889","10182338","2019-08-28","Request for Tubular Poles on 33 kv Nyanyadzi",,"0","2019-08-28 16:04:35","../specifications/","ze341827","CHM",,,
"949","RQ19082845","10182395","2019-08-28","Request for Tubular poles on 33 kv Nyanyadzi fdr Bumba t-off",,"0","2019-08-28 16:06:27","../specifications/","ze341827","CHM",,,
"950","RQ19082860","10182395","2019-08-28","Request for Tubular Poles on 33 kv Nyanyadzi feeder Bumba T-off",,"0","2019-08-28 16:24:13","../specifications/","ze341827","CHM",,,
"951","RQ19082897","10182393","2019-08-28","Request for Tubular poles on 11 kv Heathfield feeder",,"0","2019-08-28 16:27:03","../specifications/","ze341827","CHM",,,
"952","RQ19082875","10182390","2019-08-28","Request for Tubular poles on 11 kv Neeyear's Gift feeder Makondo",,"0","2019-08-28 16:29:01","../specifications/","ze341827","CHM",,,
"953","RQ19082834","10182389","2019-08-28","Request for Tubular poles on 11 kv Local feeder",,"0","2019-08-28 16:30:54","../specifications/","ze341827","CHM",,,
"954","RQ19082849","10182389","2019-08-28","Request for Tubular poles on 11 kv Local feeder",,"0","2019-08-28 16:34:20","../specifications/","ze341827","CHM",,,
"955","RQ19082821","10182389","2019-08-28","Request for Tubular poles on 11 kv Local feeder",,"0","2019-08-28 16:39:58","../specifications/","ze341827","CHM",,,
"956","RQ19082940","10182389","2019-08-27","Request for Tubular poles on 11 kv Local feeder",,"0","2019-08-29 07:59:01","../specifications/","ze341827","CHM",,,
"957","RQ1908292","10182389","2019-08-27","Request for Tubular poles on 11 kv Local feeder",,"0","2019-08-29 08:04:58","../specifications/","ze341827","CHM",,,
"958","RQ19082925","10182389","2019-08-27","Request for Tubular poles on 11 kv Local feeder",,"0","2019-08-29 08:08:43","../specifications/","ze341827","CHM",,,
"959","RQ19082983","10182421","2019-08-29","Request for 2m by 1m whiteboard for It office use",,"0","2019-08-29 09:44:14","../specifications/","ze9037091","IT100",,,
"960","RQ1908296","10182421","2019-08-29","Request for 2m by 1m whiteboard for It office use",,"0","2019-08-29 09:45:03","../specifications/","ze9037091","IT100",,,
"961","RQ19082927","10182464","2019-08-29","SERVICE AND PROVIDE NEW FIRE EXTINGUISHERS",,"0","2019-08-29 15:43:51","../specifications/IMG-20190829-WA0143.jpg","ze47724","CHP",,,
"962","RQ19090549","10182702","2019-09-05","Manicaland Agric Show Stand Designing",,"0","2019-09-05 09:31:59","../specifications/Manicaland Agric Show Stand Design RFQ.docx","ze280542","COM700",,,
"963","RQ19090559","10182702","2019-09-05","Manicaland Agric Show Stand Designing",,"0","2019-09-05 09:33:28","../specifications/1567668808Manicaland Agric Show Stand Design RFQ.docx","ze280542","COM700",,,
"964","RQ19090580","10182703","2019-09-05","Masvingo Agric Show stand designing",,"0","2019-09-05 09:34:55","../specifications/Masvingo Agric Show Stand Design RFQ.docx","ze280542","COM700",,,
"965","RQ19090680","10182824","2019-09-06","purchase of Samsung J7 for Garage Foreman-Mutare Garage",,"0","2019-09-06 15:05:51","../specifications/SAMSUNG J7.docx","ze48941","MTG",,,
"966","RQ19090957","10182857","2019-09-09","toner cartridge  ",,"0","2019-09-09 11:54:03","../specifications/Toner cartridges for 05A for revenue assurance.docx","ze270210","MTD",,,
"967","RQ19090987","10182863","2019-09-09","toner cartridge for revenue assurance 55a",,"0","2019-09-09 11:57:46","../specifications/Toner cartridge 55A.docx","ze270210","MTD",,,
"968","RQ19090944","10182873","2019-09-09","bond paper for D/O",,"0","2019-09-09 12:22:01","../specifications/Bond paper for D.docx","ze270210","MTD",,,
"969","RQ19091074","10182906","2019-09-10","first aid kits for mutare district",,"0","2019-09-10 08:56:23","../specifications/First Aid kits for Mutare District.docx","ze270210","MTD",,,
"970","RQ19091096","10182908","2019-09-10","MICROWAVE FOR MEGAWATT BUILDING 3RD FLOOR KITCHEN",,"0","2019-09-10 11:46:44","../specifications/","ze318957","HR500",,,
"971","RQ1909103","10182955","2019-09-10","Florescent Tubes",,"0","2019-09-10 13:39:29","../specifications/4ft Florescent tubes for 1.docx","ze270210","MTD",,,
"972","RQ19091181","10182468","2019-08-30","Durawall for Chimanimani Client Service Centre - Cement for moulding bricks and construction of durawall",,"0","2019-09-20 07:51:41","../specifications/BOQ -CEMENT BRICKS FOR CHIMANIMANI DURAWALL.xlsx","ze269859","MND","ACE19050321","specifications/1556885413Explanatory Notes for Chimanimani Durawall.docx",
"973","RQ19091232","10183067","2019-09-12","PURCHASE OF SAMSUNG J7 CELLPHONE FOR ENGINEER JAMBO.",,"0","2019-09-12 09:36:03","../specifications/","ze289310","ERM",,,
"974","RQ19091220","10183066","2019-09-11","supply 70mm X4 core cable",,"0","2019-09-12 10:13:37","../specifications/","ze276839","ENV",,,
"975","RQ1909128","10183066","2019-09-11","supply 70mm X4 core cable",,"0","2019-09-12 10:13:42","../specifications/","ze276839","ENV",,,
"976","RQ19091268","10183066","2019-09-11","supply 70mm X4 core cable",,"0","2019-09-12 10:13:46","../specifications/","ze276839","ENV",,,
"977","RQ19091236","10183066","2019-09-12","copper exchange with 50mm conductor sca",,"0","2019-09-12 10:20:06","../specifications/","ze276839","ENV",,,
"978","RQ19091252","10182514","2019-09-12","copper exchange with service cable 70mm",,"0","2019-09-12 10:21:43","../specifications/","ze276839","ENV",,,
"979","RQ19091359","10183146","2019-09-13","soccer kit and socks for Chimanimani, Nyanga, Rusape, Middle Sabi and Chipinge depots.",,"0","2019-09-13 08:55:33","../specifications/scan.pdf","ze269859","MND",,,
"980","RQ19091340","10183006","2019-09-13","SUPPLY & DELIVER OF STAFF ID'S",,"0","2019-09-13 09:28:00","../specifications/","ze318957","HR500",,,
"981","RQ19091339","10182519","2019-09-13","Quarry for Masvingo District Show Stand",,"0","2019-09-13 12:59:57","../specifications/","ze305510","MSD",,,
"982","RQ19091311","10182519","2019-09-13","Quarry for Masvingo District Show stand",,"0","2019-09-13 13:14:22","../specifications/Quarry Stone-Masvingo Agric Show-2019.pdf","ze305510","MSD",,,
"983","RQ19091696","10183229","2019-09-16","ANNUAL CLEANING CONTRACT FOR E/R",,"0","2019-09-16 09:10:30","../specifications/","ze318957","HR500",,,
"984","RQ19091791","10183355","2019-09-17","To purchase 80A toner cartridge for middle sabi deport clerk",,"0","2019-09-17 09:47:49","../specifications/","ze9037237","IT100",,,
"985","RQ19091737","10183362","2019-09-17","To purchase 80A toner cartridge for Nyanga Stores",,"0","2019-09-17 10:23:43","../specifications/","ze9037237","IT100",,,
"986","RQ1909178","10183365","2019-09-17","To purchase 80A toner cartridge for Chipinge banking hall supervisor",,"0","2019-09-17 10:27:27","../specifications/","ze9037237","IT100",,,
"987","RQ19091751","10183366","2019-09-17","To purchase toner  ProX476dwcartridge for DM'S secretary",,"0","2019-09-17 10:30:46","../specifications/","ze9037237","IT100",,,
"988","RQ19091799","10183418","2019-09-17","Purchase of facebricks for Chimanimani Durawall",,"0","2019-09-17 15:31:09","../specifications/","ze269859","MND",,,
"989","RQ19091836","10183501","2019-09-18","970/971 CARTRIDGES FOR FINANCE DEPARTMENT",,"0","2019-09-18 12:39:04","../specifications/","ze265261","FM300",,,
"990","RQ19091976","10182795","0019-09-05"," To service  printer Heavy duty 500 color",,"0","2019-09-19 08:33:12","../specifications/","ze9037237","IT100",,,
"991","RQ19091924","10183647","2019-09-19","Purchase of 1xPressure Plate, 1xClutch Plate, 1xThrust Bearing for DU95 f/n er2193 Environs Truck Engine number FE6005821H",,"0","2019-09-19 13:20:59","../specifications/clutck kit er2193 Environs.docx","ze48941","MTG",,,
"992","RQ19092082","10183706","2019-09-20","New battery size 669 for L/Cruiser truck f/n ER2210 ( Chimanimani )",,"0","2019-09-22 14:53:35","../specifications/Battery for Mahindra er2076.docx","ze48941","MTG",,,
"993","RQ19092425","10183823","2019-09-20","05A toner cartridge for commercial office manicaland ",,"0","2019-09-24 07:59:46","../specifications/","ze9037237","IT100",,,
"994","RQ19092448","10183853","2019-09-24","Purchase 05A toner cartridge  for accounting officer cash mutare",,"0","2019-09-24 09:53:01","../specifications/","ze9037237","IT100",,,
"995","RQ19092544","10183976","2019-09-25","TRANSPORT HIRING SERVICE",,"0","2019-09-25 11:09:51","../specifications/","ze47724","CHP",,,
"996","RQ19092532","10184023","2019-09-25","PURCHASE OF HP950XL SET OF CARTRIDGES",,"0","2019-09-25 12:25:37","../specifications/","ze265261","FM300",,,
"997","RQ19092546","10184025","2019-09-25","HP932/933 SET OF CARTRIDGES FOR CREDITORS SECTION",,"0","2019-09-25 12:27:30","../specifications/","ze265261","FM300",,,
"998","RQ1909258","10184018","2019-09-25","PURCHASE OF STATIONERY FOR FINANCE DEPARTMENT",,"0","2019-09-25 12:29:31","../specifications/","ze265261","FM300",,,
"999","RQ19092536","10183366","2019-09-17","To purchase 971 ink cartridge for DM's secretary (Manicaland)",,"0","2019-09-25 14:50:36","../specifications/","ze9037237","IT100",,,
"1000","RQ1909261","10184089","2019-09-26","Purchase of Bond Paper",,"0","2019-09-26 10:47:00","../specifications/","ze318957","HR500",,,
"1001","RQ19092741","10184093","2019-09-26","BATTERY ROOM SIGNAGE FOR EASTERN REGION",,"0","2019-09-27 09:28:58","../specifications/SPEC FOR BATTERY ROOM 2019.docx","ze247200","HR500",,,
"1002","RQ19092718","10184094","2019-09-26","REVERSE PARKING SIGNAGE FOR EASTERN REGION",,"0","2019-09-27 09:32:32","../specifications/SPEC FOR REVERSE PARKING 2019.docx","ze247200","HR500",,,
"1003","RQ19092730","10184097","2019-09-26","WASTE SEGREGATION SIGNAGE FOR EASTERN REGION",,"0","2019-09-27 09:34:53","../specifications/SPEC FOR WASTE SEGREGATION 2019.docx","ze247200","HR500",,,
"1004","RQ19092732","10184099","2019-09-26","THINK SAFETY SIGNAGE FOR EASTERN REGION",,"0","2019-09-27 09:36:49","../specifications/SPEC FOR THINK SAFETY 2019.docx","ze247200","HR500",,,
"1005","RQ19092774","10184188","2019-09-27","purchase of 05A toner cartridge for clerk cash office Mutare",,"0","2019-09-27 10:59:52","../specifications/","ze9037237","IT100",,,
"1006","RQ19092786","10184193","2019-09-27","Purchase of new tyres  215R15 for np300 f/n er2143 -Environs",,"0","2019-09-27 14:57:31","../specifications/1569589051NEW TYRES 215R15.docx","ze48941","MTG",,,
"1007","RQ19092761","10184194","2019-09-27","New tyres 215R15 for np300 f/n er2148 Environs",,"0","2019-09-27 15:02:12","../specifications/1569589331NEW TYRES 215R15.docx","ze48941","MTG",,,
"1008","RQ19092745","10184196","2019-09-27","New tyres 215R15 for np300 for f/n er2132 Urban ",,"0","2019-09-27 15:09:53","../specifications/1569589793NEW TYRES 215R15.docx","ze48941","MTG",,,
"1009","RQ19092742","10184195","2019-09-27","new tyres for np300 f/n er2131 215R15",,"0","2019-09-27 15:12:16","../specifications/1569589936NEW TYRES 215R15.docx","ze48941","MTG",,,
"1010","RQ19092768","10184195","2019-09-27","New tyres for np300 f/n er2131 215R15 for Environs",,"0","2019-09-27 15:14:41","../specifications/1569590081NEW TYRES 215R15.docx","ze48941","MTG",,,
"1011","RQ19092738","10184198","2019-09-27","New  tyres for np300 215R15 for f/n er2204-M/Sabi",,"0","2019-09-27 15:17:04","../specifications/1569590224NEW TYRES 215R15.docx","ze48941","MTG",,,
"1012","RQ19092794","10184199","2019-09-27","new tyres for np300 f/n er2145 size 215R15 for Reg Office",,"0","2019-09-27 15:21:01","../specifications/1569590461NEW TYRES 215R15.docx","ze48941","MTG",,,
"1013","RQ19092760","10184201","2019-09-27","new tyres 245/70R16 for np300 4x4 er2152",,"0","2019-09-27 15:27:47","../specifications/1569590867NEW TYRES 245.70R16.docx","ze48941","MTG",,,
"1014","RQ19092769","10184201","2019-09-27","new tyres 245/70R16 for np300 4x4 er2152",,"0","2019-09-27 15:27:51","../specifications/1569590870NEW TYRES 245.70R16.docx","ze48941","MTG",,,
"1015","RQ19092784","10184202","2019-09-27","new tyres for np300 4x4  245/70R16 f/n er2149 Nyanga",,"0","2019-09-27 15:29:51","../specifications/1569590991NEW TYRES 245.70R16.docx","ze48941","MTG",,,
"1016","RQ19092795","10184200","2019-09-27","New tyres size 245/70R16 for np300 4x4 f/n er2183",,"0","2019-09-27 15:37:57","../specifications/1569591477NEW TYRES 215R15.docx","ze48941","MTG",,,
"1017","RQ19093027","10184219","2019-09-27","purchase of engine oil for servicing f/n er2147 5Litres",,"0","2019-09-30 09:41:33","../specifications/5l engine oil.jpg","ze48941","MTG",,,
"1018","RQ19093080","10184272","2019-09-30","to purchase 05A toner cartridge for personnel clerk region",,"0","2019-09-30 14:42:18","../specifications/","ze9037237","IT100",,,
"1019","RQ19093044","10174610","2019-04-29","Borehole drilling for Chimanimani Depot",,"0","2019-09-30 14:43:07","../specifications/Specications for Boreholes.docx","ze269859","MND","ACE19041541","specifications/1555312385Explanatory Notes for Borehole.docx",
"1020","RQ19093097","10174613","2019-04-29","Borehole Drilling ,Casing and Installation at Chipinge Depot",,"0","2019-09-30 14:44:15","../specifications/1569847455Specications for Boreholes.docx","ze269859","MND","ACE1904156","specifications/1555336695Explanatory Notes for Chipinge.docx",
"1021","RQ19100256","10184414","2019-10-02","vehicle hire ",,"0","2019-10-02 14:52:12","../specifications/","ze320471","MSB",,,
"1022","RQ1910028","10184404","2019-02-10","Hiring of 1 tonne truck for rusape local",,"0","2019-10-02 15:57:23","../specifications/","ze262730","NYA",,,
"1023","RQ19100282","10184405","2019-02-10","Hiring of 1 tonne truck for rusape west",,"0","2019-10-02 16:01:33","../specifications/","ze262730","NYA",,,
"1024","RQ19100211","10184406","2019-02-10","Hiring of 1 tonne truck for rusape east",,"0","2019-10-02 16:09:58","../specifications/","ze262730","NYA",,,
"1025","RQ19100257","10183699","2019-09-30","Perimeter fencing, Nyanga staff houses, Nyamhuka.
1.5mtrs by 2.5mm Diamond wire and accessories. SITE Visit required(supply & Fix)",,"0","2019-10-02 16:14:58","../specifications/","ze243981","NYA",,,
"1026","RQ19100252","10183700","2019-09-30","Supply & Fix 1.5mtrs*2.5mm Perimeter fencing staff hse 128 & 123 Rochdale,Nyanga and all accesories
SITE Visit required",,"0","2019-10-02 16:18:05","../specifications/","ze243981","NYA",,,
"1027","RQ19100299","10184407","2019-02-10","Hiring of 1 tonne truck for rusape north",,"0","2019-10-02 16:19:51","../specifications/","ze262730","NYA",,,
"1028","RQ19100240","10184424","2019-10-02","6.5mtrs *2.3mtrs sliding gate for Nyanga csc
5.5mtrs*2.3mtrs sliding gate at Nyanga csc",,"0","2019-10-02 16:25:36","../specifications/","ze243981","NYA",,,
"1029","RQ19100275","10184408","2019-02-10","Hiring of 1 truck for rusape south",,"0","2019-10-02 16:26:16","../specifications/","ze262730","NYA",,,
"1030","RQ19100280","10184411","2019-02-10","Hiring of 1 tonne truck for rusape meter reading",,"0","2019-10-02 16:28:23","../specifications/","ze262730","NYA",,,
"1031","RQ19100259","10184413","2019-02-10","Hiring of 7 tonne truck for pole changing [rusape depot]",,"0","2019-10-02 16:31:29","../specifications/","ze262730","NYA",,,
"1032","RQ19100323","10184469","2019-10-03","4*4 Truck hire for Nyanga network  for meter reading",,"0","2019-10-03 11:57:09","../specifications/","ze243981","NYA",,,
"1033","RQ19100394","10184470","2019-10-03","4*4 Truck hire for Nyanga secondary substation maintenance",,"0","2019-10-03 11:58:15","../specifications/","ze243981","NYA",,,
"1034","RQ19100392","10184472","2019-10-03","2*4 Truck hire for Line inspections for Nyanga network",,"0","2019-10-03 11:59:11","../specifications/","ze243981","NYA",,,
"1035","RQ19100399","10184473","2019-10-03","2 tonne truck hire for Nyanga network Line maintenance",,"0","2019-10-03 12:00:07","../specifications/","ze243981","NYA",,,
"1036","RQ19100845","10183788","2019-10-08","LAUNDRY SOAP FOR CHIPINGE MEMBERS OF STAFF",,"0","2019-10-08 10:36:09","../specifications/20190923_143504-1.jpg","ze293598","MND",,,
"1037","RQ19100889","10183787","2019-09-23","LAUNDRY SOAP FOR RUSAPE MEMBERS OF STAFF",,"0","2019-10-08 10:41:44","../specifications/","ze293598","MND",,,
"1038","RQ19100891","10183784","2019-09-23","LAUNDRY SOAP FOR NYANGA STAFF MEMBERS",,"0","2019-10-08 10:43:52","../specifications/","ze293598","MND",,,
"1039","RQ19100890","10183780","2019-09-23","LAUNDRY FOR MIDDLE SABI STAFF MEMBERS",,"0","2019-10-08 10:46:38","../specifications/157052439820190923_143504-1.jpg","ze293598","MND",,,
"1040","RQ19100895","10183776","2019-09-23","LAUNDRY SOAP FOR CHIMANIMANI STAFF MEMBERS",,"0","2019-10-08 10:49:02","../specifications/157052454220190923_143504-1.jpg","ze293598","MND",,,
"1041","RQ1910085","10184716","2019-10-08","REQUEST FOR SUPPLY OF 1 TONNE VEHICLE FOR OPERATIONS AT CHIMANIMANI DEPOT",,"0","2019-10-08 15:37:25","../specifications/","ze259373","MSB",,,
"1042","RQ19100811","10184717","2019-10-08","REQUEST FOR SUPPLY OF 1 TONNE VEHICLE FOR HIRING AT CHIMANIMANI DEPOT",,"0","2019-10-08 15:39:28","../specifications/","ze259373","MSB",,,
"1043","RQ19100982","10184734","2019-10-08","Construction of blair toilets for Middle Sabi Depot's primary substations",,"0","2019-10-09 08:27:22","../specifications/","ze341827","CHM",,,
"1044","RQ19100971","10184744","2019-10-09","Tender for 7 tone truck hiring",,"0","2019-10-09 10:20:17","../specifications/","ze301698","GARAGE",,,
"1045","RQ19100951","10184746","2019-10-09","Tender - hiring of 7 tone truck",,"0","2019-10-09 10:22:02","../specifications/7 TNE TRCK HIRE SPEC.docx","ze301698","GARAGE",,,
"1046","RQ19100945","10181299","2019-08-08","Purchase of 6 X electric powered pole saw for Mutare District",,"0","2019-10-09 11:35:59","../specifications/","ze261297","MTD",,,
"1047","RQ19100976","10184760","2019-10-09","Standard Electrician tool box for Mutare district",,"0","2019-10-09 11:50:51","../specifications/","ze261297","MTD",,,
"1048","RQ19100912","10168986","2019-10-09","PLUMBING MATERIALS FOR MIDDLE SABI JUNIOR STAFF HOUSES",,"0","2019-10-09 15:28:36","../specifications/","ze293598","MND",,,
"1049","RQ19101087","10184805","2019-10-10","To purchase HP 971 magenta ink cartridge for System Administrator",,"0","2019-10-10 09:09:09","../specifications/","ze9037237","IT100",,,
"1050","RQ19101097","10152699","2019-10-10","Purchase of tissues for Eastern Region",,"0","2019-10-10 11:40:13","../specifications/TISSUES FOR REGION.pdf","ze318833","HR500",,,
"1051","RQ1910106","10184801","2019-10-10","Purchase Spanners for Bindura Glendale 33kV line Recovery",,"0","2019-10-10 11:53:59","../specifications/","ze336912","END",,,
"1052","RQ19101044","10184802","2019-10-10","Purchase Combination Spanner for Bindura Glendale 33kV line Recovery",,"0","2019-10-10 11:55:42","../specifications/","ze336912","END",,,
"1053","RQ19101031","10184803","2019-10-10","Purchase adjustible wrench for Bindura Glendale 33kV line recovery",,"0","2019-10-10 11:57:21","../specifications/","ze336912","END",,,
"1054","RQ19101010","10184807","2019-10-10","Purchase Fencing Pliers 300mm",,"0","2019-10-10 12:01:25","../specifications/","ze336912","END",,,
"1055","RQ19101050","10184808","2019-10-10","Purchase Steelson Wrench For Bindura Glenview 33kV line Recovery",,"0","2019-10-10 12:03:15","../specifications/","ze336912","END",,,
"1056","RQ19101039","10184809","2019-10-10","Purchase Bolt Cutter",,"0","2019-10-10 12:04:16","../specifications/","ze336912","END",,,
"1057","RQ19101115","10184899","2019-10-11","STATIONERY FINANCE OFFICE",,"0","2019-10-11 10:25:25","../specifications/","ze265261","FM300",,,
"1058","RQ19101157","10184925","2019-10-11","supply of switch numbers",,"0","2019-10-11 15:37:23","../specifications/","ze341851","END",,,
"1059","RQ19101178","10184918","2019-10-11","STEEL DOORS FOR SECONDARY SUBSTATIONS AROUND TOWN AREA FOR MUTARE URBAN",,"0","2019-10-11 15:42:27","../specifications/STEEL DOORS.docx","ze232696","URB",,,
"1060","RQ19101139","10184919","2019-10-11","STEEL DOORS FOR SECONDARY SUBSTATIONS IN DANGAMVURA",,"0","2019-10-11 15:44:34","../specifications/1570801473STEEL DOORS.docx","ze232696","URB",,,
"1061","RQ19101190","10184920","2019-10-11","STEEL DOORS FOR SECONDARY SUBSTATIONS IN CHIKANGA - MUTARE URBAN",,"0","2019-10-11 15:47:08","../specifications/1570801628STEEL DOORS.docx","ze232696","URB",,,
"1062","RQ19101124","10184022","2019-10-11","STEEL DOORS FOR SECONDARY SUBSTATIONS IN SAKUBVA - MUTARE URBAN",,"0","2019-10-11 15:50:19","../specifications/","ze232696","URB",,,
"1063","RQ19101138","10184923","2019-10-11","STEEL DOORS FOR SECONDARY SUBSTATIONS FOR WEIRMOUTH AREA - MUTARE URBAN",,"0","2019-10-11 15:52:46","../specifications/1570801966STEEL DOORS.docx","ze232696","URB",,,
"1064","RQ19101159","10184928","2019-10-11","STEEL DOORS FOR SECONDARY SUBSTATIONS IN DORA AREA - MUTARE URBAN",,"0","2019-10-11 15:55:44","../specifications/1570802144STEEL DOORS.docx","ze232696","URB",,,
"1065","RQ19101192","10184928","2019-10-11","STEEL DOORS FOR SECONDARY SUBSTATIONS IN DORA AREA - MUTARE URBAN",,"0","2019-10-11 15:55:48","../specifications/1570802148STEEL DOORS.docx","ze232696","URB",,,
"1066","RQ19101155","10184928","2019-10-11","STEEL DOORS FOR SECONDARY SUBSTATIONS IN DORA AREA - MUTARE URBAN",,"0","2019-10-11 15:55:51","../specifications/1570802151STEEL DOORS.docx","ze232696","URB",,,
"1067","RQ19101158","10184928","2019-10-11","STEEL DOORS FOR SECONDARY SUBSTATIONS IN DORA AREA - MUTARE URBAN",,"0","2019-10-11 15:55:55","../specifications/1570802155STEEL DOORS.docx","ze232696","URB",,,
"1068","RQ19101173","10184929","2019-10-11","STEEL DOORS FOR SECONDARY SUBSTATIONS IN INDUSTRIAL - MUTARE URBAN",,"0","2019-10-11 15:57:34","../specifications/1570802253STEEL DOORS.docx","ze232696","URB",,,
"1069","RQ19101165","10184871","2019-10-10","Lap Top Screen for Tambawoga W-Rutenga CSC",,"0","2019-10-11 16:00:51","../specifications/Laptop Screen (Tambawoga)-Rutenga CSC-(October 2019).pdf","ze305510","MSD",,,
"1070","RQ19101412","10173184","2019-02-01","Microwave for Manicaland District Office",,"0","2019-10-14 13:07:58","../specifications/1571051277Specifications Microwave.docx","ze269859","MND","ACE19030444","specifications/1551697824Explanatory Notes for Microwave.docx",
"1071","RQ19101495","10173184","2019-02-01","Microwave for Manicaland District Office",,"0","2019-10-14 13:08:02","../specifications/1571051282Specifications Microwave.docx","ze269859","MND","ACE19030444",,
"1072","RQ19101438","10173184","2019-02-01","Microwave for Manicaland District Office",,"0","2019-10-14 13:08:06","../specifications/1571051286Specifications Microwave.docx","ze269859","MND","ACE19030444",,
"1073","RQ19101499","10173184","2019-02-01","Microwave for Manicaland District Office",,"0","2019-10-14 13:08:11","../specifications/1571051291Specifications Microwave.docx","ze269859","MND","ACE19030444",,
"1074","RQ19101454","10168891","2019-02-01","Purchase of 1 by 4 Plate stove Superior Princess for Middle Sabi Guest House",,"0","2019-10-14 13:09:50","../specifications/Specifications for Four plate stove.docx","ze269859","MND","ACE19021513","specifications/",
"1075","RQ19101457","10184990","2019-10-14","Four plate stove for Chimanimani Depot",,"0","2019-10-14 15:10:07","../specifications/1571058607Specifications for Four plate stove.docx","ze269859","MND","ACE19040942","specifications/1554791467Specifications for Four plate stove.docx",
"1076","RQ19101482","10184993","2019-10-14","WATER URN FOR RUSAPE DEPOT",,"0","2019-10-14 15:14:00","../specifications/Aluminium Water Tank -Rusape Depot.docx","ze269859","MND","ACE19040281","specifications/1554185410WATER URN FOR RUSAPE DEPOT.docx",
"1077","RQ19101418","10184993","2019-10-14","WATER URN FOR RUSAPE DEPOT",,"0","2019-10-14 15:14:05","../specifications/1571058845Aluminium Water Tank -Rusape Depot.docx","ze269859","MND","ACE19040281",,
"1078","RQ19101471","10184993","2019-10-14","WATER URN FOR RUSAPE DEPOT",,"0","2019-10-14 15:14:09","../specifications/1571058849Aluminium Water Tank -Rusape Depot.docx","ze269859","MND","ACE19040281",,
"1079","RQ19101589","10185038","2019-10-15","Cell Phone for Commercial Officer-Kumunda Charles",,"0","2019-10-15 11:10:44","../specifications/Cell Phone- Commercial Officer (Kumunda Charles).docx","ze305510","MSD",,,
"1080","RQ19101523","10185045","2019-10-15","BOARDROOM CHAIRS FOR JOTALI B/ROOM",,"0","2019-10-15 11:39:21","../specifications/","ze318957","HR500",,,
"1081","RQ19101560","10185046","2019-10-15","SWIVEL CHAIRS FOR MEGAWATT OFFICES",,"0","2019-10-15 11:40:32","../specifications/","ze318957","HR500",,,
"1082","RQ1910163","10185096","2019-10-16","Repair of 5 x canopies at Mutare Urban Depot",,"0","2019-10-16 09:00:05","../specifications/REPAIR OF CANOPIES.docx","ze301698","GARAGE",,,
"1083","RQ19101691","10184990","2019-10-14","Four plate stove for Chimanimani Depot",,"0","2019-10-16 09:46:18","../specifications/1571211978Specifications for Four plate stove.docx","ze269859","MND","ACE19040942","specifications/1554791467Specifications for Four plate stove.docx",
"1084","RQ19101663","10184869","2019-10-10","19mm Substation stone for Masvingo District",,"0","2019-10-16 09:48:22","../specifications/Quarry Stone-19mm Substation Stone.docx","ze305510","MSD",,,
"1085","RQ19101668","10185119","2019-10-16","4ft LED FLUORESCENT TUBES",,"0","2019-10-16 12:19:26","../specifications/","ze318957","HR500",,,
"1086","RQ19101799","10185181","2019-10-17","Cell Phone for Systems Support Officer (Samsung Galaxy A10)",,"0","2019-10-17 12:49:38","../specifications/Cell Phone- System Support Officer (Madovi I).docx","ze305510","MSD",,,
"1087","RQ19101865","10185019","2019-10-17","Purchase of wheel bearing grease for use at Mutare Garage Vehicle Workshop",,"0","2019-10-18 13:22:04","../specifications/","ze48941","MTG",,,
"1088","RQ19101878","10185020","2019-10-17","Purchase of Degreaser for use at Mutare Garage Vehicle Worksop",,"0","2019-10-18 13:23:57","../specifications/Degreaser.docx","ze48941","MTG",,,
"1089","RQ19101877","10185022","2019-10-17","Mutton cloth rolls for use by Artisan Mechanics at Mutare Garage",,"0","2019-10-18 13:25:39","../specifications/mutton cloth.docx","ze48941","MTG",,,
"1090","RQ1910186","10185147","2019-10-17","Purchase of 5w40 Synthetic oil for use on Isuzu KB 240 6th generation",,"0","2019-10-18 13:30:28","../specifications/5w40 Synthetic oil.docx","ze48941","MTG",,,
"1091","RQ19101820","1018524","2019-10-17","purchase of spark plugs set and fuel filters for Isuzu KB 240 6th generation ",,"0","2019-10-18 13:35:04","../specifications/spark plugs Isuzu and fuel filters.docx","ze48941","MTG",,,
"1092","RQ19101880","10185148","2019-10-17","Tappet Cover gasket and air filter for Isuzu KB240 6th generation",,"0","2019-10-18 13:40:26","../specifications/Tappet Cover gasket and air filter IsuzuKB.docx","ze48941","MTG",,,
"1093","RQ19101875","10185175","2019-10-17","spark plugs for Mazda BT50/B1800 trucks",,"0","2019-10-18 13:42:44","../specifications/spark plugs mazda bt50.docx","ze48941","MTG",,,
"1094","RQ19101849","10185246","2019-10-17","oil filter, diesel filter,air filter, lower and upper ball joints for np300 4x4",,"0","2019-10-18 13:47:23","../specifications/service material np300 4x4.docx","ze48941","MTG",,,
"1095","RQ19101874","10185243","2019-10-17","oil filter z296, diesel filter z94, diesel filter G989, air filter ADG990R, air filter AD991, Niss UD70",,"0","2019-10-18 13:54:11","../specifications/service material ud70.docx","ze48941","MTG",,,
"1096","RQ19101883","10185247","2019-10-17","oil filter z296, diesel filter z94, diesel filter G989, air filter ADR 955, Air filter ADR 956,",,"0","2019-10-18 13:59:01","../specifications/service material UD95.docx","ze48941","MTG",,,
"1097","RQ1910184","10185286","2019-10-18","Contravision at Murambinda Operations Office",,"0","2019-10-18 15:42:21","../specifications/Description of Contra vision - Murambinda Office.docx","ze269859","MND",,,
"1098","RQ19101897","10185286","2019-10-18","Contravision at Murambinda Operations Office",,"0","2019-10-18 15:42:26","../specifications/1571406146Description of Contra vision - Murambinda Office.docx","ze269859","MND",,,
"1099","RQ19101835","10185287","2019-10-18","Till rolls for Masvingo Banking Hall",,"0","2019-10-18 16:35:16","../specifications/TillRolls.pdf","ze234532","MSD",,,
"1100","RQ19102158","10168898","2019-02-01","Purchase of Double Bed for Middle Sabi Guest House",,"0","2019-10-21 08:51:24","../specifications/Double Bed for Middle Sabi.docx","ze269859","MND",,,
"1101","RQ19102193","10184529","2019-10-07","Engine oil  15W40",,"0","2019-10-21 10:52:53","../specifications/","ze44253","MSG",,,
"1102","RQ19102165","10184599","2019-10-07","Mutton cloth",,"0","2019-10-21 10:31:40","../specifications/1571646700MUTTON  CLOTH  X  1KG.docx","ze44253","MSG",,,
"1103","RQ19102173","10184605","2019-10-07","Multipurpose Grease",,"0","2019-10-21 10:35:42","../specifications/1571646942MULTIPURPOSE GREASE SPEC.pdf","ze44253","MSG",,,
"1104","RQ1910211","10184601","2019-10-07","wheel bearing grease ",,"0","2019-10-21 10:38:44","../specifications/1571647124WHEEL BEARING GREASE SPEC.pdf","ze44253","MSG",,,
"1105","RQ19102178","10184611","0199-10-07","ATF Oil",,"0","2019-10-21 10:40:51","../specifications/1571647251ATF SPEC.pdf","ze44253","MSG",,,
"1106","RQ19102166","10184614","2019-10-07","Gear Box Oil EP90",,"0","2019-10-21 10:51:01","../specifications/","ze44253","MSG",,,
"1107","RQ1910216","10184623","2019-10-07","Engine Cleaner",,"0","2019-10-21 10:46:54","../specifications/1571647614ENGINE CLEANER SPEC.pdf","ze44253","MSG",,,
"1108","RQ19102111","10184528","2019-10-07","Brake fluid",,"0","2019-10-22 08:17:45","../specifications/1571649646BRAKE FLUID SPEC.pdf","ze44253","MSG",,,
"1109","RQ19102199","10184624","2019-10-07","Wipers 16""inch",,"0","2019-10-21 11:24:53","../specifications/","ze44253","MSG",,,
"1110","RQ19102151","10184636","2019-10-07","wipers 18""inch",,"0","2019-10-21 11:26:40","../specifications/","ze44253","MSG",,,
"1111","RQ19102133","10184640","2019-10-07","wipers 22""inch",,"0","2019-10-21 11:28:39","../specifications/","ze44253","MSG",,,
"1112","RQ19102143","10184639","2019-10-07","hand cleaner",,"0","2019-10-21 11:32:04","../specifications/","ze44253","MSG",,,
"1113","RQ19102121","10184646","2019-10-07","Oil filter Z153",,"0","2019-10-21 11:49:43","../specifications/","ze44253","MSG",,,
"1114","RQ1910219","10184647","2019-10-07","Z91C Oil filters ",,"0","2019-10-21 11:53:44","../specifications/","ze44253","MSG",,,
"1115","RQ19102116","10184668","2019-10-07","service F/no 2158",,"0","2019-10-21 12:25:56","../specifications/SERVICE 2158.pdf","ze44253","MSG",,,
"1116","RQ19102196","10184648","2019-10-07","Z156 Oil Filter",,"0","2019-10-21 12:28:43","../specifications/","ze44253","MSG",,,
"1117","RQ19102122","10184649","2019-10-07","Z248 Oil Filter",,"0","2019-10-21 12:30:23","../specifications/","ze44253","MSG",,,
"1118","RQ19102163","10184650","2019-10-07","Z296 Oil filters",,"0","2019-10-21 12:33:16","../specifications/","ze44253","MSG",,,
"1119","RQ19102197","10185352","2019-10-21","Purchase of 100 watt energy saver bulbs for depot lighting",,"0","2019-10-21 12:49:23","../specifications/","ze341827","CHM",,,
"1120","RQ19102159","10184653","2019-10-07","spark plugs BKR6EK",,"0","2019-10-21 16:14:20","../specifications/","ze44253","MSG",,,
"1121","RQ19102128","10184654","2019-10-07","Spark plugs BKR6EY",,"0","2019-10-21 16:15:58","../specifications/","ze44253","MSG",,,
"1122","RQ19102189","10184656","2019-10-07","L200 Heater Plugs",,"0","2019-10-21 16:17:30","../specifications/","ze44253","MSG",,,
"1123","RQ19102147","10184690","2019-10-07","Z425 fuel filters",,"0","2019-10-21 16:19:08","../specifications/","ze44253","MSG",,,
"1124","RQ19102142","10184691","2019-10-07","Z219 fuel filters",,"0","2019-10-21 16:20:36","../specifications/","ze44253","MSG",,,
"1125","RQ19102134","10184695","2019-10-07","Z220 fuel filters",,"0","2019-10-21 16:21:58","../specifications/","ze44253","MSG",,,
"1126","RQ19102172","10184697","2019-10-07","Z 188 Fuel filters ",,"0","2019-10-21 16:23:20","../specifications/","ze44253","MSG",,,
"1127","RQ19102192","10184700","2019-10-07","E67 fuel Filters",,"0","2019-10-21 16:25:54","../specifications/","ze44253","MSG",,,
"1128","RQ19102188","10184702","2019-10-07","E79 Fuel Filters ",,"0","2019-10-21 16:27:49","../specifications/","ze44253","MSG",,,
"1129","RQ19102145","10184703","2019-10-07","Z94 Fuel filters",,"0","2019-10-21 16:29:40","../specifications/","ze44253","MSG",,,
"1130","RQ19102181","10184704","2019-10-07","G989 Fuel Filters",,"0","2019-10-21 16:31:13","../specifications/","ze44253","MSG",,,
"1131","RQ19102179","10184706","2019-10-08","G865 Air filters ",,"0","2019-10-21 16:33:53","../specifications/","ze44253","MSG",,,
"1132","RQ19102112","10184707","2019-10-08","Air Filter ADG 990",,"0","2019-10-21 16:35:25","../specifications/","ze44253","MSG",,,
"1133","RQ19102186","10184708","2019-10-08","Air Filter ADG 991R",,"0","2019-10-21 16:36:52","../specifications/","ze44253","MSG",,,
"1134","RQ19102131","10184708","2019-10-08","Air Filter ADG 991R",,"0","2019-10-21 16:40:30","../specifications/","ze44253","MSG",,,
"1135","RQ19102160","10184711","2019-10-08","Air Filters ADG956",,"0","2019-10-21 16:41:55","../specifications/","ze44253","MSG",,,
"1136","RQ19102295","10184699","2019-10-08","Z180 Fuel Filters ",,"0","2019-10-22 11:04:11","../specifications/","ze44253","MSG",,,
"1137","RQ19102216","10184710","2019-10-08","Air Filters ADG955",,"0","2019-10-22 11:05:44","../specifications/","ze44253","MSG",,,
"1138","RQ19102228","10184651","2019-10-08","Spark Plugs BP6ES",,"0","2019-10-22 11:08:17","../specifications/","ze44253","MSG",,,
"1139","RQ19102269","10185449","2019-10-22","650 Battery F/No 2142",,"0","2019-10-22 11:21:03","../specifications/","ze44253","MSG",,,
"1140","RQ19102252","10185449","2019-10-22","650 Battery F/No 2142",,"0","2019-10-22 11:22:29","../specifications/1571736149Battery Spec 650 (3).pdf","ze44253","MSG",,,
"1141","RQ19102270","10185422","2019-10-22","PURCHASE OF FLOODLIGHT FITTING E40 500W FOR S/S LIGHTING",,"0","2019-10-22 11:33:59","../specifications/","ze261920","CHR",,,
"1142","RQ19102236","10185426","2019-10-22","PURCHASE OF BLENDED BULBS E40 500W MERCURY FOR S/S LIGHTING",,"0","2019-10-22 11:42:35","../specifications/","ze261920","CHR",,,
"1143","RQ19102280","10185453","2019-10-22","purchase of two new tyres size 215R15 for np300 f/n er2145",,"0","2019-10-22 11:42:58","../specifications/1571737378NEW TYRES 215R15.docx","ze48941","MTG",,,
"1144","RQ19102233","10185431","2019-10-22","4 Plate Stove Cooker for Nyanga Guest Hse",,"0","2019-10-22 14:17:06","../specifications/1571746626Specs for 4 Plate Stove Cooker.docx","ze318957","HR500",,,
"1145","RQ19102281","10185434","2019-10-22","Bar Fridge for Nyanga Guest Hse",,"0","2019-10-22 14:19:25","../specifications/1571746765Specifications for Bar Fridge.docx","ze318957","HR500",,,
"1146","RQ19102217","10185465","2019-10-22","Corsages for Long Service Awards 2019 for the Region ",,"0","2019-10-22 14:22:15","../specifications/Early Bird Florist $1745.00 - LSA 2019  Eastern Region (5 - 45 .pdf","ze223670","HR500",,,
"1147","RQ19102344","10185513","2019-10-23","80A TONER CARTRIDGE FOR CHIMANIMANI STORESKEEPER",,"0","2019-10-23 08:53:53","../specifications/","ze9037091","IT100",,,
"1148","RQ19102362","10185508","2019-10-23","new tyres size 245/70R15 for f/n er2095 for Nyanga",,"0","2019-10-23 08:54:25","../specifications/NEW TYRES 245.70R15.docx","ze48941","MTG",,,
"1149","RQ1910231","10185510","2019-10-23","new tyres for er2123 size 205/70/15",,"0","2019-10-23 08:57:24","../specifications/NEW TYRES 205.70R15.docx","ze48941","MTG",,,
"1150","RQ19102374","10185514","2019-10-23","Supply of long sleeve leather gloves",,"0","2019-10-23 10:15:56","../specifications/","ze341851","END",,,
"1151","RQ1910238","10183832","2019-09-23","Purchasing an Uninterrupted Power Supply Unit (UPS) and Batteries for Megawatt Server room and Jotali Building",,"0","2019-10-23 12:45:50","../specifications/UPS SPECIFICATIONS.docx","ze297232","IT100","ACE19090313","specifications/1567525858UPS SPECIFICATIONS.docx",
"1152","RQ19102330","10183782","2019-10-23","Cement for Nyanga Guest Hse",,"0","2019-10-23 12:27:18","../specifications/","ze318957","HR500",,,
"1153","RQ19102380","10183785","2019-10-23","Common bricks: Nyanga Guest Hse",,"0","2019-10-23 12:28:51","../specifications/","ze318957","HR500",,,
"1154","RQ19102324","10183789","2019-10-23","6mm*6m round steel",,"0","2019-10-23 12:30:50","../specifications/","ze318957","HR500",,,
"1155","RQ19102376","10183802","2019-10-23","Cocrete roof tiles and ridges: Nyanga Guest Hse",,"0","2019-10-23 12:32:22","../specifications/","ze318957","HR500",,,
"1156","RQ19102313","10185544","2019-10-23","service material for np300 2 wheel drive",,"0","2019-10-23 14:10:17","../specifications/service material np300 2 wheel drive.docx","ze48941","MTG",,,
"1157","RQ19102346","10185545","2019-10-23","Air filter for np300 2 wheel drive ADG 8652793",,"0","2019-10-23 14:12:10","../specifications/1571832729service material np300 2 wheel drive.docx","ze48941","MTG",,,
"1158","RQ19102365","10185546","2019-10-23","front shocks, rear shocks, lower ball joints, upper ball joints, fan belts for np300 2 wheel drive",,"0","2019-10-23 14:22:41","../specifications/Suspension material np3002 wheel drive.docx","ze48941","MTG",,,
"1159","RQ19102835","10185626","2019-10-28","Purchase of canopy ER2204",,"0","2019-10-28 08:45:17","../specifications/PURCHASE OF NEW CANOPIES.docx","ze301698","GARAGE",,,
"1160","RQ19102813","10185627","2019-10-28","purchase of new canopy ER2150",,"0","2019-10-28 08:46:49","../specifications/1572245209PURCHASE OF NEW CANOPIES.docx","ze301698","GARAGE",,,
"1161","RQ19102827","10185628","2019-10-28","purchase of New Canopy ER2137",,"0","2019-10-28 08:48:26","../specifications/1572245306PURCHASE OF NEW CANOPIES.docx","ze301698","GARAGE",,,
"1162","RQ19102845","10185629","2019-10-28","Purchase of New Canopy ER2152",,"0","2019-10-28 08:49:58","../specifications/1572245398PURCHASE OF NEW CANOPIES.docx","ze301698","GARAGE",,,
"1163","RQ19102891","10185630","2019-10-28","Purchase of New Canopy ER2197",,"0","2019-10-28 08:51:14","../specifications/1572245474PURCHASE OF NEW CANOPIES.docx","ze301698","GARAGE",,,
"1164","RQ19102839","10185631","2019-10-28","Purchase of new canopy ER2131",,"0","2019-10-28 08:52:30","../specifications/1572245549PURCHASE OF NEW CANOPIES.docx","ze301698","GARAGE",,,
"1165","RQ1910288","10185632","2019-10-28","Purchase of canopy ER2143",,"0","2019-10-28 08:58:06","../specifications/1572245886PURCHASE OF NEW CANOPIES.docx","ze301698","GARAGE",,,
"1166","RQ19102879","10185633","2019-10-28","Purchase of canopy ER2203",,"0","2019-10-28 08:59:24","../specifications/1572245964PURCHASE OF NEW CANOPIES.docx","ze301698","GARAGE",,,
"1167","RQ19102826","10185634","2019-10-28","Purchase of canopy ER2187",,"0","2019-10-28 09:00:38","../specifications/1572246038PURCHASE OF NEW CANOPIES.docx","ze301698","GARAGE",,,
"1168","RQ19102861","10185635","2019-10-28","Purchase of canopy ER2197",,"0","2019-10-28 09:01:47","../specifications/1572246107PURCHASE OF NEW CANOPIES.docx","ze301698","GARAGE",,,
"1169","RQ19102894","10185652","2019-10-28","Envelopes for payslips package for October 2019 for the Region",,"0","2019-10-28 11:03:06","../specifications/Mutare Office Solutions Quotation - $2000.00 (Envelopes packagi.pdf","ze223670","HR500",,,
"1170","RQ19102949","10185717","2019-10-29","Hiring of 7 tone truck for Causeway Dam Project - Rusape",,"0","2019-10-29 10:33:12","../specifications/7 TONE TRUCK.docx","ze301698","GARAGE",,,
"1171","RQ19102952","10185718","2019-10-29","Hiring of 7 tone crane for Causeway Dam - Rusape",,"0","2019-10-29 10:35:18","../specifications/7 TONE CRANE.docx","ze301698","GARAGE",,,
"1172","RQ19103013","10101857","2019-10-30","SUPPLY OF 9M WOOD POLES",,"0","2019-10-30 10:48:50","../specifications/","ze259373","CHM",,,
"1173","RQ19103019","10185802","2019-10-30","Supply of 50mm sca conductor for Nyanga network  maintenance",,"0","2019-10-30 10:49:41","../specifications/","ze243981","NYA",,,
"1174","RQ19103047","10101857","2019-10-30","SUPPLY OF 11M WOOD POLES",,"0","2019-10-30 10:50:24","../specifications/","ze259373","CHM",,,
"1175","RQ19103051","10185801","2019-10-30","Supply of 7/12 Stay wire for Nyanga network maintenance",,"0","2019-10-30 10:51:16","../specifications/","ze243981","NYA",,,
"1176","RQ19103057","10185800","2019-10-30","Stay wire 7/8 for Nyanga Network Maintenance",,"0","2019-10-30 10:52:42","../specifications/","ze243981","NYA",,,
"1177","RQ19103092","10185793","2019-10-30","SUPPLY OF 12.6M WOOD POLES",,"0","2019-10-30 10:54:20","../specifications/","ze259373","CHM",,,
"1178","RQ19103046","10185799","2019-10-30","Pin Insulators complete with Insulator pins for Nyanga Network Maintenance",,"0","2019-10-30 10:55:07","../specifications/","ze243981","NYA",,,
"1179","RQ19103026","10185798","2019-10-30","fibre Bracing straps for Nyanga Network",,"0","2019-10-30 10:55:59","../specifications/","ze243981","NYA",,,
"1180","RQ19103065","10185797","2019-10-30","Supply of 33kv wood crossarms for Nyanga Network",,"0","2019-10-30 10:56:58","../specifications/","ze243981","NYA",,,
"1181","RQ19103096","10185789","2019-10-30","11kv Wood crossarms for Nyanga Network",,"0","2019-10-30 10:58:19","../specifications/","ze243981","NYA",,,
"1182","RQ19103058","10185791","2019-10-30","Galvanised bracing straps for Nyanga network Maintenance",,"0","2019-10-30 10:59:34","../specifications/","ze243981","NYA",,,
"1183","RQ19103016","10185792","2019-10-30","Complete 11kv Insulator pins with Pin Insulators for Nyanga Network Maintenance",,"0","2019-10-30 11:01:10","../specifications/","ze243981","NYA",,,
"1184","RQ19103036","10185794","2019-10-30","Disc Insulators for Nyanga Network ",,"0","2019-10-30 11:09:37","../specifications/","ze243981","NYA",,,
"1185","RQ19103028","10185795","2019-10-30","11kv Wood poles for Nyanga Network",,"0","2019-10-30 11:10:30","../specifications/","ze243981","NYA",,,
"1186","RQ19103023","10185806","2019-10-30","12.6mtr woodpoles for Nyanga Network",,"0","2019-10-30 11:13:47","../specifications/","ze243981","NYA",,,
"1187","RQ19103054","10185810","2019-10-30","Hiring of 2x1 tone truck for causeway Dam project",,"0","2019-10-30 11:34:24","../specifications/1 TNE TRCK HIRE SPEC.docx","ze301698","GARAGE",,,
"1188","RQ19103060","10185830","2019-10-30","Supply of 9m;11m and 12.6m wood poles for ZETDC Middle Sabbi",,"0","2019-10-30 14:04:18","../specifications/","ze341827","CHM",,,
"1189","RQ19103085","10185833","2019-10-30","purchase of new tyres 245/75R16x5  for Toyota Land Cruiser f/n er2076",,"0","2019-10-30 15:26:16","../specifications/er2076.docx","ze48941","MTG",,,
"1190","RQ19103138","10185834","2019-10-30","Plumbing Materials for Middle Sabi Depot",,"0","2019-10-31 11:24:37","../specifications/","ze293598","MND",,,
"1191","RQ19110467","10186013","2019-11-04","Head Bedroom Suites for Nyanga Guest Hse",,"0","2019-11-04 15:13:02","../specifications/Specifications for Bedroom suite- Nyanga GH.docx","ze318833","HR500",,,
"1192","RQ1911047","10186015","2019-11-04","Dining Room Suite for Executive Nyanga Guest Hse",,"0","2019-11-04 15:16:17","../specifications/Specifications for Dining Room suite - Nyanga GH.docx","ze318833","HR500",,,
"1193","RQ19110487","10186017","2019-11-04","Dining Room Suite for Senior Nyanga Guest Hse",,"0","2019-11-04 15:18:21","../specifications/Specifications for Dining Room Suite Senior (2) - Nyanga GH.docx","ze318833","HR500",,,
"1194","RQ19110461","10186019","2019-11-04","King size bed for Nyanga Guest Hse",,"0","2019-11-04 15:20:04","../specifications/Specifications for King Size bed (2) - Nyanga GH.docx","ze318833","HR500",,,
"1195","RQ19110415","10186032","2019-11-04","FIX AND SUPPLY - TIMBER AND ACCESSORIES FOR NYANGA DEPOT ROOFING",,"0","2019-11-04 15:51:31","../specifications/timber 114.docx","ze293598","MND",,,
"1196","RQ19110483","10186025","2019-11-04","40*6INCH MATTRESSES FOR RUSAPE CAMPING EMPLOYEES",,"0","2019-11-04 15:54:35","../specifications/40.docx","ze293598","MND",,,
"1197","RQ19110585","10186060","2019-11-05","New tyres 175/70R13 x 5 for Lancer f/n er2086",,"0","2019-11-05 10:32:09","../specifications/NEW TYRES 175.70R13.docx","ze48941","MTG",,,
"1198","RQ19110596","10186089","2019-11-05","Till rolls for Masvingo District Office ",,"0","2019-11-05 12:09:19","../specifications/","ze234532","MSD",,,
"1199","RQ19110531","10186089","2019-11-05","TILL ROLLS FOR MASVINGO DISTRICT OFFICE",,"0","2019-11-05 12:10:39","../specifications/benchmark.pdf","ze234532","MSD",,,
"1200","RQ19110564","10186111","2019-11-05","To purchase 80A toner cartridge for Senior Accountant Mutare",,"0","2019-11-05 15:23:48","../specifications/","ze9037237","IT100",,,
"1201","RQ19110583","10186024","2019-11-04","Supply of Kango bellied black pots for Camping- Causeway Dam Project-Rusape",,"0","2019-11-05 17:19:11","../specifications/","ze269859","MND",,,
"1202","RQ19110569","10186024","2019-11-04","Supply of Kango bellied black pots for Camping- Causeway Dam Project-Rusape",,"0","2019-11-05 17:19:59","../specifications/","ze269859","MND",,,
"1203","RQ19110593","10186091","2019-11-05","Supply of tools required  for painting  Nyanga staff houses",,"0","2019-11-05 17:38:33","../specifications/","ze269859","MND",,,
"1204","RQ19110695","10186142","2019-11-06","To purchase 05A toner cartridge for Transport Officer",,"0","2019-11-06 09:34:35","../specifications/","ze9037237","IT100",,,
"1205","RQ19110619","10186170","2019-11-06","To purchase 05A toner cartridge for Procurement Office",,"0","2019-11-06 15:33:16","../specifications/","ze9037237","IT100",,,
"1206","RQ19110618","10186156","2019-11-06","Purchasing of High Voltage Pulse Generator (Thumper) Including a Route Locator.",,"0","2019-11-06 15:34:16","../specifications/","ze232696","URB",,,
"1207","RQ19110780","10136204","2019-11-07","Standard door for mutare urban rest room",,"0","2019-11-07 09:48:42","../specifications/Standard door for Mutare Urban Ladies rest room.docx","ze270210","MTD",,,
"1208","RQ19110759","10186205","2019-11-07","4.5 inch door frame for Mutare Urban Ladies rest room",,"0","2019-11-07 09:51:36","../specifications/4.5 inch for ladies restroom.docx","ze270210","MTD",,,
"1209","RQ19110720","10186241","2019-11-07","COMMON BRICKS FOR GUESTHOUSE EXTENSION",,"0","2019-11-07 15:07:33","../specifications/","ze318833","HR500",,,
"1210","RQ19110783","10186242","2019-11-07","32.5 CEMENT FOR NYANGA GUEST HOUSE EXTENSION",,"0","2019-11-07 15:10:05","../specifications/CEMENT NYANGA.xlsx","ze318833","HR500",,,
"1211","RQ19111132","10186348","2019-11-11","Supply An Delivery of Winter Jerseys for Nyanga csc staff",,"0","2019-11-11 11:14:45","../specifications/","ze243981","NYA",,,
"1212","RQ19111124","10186350","2019-11-11","Fan heaters for Nyanga csc Office staff",,"0","2019-11-11 11:15:36","../specifications/","ze243981","NYA",,,
"1213","RQ19111479","10186541","2019-11-14","SUPPLY OF BATTERIES FOR ER 2194 size 650 CHIREDZI FLEET",,"0","2019-11-14 15:23:59","../specifications/","ze261920","CHR",,,
"1214","RQ19111589","10186607","2019-11-15","SUPPLY OF BATTERY FOR ER 2196 size 650 CHIREDZI FLEET",,"0","2019-11-15 09:03:36","../specifications/","ze261920","CHR",,,
"1215","RQ19111546","10186618","2019-11-15","Catridge Hp 80A",,"0","2019-11-15 10:06:55","../specifications/Mutare IT.pdf","ze244635","MTD",,,
"1216","RQ19111531","10186619","2019-11-15","Hp 80A Toner  Catridge",,"0","2019-11-15 10:09:48","../specifications/1573805388Mutare IT.pdf","ze244635","MTD",,,
"1217","RQ19111586","10186633","2019-11-14","to purchase 80A  for accounts clerk manicaland",,"0","2019-11-15 11:04:37","../specifications/","ze9037721","IT100",,,
"1218","RQ19111539","10186618","2019-11-15","Hp 80A Toner Catridge for Mutukwa Printer",,"0","2019-11-15 11:46:50","../specifications/1573811210Mutare IT.pdf","ze244635","MTD",,,
"1219","RQ19111528","10186495","2019-11-13","To purchase HP Probook 4530 battery for Credit Control Clerk Stores",,"0","2019-11-15 12:22:05","../specifications/","ze9037237","IT100",,,
"1220","RQ19111536","10186619","2019-11-15","Hp 80A Toner Catridge for Munemo Printer",,"0","2019-11-15 15:19:50","../specifications/1573823990Mutare IT.pdf","ze244635","MTD",,,
"1221","RQ19111562","10186649","2019-11-15","Pine Six Panel door for IT Entrance (Double Door)",,"0","2019-11-15 15:53:15","../specifications/Door for Ground Floor-IT Entrance.docx","ze305510","MSD",,,
"1222","RQ19111597","10186649","2019-11-15","Pine Six Panel door for IT Entrance (Double Door)",,"0","2019-11-15 15:54:08","../specifications/1573826048Door for Ground Floor-IT Entrance.docx","ze305510","MSD",,,
"1223","RQ19111691","1018667","2019-11-16","Supply of Botcutters for Nyanga csc",,"0","2019-11-16 22:05:10","../specifications/","ze243981","NYA",,,
"1224","RQ19111779","10186124","2019-11-01","Purchase of water Dispensers for Rusape Depot ",,"0","2019-11-17 12:58:57","../specifications/","ze56120","RSP",,,
"1225","RQ19111768","10186040","2019-11-01","Purchase of Nylon rope 20mm for Causeway Dam line deviation",,"0","2019-11-17 13:00:20","../specifications/","ze56120","RSP",,,
"1226","RQ19111747","10185354","2019-11-01","Construction of standard Blair toilets for Rusape Substations",,"0","2019-11-17 13:02:44","../specifications/","ze56120","RSP",,,
"1227","RQ19111880","10186686","2019-11-18","New radiator for np300 4x2 f/n er2143",,"0","2019-11-18 12:07:25","../specifications/RADIATOR NP300 4X2.docx","ze48941","MTG",,,
"1228","RQ1911181","10186687","2019-11-18","new battery size 650, front brake pads for np300 er2143",,"0","2019-11-18 12:10:00","../specifications/PR10186687.docx","ze48941","MTG",,,
"1229","RQ19111855","10186688","2019-11-18","upper ctrl arms, front shocks,lower ball joints, for np300 f/n er2143",,"0","2019-11-18 12:18:51","../specifications/PR10186688.docx","ze48941","MTG",,,
"1230","RQ19111850","10186695","2019-11-18","purchase of oil filter z95, diesel filter z425, diesel filter z219, air filter ADG865, engine oil, degreaser, wiper blades for f/n er2143",,"0","2019-11-18 14:39:17","../specifications/PR10186695.docx","ze48941","MTG",,,
"1231","RQ19111846","10186696","2019-11-18","new battery size 650 for f/n er2129 np300 4x2",,"0","2019-11-18 14:40:41","../specifications/Battery size 650 np300.docx","ze48941","MTG",,,
"1232","RQ1911184","10186696","2019-11-18","new battery size 650 f/n er2129 np300",,"0","2019-11-18 14:51:02","../specifications/battery size 650 er2129.docx","ze48941","MTG",,,
"1233","RQ19111875","10186697","2019-11-18","new tyres size 215R15 for np300 er2143",,"0","2019-11-20 17:05:27","../specifications/PR10186697.docx","ze48941","MTG",,,
"1234","RQ19111813","10186701","2019-11-18","lower ball joints, front brake pads, lift pump,front shocks, wiper blades,battery terminals ER2129",,"0","2019-11-20 16:45:17","../specifications/PR10186701.docx","ze48941","MTG",,,
"1235","RQ19111811","10186705","2019-11-18","new tyres 245/70x16 for Isuzu KB240 er2129",,"0","2019-11-18 15:00:35","../specifications/PR10186705.docx","ze48941","MTG",,,
"1236","RQ19111854","10186703","2019-11-18","new battery size 650, heater plugs, oil filter,wiper blades,fuel filter E67, engine oil for f/n er2164",,"0","2019-11-18 15:04:16","../specifications/PR10186703.docx","ze48941","MTG",,,
"1237","RQ19111837","10186706","2019-11-18","new batteries size 683 for Megawatt Generator",,"0","2019-11-18 15:06:22","../specifications/Battery size 683 Generator.docx","ze48941","MTG",,,
"1238","RQ19111869","10186710","2019-11-18","heater plugs, inline fuel filter, fuel filter z91B, front shocks, rear shocks, engine oil 5ltrs for Lancer er2086",,"0","2019-11-18 15:10:42","../specifications/PR10186710.docx","ze48941","MTG",,,
"1239","RQ19111917","10186758","2019-11-18","new tyres 205/70R15 for BT f/n er2095",,"0","2019-11-19 10:11:12","../specifications/205.70 R15 NEW TYRES.docx","ze48941","MTG",,,
"1240","RQ19111961","10186759","2019-11-18","upper ctrl arms, front shocks, rear shocks for BT er2095",,"0","2019-11-19 10:13:52","../specifications/ER2123 10186759.docx","ze48941","MTG",,,
"1241","RQ19111921","10186762","2019-11-18","service material for Mazda BT er2095",,"0","2019-11-19 10:20:27","../specifications/service material er Mazda BT.docx","ze48941","MTG",,,
"1242","RQ19111932","10186745","2019-11-18","new tyres 205/70 R15 for er2123",,"0","2019-11-19 10:24:29","../specifications/1574151869205.70 R15 NEW TYRES.docx","ze48941","MTG",,,
"1243","RQ19111924","10186748","2019-11-18","upper control arms, front shocks, rear shocks for mazda BT",,"0","2019-11-19 10:46:31","../specifications/pr10186748.docx","ze48941","MTG",,,
"1244","RQ19111993","10186756","2019-11-18","service material for mazda BT er2123",,"0","2019-11-19 11:21:21","../specifications/1574155280service material er Mazda BT.docx","ze48941","MTG",,,
"1245","RQ19111959","10186769","2019-11-18","new tyres 195/70 R14 for mist L200 er2031",,"0","2019-11-19 11:28:57","../specifications/NEW TYRES 195.70 R14.docx","ze48941","MTG",,,
"1246","RQ19111951","10186769","2019-11-18","new tyres 195/70R14 for L200 er2031",,"0","2019-11-19 11:43:51","../specifications/1574156631NEW TYRES 195.70 R14.docx","ze48941","MTG",,,
"1247","RQ19111918","1018677","2019-11-18","lower ball joints, front suspension bushes kit, rear suspension shackle bushes, front and rear shocks, front wheel bearing kits for l200 er2031",,"0","2019-11-19 11:49:59","../specifications/pr10186779.docx","ze48941","MTG",,,
"1248","RQ19111972","10186783","2019-11-18","service material for l200 er2031",,"0","2019-11-19 11:52:22","../specifications/pr10186783.docx","ze48941","MTG",,,
"1249","RQ19111996","10186787","2019-11-19","new tyres size 215R15C for er2148 np300",,"0","2019-11-19 12:23:13","../specifications/pr10186787.docx","ze48941","MTG",,,
"1250","RQ19112098","10186792","2019-11-19","set of brake pads, fan belts, battery size 650,radiator for f/n er2148",,"0","2019-11-20 12:56:34","../specifications/pr10186792.docx","ze48941","MTG",,,
"1251","RQ19112099","10186792","2019-11-19","Service material for NP300  4 x 2 ER2148",,"0","2019-11-20 16:15:37","../specifications/PR10186797.docx","ze48941","MTG",,,
"1252","RQ19112057","10186800","2019-11-19","lower and upper ball joints, upper wishbones  for np300 f/n er2148",,"0","2019-11-20 13:43:28","../specifications/PR10186800.docx","ze48941","MTG",,,
"1253","RQ19112067","1018603","2019-11-19","front brake pads, battery size 650 for f/n er2132",,"0","2019-11-20 13:45:13","../specifications/PR10186803.docx","ze48941","MTG",,,
"1254","RQ19112078","10186958","2019-11-20","Vehicle hire ",,"0","2019-11-20 16:37:23","../specifications/CMED CHIREDZI QUOTE.pdf","ze44253","MSG",,,
"1255","RQ19112053","10186957","2019-11-20","622 Battery F/No 2104",,"0","2019-11-20 16:50:09","../specifications/1574261409Battery Spec 622 (3).pdf","ze44253","MSG",,,
"1256","RQ19112082","10186954","2019-11-20","650 Battery F/No 2140",,"0","2019-11-20 16:52:29","../specifications/1574261549Battery Spec 650 (3).pdf","ze44253","MSG",,,
"1257","RQ19112017","10186956","2019-11-20","650 battery f/no2133",,"0","2019-11-20 16:54:09","../specifications/1574261648Battery Spec 650 (3).pdf","ze44253","MSG",,,
"1258","RQ19112172","1186829","2019-11-20","HIRE OF 7 TONNE TRUCK FOR PURPOSE OF MAINTENANCE AND OPERATIONS FOR CHIMANIMANI CENTRE",,"0","2019-11-21 04:42:05","../specifications/","ze259373","CHM",,,
"1259","RQ19112160","10186727","2019-11-19","33m x Asbestos Facia Boards for Exec Guest House Cottage ",,"0","2019-11-21 10:29:44","../specifications/","ze260932","GM400",,,
"1260","RQ19112121","10186993","2019-11-21","Replacement of 2 X H poles on Dangamvura 33kV fdr - Mt Gandayi",,"0","2019-11-21 11:31:30","../specifications/","ze261297","MTD",,,
"1261","RQ19112141","10186994","2019-11-21","Replacement of 8 X LT poles - Odzi township ",,"0","2019-11-21 11:32:38","../specifications/","ze261297","MTD",,,
"1262","RQ19112175","10187000","2019-11-21","Stringing - Odzi township 7 spans",,"0","2019-11-21 11:34:19","../specifications/","ze261297","MTD",,,
"1263","RQ19112124","10186995","2019-11-21","Replacement of 2 X 11kV poles on Alma fdr",,"0","2019-11-21 11:36:45","../specifications/","ze261297","MTD",,,
"1264","RQ19112198","10186996","2019-11-21","Replacement of 8 x LT poles - Chishakwe",,"0","2019-11-21 11:37:38","../specifications/","ze261297","MTD",,,
"1265","RQ19112171","10186997","2019-11-21","Replacement of 2 X 33kV poles on Dangamvura 33kV fdr- Mutsago and Dhaure area",,"0","2019-11-21 11:43:02","../specifications/","ze261297","MTD",,,
"1266","RQ19112154","10187002","2019-11-21","Replacement of 5 11kV poles on Dangamvura 2 fdr",,"0","2019-11-21 11:43:52","../specifications/","ze261297","MTD",,,
"1267","RQ19112194","10187028","2019-11-21","7 TONNE TRUCK HIRE 31 DAYS",,"0","2019-11-21 12:49:40","../specifications/","ze262730","NYA",,,
"1268","RQ19112147","10187049","2019-11-21","new battery size 650 for np300 er2185",,"0","2019-11-21 16:13:14","../specifications/1574345593Battery size 650 np300.docx","ze48941","MTG",,,
"1269","RQ19112239","10187062","2019-11-22","Crane hire for Rusape Depot Causeway Dam Substations Relocation for 20days",,"0","2019-11-22 10:19:35","../specifications/","ze56120","RSP",,,
"1270","RQ19112279","10187111","2019-11-22","new tyres size 245/70 R16 for f/n er2188 Isuzu KB",,"0","2019-11-22 16:37:45","../specifications/ER2188 TYRES.docx","ze48941","MTG",,,
"1271","RQ19112587","10187168","2019-11-25","CLEANING CONTRACT FOR DECEMBER 2019 & JANUARY 2020 FOR E/R",,"0","2019-11-25 14:27:51","../specifications/CLEANING SPECIFICATION EASTERN REGION DECEMBER 2015 mutare.docx","ze318957","HR500",,,
"1272","RQ19112555","10187182","2019-11-25","Printing of 300 bks of form E60 inspection and overhaul of consumers substation in triplicate",,"0","2019-11-25 15:22:01","../specifications/Printing of form E 60 inspection and overhaul of consumers substation in triplicate.docx","ze270210","MTD",,,
"1273","RQ19112682","10187202","2019-11-26","Purchase of Cartridges for EM's Secretary",,"0","2019-11-26 09:07:09","../specifications/EM Sec cartridges.docx","ze265322","GM400",,,
"1274","RQ19112699","10187217","2019-11-26","Voltage suppression - Mutare District",,"0","2019-11-26 09:27:24","../specifications/ZETDC EASTERN VOLTAGE SUPPRESSION QUOTATION.pdf","ze261297","MTD",,,
"1275","RQ19112697","10187228","2019-11-26","DEPOT REPAIRS FOR MIDDLE SABI",,"0","2019-11-26 12:28:51","../specifications/1574764131INSPECTION REPORT AND BOQ- MIDDLE SABI DEPOT AND STAFF HOUSES.docx","ze293598","MND",,,
"1276","RQ19112637","10187218","2019-11-26","SUPPLY AND FIX OF CHIMANIMANI DEPOT DURAWALL ",,"0","2019-11-26 12:33:27","../specifications/CHIMN DURAWALL.docx","ze293598","MND",,,
"1277","RQ19112649","10187218","2019-11-26","Supply and Fix of Durawall at Chimanimani CSC",,"0","2019-11-26 13:10:49","../specifications/Chimanimani Durawall approved.pdf","ze269859","MND",,,
"1278","RQ19112633","10187218","2019-11-26","Supply and Fix of Durawall at Chimanimani CSC",,"0","2019-11-26 13:10:56","../specifications/1574766656Chimanimani Durawall approved.pdf","ze269859","MND",,,
"1279","RQ19112647","10187255","2019-11-26","7 tonne vehicle hire for Nyanga Network Maintenance",,"0","2019-11-26 15:31:57","../specifications/","ze243981","NYA",,,
"1280","RQ19112727","10177223","2019-05-01","Depot Renovations at Chimanimani - Fix and Supply ",,"0","2019-11-27 10:34:22","../specifications/Specifications - Tiles.docx","ze269859","MND",,,
"1281","RQ19112772","10187313","2019-11-27","Supply New Injector Pump ,4 injectors and program injectors to start: Engine No YD2555247T ;Chassis ADNAPUD 22Z0042617; Nissan YD25 Year  2014. ER2161, Chiredzi CSC",,"0","2019-12-03 13:52:15","../specifications/","ze44253","MSG",,,
"1282","RQ19112725","10187316","2019-11-27","Supply New Injector Pump, 4 Injectors And Reprogram Injectors To start; Nissan TD25 NP300 ,F/No2157, Engine No YD25518791T; ChassisADNAPUD22Z0040640;",,"0","2019-11-27 15:24:37","../specifications/","ze44253","MSG",,,
"1283","RQ19112747","10187317","2019-11-27","Supply New Injector Pump,4 Injectors And Reprogram injectors to start ; Nissan YD25; NP300; F/No 2158 Engine No YD2553147T; Chassis Number ADNAPUD22Z0043653; year 2014",,"0","2019-11-27 15:47:17","../specifications/","ze44253","MSG",,,
"1284","RQ19112773","10187318","2019-11-27","Supply New Injector Pump,4 injectors And Reprogram injectors to start ,Nissan YD25; NP300 Year 2018; F/No 2201; Engine Number YD25736247T;Chassis Number ADNAPG022z0112413;",,"0","2019-11-27 15:52:19","../specifications/","ze44253","MSG",,,
"1285","RQ19112897","10187359","2019-11-28","Dorowa2 pole change from 132 rusape to middle post",,"0","2019-11-28 12:28:18","../specifications/","ze262730","NYA",,,
"1286","RQ19112868","10187361","2019-11-28","Dorowa2 pole change from middle post to rupako ",,"0","2019-11-28 12:30:09","../specifications/","ze262730","NYA",,,
"1287","RQ19112849","10187363","2019-11-28","Dorowa 2 pole changing  Rupako to Ponsely",,"0","2019-11-28 12:32:46","../specifications/","ze262730","NYA",,,
"1288","RQ19112883","10187366","2019-11-28","Dorowa2 pole changing Ponsely to sharewood",,"0","2019-11-28 12:34:20","../specifications/","ze262730","NYA",,,
"1289","RQ19112890","10187369","2019-11-28","Dorowa2 fdr  pole change Sharewood to Chitenderano",,"0","2019-11-28 12:36:40","../specifications/","ze262730","NYA",,,
"1290","RQ19112811","10187372","2019-11-28","Dorowa2 fdr pole change Chitenderano Mutiweshiri",,"0","2019-11-28 12:38:22","../specifications/","ze262730","NYA",,,
"1291","RQ19112817","10187373","2019-11-28","Dorowa2 fdr pole change Mutiweshiri to Dorowa mine",,"0","2019-11-28 12:40:39","../specifications/","ze262730","NYA",,,
"1292","RQ19112838","10187415","2019-11-28","Emergency pole changing at Kanyimo-Ruwangwe police 33kv line",,"0","2019-11-28 18:07:24","../specifications/","ze243981","NYA",,,
"1293","RQ19112861","10187416","2019-11-28","Emergency pole change on Tangwena 33kv line, Nyanga network",,"0","2019-11-28 18:09:57","../specifications/","ze243981","NYA",,,
"1294","RQ19112813","10187417","2019-11-28","Emergency pole change on 33kv Nyamaropa feeder, Tendanayi-Marist section",,"0","2019-11-28 18:11:45","../specifications/","ze243981","NYA",,,
"1295","RQ19112837","10187419","2019-11-28","Emergency pole change on 33kv Nyamaropa feeder, shiri,katsatse,Nyautare section",,"0","2019-11-28 18:12:54","../specifications/","ze243981","NYA",,,
"1296","RQ1911288","10187418","2019-11-28","Emergency pole change At Tombo Nyaunyenye MV line",,"0","2019-11-28 18:13:56","../specifications/","ze243981","NYA",,,
"1297","RQ19112846","10187421","2019-11-28","33kv Line maintenance, Nyamaropa fdr",,"0","2019-11-28 18:27:16","../specifications/","ze243981","NYA",,,
"1298","RQ19112843","10187422","2019-11-28","11kv line maintanence, Rodel fdr",,"0","2019-11-28 18:29:43","../specifications/","ze243981","NYA",,,
"1299","RQ19112816","10187427","2019-11-28","Line maintenance on Sedze Mv line",,"0","2019-11-28 18:30:38","../specifications/","ze243981","NYA",,,
"1300","RQ19112831","10187423","2019-11-28","33kv Line maintanance, Nyatate section",,"0","2019-11-28 18:31:38","../specifications/","ze243981","NYA",,,
"1301","RQ19112856","10187424","2019-11-28","33kv Nyamaropa fdr, Ruwangwe section line maintenance",,"0","2019-11-28 18:32:34","../specifications/","ze243981","NYA",,,
"1302","RQ19112820","10187425","2019-11-28","33kv Nyamaropa fdr, Tombo 1 & 2 sections line maintanance",,"0","2019-11-28 18:33:43","../specifications/","ze243981","NYA",,,
"1303","RQ19112882","10187426","2019-11-28","Nyamhuka 1 Mv line maintanance",,"0","2019-11-28 18:34:26","../specifications/","ze243981","NYA",,,
"1304","RQ19112920","10187435","2019-11-29","New tyres size 245/75R15C for np300 f/n er2156",,"0","2019-11-29 17:35:31","../specifications/NTS TYRES.jpg","ze48941","MTG",,,
"1305","RQ19112944","10187434","2019-11-29","new tyres size 245/75RC for np300 f/n er2184",,"0","2019-11-29 17:37:07","../specifications/1575041827NTS TYRES.jpg","ze48941","MTG",,,
"1306","RQ19112942","10187433","2019-11-29","new tyres size 245/75R15C for np300 f/n er2185",,"0","2019-11-29 17:38:33","../specifications/1575041913NTS TYRES.jpg","ze48941","MTG",,,
"1307","RQ1912025","10187211","2019-11-28","FIX AND SUPPLY BLINDS FOR FINANCE MANAGER AND FM SECRETARY",,"0","2019-12-02 14:38:45","../specifications/","ze265261","FM300",,,
"1308","RQ19120263","10186490","2019-11-28","OFFICE PARTITIONING FM'S SECRETARY'S OFFICE",,"0","2019-12-02 14:40:34","../specifications/","ze265261","FM300",,,
"1309","RQ19120220","10187209","2019-11-26","PURCHASE OF BONDPAPER AND FILES",,"0","2019-12-02 14:46:44","../specifications/","ze265261","FM300",,,
"1310","RQ19120489","10187588","2019-12-04","SOLAR SYSTEM FOR JOTALI BUILDING",,"0","2019-12-04 08:42:32","../specifications/","ze318957","HR500",,,
"1311","RQ19120554","10187710","2019-12-05","PURCHASE OF DEGREASER FOR CLEANING SWITCHGEAR",,"0","2019-12-05 16:12:25","../specifications/","ze289310","ERM",,,
"1312","RQ19120550","10187713","2019-12-05","PURCHASE OF WASHING POWDER FOR CLEANING TRANSFORMERS AND SWITCHGEAR",,"0","2019-12-05 16:14:04","../specifications/","ze289310","ERM",,,
"1313","RQ1912053","10187718","2019-12-05","PURCHASE OF MUTTON CLOTH TO USE DURING S/S MAINTENANCE",,"0","2019-12-05 16:18:58","../specifications/","ze289310","ERM",,,
"1314","RQ19120652","10187722","2019-12-06","Powertel",,"0","2019-12-06 10:03:19","../specifications/Powertel Nov Invoice (002).pdf","ze9037237","IT100",,,
"1315","RQ1912093","10187793","2019-12-09","Purchase of 8mm*140mmchain for barricading Megawatt pavement",,"0","2019-12-09 12:52:14","../specifications/chain.pdf","ze318833","HR500",,,
"1316","RQ19121050","10166408","2019-12-10","purchase of new tyres 245/70R16 for f/n er2184 NP300",,"0","2019-12-10 09:50:05","../specifications/1575964205NTS TYRES.jpg","ze48941","MTG",,,
"1317","RQ19121043","10166411","2019-02-13","Purchase of new tyres 245/70R16 for f/n er2184 np300",,"0","2019-12-10 10:54:01","../specifications/1575968041NTS TYRES.jpg","ze48941","MTG",,,
"1318","RQ19121017","10166407","2019-02-13","new tyres 245/70R16 for np300 f/n er2156",,"0","2019-12-10 10:55:37","../specifications/1575968137NTS TYRES.jpg","ze48941","MTG",,,
"1319","RQ19121076","10174576","2019-05-06","new tyres 245/70 R16 for f/n er2189 Isuzu KB",,"0","2019-12-10 10:58:46","../specifications/1575968326NTS TYRES.jpg","ze48941","MTG",,,
"1320","RQ19121094","10174584","2019-05-06","new tyres 11R 22.5 for Niss UD truck f/n er2127 Nyanga",,"0","2019-12-10 11:08:03","../specifications/11R22.5 TYRES.docx","ze48941","MTG",,,
"1321","RQ19121143","10187890","2019-12-11","TISSUE PAPER FOR E/R",,"0","2019-12-11 07:27:15","../specifications/","ze318957","HR500",,,
"1322","RQ19121185","10187891","2019-12-11","Labour for installation of Solar power system at Jotali building",,"0","2019-12-11 10:48:47","../specifications/RFQ- 10187891 SOLAR INSTALLATION AT JOTALI.doc","ze318833","HR500",,,
"1323","RQ19121219","10187977","2019-12-12","To purchase HP 971 ink cartridge full set for the System Administrator",,"0","2019-12-12 10:13:39","../specifications/","ze9037237","IT100",,,
"1324","RQ19121291","10187977","2019-12-12","To purchase 971 ink cartridge full set for the System Administrator",,"0","2019-12-12 10:51:20","../specifications/IMG-20191212-WA0003.jpg","ze9037237","IT100",,,
"1325","RQ19121611","10188100","2019-12-16","thermal till rolls",,"0","2019-12-16 08:56:14","../specifications/","ze317152","MTD",,,
"1326","RQ1912166","10188111","2019-12-16","7 tonne truck hire rusape depot",,"0","2019-12-16 10:45:10","../specifications/","ze262730","NYA",,,
"1327","RQ19121618","10188116","2019-12-16","purchase of high speed and heavy duty coin counter",,"0","2019-12-16 10:57:45","../specifications/","ze317152","MTD",,,
"1328","RQ19121662","10188156","2019-12-16","BOND PAPER FOR R/O",,"0","2019-12-16 14:45:16","../specifications/","ze318957","HR500",,,
"1329","RQ19121629","10188178","2019-12-16","Transformer Screens for Masvingo District",,"0","2019-12-16 16:22:39","../specifications/Transformer Screen-Masvingo District.pdf","ze305510","MSD",,,
"1330","RQ19123165","10188479","2019-12-31","265/65 R 17  Tyres  x 5 F/No 2215",,"0","2019-12-31 12:01:17","../specifications/TYRE SPEC 17inch.pdf","ze44253","MSG",,,
"1331","RQ20010869","10188659","2020-01-07","Purchase of 30litres degreaser for use at Mutare Garage",,"0","2020-01-10 10:40:53","../specifications/","ze48941","MTG",,,
"1332","RQ20010894","10188642","2020-01-07","Purchase of front and rear shocks for np300 4x4 ",,"0","2020-01-08 11:13:33","../specifications/suspension mat np300 4x4 TRANS.jpg","ze48941","MTG",,,
"1333","RQ20010853","10188623","2020-01-06","Purchase of filters for UD95 ADG 955 and ADG956",,"0","2020-01-08 11:20:14","../specifications/FILTERS UD95 ADG955,ADG956 TRANSERVE.jpg","ze48941","MTG",,,
"1334","RQ20010852","10188637","2020-01-06","Diesel filter ADG541,oil filter Z153, filters AG1331R for np300 4x4",,"0","2020-01-08 11:32:30","../specifications/NP300 4x4 serv mater TRANSERVE.jpg","ze48941","MTG",,,
"1335","RQ20010817","10188621","2020-01-06","Purchase of service material for UD70/95",,"0","2020-01-08 11:46:17","../specifications/serv mater UD95,70 Amtec.jpg","ze48941","MTG",,,
"1336","RQ20010837","10188834","2020-01-08","Contravision for Nyanga Banking hall",,"0","2020-01-08 14:41:59","../specifications/","ze243981","NYA",,,
"1337","RQ20010965","10188628","2020-01-06","purchase of service material for np300 2wd",,"0","2020-01-09 10:13:54","../specifications/serv mater np300 2wd Transerv.jpg","ze48941","MTG",,,
"1338","RQ20010963","10188631","2020-01-06","Purchase of suspension material for np300 2wd",,"0","2020-01-09 10:30:29","../specifications/suspension mate np300 2wd Amtec -.jpg","ze48941","MTG",,,
"1339","RQ20011318","10189014","2020-01-13","Procurement of Tools and Equipment for Transformer repair workshop (Urban Depot).",,"0","2020-01-13 11:08:18","../specifications/Transformer repair Workshop -Urban.xls","ze261297","MTD",,,
"1340","RQ20011360","10189033","2020-01-13","7 tonne hire (Martin Muhamba)",,"0","2020-01-13 14:43:23","../specifications/contract form for feb 2020.jpg","ze262730","NYA",,,
"1341","RQ20011344","10189040","2020-01-13","7 TONNE HIRE FOR THE MONTH JANUARY (MARTIN MUHAMBA)",,"0","2020-01-13 14:59:34","../specifications/JANUARY 2020.jpg","ze262730","NYA",,,
"1342","RQ20011389","10189043","2020-01-13","DEC 2019 7 TONNE TRUCK HIRE (MARTIN MUHAMBA)",,"0","2020-01-13 15:37:47","../specifications/dec 2019.jpg","ze262730","NYA",,,
"1343","RQ2001138","10189043","2020-01-13","7 TONNE TRUCK HIRE FOR DEC 2019 (MARTIN MUHAMBA)",,"0","2020-01-13 15:39:50","../specifications/1578922788dec 2019.jpg","ze262730","NYA",,,
"1344","RQ20011331","10189047","2020-01-13","Mutare Urban Workshop repairs ",,"0","2020-01-13 16:01:04","../specifications/rfq1.docx","ze270210","MTD",,,
"1345","RQ20011351","10189047","2020-01-13","Mutare Urban Workshop repairs ",,"0","2020-01-13 16:02:15","../specifications/1578924111rfq1.docx","ze270210","MTD",,,
"1346","RQ20011311","10189047","2020-01-13","Mutare Urban Workshop repairs ",,"0","2020-01-13 16:03:07","../specifications/1578924180rfq1.docx","ze270210","MTD",,,
"1347","RQ20011356","10189049","2020-01-13","Mutare Urban Workshop repairs",,"0","2020-01-13 16:14:50","../specifications/1578924883rfq2.docx","ze270210","MTD",,,
"1348","RQ20011366","10189059","2020-01-13","Mutare Urban Workshop repairs Ref: ER7/20",,"0","2020-01-13 17:39:02","../specifications/rfq3.docx","ze270210","MTD",,,
"1349","RQ20011363","10189052","2020-01-13","Mutare Urban Workshop repairs ",,"0","2020-01-13 16:21:51","../specifications/rfq4.docx","ze270210","MTD",,,
"1350","RQ20011361","10189053","2020-01-13","Mutare Urban Workshop repairs ",,"0","2020-01-13 16:32:39","../specifications/rfq5.docx","ze270210","MTD",,,
"1351","RQ20011339","10189054","2020-01-13","Mutare Urban Workshop repairs ",,"0","2020-01-13 16:40:36","../specifications/rfq6.docx","ze270210","MTD",,,
"1352","RQ20011478","10189044","2020-01-14","Supply and delivery of Catmix for Megawatt building tarmac",,"0","2020-01-14 13:17:31","../specifications/RFQ- 10189044 CATMIX.doc","ze318833","HR500",,,
"1353","RQ20011541","10189197","2020-01-15","Ref ER16/20; New tyres 175/65R14 for Cherry J1 f/n ER2181",,"0","2020-02-04 10:33:06","../specifications/NEW TYRES 175.65 R14.docx","ze48941","MTG",,,
"1354","RQ20011596","10189199","2020-01-15","New tyres size 205/70R15 for Mazda BT er2123",,"0","2020-01-15 11:58:55","../specifications/1579082335NEW TYRES 205.70R15.docx","ze48941","MTG",,,
"1355","RQ20011556","10189200","2020-01-15","new tyres size 205/70R15 for Mazda BT f/n er2095",,"0","2020-01-15 12:00:32","../specifications/1579082432NEW TYRES 205.70R15.docx","ze48941","MTG",,,
"1356","RQ20011585","10189203","2020-01-15","new tyres size 215R15 for np300 f/n er2129",,"0","2020-01-15 12:02:40","../specifications/","ze48941","MTG",,,
"1357","RQ20011547","10189205","2020-01-15","new tyres size 195R14 for L200 f/n er2031",,"0","2020-01-15 12:04:35","../specifications/1579082674NEW TYRES 195.70 R14.docx","ze48941","MTG",,,
"1358","RQ20011531","10189208","2020-01-15","Ref 16/20:  215R15 tyres x 5 for np300 f/n ER2143",,"0","2020-02-04 10:26:17","../specifications/1579082769NEW TYRES 215R15.docx","ze48941","MTG",,,
"1359","RQ20011533","10189209","2020-01-15","new tyres size 215R15 for np300 f/n er2148",,"0","2020-01-15 12:07:44","../specifications/1579082863NEW TYRES 215R15.docx","ze48941","MTG",,,
"1360","RQ20011560","10189210","2020-01-15","Ref ER16/20; new tyres size245/70R16 for np300 4x4 f/n ER2186",,"0","2020-02-04 10:30:01","../specifications/1579082971NEW TYRES 245.70R16.docx","ze48941","MTG",,,
"1361","RQ20011741","10189318","2020-01-17","Supply of Common Bricks for Nyanga Guest House renovations",,"0","2020-01-17 08:28:45","../specifications/SPECIFICATION FOR COMMON BRICKS.docx","ze265322","GM400",,,
"1362","RQ20011724","10189335","2020-01-17","Provision of consultancy services for the construction of an Electrict Oven Drier at Mutare Urban Depot",,"0","2020-01-17 09:35:51","../specifications/","ze261297","MTD",,,
"1363","RQ20011765","10189346","2020-01-17","Purchase of window frames for Nyanga cottage ER72020",,"0","2020-01-17 09:59:25","../specifications/BOQ - Caretaker's Cottage Construction.xlsx","ze318833","HR500",,,
"1364","RQ20011762","10189197","2020-01-16","Ref ER16/20 : 175/65 R14 new tyres x 5  for Cherry f/n ER2181 ",,"0","2020-02-04 09:22:29","../specifications/1579261253NEW TYRES 175.65 R14.docx","ze48941","MTG",,,
"1365","RQ20011770","10189199","2020-01-16","Ref ER 16/20;5xnew tyres size 205/70R15 for BT f/n ER2123  ",,"0","2020-02-04 09:50:57","../specifications/1579261455NEW TYRES 205.70R15.docx","ze48941","MTG",,,
"1366","RQ20011773","10189200","2020-01-16","Ref ER 16/20; 5x205/70R15 new tyres for BT f/n ER2095",,"0","2020-02-04 09:53:53","../specifications/1579261559NEW TYRES 205.70R15.docx","ze48941","MTG",,,
"1367","RQ20011766","10189203","2020-01-16","Ref ER16/20;5x215R15 new tyres for np300 f/n ER2129  ",,"0","2020-02-04 09:46:44","../specifications/1579261692NEW TYRES 215R15.docx","ze48941","MTG",,,
"1368","RQ20011746","10189205","2020-01-16","Ref ER16/20 : 195R14 new tyres x 5  for L200 f/n er2031 ",,"0","2020-02-04 09:18:54","../specifications/1579261817NEW TYRES 195.70 R14.docx","ze48941","MTG",,,
"1369","RQ20011728","10189209","2020-01-16","Ref ER16/20 : 215R15 new tyres x 5  for np300 f/n ER2143 ",,"0","2020-02-04 09:29:08","../specifications/1579261951NEW TYRES 215R15.docx","ze48941","MTG",,,
"1370","RQ20011734","10189209","2020-01-16","Ref 16/20;  5x215R15 New tyres for np300 f/n ER2148  ",,"0","2020-02-04 09:34:45","../specifications/1579262059NEW TYRES 215R15.docx","ze48941","MTG",,,
"1371","RQ20011744","10189210","2020-01-16","Ref ER 16/20 ;5x245/70R16 new tyres for np300 4x4 f/n ER2148  ",,"0","2020-02-04 09:44:05","../specifications/1579262617NEW TYRES 245.70R16.docx","ze48941","MTG",,,
"1372","RQ20012278","10189014","2020-01-07","Procurement of Tools and Equipment for Transformer repair workshop (Urban Depot). ER8/20",,"0","2020-01-22 14:34:32","../specifications/Electrical fittings.pdf","ze261297","MTD",,,
"1373","RQ20012283","10189014","2020-01-08","Procurement of T& E Mutare Urban workshop ER8/20",,"0","2020-01-23 11:46:16","../specifications/BoQ for Workshop Repairs 2020.xlsx","ze261297","MTD",,,
"1374","RQ20012477","10189764","2020-01-24","CLEANING SERVICES FOR E/R (FEB & MARCH 2020)",,"0","2020-01-24 10:40:27","../specifications/","ze318957","HR500",,,
"1375","RQ2001277","10189843","2020-01-27","ER16/20:  New tyres 285/70R17 for Toyota L/Cruiser f/n er2210",,"0","2020-02-04 09:06:37","../specifications/NEW TYRES 285.70R14.docx","ze48941","MTG",,,
"1376","RQ20012743","10189843","2020-01-27","ER20/16 New tyres 285/70R17 for Toyota L/Cruiser f/n er2210",,"0","2020-01-27 15:34:35","../specifications/1580132075NEW TYRES 285.70R14.docx","ze48941","MTG",,,
"1377","RQ20012820","10188100","2019-12-03","ER10/20 Buying of till rolls for banking hall staff",,"0","2020-01-28 08:31:03","../specifications/","ze317152","MTD",,,
"1378","RQ2001297","10190054","2020-01-29","ER19/20 BILL BOARD & WORKSHOP LABELS",,"0","2020-01-29 10:44:47","../specifications/Bill Board Specifications.doc","ze261297","MTD",,,
"1379","RQ20012952","10190027","2020-01-29","ER16/20 purchase of 5x245/70R16 tyres for f/n er2186 np300 4x4",,"0","2020-01-29 11:40:18","../specifications/1580290818NEW TYRES 245.70R15.docx","ze48941","MTG",,,
"1380","RQ20012932","10190028","2020-01-29","ER16/20 Purchase of 5x245/70R16 new tyres for f/n er2153 np3004x4",,"0","2020-01-29 11:42:23","../specifications/1580290943NEW TYRES 245.70R15.docx","ze48941","MTG",,,
"1381","RQ20012929","10190029","2020-01-29","ER16/20 Purchase of 5x245/70R16 new tyres for f/n er2183 np300 4x4",,"0","2020-01-29 11:44:09","../specifications/1580291049NEW TYRES 245.70R15.docx","ze48941","MTG",,,
"1382","RQ20012913","10190031","2020-01-29","ER16/20 Purchase of 5x245/70R16 new tyres for f/n er2165 np300 4x4",,"0","2020-01-29 11:45:51","../specifications/1580291151NEW TYRES 245.70R15.docx","ze48941","MTG",,,
"1383","RQ20012925","10190033","2020-01-29","ER16/20 Purchase of 5x245/70R16 for f/n er2149 np300 4x4",,"0","2020-01-29 11:47:41","../specifications/1580291261NEW TYRES 245.70R15.docx","ze48941","MTG",,,
"1384","RQ20012991","10190035","2020-01-29","ER16/20 Purchase of 5x245/70R16 tyres for f/n er2159 for np300 4x4",,"0","2020-01-29 11:49:44","../specifications/1580291384NEW TYRES 245.70R15.docx","ze48941","MTG",,,
"1385","RQ20012964","10190035","2020-01-29","ER16/20 Purchase of tyres 245/70R16 for np300 4x4 f/n er2150",,"0","2020-01-29 11:51:18","../specifications/1580291478NEW TYRES 245.70R15.docx","ze48941","MTG",,,
"1386","RQ20012958","10190036","2020-01-29","ER16/20 Purchase of 5x245/70R16 tyres for np300 4x4 f/n er2152",,"0","2020-01-29 11:52:46","../specifications/1580291566NEW TYRES 245.70R15.docx","ze48941","MTG",,,
"1387","RQ20012992","10190045","2020-01-29","ER16/20 Purchase of 2x 1400R20 tyres for Crane Truck f/n er2198",,"0","2020-01-29 11:56:13","../specifications/NEW TYRES 1400R20.docx","ze48941","MTG",,,
"1388","RQ20012996","10190037","2020-01-29","ER16/20 Purchase of 5x215R15 tyres for np300 2wheel drive f/n er2141",,"0","2020-01-29 11:57:56","../specifications/1580291876NEW TYRES 215R15.docx","ze48941","MTG",,,
"1389","RQ20012953","10190038","2020-01-29","ER16/20 Purchase of 5x215R15 tyres for np300 2whl drive f/n er2131",,"0","2020-01-29 11:59:21","../specifications/1580291960NEW TYRES 215R15.docx","ze48941","MTG",,,
"1390","RQ20012993","10190039","2020-01-29","ER16/20 Purchase of tyres 5x215R15 for np300 2 wheel drive f/n er2132",,"0","2020-01-29 12:00:50","../specifications/1580292049NEW TYRES 215R15.docx","ze48941","MTG",,,
"1391","RQ20012921","10190040","2020-01-29","ER16/20 Purchase of 5x215R15 tyres for np300 2wheel drive f/n er2144",,"0","2020-01-29 12:02:18","../specifications/1580292138NEW TYRES 215R15.docx","ze48941","MTG",,,
"1392","RQ20012928","10190042","2020-01-29","ER16/20 Purchase of 215R15 new tyres for np300 2 wheel drive f/n er2138",,"0","2020-01-29 12:04:10","../specifications/1580292250NEW TYRES 215R15.docx","ze48941","MTG",,,
"1393","RQ20012971","10190043","2020-01-29","ER16/20 Purchase of 5x215R15 tyres for np300 f/n er2146 2 wheel drive",,"0","2020-01-29 12:05:42","../specifications/1580292342NEW TYRES 215R15.docx","ze48941","MTG",,,
"1394","RQ20013126","10190243","2020-01-31","Asbestos 3.6 m  6mm 12 FT ER7/20",,"0","2020-01-31 16:12:36","../specifications/","ze269859","MND",,,
"1395","RQ20013164","10190245","2020-01-31","Internal flash doors for Nyanga staff houses ER7/20",,"0","2020-01-31 16:23:31","../specifications/","ze269859","MND",,,
"1396","RQ20013139","10190246","2020-01-31","External flash doors for Nyanga staff house ER 7/20",,"0","2020-01-31 16:25:26","../specifications/","ze269859","MND",,,
"1397","RQ20020354","10190258","2020-02-03","ER12/20: Private APN Service For Business Excellence Application",,"0","2020-02-06 11:02:57","../specifications/ZETDC PRIVATE APN PROFORMA INVOICE.pdf","ze9037237","IT100",,,
"1398","RQ20020610","10190306","2020-02-04","Supply and fitting of second floor blinds ER 19/20",,"0","2020-02-06 11:36:44","../specifications/SPECIFICATIONS SECOND FLOOR BLINDS.doc","ze269859","MND",,,
"1399","RQ2002066","10190503","2020-02-06","ER6/20: 4-in-1  printer for GM's secretary",,"0","2020-02-06 15:14:33","../specifications/GM Secretary Printer specs.docx","ze9037721","IT100","ACE20012128","specifications/1579618050GM secretary printer.docx",
"1400","RQ20020698","1019057","2020-02-06","ER6/20: four (4) All-in-One desktop computers for the Manicaland District",,"0","2020-02-06 15:16:33","../specifications/All-In-One HARDWARE SPECIFICATIONS.docx","ze9037721","IT100","ACE20012164","specifications/1579610062All-In-One HARDWARE SPECIFICATIONS.docx",
"1401","RQ20020693","10190511","2020-02-06","ER6/20: purchase of four (4) All-in-One desktop computers for the Masvingo District.",,"0","2020-02-06 15:17:58","../specifications/1580995077All-In-One HARDWARE SPECIFICATIONS.docx","ze9037721","IT100","ACE20012145","specifications/1579609906Desktops for Masvingo District.docx",
"1402","RQ20020654","10190513","2020-02-06","ER6/20: purchase of four (4) All-in-One desktop computers for the Mutare District",,"0","2020-02-06 15:19:11","../specifications/1580995151All-In-One HARDWARE SPECIFICATIONS.docx","ze9037721","IT100","ACE20012183","specifications/1579609748All-In-One HARDWARE SPECIFICATIONS.docx",
"1403","RQ20020699","10190531","2020-02-06","ER6/20: to purchase  seven (7) All-in-One desktop computers for the System Development section and IT support section.",,"0","2020-02-06 15:20:39","../specifications/1580995239All-In-One HARDWARE SPECIFICATIONS.docx","ze9037721","IT100","ACE2001212","specifications/1579609156All-In-One HARDWARE SPECIFICATIONS.docx",
"1404","RQ20020641","10190533","2020-02-06","ER6/20: the purchase of six (6) Laptops for the Sales Executive Manicaland, Senior Engineer Manicaland, Snr Engineer Maintenance, Network development Engineer, P.O. Regional Office and P.O. Manicaland",,"0","2020-02-06 15:23:24","../specifications/1580995404Laptop Spec.docx","ze9037721","IT100","ACE20012132","specifications/1579601034Laptop Spec.docx",
"1405","RQ20020639","10190528","2020-02-06","ER6/20: purchase of six (6) Laptops for the Commercial Manager, Systems Administrator, S.S.O Systems Development (x2), S.S.O Masvingo and HRAM.",,"0","2020-02-06 15:26:06","../specifications/1580995566Laptop Spec.docx","ze9037721","IT100","ACE20012182","specifications/1579599275Laptop Spec.docx",
"1406","RQ20020626","10190523","2020-02-06","ER6/20: 2 x UPS- 5kva invertors and 8 x 12v batteries (2 x 48v 200AH batteries ) for Megawatt server room and Jotali building
",,"0","2020-02-10 14:14:48","../specifications/1580995724UPS SPECIFICATIONS.docx","ze9037721","IT100","ACE20012122","specifications/1579598180UPS EXPLANATORY NOTE.docx",
"1407","RQ20020689","10190517","2020-02-06","ER6/20: to purchase server for Business Excellence Application",,"0","2020-02-06 16:08:31","../specifications/BE server specs.docx","ze9037721","IT100","ACE20012168","specifications/1579603827Server Specs.docx",
"1408","RQ20020725","10190524","2020-02-07","70mm ferrues 
50mm ferrues
95mm ferrues",,"0","2020-02-07 10:05:02","../specifications/status 1.txt","ze276839","ENV",,,
"1409","RQ20020720","10190524","2020-02-07","70mm ferrues 
50mm ferrues
95mm ferrues",,"0","2020-02-07 10:05:06","../specifications/1581062706status 1.txt","ze276839","ENV",,,
"1410","RQ20020796","10190524","2020-02-07","70mm ferrues 
50mm ferrues
95mm ferrues",,"0","2020-02-07 10:05:11","../specifications/1581062710status 1.txt","ze276839","ENV",,,
"1411","RQ20020762","10190524","2020-02-07","70mm ferrues 
50mm ferrues
95mm ferrues",,"0","2020-02-07 10:05:15","../specifications/1581062715status 1.txt","ze276839","ENV",,,
"1412","RQ20020734","10190551","2020-02-07","stayrods 3/4",,"0","2020-02-07 10:15:14","../specifications/status2.txt","ze276839","ENV",,,
"1413","RQ20020789","10190552","2020-02-07","5/8 stay plates",,"0","2020-02-07 10:17:04","../specifications/1581063424status 1.txt","ze276839","ENV",,,
"1414","RQ20020752","10190553","2020-02-07","Ref; ER16/20 Batteries 671 x 2 And 2 Positive and 2 Negative Battery Terminals F/No1037",,"0","2020-02-07 14:12:32","../specifications/","ze44253","MSG",,,
"1415","RQ20020776","10190554","2020-02-05","Ref; ER16/20 Tyres 195x14 F/No2010- Masvingo DO",,"0","2020-02-10 16:15:06","../specifications/","ze44253","MSG",,,
"1416","RQ2002074","10190555","2020-02-07","Ref; Er16/20  NewTyres 195x14 F/no2032",,"0","2020-02-10 16:08:52","../specifications/","ze44253","MSG",,,
"1417","RQ20020780","10190558","2020-02-07","Ref ;ER16/20NewTyres 195x14 F/No2074 - Gutu CSC",,"0","2020-02-10 16:17:55","../specifications/","ze44253","MSG",,,
"1418","RQ20020749","10190556","2020-02-07","Ref; ER16/20 Tyres 195x14 F/No2071",,"0","2020-02-07 14:28:46","../specifications/","ze44253","MSG",,,
"1419","RQ20020746","10190560","2020-02-07","Ref;ER16/20 Tyres 195x14 F/No 2124",,"0","2020-02-07 14:30:25","../specifications/","ze44253","MSG",,,
"1420","RQ20020736","10190561","2020-02-07","Ref;ER16/20 Tyres 215R15 F/N 2098",,"0","2020-02-10 16:08:09","../specifications/","ze44253","MSG",,,
"1421","RQ20020757","10190564","2020-02-07","Ref; ER16/20 Supply and fit new Tyres 215 R15 in Masvingo (F/No2104)",,"0","2020-09-30 11:35:11","../specifications/","ze44253","MSG",,,
"1422","RQ20020745","10190565","2020-02-07","Ref;ER16/20 Tyres 215R15  F/No2117",,"0","2020-02-07 14:39:02","../specifications/","ze44253","MSG",,,
"1423","RQ20020710","10190567","2020-02-07","Ref;ER 16/20 Tyres 215R15 F/No 2133",,"0","2020-02-07 14:41:37","../specifications/","ze44253","MSG",,,
"1424","RQ20020774","1090568","2020-02-07","Ref;ER16/20 NewTyres 215R15 F/no2200- Mashava CSC",,"0","2020-02-10 16:13:19","../specifications/","ze44253","MSG",,,
"1425","RQ20020741","10190569","2020-02-07","Ref;ER16/20 Tyres 215R15 F/No2201",,"0","2020-02-07 14:44:50","../specifications/","ze44253","MSG",,,
"1426","RQ2002075","10190570","2020-02-07","Ref;ER16/20 Supply and fit New Tyres 215R15 in Masvingo F/No2202",,"0","2020-09-29 10:57:39","../specifications/","ze44253","MSG",,,
"1427","RQ20020726","10190573","2020-02-07","Ref;ER16/20 Tyres 215R15 F/no2142",,"0","2020-02-10 16:03:11","../specifications/","ze44253","MSG",,,
"1428","RQ20020732","10190573","2020-02-07","Ref;Er 16/20 Tyres 215R15 F/no2142",,"0","2020-02-07 15:01:20","../specifications/","ze44253","MSG",,,
"1429","RQ20020717","10190571","2020-02-07","Ref;ER 16/20 tyres 215R15 F/No 2140",,"0","2020-02-07 15:04:00","../specifications/","ze44253","MSG",,,
"1430","RQ20020771","10190571","2020-02-07","Ref; ER16/20 Supply and fit NewTyres 215R15 F/no 2140",,"0","2020-10-06 09:05:20","../specifications/","ze44253","MSG",,,
"1431","RQ20020779","10190574","2020-02-07","Ref; ER16/20 Tyres 245/70R16 F/No2151",,"0","2020-02-07 15:30:16","../specifications/","ze44253","MSG",,,
"1432","RQ20020723","10190574","2020-02-07","Ref; ER16/20 Tyres 245/70R16 F/No2151",,"0","2020-02-07 15:30:19","../specifications/","ze44253","MSG",,,
"1433","RQ2002079","10190575","2020-02-07","Ref;Er 16/20 NewTyres 245/70R16 F/No 2157 - Gutu CSC",,"0","2020-02-10 16:19:23","../specifications/","ze44253","MSG",,,
"1434","RQ20020770","10190576","2020-02-07","Ref ER16/20 Tyres 245/70 R16 F/No 2158",,"0","2020-02-07 15:39:33","../specifications/","ze44253","MSG",,,
"1435","RQ20020766","1019577","2020-02-07","Ref;ER16/20 Supply and fit New Tyres 245/70R16 in Masvingo ( F/no2161)",,"0","2020-09-30 11:36:34","../specifications/","ze44253","MSG",,,
"1436","RQ20021044","10190579","2020-02-10","ER16/20  245/70R16 New Tyres F/No 2167",,"0","2020-02-10 16:30:20","../specifications/","ze44253","MSG",,,
"1437","RQ20021072","10190580","2020-02-10","ER16/20 NewTyres 245/70R16 Tyres F/No 2169",,"0","2020-02-10 16:36:22","../specifications/","ze44253","MSG",,,
"1438","RQ20021021","10190581","2020-02-10","ER 16/20 NewTyres 245/70R16 Tyres F/No 2174",,"0","2020-02-10 16:24:37","../specifications/","ze44253","MSG",,,
"1439","RQ20021022","10190582","2020-02-10","Ref:ER16/20 Tyres 245/70R16 F/No 2178",,"0","2020-02-10 16:25:17","../specifications/","ze44253","MSG",,,
"1440","RQ20021052","10190584","2020-02-10","ER16/20 New Tyres 245/70R16 F/No 2190",,"0","2020-02-10 16:33:03","../specifications/","ze44253","MSG",,,
"1441","RQ20021068","10190585","2020-02-10","ER16/20New Tyres 245/70R16 F/No 2196",,"0","2020-02-10 16:34:53","../specifications/","ze44253","MSG",,,
"1442","RQ20021031","10190589","2020-02-10","ER16/20:New  tyres 245/70R16 F/No 2075",,"0","2020-02-17 11:55:13","../specifications/","ze44253","MSG",,,
"1443","RQ20021050","10190591","2020-02-10","ER16/20 Tyres 9R22.5 F/No2119",,"0","2020-02-10 13:25:32","../specifications/","ze44253","MSG",,,
"1444","RQ2002105","10190588","2020-02-10","ER16/20 NewTyres 11R22,5 F/No 2194",,"0","2020-02-10 16:31:38","../specifications/","ze44253","MSG",,,
"1445","RQ20021017","10190589","2020-02-10","ER16/20 : NewTyres 265/65R17 F/No2191",,"0","2020-02-13 15:07:22","../specifications/","ze44253","MSG",,,
"1446","RQ20021019","10190590","2020-02-10","ER 16/20 NewTyres 265/65R17   F/No2215 - Rutenga CSC",,"0","2020-02-13 15:11:05","../specifications/","ze44253","MSG",,,
"1447","RQ20021037","10190593","2020-02-10","ER16/20: 20L Jerry Cans- Masvingo Garage",,"0","2020-02-17 12:00:20","../specifications/","ze44253","MSG",,,
"1448","RQ20021035","10190592","2020-02-10","ER16/20 NewTyres 11R22.5 F/No 2211",,"0","2020-02-10 16:28:11","../specifications/","ze44253","MSG",,,
"1449","RQ20021073","10190691","2020-02-10","ER19/20 SUPPLY OF WINDING WIRE FOR TRANSFORMER REPAIRS",,"0","2020-02-10 15:37:41","../specifications/Winding Wire Spec.docx","ze261297","MTD",,,
"1450","RQ20021012","10190691","2020-02-10","ER19/20 SUPPLY OF WINDING WIRE FOR TRANSFORMER REPAIRS",,"0","2020-02-10 15:37:46","../specifications/1581341866Winding Wire Spec.docx","ze261297","MTD",,,
"1451","RQ2002106","10190695","2020-02-10","ER19/20 SUPPLY OF KRAFT PAPER FOR TRANSFORMER INSULATION",,"0","2020-02-10 17:20:02","../specifications/KRAFT PAPER SPEC.docx","ze261297","MTD",,,
"1452","RQ20021193","10188779","2020-01-08","ER 19/2020 PURCHASE OF 3/4 QUARRY STONES FOR CHIREDZI EAST SUBSTATION (QUANTITY IN m3)",,"0","2020-02-11 14:37:33","../specifications/","ze289310","ERM",,,
"1453","RQ20021118","10188781","2020-01-26","ER 19/2020 PURCHASE OF 3/4 QUARRY STONES FOR MTERI SUBSTATION (QUANTITY IN m3)",,"0","2020-02-11 14:48:41","../specifications/","ze289310","ERM",,,
"1454","RQ20021197","10188782","2020-01-26","ER 19/2020 PURCHASE OF 3/4 QUARRY STONES FOR HIPPO VALLEY SUBSTATION (QUANTITY IN M3)",,"0","2020-02-11 14:51:06","../specifications/","ze289310","ERM",,,
"1455","RQ20021148","10188783","2020-01-26","ER 19/2020 PURCHASE OF 3/4 QUARRY STONES FOR TRIANGLE TOWN SUBSTATION (QUANTITY IN M3)",,"0","2020-02-11 14:54:40","../specifications/","ze289310","ERM",,,
"1456","RQ20021152","10188784","2020-01-26","ER 19/2020 PURCHASE OF 3/4 QUARRY STONES FOR TRIANGLE MILL SUBSTATION (QUANTITY IN M3)",,"0","2020-02-11 14:59:57","../specifications/","ze289310","ERM",,,
"1457","RQ20021144","10188786","2020-01-26","ER 19/2020 PURCHASE OF 3/4 QUARRY STONES FOR TRIANLE EAST SUBSTATION (QUANTITY IN M3)",,"0","2020-02-11 15:01:05","../specifications/","ze289310","ERM",,,
"1458","RQ20021190","10188789","2020-01-26","ER 19/2020 PURCHASE OF 3/4 QUARRY STONES FOR RENCO MINE SUBSTATION (QUANTITY IN M3)",,"0","2020-02-11 15:02:30","../specifications/","ze289310","ERM",,,
"1459","RQ20021170","10190188","2020-02-11","Supply and delivery of 60mm red and black pavers for Megawatt car park",,"0","2020-02-11 15:02:40","../specifications/RFQ- PAVERS FOR MEGAWATT CAR PAK.doc","ze318833","HR500",,,
"1460","RQ2002112","10188792","2020-01-26","ER 19/2020 PURCHASE OF 3/4 QUARRY STONES FOR RUTENGA SUBSTATION (QUANTITY IN M3)",,"0","2020-02-11 15:03:59","../specifications/","ze289310","ERM",,,
"1461","RQ20021111","10188794","2020-01-26","ER 19/2020 PURCHASE OF 3/4 QUARRY STONES FOR TOKWE MUKOSI SUBSTATION (QUANTITY IN M3)",,"0","2020-02-11 15:05:21","../specifications/","ze289310","ERM",,,
"1462","RQ20021130","10188795","2020-01-26","ER 19/2020 PURCHASE OF 3/4 QUARRY STONES FOR MASVINGO SUBSTATION (QUANTITY IN M3)",,"0","2020-02-11 15:06:45","../specifications/","ze289310","ERM",,,
"1463","RQ20021122","10188796","2020-01-26","ER 19/2020 PURCHASE OF 3/4 QUARRY STONES FOR GLENLIVET SUBSTATION (QUANTITY IN M3)",,"0","2020-02-11 15:15:38","../specifications/","ze289310","ERM",,,
"1464","RQ20021194","10188798","2020-01-26","ER 19/2020 PURCHASE OF 3/4 QUARRY STONES FOR FARMERS HALL SUBSTATION (QUANTITY IN M3)",,"0","2020-02-11 15:16:37","../specifications/","ze289310","ERM",,,
"1465","RQ20021183","10188799","2020-01-26","ER 19/2020 PURCHASE OF 3/4 QUARRY STONES FOR FLAMBOYANT SUBSTATION (QUANTITY IN M3)",,"0","2020-02-11 15:17:35","../specifications/","ze289310","ERM",,,
"1466","RQ2002116","10188801","2020-01-26","ER 19/2020 PURCHASE OF 3/4 QUARRY STONES FOR ZAKA SUBSTATION (QUANTITY IN M3)",,"0","2020-02-11 15:18:52","../specifications/","ze289310","ERM",,,
"1467","RQ2002128","10190761","2020-02-11","Purchase 100L Solar Geyser with element ",,"0","2020-02-12 09:20:07","../specifications/","ze260932","GM400",,,
"1468","RQ20021257","10190816","2020-02-12","To procure E117 booklets for Masvingo District",,"0","2020-02-12 14:27:41","../specifications/Specification of E117 Booklet.docx","ze269190","MSD",,,
"1469","RQ20021386","10190086","2020-02-13","Ref 16/2020 622 btries 279790-0620",,"0","2020-02-13 10:27:49","../specifications/batteries.pdf","ze301698","GARAGE",,,
"1470","RQ20021375","10190867","2020-02-13","Ref 16/20: Purchase of batteries size 650",,"0","2020-02-13 10:47:19","../specifications/1581582551batteries.pdf","ze301698","GARAGE",,,
"1471","RQ20021396","10190868","2020-02-13","Purchase of batteries",,"0","2020-02-13 10:30:33","../specifications/1581582633batteries.pdf","ze301698","GARAGE",,,
"1472","RQ20021390","10190869","2020-02-13","Purchase of batteries",,"0","2020-02-13 10:31:32","../specifications/1581582692batteries.pdf","ze301698","GARAGE",,,
"1473","RQ20021388","10190930","2020-02-06","ER 19/2020 SAND BUCKETS FOR MANICALAND DISTRICT SUBSTATIONS",,"0","2020-02-13 15:07:35","../specifications/","ze289310","ERM",,,
"1474","RQ20021316","10190931","2020-02-13","ER 19/2020 SAND BUCKETS FOR MASVINGO DISTRICT SUBSTATIONS",,"0","2020-02-13 15:08:33","../specifications/","ze289310","ERM",,,
"1475","RQ20021340","10190928","2020-02-13","ER 19/2020 SAND BUCKETS FOR MUTARE DISTRICT SUBSTATIONS",,"0","2020-02-13 15:09:22","../specifications/","ze289310","ERM",,,
"1476","RQ20021489","10190969","2020-02-14","Supply DesignJet Catridges for Drawing office",,"0","2020-02-14 11:13:56","../specifications/drawing office DesignJet Catridges.docx","ze341851","END",,,
"1477","RQ2002145","10190505","2020-02-06","Purchase 33kV Current Transformers",,"0","2020-02-14 14:53:59","../specifications/","ze336912","END",,,
"1478","RQ20021464","10190999","2020-02-14","ER11/2020: Purchase of HP 971 cartridge full set for the System Administrator (E.Chakona)",,"0","2020-02-14 14:59:18","../specifications/971 cartridge.pdf~RF68a569d.TMP","ze9037237","IT100",,,
"1479","RQ20021764","10190523","2020-02-06","ER6/20: 1xUPS- 5kva invertors and batteries(48v 200AH batteries) for Megawatt server room ",,"0","2020-02-19 08:05:36","../specifications/1581944185UPS SPECIFICATIONS.docx","ze9037721","IT100","ACE20012122","specifications/1579598180UPS EXPLANATORY NOTE.docx",
"1480","RQ20021747","10190533","2020-02-06","ER6/20: the purchase of six (6) Laptops for the Sales Executive Manicaland, Senior Engineer Manicaland, Snr Engineer Maintenance, Network development Engineer, P.O. Regional Office and P.O. Manicaland",,"0","2020-02-17 14:58:44","../specifications/1579601034Laptop Spec.docx","ze9037721","IT100","ACE20012132","specifications/1579601034Laptop Spec.docx",
"1481","RQ2002171","10190528","2020-02-06","ER6/20: purchase of six (6) Laptops for the Commercial Manager, Systems Administrator, S.S.O Systems Development (x2), S.S.O Masvingo and HRAM.",,"0","2020-02-17 15:00:35","../specifications/1579601034Laptop Spec - Copy.docx","ze9037721","IT100","ACE20012182","specifications/1579599275Laptop Spec.docx",
"1482","RQ2002191","10191229","2020-02-19"," REQUEST FOR SUPPLY OF 20 X 4.5 mm AND 20 X 6mm FINE RUBBERISED GASKETS FOR S/S MAINTENANCE",,"0","2020-02-19 08:38:39","../specifications/","ze289310","ERM",,,"ER19/2020"
"1483","RQ2002192","10190523","2020-02-06","ER6/20: 1xUPS- 5kva invertors and batteries(48v 200AH batteries) for Jotali building",,"0","2020-02-19 08:54:53","../specifications/1582094665UPS SPECIFICATIONS.docx","ze9037721","IT100","ACE20012122","specifications/1579598180UPS EXPLANATORY NOTE.docx","ER6/2020"
"1484","RQ20021987","10190523","2020-02-06","ER6/20: 1xUPS- 5kva invertors and batteries(2 x 24v 200AH batteries) for Jotali building",,"0","2020-02-25 15:59:12","../specifications/1582095695UPS SPECIFICATIONS.docx","ze9037721","IT100","ACE20012122","specifications/1579598180UPS EXPLANATORY NOTE.docx","ER6/2020"
"1485","RQ20021959","10191426","2020-02-06","ER6/20: 1xUPS- 5kva invertors and batteries(48v 200AH batteries) for Jotali building",,"0","2020-02-27 09:10:41","../specifications/1582095699UPS SPECIFICATIONS.docx","ze9037721","IT100","ACE20012122",,"ER6/2020"
"1486","RQ20021923","10191246","2020-02-19","ER16/20 Purchase of new tyres 5x245 70R16 for Isuzu KB f/n er2188",,"0","2020-02-19 11:07:30","../specifications/1582103250NEW TYRES 245.70R16.docx","ze48941","MTG",,,"ER16/2020"
"1487","RQ20021960","10191247","2020-02-19","purchase of new tyres 5x215R15 for np300 f/n er2141",,"0","2020-02-19 11:10:02","../specifications/1582103402NEW TYRES 215R15.docx","ze48941","MTG",,,"ER16/2020"
"1488","RQ20021942","10191259","2020-02-19","ER16/20 Purchase of injector pump for UD95 for f/n er2192",,"0","2020-02-19 11:37:19","../specifications/1xinjector pump  er2192.docx","ze48941","MTG",,,"ER16/2020"
"1489","RQ20021965","10191258","2020-02-19","ER16/20 Purchase of Turbo Charger
ER16/20 Purchase of Water Pump for Benz Artego f/n 1062",,"0","2020-02-19 11:41:26","../specifications/1582105286fleet number 1062.docx","ze48941","MTG",,,"ER16/2020"
"1490","RQ20021916","10191153","2020-02-18","Purchasing of Morse Hacksaw Blades for Mutare Urban Operations",,"0","2020-02-19 14:51:51","../specifications/Northgate.msg","ze232696","URB",,,"ER19/2020"
"1491","RQ20021950",,"2020-02-10","reject",,"0","2020-02-19 16:33:38","../specifications/","ze56120","RSP",,,"ER4/2020"
"1492","RQ20021922",,"2020-02-10","reject",,"0","2020-02-19 16:34:02","../specifications/","ze56120","RSP",,,"ER4/2020"
"1493","RQ20021947","10190690","2020-02-10","Purchase of 4 Plate stove for Ruspe Depot",,"0","2020-02-19 16:29:05","../specifications/","ze56120","RSP",,,"ER4/2020"
"1494","RQ20022048","10185354","2020-01-03","Construction of standard Blair toilets for Rusape Substations",,"0","2020-02-20 11:13:54","../specifications/","ze56120","RSP",,,"ER7/2020"
"1495","RQ20022098","10191406","2020-02-20","ER16/20 Batteries size 622",,"0","2020-02-20 16:09:02","../specifications/BATTERY 622 QUOTE.pdf","ze44253","MSG",,,"ER16/2020"
"1496","RQ20022071","10191407","2020-02-20","650 batteries",,"0","2020-02-20 16:19:26","../specifications/BATTERY 650 QUOTE.pdf","ze44253","MSG",,,"ER16/2020"
"1497","RQ20022024","10191408","2020-02-20","671 batteries",,"0","2020-02-20 16:21:49","../specifications/1582208509671 Battery.pdf","ze44253","MSG",,,"ER16/2020"
"1498","RQ20022058","10191409","2020-02-20","683 Batteries",,"0","2020-02-20 16:25:12","../specifications/1582208712Battery Spec 650 (3).pdf","ze44253","MSG",,,"ER16/2020"
"1499","RQ20022531","10191510","2020-02-25","ER19/20 Transformer repair materials for transformer repair workshop at Mutare Urban Depot",,"0","2020-02-25 11:28:45","../specifications/","ze261297","MTD",,,"ER19/2020"
"1500","RQ20022737","10191605","2020-02-27","Bond for District Office Feb 2020",,"0","2020-02-27 08:40:56","../specifications/N. Richards-Quotation-Bond paper Feb 2020.pdf","ze305510","MSD",,,"ER10/2020"
"1501","RQ20022738","10191406","2020-02-20","Purchase of batteries 622 x 13",,"0","2020-02-27 15:24:39","../specifications/1582809879batteries.pdf","ze301698","GARAGE",,,"ER16/2020"
"1502","RQ20022746","10191407","2020-02-20","Purchase of batteries 650 x 20",,"0","2020-02-27 15:26:30","../specifications/1582809990batteries.pdf","ze301698","GARAGE",,,"ER16/2020"
"1503","RQ20022719","10191408","2020-02-20","Purchase of batteries 671x12",,"0","2020-02-27 15:27:55","../specifications/1582810074batteries.pdf","ze301698","GARAGE",,,"ER16/2020"
"1504","RQ20022712","10191409","2020-02-20","purchase of batteries 683x4",,"0","2020-02-27 15:29:22","../specifications/1582810162batteries.pdf","ze301698","GARAGE",,,"ER16/2020"
"1505","RQ20022859","10191406","2020-02-20","Purchase of batteries 622x13",,"0","2020-02-28 08:11:17","../specifications/Batteries word.docx","ze301698","GARAGE",,,"ER16/2020"
"1506","RQ20022865","10191407","2020-02-20","Purchase of batteries 650x20",,"0","2020-02-28 08:12:31","../specifications/1582870351Batteries word.docx","ze301698","GARAGE",,,"ER16/2020"
"1507","RQ20022817","10191408","2020-02-20","Purchase of batteries 671x12",,"0","2020-02-28 08:13:48","../specifications/1582870428Batteries word.docx","ze301698","GARAGE",,,"ER16/2020"
"1508","RQ20022838","10191409","2020-02-20","Purchase of batteries 683x4",,"0","2020-02-28 08:14:56","../specifications/1582870496Batteries word.docx","ze301698","GARAGE",,,"ER16/2020"
"1509","RQ20022824","10188116","2020-01-08","ER4/20 Heavy duty coin counter for banking hall",,"0","2020-02-28 09:06:35","../specifications/","ze317152","MTD",,,"ER4/2020"
"1510","RQ20030262","10168883","2019-03-07","Supply and Erect 1.8 m High Security Fence (Diamond Mesh) with 3 Strands of Barbed Wire",,"0","2020-03-02 08:49:39","../specifications/SPECIFICATIONS - MIDDLE SABI FENCE 2.docx","ze269859","MND","ACE20012413","specifications/1579845789SPECIFICATIONS - MIDDLE SABI FENCE.docx","ER7/2020"
"1511","RQ20030380","10191807","2020-03-03","Cable fault locator for Mutare District",,"0","2020-03-03 09:42:26","../specifications/","ze261297","MTD",,,"ER19/2020"
"1512","RQ20030466","10191911","2020-03-04","Purchaser of three (3) All-In-1 Desktop Computers  for Mutare District and Regional Office. Asset numbers 180000001492, 180000001493 and 180000001505",,"0","2020-03-04 15:45:11","../specifications/1583329510All-In-One HARDWARE SPECIFICATIONS.docx","ze297232","IT100","ACE20012168","specifications/1579603827ServerSpecs.pdf","ER6/2020"
"1513","RQ20030421","10191914","2020-03-04","Purchase of three (3) All-In-1 Desktop Computers  for Manicaland District. Asset numbers 180000001494, 180000001495 and 180000001496.",,"0","2020-03-04 15:53:11","../specifications/1583329991All-In-One HARDWARE SPECIFICATIONS.docx","ze297232","IT100","ACE20012168","specifications/1579603827ServerSpecs.pdf","ER6/2020"
"1514","RQ20030432","10191915","2020-03-04","Purchase of three (3) All-In-1 Desktop Computers  for Masvingo District. Asset numbers 180000001502, 180000001503 and 180000001504.",,"0","2020-03-04 16:02:53","../specifications/1583330573All-In-One HARDWARE SPECIFICATIONS.docx","ze297232","IT100","ACE20012168","specifications/1579603827ServerSpecs.pdf","ER6/2020"
"1515","RQ20030521","10190750","2020-02-26","Mtre Environs Compound houses interior painting",,"0","2020-03-05 13:02:47","../specifications/","ze57673","ENV",,,"ER7/2020"
"1516","RQ20030577","10192002","2020-03-05","Supply New Injector Pump , Injectors And Reprogram Injectors To Start , Nissan YD25, NP300,2018, F/No 2201, Engine No YD25736247T, Chassis No ADNAPGD22Z0112413 -Rutenga CSC",,"0","2020-03-05 15:00:48","../specifications/","ze44253","MSG",,,"ER16/2020"
"1517","RQ20030539","10192004","2020-03-05","Supply New Injector Pump , 4 Injectors And Reprogram injectors to Start , Nissan YD25, NP300,2018.
F/No2202,,Engine No YD25798268T, Chassis no; ADNAPGD220117895-Masvingo CSC",,"0","2020-03-05 15:00:12","../specifications/","ze44253","MSG",,,"ER16/2020"
"1518","RQ20030549","10191258","2020-02-26","Procurement of 1x Turbo Charger for Mercedes Benz Atego truck
Procurement of 1x Water Pump for Mercedes Benz Artego truck f/n 1062",,"0","2020-03-05 15:00:46","../specifications/F.N 1062 BENZ ARTEGO.docx","ze48941","MTG",,,"ER16/2020"
"1519","RQ20030516","10191259","2020-02-26","procurement of 1xInjector Pump for UD95 er2192",,"0","2020-03-05 15:44:21","../specifications/15834158611xinjector pump  er2192.docx","ze48941","MTG",,,"ER16/2020"
"1520","RQ20030929","10191769","2020-03-09","FRONTLINE UNIFORMS FOR E/R",,"0","2020-03-09 10:36:26","../specifications/","ze318957","HR500",,,"ER24/2020"
"1521","RQ20030957","10184990","2019-05-02","Four plate Stove for Chimanimani Depot  ",,"0","2020-03-09 12:46:16","../specifications/1583750775Specifications for Four plate stove.docx","ze269859","MND","ACE20020661","specifications/1580972398Specifications for Four plate stove.docx","ER4/2020"
"1522","RQ20030919","10192129","2020-03-09"," Four Plate Stove for Nyanga Depot",,"0","2020-03-09 12:49:46","../specifications/1583750986Specifications for Four plate stove.docx","ze269859","MND","ACE20020325","specifications/1580727249Specifications for Four plate stove.docx","ER4/2020"
"1523","RQ20030998","10192129","2020-03-09"," Four Plate Stove for Nyanga Depot",,"0","2020-03-09 12:49:54","../specifications/1583750994Specifications for Four plate stove.docx","ze269859","MND","ACE20020325",,"ER4/2020"
"1524","RQ20030973","10187218","2019-06-07","Supply and fix of durawall for Chimanimani Depot",,"0","2020-03-09 13:00:04","../specifications/chimanimani boundary wall final  (1).pdf","ze269859","MND","ACE20020623","specifications/1580974040Chimanimani Durawall approved.pdf","ER7/2020"
"1525","RQ20030930","10168891","2019-06-02","Four Plate Stove for Middle Sabi Guest House",,"0","2020-03-09 13:02:23","../specifications/1583751743Specifications for Four plate stove.docx","ze269859","MND","ACE2002037","specifications/1580734857Specifications for Four plate stove.docx","ER4/2020"
"1526","RQ20030934","10192130","2020-03-09","Four plate stove for Chipinge depot",,"0","2020-03-09 14:06:28","../specifications/1583755588Specifications for Four plate stove.docx","ze269859","MND","ACE20020395","specifications/1580727588Specifications for Four plate stove.docx","ER4/2020"
"1527","RQ20030982","10192134","2020-03-09","Deep Fridge for  Chimanimani Depot",,"0","2020-03-09 14:24:12","../specifications/1583756652Deep Fridge for Chimanimani Depot-Specifications.docx","ze269859","MND","ACE20012931","specifications/1580300278Explanatory Notes for Chimanimani Fridge.docx","ER4/2020"
"1528","RQ20031018","10192186","2020-03-10","ER21/20 Mutare district customer paid project",,"0","2020-03-10 12:44:03","../specifications/","ze261297","MTD",,,"ER21/2020"
"1529","RQ20031151","10192253","2020-03-11","Guardroom for Mutare Urban ",,"0","2020-03-11 11:56:36","../specifications/Guardroom 3.pdf","ze270210","MTD",,,"ER17/2020"
"1530","RQ20031149","10192246","2020-03-11","ER11/2020 - Cartridges for HRAM's Secretary Office Use ",,"0","2020-03-11 15:32:41","../specifications/","ze223670","HR500",,,"ER11/2020"
"1531","RQ20031243","10184424","2020-03-12","Supply and fix, 6,5mtrs *2,3mtrs sliding gate at Nyanga csc
supply and fix 5,5mtrs* 2,3mtrs sliding gate at Nyanga csc",,"0","2020-03-12 11:14:47","../specifications/","ze243981","NYA",,,"ER17/2020"
"1532","RQ20031295","10183700","2020-03-12","Supply ang fix. 1,5*2.5mm Perimeter fencing for Nyanga staff hses number 123 & 128 Rochdale and accessories
SITE VISIT required",,"0","2020-03-12 11:18:55","../specifications/","ze243981","NYA",,,"ER17/2020"
"1533","RQ20031297","10183699","2020-03-12","1,5*2,5mm fencing Diamond mesh wire and accessories for Nyanga Staff hses, Nyamhuka 1 ( Supply & Fix)
SITE VISIT required",,"0","2020-03-12 11:21:17","../specifications/","ze243981","NYA",,,"ER17/2020"
"1534","RQ2003123","10192344","2020-03-12","60 s/p mcb ",,"0","2020-03-12 15:04:34","../specifications/","ze276839","ENV",,,"ER22/2020"
"1535","RQ20031259","10192344","2020-03-12","60 s/p mcb ",,"0","2020-03-12 15:04:40","../specifications/","ze276839","ENV",,,"ER22/2020"
"1536","RQ20031253","10192344","2020-03-12","60 s/p mcb ",,"0","2020-03-12 15:04:45","../specifications/","ze276839","ENV",,,"ER22/2020"
"1537","RQ20031290","10192344","2020-03-12","60 s/p mcb ",,"0","2020-03-12 15:04:51","../specifications/","ze276839","ENV",,,"ER22/2020"
"1538","RQ20031231","10192344","2020-03-12","SUPPLY 60 AMPS SINGLE POLE  FOR CONNECTIONS",,"0","2020-03-12 15:06:45","../specifications/","ze276839","ENV",,,"ER22/2020"
"1539","RQ20031244","10192345","2020-03-12","SUPPLY 60AMPS TRIPPLE POLE  FOR CONNECTIONS",,"0","2020-03-12 15:08:59","../specifications/","ze276839","ENV",,,"ER22/2020"
"1540","RQ20031212","10192345","2020-03-12","SUPPLY 60AMPS TRIPPLE POLE  FOR CONNECTIONS",,"0","2020-03-12 15:09:04","../specifications/","ze276839","ENV",,,"ER22/2020"
"1541","RQ20031267","10192345","2020-03-12","SUPPLY 60AMPS TRIPPLE POLE  FOR CONNECTIONS",,"0","2020-03-12 15:09:10","../specifications/","ze276839","ENV",,,"ER22/2020"
"1542","RQ20031277","10192345","2020-03-12","SUPPLY 60AMPS TRIPPLE POLE  FOR CONNECTIONS",,"0","2020-03-12 15:09:15","../specifications/","ze276839","ENV",,,"ER22/2020"
"1543","RQ20031355","10192445","2020-03-13","er16/20 purchase of 1xclutch master cylinder BT er2085
er16/20 purchase of 1xslave cylinder BT er2085",,"0","2020-03-13 16:20:20","../specifications/AMTEC ER2085 CLUTCH MASTER, SLAVE CYLINDER.pdf","ze48941","MTG",,,"ER16/2020"
"1544","RQ20031645","10192501","2020-03-16","Tools and equipment for Nyanga line gang",,"0","2020-03-16 14:11:55","../specifications/","ze243981","NYA",,,"ER8/2020"
"1545","RQ20031664","10192476","2020-03-16","New tyres 1400R20 for Crane truck er2198",,"0","2020-03-16 14:17:59","../specifications/NEW TYRES CRANE.docx","ze48941","MTG",,,"ER16/2020"
"1546","RQ20031699","10192478","2020-03-16","New tyres 11R 22.5 for UD truck for Nyanga",,"0","2020-03-16 14:19:27","../specifications/NEW TYRES 11R22.5.docx","ze48941","MTG",,,"ER16/2020"
"1547","RQ20031684","10192479","2020-03-16","new tyres 11R 22.5 For UD Truck f/n er2193",,"0","2020-03-16 14:21:17","../specifications/1584361277NEW TYRES 11R22.5.docx","ze48941","MTG",,,"ER16/2020"
"1548","RQ20031682","10192513","2020-03-16","new tyres 9R 22.5 for UD truck f/n er2120",,"0","2020-03-16 14:22:57","../specifications/NEW TYRES 9R22.5.docx","ze48941","MTG",,,"ER16/2020"
"1549","RQ20031632","10190816","2020-03-16","To procure 100 E117 Statutory Inspection booklets",,"0","2020-03-16 14:25:41","../specifications/1584361541Specification of E117 Booklet.docx","ze269190","MSD",,,"ER10/2020"
"1550","RQ20031673","10192533","2020-03-16","Purchase of tools and equipment for Middle Sabi Depot",,"0","2020-03-16 16:28:50","../specifications/","ze341827","MSB",,,"ER8/2020"
"1551","RQ20031764","10192555","2020-03-17","CALIBRATION OF 12 X FUEL TANKS - EASTERN REGION",,"0","2020-03-17 11:54:56","../specifications/CALIBRATION OF TANKS.docx","ze301698","GARAGE",,,"ER16/2020"
"1552","RQ2003171","10192567","2020-03-17","Purchase of Axes and Handles ",,"0","2020-03-17 14:41:55","../specifications/","ze56120","RSP",,,"ER8/2020"
"1553","RQ20031751","10192568","2020-03-17","Purchase of slashers",,"0","2020-03-17 14:43:09","../specifications/","ze56120","RSP",,,"ER8/2020"
"1554","RQ20031715","10192569","2020-03-17","Purchase of cane knives ",,"0","2020-03-17 14:44:29","../specifications/","ze56120","RSP",,,"ER8/2020"
"1555","RQ20031826","10191229","2020-01-26"," REQUEST FOR SUPPLY OF 20 X 4.5 mm AND 20 X 6mm FINE RUBBERISED GASKETS FOR S/S MAINTENANCE",,"0","2020-03-18 09:34:27","../specifications/Gasket Specification (4).pdf","ze289310","ERM",,,"ER19/2020"
"1556","RQ20031985","10192713","2020-03-19","Supply and Delivery of 15mm water Taps for Nyanga staff houses ( COBRA)",,"0","2020-03-19 11:20:03","../specifications/","ze243981","NYA",,,"ER17/2020"
"1557","RQ20031923","10192712","2020-03-19","Double knit winter jerseys for Nyanga staff",,"0","2020-03-19 11:22:21","../specifications/","ze243981","NYA",,,"ER15/2020"
"1558","RQ20031992","10192711","2020-03-19","Fan heaters for Nyanga office staff",,"0","2020-03-19 11:23:11","../specifications/","ze243981","NYA",,,"ER4/2020"
"1559","RQ20031970","10168986","2019-03-07","Plumbing Materials for Middle Sabi Staff Houses",,"0","2020-03-19 11:38:43","../specifications/","ze269859","MND",,,"ER7/2020"
"1560","RQ20031910","10190533","2020-02-06","ER6/20: the purchase of six (6) Laptops for the Sales Executive Manicaland (180000001423), Senior Engineer Manicaland (180000001424), Snr Engineer Maintenance (180000001425), Network development Engineer (180000001426), P.O. Regional Office (180000001427) and P.O. Manicaland (180000001428)",,"0","2020-03-19 14:39:46","../specifications/Ace 1.PNG","ze297232","IT100","ACE20012132","specifications/1579601034Laptop Spec.docx","ER6/2020"
"1561","RQ20031962","10190528","2020-02-06","ER6/20: purchase of six (6) Laptops for the Commercial Manager (180000001429), Systems Administrator (180000001430), S.S.O Systems Development (x2) (180000001431 & 180000001432), S.S.O Masvingo (180000001433) and HRAM (180000001434).",,"0","2020-03-19 14:54:35","../specifications/ACE 2.PNG","ze297232","IT100","ACE20012182","specifications/1579599275Laptop Spec.docx","ER6/2020"
"1562","RQ20032038","10192761","2020-03-20","SUPPLY OF SLASHERS",,"0","2020-03-20 11:39:24","../specifications/","ze259373","CHM",,,"ER8/2020"
"1563","RQ20032072","10192763","2020-03-20","SUPPLY OF PICK HEADS",,"0","2020-03-20 11:41:31","../specifications/","ze259373","CHM",,,"ER8/2020"
"1564","RQ20032036","10192765","2020-03-20","SUPPLY OF AXE HEADS",,"0","2020-03-20 11:43:04","../specifications/","ze259373","CHM",,,"ER8/2020"
"1565","RQ20032084","10192766","2020-03-20","PICK HANDLES",,"0","2020-03-20 11:44:39","../specifications/","ze259373","CHM",,,"ER8/2020"
"1566","RQ20032030","10192767","2020-03-20","AXE HEADS HANDLES",,"0","2020-03-20 11:50:21","../specifications/","ze259373","CHM",,,"ER8/2020"
"1567","RQ20032086","10192768","2020-03-20","CANE KNIVES",,"0","2020-03-20 11:51:48","../specifications/","ze259373","CHM",,,"ER8/2020"
"1568","RQ20032073","10192770","2020-03-20","SHOVELS",,"0","2020-03-20 11:52:58","../specifications/","ze259373","CHM",,,"ER8/2020"
"1569","RQ20032373","10192416","2020-03-13","Purchasing of 6 steel filing cabinets for service files for Mutare Urban : Procurement Plan ER4/20",,"0","2020-03-23 11:11:26","../specifications/Image of Filing Cabinets.jpg","ze232696","URB","ACE20012959","specifications/1580296146Filing Cabinets.pdf","ER4/2020"
"1570","RQ20032356","10192418","2020-03-13","Purchasing of 4 plate stove for Mutare Urban Kitchen :- Procurement Plan ER4/20",,"0","2020-03-23 14:45:59","../specifications/Stove 1.jpg","ze232696","URB","ACE20012945","specifications/1580301189Tables.pdf","ER4/2020"
"1571","RQ20032397","10192419","2020-03-13","Purchasing of 290L Upright Fridge for the Kitche :- Ref ER4/20",,"0","2020-03-23 15:03:09","../specifications/290l Upright Fridge.jpg","ze232696","URB","ACE20012994","specifications/1580302330Fridge.pdf","ER4/2020"
"1572","RQ20032339","10192420","2020-03-13","Purchasing of 90L Single Door Fridge for SCSO Mutare Urban:- Ref ER4/20",,"0","2020-03-23 15:08:55","../specifications/90L Single Door Fridge.jpg","ze232696","URB","ACE20012951","specifications/1580302843Fridge SCSO.pdf","ER4/2020"
"1573","RQ2003234","10192448","2020-03-13","Purchasing of Deep Freezer for Mutare Urban Staff Canteen",,"0","2020-03-23 15:31:54","../specifications/1584970314Deep Freezer Image.jpg","ze232696","URB","ACE20013138","specifications/1580476320Deep Freezer.pdf","ER4/2020"
"1574","RQ20032326","10192422","2020-03-13","Water Dispenser for Mutare Urban Customer Care Desk:- REF ER4/20",,"0","2020-03-23 15:50:59","../specifications/Image of Water Dispencer.jpg","ze232696","URB","ACE20012983","specifications/1580306297Water Dispenser.pdf","ER4/2020"
"1575","RQ2003247","10192449","2020-03-13","Purchasing of a set of couch for Mutare urban Reception (Customer Care Desk) Ref;- ER4/20",,"0","2020-03-24 10:41:57","../specifications/Couches.jpg","ze232696","URB","ACE20013038","specifications/1580391462Reception Couch.pdf","ER4/2020"
"1576","RQ20032479","10192442","2020-03-13","PURCHASING OF 3 HEATERS - FOR SCSO, DEPOT CLERK, CUSTOMER CARE DESK- REF:- ER4/20",,"0","2020-03-24 10:44:06","../specifications/Heater 4.jpg","ze232696","URB","ACE20020727","specifications/1581071390HEATERS.docx","ER4/2020"
"1577","RQ20032461","10192423","2020-03-13","Purchasing of 4 Swivel Chairs for Mutare Urban SCSO, Lead Artisan, Depot Clerk, Customer Cared Desk Ref:- ER4/20",,"0","2020-03-24 10:47:22","../specifications/Swivel Chiar 3.jpg","ze232696","URB","ACE20012970","specifications/1580308150Swivel Chairs.docx","ER4/2020"
"1578","RQ20032430","10192423","2020-03-13","Purchasing of 4 Swivel Chairs for Mutare Urban SCSO, Lead Artisan, Depot Clerk, Customer Cared Desk Ref:- ER4/20",,"0","2020-03-24 10:47:27","../specifications/1585039647Swivel Chiar 3.jpg","ze232696","URB","ACE20012970",,"ER4/2020"
"1579","RQ20032466","10192421","2020-03-13","43 Inch Flatt Screen Television for Mutare Urban Reception;- Ref ER4/20",,"0","2020-03-24 10:50:30","../specifications/43 Inch Smart TV.jpg","ze232696","URB","ACE20012943","specifications/1580304061TV.pdf","ER4/2020"
"1580","RQ20032458","10192417","2020-03-13","Purchasing of 4 x 6 Drawer Office Tables for SCSO, Lead Artisan, Depot Clerk and Customer Care Desk",,"0","2020-03-24 10:53:02","../specifications/Office Tables.jpg","ze232696","URB","ACE20012981","specifications/1580300649Tables.pdf","ER4/2020"
"1581","RQ20032493","10192439","2020-03-13","Purchasing  of 11 Visitors Chairs for Mutare Urban (6 for SCSO, 2 for Lead Artisan, 2 for Depot Clerk and 1 for Customer Care Desk) REF:- ER4/20",,"0","2020-03-24 11:11:02","../specifications/visitor's chairs.jpg","ze232696","URB","ACE20013140","specifications/1580473766Visitors Chairs.pdf","ER4/2020"
"1582","RQ20032482","10192899","2020-03-24","Fuel High Pressure Pump F/No2174",,"0","2020-03-24 12:47:51","../specifications/Fuel High pressure pump.docx","ze44253","MSG",,,"ER16/2020"
"1583","RQ20032421","10192898","2020-03-24","Fuel High Pressure Pump F/No 2178",,"0","2020-03-24 12:50:10","../specifications/1585047009Fuel High pressure pump.docx","ze44253","MSG",,,"ER16/2020"
"1584","RQ2003246","10192897","2020-03-24","Rear Round Lens F/No1037",,"0","2020-03-24 13:32:09","../specifications/Electric Kit 1037.docx","ze44253","MSG",,,"ER16/2020"
"1585","RQ20032432","10192896","2020-03-24","Rear Brake Kits F/No2133",,"0","2020-03-24 13:38:14","../specifications/Brake Kit 2133.docx","ze44253","MSG",,,"ER16/2020"
"1586","RQ20032452","10192979","2020-03-24","Procurement of safety items for Coronavirus",,"0","2020-03-24 16:17:49","../specifications/","ze341827","MSB",,,"ER24/2020"
"1587","RQ20032590","10193035","2020-03-25","construction of 6 Blair toilets for the 6 Middle Sabi 33/11 kv substations: Chibuwe, Tongogara, Mutema, Nyanyadzi, Birchnough Bridge and Maunganidze",,"0","2020-03-25 15:51:26","../specifications/","ze341827","MSB",,,"ER7/2020"
"1588","RQ20032571","10193037","2020-03-25","Construction of Depot Blair Toilets for Middle Sabi depot- 2 holes",,"0","2020-03-25 15:53:28","../specifications/","ze341827","MSB",,,"ER7/2020"
"1589","RQ20032578","10193049","2020-03-25","Construction of Durawal at Middle Sabi Depot- Dimensions see attached file",,"0","2020-03-25 16:23:07","../specifications/","ze341827","MSB",,,"ER9/2020"
"1590","RQ20032511","10192440","2020-03-13","Purchasing of Pool Table for Mutare Urban Client Service Centre Social Club REF:- ER4/20",,"0","2020-03-25 17:04:08","../specifications/Pool Table. Image.gif","ze232696","URB","ACE20013191","specifications/1580474928Pool Table.pdf","ER4/2020"
"1591","RQ20032566","10193053","2020-03-25","FIX & SUPPLY RUSAPE BANKING HALL GLASS",,"0","2020-03-25 17:53:47","../specifications/IN STOCK.jpg","ze262730","RSP",,,"ER7/2020"
"1592","RQ20032656","10192976","2020-03-24","ER 12/20 PURCHASE OF Y5 HUAWEI CELLPHONE HANDSET FOR 24-HR DESK",,"0","2020-03-26 09:29:16","../specifications/Scan 24 Mar 2020 (1).pdf","ze261920","CHR",,,"ER12/2020"
"1593","RQ20032659","10192974","2020-03-24","ER 7/20 PURCHASE OF SUBMERSIBLE PUMP 4SDM3/13 0,75Kw 1hp 220v FOR DEPOT BOREHOLE",,"0","2020-03-26 09:37:46","../specifications/1585208265Scan 24 Mar 2020 (1).pdf","ze261920","CHR",,,"ER7/2020"
"1594","RQ20032622","10192974","2020-03-24","ER 7/20 PURCHASE OF SUBMERSIBLE PUMP 4SDM3/13 0,75Kw 1hp 220v FOR DEPOT BOREHOLE",,"0","2020-03-26 09:39:39","../specifications/1585208379Scan 24 Mar 2020 (1).pdf","ze261920","CHR",,,"ER7/2020"
"1595","RQ20032692","10193120","2020-03-26","new tyres 5x175/65 R13 for Mist Lancer er2086",,"0","2020-03-26 14:20:11","../specifications/NEW TYRES 175.65R13.docx","ze48941","MTG",,,"ER16/2020"
"1596","RQ20032654","10193121","2020-03-26","new tyres 5x175/65 R13 for mis lancer f/n er2084",,"0","2020-03-26 14:21:47","../specifications/1585225306NEW TYRES 175.65R13.docx","ze48941","MTG",,,"ER16/2020"
"1597","RQ20032682","10193122","2020-03-26","PURCHASE OF
radiatorx1, upper control arms leftx1,upper control arms rightx1,lower ball joints x2, upper ball jointsx2,front wheel bearings kitsx2, front wheel bearing hubs x2 for Nissan NP300 FN ER2137  Engine number T027932405",,"0","2020-03-30 08:54:27","../specifications/BOQ FN ER2137-A.docx","ze48941","MTG",,,"ER16/2020"
"1598","RQ20032699","10193126","2020-03-26","Supply suspension components for np300 f/n er2137 np300 2 wheel drive Engine number  T027932405",,"0","2020-03-30 09:01:22","../specifications/BOQ FN ER2137-b.docx","ze48941","MTG",,,"ER16/2020"
"1599","RQ2003261","10193135","2020-03-26","supply suspension components for np300 f/n er2129 Engine number  T027933802",,"0","2020-03-30 08:42:27","../specifications/BOQ FN ER2129.docx","ze48941","MTG",,,"ER16/2020"
"1600","RQ20032668","10193133","2020-03-26","supply suspension components for np300 f/n er2143   Engine number  TD27935917",,"0","2020-03-30 08:47:39","../specifications/BOQ FN ER2143.docx","ze48941","MTG",,,"ER16/2020"
"1601","RQ20032642","10193144","2020-03-26","supply suspension components for np300 f/n er2148 Engine number TD27935566",,"0","2020-03-30 08:45:06","../specifications/BOQ FN ER2148.docx","ze48941","MTG",,,"ER16/2020"
"1602","RQ20040848","10193358","2020-04-08","MAINTENANCE DEPOT LIGHTING MATERIALS",,"0","2020-04-08 11:51:43","../specifications/SPECIFICATIONS FOR MAINTENANCE DEPOT LIGHTING MATERIALS.docx","ze289310","ERM",,,"ER19/2020"
"1603","RQ20041575","10193429","2020-04-15","purchase of new tyres 265/65R17 for f/n er2154",,"0","2020-04-15 11:40:13","../specifications/NEW TYRES 265.65R17.docx","ze48941","MTG",,,"ER16/2020"
"1604","RQ20041581","10193429","2020-04-15","new tyres size  265/65R17 for f/n er2154",,"0","2020-04-15 12:21:07","../specifications/1586946067NEW TYRES 265.65R17.docx","ze48941","MTG",,,"ER16/2020"
"1605","RQ20041798","10193451","2020-04-17","Purcahase of  50 volt battery bank for Rusape North s/s",,"0","2020-04-17 10:46:42","../specifications/BATTERY SPECIFICATIONS Alone.pdf","ze289310","ERM",,,"ER19/2020"
"1606","RQ20041713","10193452","2020-04-17","Purcahase of  50 volt battery charger for Rusape North s/s",,"0","2020-04-17 10:48:51","../specifications/1587113331BATTERY CHARGER SPECIFICATIONS.pdf","ze289310","ERM",,,"ER19/2020"
"1607","RQ20041767","10193453","2020-04-17","Purcahase of  50 volt battery bank for Farmers Hall s/s",,"0","2020-04-17 10:50:50","../specifications/1587113450BATTERY SPECIFICATIONS Alone.pdf","ze289310","ERM",,,"ER19/2020"
"1608","RQ20041779","10193455","2020-04-17","Purcahase of  50 volt battery charger for Farmers Hall s/s",,"0","2020-04-17 10:52:41","../specifications/1587113561BATTERY CHARGER SPECIFICATIONS.pdf","ze289310","ERM",,,"ER19/2020"
"1609","RQ2004171","10193458","2020-04-17","Purcahase of  50 volt battery charger for Rusape West s/s",,"0","2020-04-17 10:55:34","../specifications/1587113734BATTERY CHARGER SPECIFICATIONS.pdf","ze289310","ERM",,,"ER19/2020"
"1610","RQ20041790","10193459","2020-04-17","Purcahase of  50 volt battery bank for Chiredzi East s/s",,"0","2020-04-17 10:57:03","../specifications/1587113823BATTERY SPECIFICATIONS Alone.pdf","ze289310","ERM",,,"ER19/2020"
"1611","RQ20041722","10193460","2020-04-17","Purcahase of  50 volt battery bank for Hippo valley s/s",,"0","2020-04-17 10:58:27","../specifications/1587113907BATTERY SPECIFICATIONS Alone.pdf","ze289310","ERM",,,"ER19/2020"
"1612","RQ20041751","10193461","2020-04-17","Purcahase of  50 volt battery charger for Hippo Valley s/s",,"0","2020-04-17 11:00:06","../specifications/1587114005BATTERY CHARGER SPECIFICATIONS.pdf","ze289310","ERM",,,"ER19/2020"
"1613","RQ20041768","10193462","2020-04-17","Purcahase of  50 volt battery bank for Tsungwesi s/s",,"0","2020-04-17 11:01:50","../specifications/1587114109BATTERY SPECIFICATIONS Alone.pdf","ze289310","ERM",,,"ER19/2020"
"1614","RQ20041748","10193464","2020-04-17","Purcahase of  50 volt battery charger for Tsungwesi s/s",,"0","2020-04-17 11:03:21","../specifications/1587114201BATTERY CHARGER SPECIFICATIONS.pdf","ze289310","ERM",,,"ER19/2020"
"1615","RQ20041799","10193465","2020-04-17","Purcahase of  50 volt battery bank for Odzi s/s",,"0","2020-04-17 11:05:00","../specifications/1587114300BATTERY SPECIFICATIONS Alone.pdf","ze289310","ERM",,,"ER19/2020"
"1616","RQ20041721","10193466","2020-04-17","Purcahase of  50 volt battery bank for Mt Selinda s/s",,"0","2020-04-17 11:07:32","../specifications/1587114452BATTERY SPECIFICATIONS Alone.pdf","ze289310","ERM",,,"ER19/2020"
"1617","RQ20041786","10193467","2020-04-17","Purcahase of  50 volt battery charger for Mt Selinda s/s",,"0","2020-04-17 11:09:44","../specifications/1587114584BATTERY CHARGER SPECIFICATIONS.pdf","ze289310","ERM",,,"ER19/2020"
"1618","RQ20041731","10193468","2020-04-17","Purcahase of  50 volt battery bank for Bikita Minerals s/s",,"0","2020-04-17 11:11:26","../specifications/1587114686BATTERY SPECIFICATIONS Alone.pdf","ze289310","ERM",,,"ER19/2020"
"1619","RQ2004179","10193470","2020-04-17","Purcahase of  50 volt battery bank for Warnham s/s",,"0","2020-04-17 11:13:00","../specifications/1587114779BATTERY SPECIFICATIONS Alone.pdf","ze289310","ERM",,,"ER19/2020"
"1620","RQ20042280","10193649","2020-04-22","Purchase of new tyres size 175/65 R13 for Mist Lancer f/n er2087",,"0","2020-04-22 16:19:47","../specifications/1587565187NEW TYRES 175.65R13.docx","ze48941","MTG",,,"ER16/2020"
"1621","RQ2005052","10193875","2020-05-05","Engine oil GTX Castrol 500l for Mutare Garage",,"0","2020-05-05 12:01:47","../specifications/1588672907ENGINE OIL.docx","ze48941","MTG",,,"ER16/2020"
"1622","RQ20050646","10193949","2020-05-06","new tyres for UD f/n er2120 9R 22.5",,"0","2020-05-06 12:31:09","../specifications/er2120 tyres.docx","ze48941","MTG",,,"ER16/2020"
"1623","RQ20050752","10193978","2020-05-07","Purchase of tyres for 2 x new vehicles(Honda Fit)",,"0","2020-05-07 10:32:00","../specifications/PURCHASE OF NEW TYRES.docx","ze301698","GARAGE",,,"ER16/2020"
"1624","RQ20050714","10193978","2020-05-07","PURCHASE OF 10 X (175 X 65 X 14) NEW TYRES FOR 2 NEW VEHICLES ER2216, ER2217",,"0","2020-05-07 10:44:47","../specifications/1588841087PURCHASE OF NEW TYRES.docx","ze301698","GARAGE",,,"ER16/2020"
"1625","RQ20050745","10191019","2020-05-07","purchase of tyres for new vehicles ER2216, ER2217-(10 x 175 x 65 x 14)",,"0","2020-05-07 14:32:23","../specifications/1588854743PURCHASE OF NEW TYRES.docx","ze301698","GARAGE",,,"ER16/2020"
"1626","RQ2005083","10194040","2020-05-08","Supply of Paint materials for Transformer and S/gear repair workshop",,"0","2020-05-08 13:24:14","../specifications/Paint MFS.pdf","ze265322","GM400",,,"ER19/2020"
"1627","RQ20050874","10194038","2020-05-08","Supply of 2horse power, 220v water pump for Transformer and S/gear repair workshop",,"0","2020-05-08 13:28:47","../specifications/2hp 220v water pump Driptech.pdf","ze265322","GM400",,,"ER19/2020"
"1628","RQ20051125","10194067","2020-05-11","Borehole Drilling,Installation and Casing at Chimanimani Depot 
",,"0","2020-05-11 13:48:20","../specifications/Specifications borehole drilling - Chimanimani.xlsx","ze269859","MND","ACE2003027","specifications/1583150796Specifications borehole drilling - Chimanimani.xlsx","ER7/2020"
"1629","RQ20051167","10194076","2020-05-11","Borehole Drilling ,Casing and Installation at Nyanga Depot",,"0","2020-05-11 13:51:15","../specifications/Specifications borehole drilling - Nyanga.xlsx","ze269859","MND","ACE20030269","specifications/1583150570Explanatory Notes Borehole at Nyanga Depot.xlsx","ER7/2020"
"1630","RQ20051112","10194067","2020-05-11","Borehole Drilling ,Casing and Installation at Nyanga Depot",,"0","2020-05-11 13:54:29","../specifications/1589197880Specifications borehole drilling - Nyanga.xlsx","ze269859","MND","ACE20030269",,"ER7/2020"
"1631","RQ20051118","10194076","2020-05-11","Borehole Drilling ,Casing and Installation at Chimanimani  Depot",,"0","2020-05-11 13:53:26","../specifications/1589197885Specifications borehole drilling - Nyanga.xlsx","ze269859","MND","ACE20030269",,"ER7/2020"
"1632","RQ20051256","10194043","2020-05-11","30 BAGS CEMENT FOR CHIPINGE GARAGE DURAWALL 32.5N",,"0","2020-05-18 11:32:12","../specifications/Chipinge Garage Durawall.docx","ze293598","MND",,,"ER7/2020"
"1633","RQ20051378","10193814","2020-05-08","Procurement of roofing timber for Caretaker's Cottage at Exec Guest House ",,"0","2020-05-13 10:09:51","../specifications/","ze260932","GM400",,,"ER7/2020"
"1634","RQ20051414","10194294","2020-05-14","MATERIALS FOR MEGAWATT CAR PARK RENOVATIONS",,"0","2020-05-14 14:41:38","../specifications/","ze318957","HR500",,,"ER19/2020"
"1635","RQ20051419","10194295","2020-05-14","MATERIALS FOR MEGAWATT CAR PARK RENOVATIONS",,"0","2020-05-14 14:43:35","../specifications/","ze318957","HR500",,,"ER19/2020"
"1636","RQ20051499","10194296","2020-05-14","MATERIALS FOR MEGAWATT CAR PARK RENOVATIONS",,"0","2020-05-14 14:45:37","../specifications/","ze318957","HR500",,,"ER19/2020"
"1637","RQ20051566","10194326","2020-05-15","Transformer Mineral Oil for Transformer and S/gear Repair Workshop",,"0","2020-05-15 10:31:54","../specifications/","ze265322","GM400",,,"ER20/2020"
"1638","RQ20051548","10194311","2020-05-15","purchase of pick heads and pick handles",,"0","2020-05-15 12:09:02","../specifications/Doc1.docx","ze47724","CHP",,,"ER8/2020"
"1639","RQ2005155","10194312","2020-05-15"," PURCHASE OF AXES AND AXE HANDLES ",,"0","2020-05-15 12:11:53","../specifications/1589537513Doc1.docx","ze47724","CHP",,,"ER8/2020"
"1640","RQ20051516","10194315","2020-05-15","PURCHASE OF SHOVELS, SPADES,HOES AND NYLON ROPE",,"0","2020-05-15 12:16:20","../specifications/1589537779Doc1.docx","ze47724","CHP",,,"ER8/2020"
"1641","RQ20051556","10194316","2020-05-15","PURCHASE OF CANE KNIVES, MACHETES AND GRASS SLASHERS",,"0","2020-05-15 12:18:52","../specifications/1589537932Doc1.docx","ze47724","CHP",,,"ER8/2020"
"1642","RQ20051874","10194399","2020-05-18","Material for Repairing Chipinge Car park",,"0","2020-05-18 11:00:55","../specifications/","ze269859","MND",,,"ER7/2020"
"1643","RQ20051899","10194399","2020-05-18","Materials for Repairing Chipinge Car Park Durawall",,"0","2020-05-18 11:04:42","../specifications/","ze269859","MND",,,"ER7/2020"
"1644","RQ20051824","10194171","2020-05-12","Procurement of Picks complete with Heads",,"0","2020-05-18 12:30:15","../specifications/","ze262706","MND",,,"ER8/2020"
"1645","RQ20051881","10194173","2020-05-12","Purchase of Cane knives ",,"0","2020-05-18 12:33:01","../specifications/","ze262706","MND",,,"ER8/2020"
"1646","RQ20051811","10194174","2020-05-12","Purchase of Axes with complete heads",,"0","2020-05-18 12:35:26","../specifications/","ze262706","MND",,,"ER8/2020"
"1647","RQ20051823","10194174","2020-05-12","Purchase of Axes with complete heads",,"0","2020-05-18 12:35:32","../specifications/","ze262706","MND",,,"ER8/2020"
"1648","RQ20051840","10194175","2020-05-12","Purchase of shovels",,"0","2020-05-18 12:37:38","../specifications/","ze262706","MND",,,"ER8/2020"
"1649","RQ20051870","10194176","2020-05-12","Purchase of slashers",,"0","2020-05-18 12:39:22","../specifications/","ze262706","MND",,,"ER8/2020"
"1650","RQ20051889","10194177","2020-05-12","Purchase of wheel barrows",,"0","2020-05-18 12:40:59","../specifications/","ze262706","MND",,,"ER8/2020"
"1651","RQ20051873","10194179","2020-05-12","Procurement of Nylon ropes (20mm)",,"0","2020-05-18 12:43:15","../specifications/","ze262706","MND",,,"ER8/2020"
"1652","RQ20051833","10194180","2020-05-12","Procurement of Nylon ropes (16mm)",,"0","2020-05-18 12:44:45","../specifications/","ze262706","MND",,,"ER8/2020"
"1653","RQ20051839","10194422","2020-05-18","c-pack flushing system for Middle Sabi Staff Houses",,"0","2020-05-18 13:12:31","../specifications/","ze269859","MND",,,"ER19/2020"
"1654","RQ20051841","10194431","2020-05-18","pupurchase of suspension material for np300 YD25 4x4 f/n er2149-Nyanga Depot",,"0","2020-05-18 13:43:26","../specifications/SUSPENSION MATERIAL ER2149.docx","ze48941","MTG",,,"ER16/2020"
"1655","RQ20051843","10194427","2020-05-18","Purchase of clyinder head gasket, water pump, silicone, engine oil and degreaser for np300 4x4 YD25 f/n er2153",,"0","2020-05-18 13:49:23","../specifications/NP300 4X4 er2153 urban.docx","ze48941","MTG",,,"ER16/2020"
"1656","RQ20051834","10194433","2020-05-18","Plumbing Materials forMiddle sabi staff Houses",,"0","2020-05-18 13:52:14","../specifications/","ze269859","MND",,,"ER19/2020"
"1657","RQ20051888","10194417","2020-05-18","Purchase of injector pump for Nissan UD95 ER2192 for Manicaland District",,"0","2020-05-18 14:47:23","../specifications/INJECTOR PUMP FOR UD95.docx","ze301698","GARAGE",,,"ER16/2020"
"1658","RQ20051828","10194446","2020-05-18","PURCHASE OF REMAINING 3 ANTISLIP SAFETY SHOES FOR MAINTENANCE STAFF",,"0","2020-05-18 15:39:56","../specifications/ANTISLIP SAFETY SHOES.pdf","ze289310","ERM",,,"ER15/2020"
"1659","RQ20052010","10194533","2020-05-20","PURCHASE OF MUTTON CLOTH FOR CLEANING TRANSFORMERS AND SWITCHGEAR",,"0","2020-05-20 11:57:44","../specifications/muuton cloth spec.jpg","ze289310","ERM",,,"ER19/2020"
"1660","RQ20052065","10194534","2020-05-20","PURCHASE OF WASHING POWDER FOR CLEANING TRANSFORMERS AND SWITCHGEAR",,"0","2020-05-20 11:59:14","../specifications/washing powder.jpg","ze289310","ERM",,,"ER19/2020"
"1661","RQ20052032","10194535","2020-05-20","PURCHASE OF DEGREASER FOR CLEANING TRANSFORMERS AND SWITCHGEAR",,"0","2020-05-20 12:00:45","../specifications/Degreaser spec.jpg","ze289310","ERM",,,"ER19/2020"
"1662","RQ2005213","10194616","2020-05-21","purchase of 4 plate stove for chipinge depot",,"0","2020-05-21 09:34:47","../specifications/DOC 5.docx","ze47724","CHP",,,"ER4/2020"
"1663","RQ20052187","10194659","2020-05-21","Window Frames for Nyanga Cottages (1xNC2F, 2xNC5F, 3xNC4F, 2xND4F, 2xND22F, 1xND2F)",,"0","2020-05-21 13:43:20","../specifications/","ze260932","GM400",,,"ER7/2020"
"1664","RQ2005223","10194650","2020-05-21","Purchase of sulphur hexafluoride SF6 gas for use in circuit breakers.",,"0","2020-05-22 13:25:54","../specifications/","ze289310","ERM",,,"ER19/2020"
"1665","RQ20052635","10194760","2020-05-26","ER19/20 Welding substations for Mutare District MTC feeder",,"0","2020-05-26 13:53:54","../specifications/","ze261297","MTD",,,"ER19/2020"
"1666","RQ20052669","10194762","2020-05-26","ER19/20 Welding for substations for Mutare District - Holiday Inn S400SW17",,"0","2020-05-26 13:57:22","../specifications/","ze261297","MTD",,,"ER19/2020"
"1667","RQ20052677","10194763","2020-05-26","ER19/20 Welding for substations for Mutare district - Darlington fdr S400SW18",,"0","2020-05-26 14:00:02","../specifications/","ze261297","MTD",,,"ER19/2020"
"1668","RQ20060254","10194962","2020-06-01","MATERIALS FOR MEGAWATT CAR PARK",,"0","2020-06-02 09:22:54","../specifications/","ze318957","HR500",,,"ER24/2020"
"1669","RQ20060262","10194960","2020-06-01","Purchasing of materials for Substations Fabrication",,"0","2020-06-02 09:47:25","../specifications/Halsteds.msg","ze232696","URB",,,"ER19/2020"
"1670","RQ2006039","10195058","2020-06-03","GIS TOOLS C/W items below to suit",,"0","2020-06-03 12:48:51","../specifications/SPECIFICATION FOR GIS DATA CAPTURE TOOL.docx","ze265322","GM400",,,"ER8/2020"
"1671","RQ20060870","10195209","2020-06-05","1x230mm Fanlight Door frame (right hand standard) 
2x230mm standard door frame (right hand) 
2x230mm standard door frame (left hand) 
3x115mm standard door frame (1left hand, 2 right hand)",,"0","2020-06-08 11:50:14","../specifications/","ze260932","GM400",,,"ER7/2020"
"1672","RQ20061685","10195715","2020-06-16","ER11/20 Purchase of Toner HP 971 Set for District Manager Manicaland Secretary",,"0","2020-06-16 12:13:37","../specifications/HP 971 Toner set Colour.docx","ze297232","IT100",,,"ER11/2020"
"1673","RQ20061679","10195715","2020-06-16","ER11/20 Purchase of Toner HP 971 Set for District Manager Manicaland Secretary",,"0","2020-06-16 12:13:42","../specifications/1592302421HP 971 Toner set Colour.docx","ze297232","IT100",,,"ER11/2020"
"1674","RQ20061716","1095800","2020-06-17","purchasing of substation locks",,"0","2020-06-17 17:51:31","../specifications/","ze276839","ENV",,,"ER23/2020"
"1675","RQ20061748","1095800","2020-06-17","purchasing of substation locks",,"0","2020-06-17 17:51:37","../specifications/","ze276839","ENV",,,"ER23/2020"
"1676","RQ2006171","1095800","2020-06-17","purchasing of substation locks",,"0","2020-06-17 17:51:43","../specifications/","ze276839","ENV",,,"ER23/2020"
"1677","RQ20062498","10196079","2020-06-24","Neon Bill Boards and Labels for the Transformer and S/gear Workshop",,"0","2020-06-24 09:12:50","../specifications/Specifications for Neon Bill Boards and Labels.docx","ze265322","GM400",,,"ER19/2020"
"1678","RQ20062540","10196131","2020-06-25","Supply and Fix 7.5 Tonne Electric Crane Hoists for the Transformer and S/gear Workshop",,"0","2020-06-25 09:59:58","../specifications/Specifications for Electric Crane Hoist.docx","ze265322","GM400",,,"ER8/2020"
"1679","RQ20062598","10196132","2020-06-25","Supply and Fix 2 Tonne Electric Crane Hoists for the Transformer and S/gear Workshop",,"0","2020-06-25 10:02:51","../specifications/Specifications for 2 Tonne Electric Crane Hoist.docx","ze265322","GM400",,,"ER8/2020"
"1680","RQ20062615","10196167","2020-06-25","Supply of Geographic Information System (GIS) Data Capture Tools for Manicaland District",,"0","2020-06-26 10:57:07","../specifications/1593161827SPECIFICATION FOR GIS DATA CAPTURE TOOl.docx","ze265322","GM400",,,"ER12/2020"
"1681","RQ20062663","10196168","2020-06-25","Supply of Geographic Information System (GIS) Data Capture Tools for Mutare District",,"0","2020-06-26 10:59:00","../specifications/1593161939SPECIFICATION FOR GIS DATA CAPTURE TOOl.docx","ze265322","GM400",,,"ER12/2020"
"1682","RQ20062646","10196169","2020-06-25","Supply of Geographic Information System (GIS) Data Capture Tools for Regional Office",,"0","2020-06-26 11:00:27","../specifications/1593162027SPECIFICATION FOR GIS DATA CAPTURE TOOl.docx","ze265322","GM400",,,"ER12/2020"
"1683","RQ20062662","10196180","2020-06-26","Supply of Geographic Information System (GIS) Data Capture Tools for Masvingo District",,"0","2020-06-26 11:02:00","../specifications/1593162120SPECIFICATION FOR GIS DATA CAPTURE TOOl.docx","ze265322","GM400",,,"ER12/2020"
"1684","RQ20062627","10196181","2020-06-26","Supply of Geographic Information System (GIS) Tools Bag for Manicaland District",,"0","2020-06-26 11:07:55","../specifications/1593162475SPECIFICATIONS GIS TOOLS BAG.docx","ze265322","GM400",,,"ER12/2020"
"1685","RQ20062690","10196181","2020-06-26","Supply of Geographic Information System (GIS) Tools Bag for Manicaland District",,"0","2020-06-26 11:07:59","../specifications/1593162479SPECIFICATIONS GIS TOOLS BAG.docx","ze265322","GM400",,,"ER12/2020"
"1686","RQ20062687","10196182","2020-06-26","Supply of Geographic Information System (GIS)  Tools Bag for Mutare District",,"0","2020-06-26 11:08:58","../specifications/1593162538SPECIFICATIONS GIS TOOLS BAG.docx","ze265322","GM400",,,"ER12/2020"
"1687","RQ20062640","10196184","2020-06-26","Supply of Geographic Information System (GIS) Tools for Regional District",,"0","2020-06-26 11:11:46","../specifications/1593162706SPECIFICATIONS GIS TOOLS BAG.docx","ze265322","GM400",,,"ER12/2020"
"1688","RQ20062614","10196186","2020-06-26","Supply of Geographic Information System (GIS)  Tools Bag  for Masvingo District",,"0","2020-06-26 11:13:01","../specifications/1593162780SPECIFICATIONS GIS TOOLS BAG.docx","ze265322","GM400",,,"ER12/2020"
"1689","RQ2006269","10195085","2020-06-03","Supply front axle for Toyota Landcruiser",,"0","2020-06-26 11:52:51","../specifications/Toyota Landcruiser- axle 2211.docx","ze301698","GARAGE",,,"ER16/2020"
"1690","RQ20062639","10195085","2020-06-26","Suspension repairs ER2137 ",,"0","2020-06-26 12:30:16","../specifications/ER2137.docx","ze301698","GARAGE",,,"ER16/2020"
"1691","RQ20062635","10195076","2020-06-26","Repair of ER2149",,"0","2020-06-26 12:21:21","../specifications/Nissan NP300 2149.docx","ze301698","GARAGE",,,"ER16/2020"
"1692","RQ20062625","10196225","2020-06-26","Procure 8.25 x 16 - 16 ply tyres x 7, 8.25x16 tubes x 7, 8.25 x 16 tyre flaps x 7",,"0","2020-06-26 15:47:34","../specifications/Tanker ER2624.docx","ze301698","GARAGE",,,"ER16/2020"
"1693","RQ20070691","10196540","2020-07-06","supply 10000 lts fuel",,"0","2020-07-06 10:07:00","../specifications/","ze276839","ENV",,,"ER16/2020"
"1694","RQ20070656","10196540","2020-07-06","supply 10000 lts fuel",,"0","2020-07-06 10:07:05","../specifications/","ze276839","ENV",,,"ER16/2020"
"1695","RQ20070681","10196540","2020-07-06","supply 10000 lts fuel",,"0","2020-07-06 10:07:11","../specifications/","ze276839","ENV",,,"ER16/2020"
"1696","RQ20070660","10196540","2020-07-06","supply 10000 lts fuel",,"0","2020-07-06 10:07:16","../specifications/","ze276839","ENV",,,"ER16/2020"
"1697","RQ20071088","10196614","2020-07-10","Purchase of Face masks",,"0","2020-07-10 11:36:49","../specifications/Branded Masks RFQ.doc","ze57746","RM600",,,"ER24/2020"
"1698","RQ20071380","10196792","2020-07-13","PURCHASE OF 2*HEAVY  DUTY WET/DRY HOOVER/VACUUM CLEANER",,"0","2020-07-13 13:25:04","../specifications/HOOVER SPEC.docx","ze318957","HR500",,,"ER24/2020"
"1699","RQ20071499","10196895","2020-07-14","Purchase of Antislip safety shoes for Transformer maintenance staff.",,"0","2020-07-14 13:52:49","../specifications/","ze289310","ERM",,,"ER15/2020"
"1700","RQ20071421","10196895","2020-07-14","Purchase of Antislip safety shoes for Transformer maintenance staff.",,"0","2020-07-14 13:52:53","../specifications/","ze289310","ERM",,,"ER15/2020"
"1701","RQ20071431","10196891","2020-07-14","Acid proof worksuits for Transformer maintenance staff.",,"0","2020-07-14 13:54:38","../specifications/","ze289310","ERM",,,"ER15/2020"
"1702","RQ20071587","10196944","2020-07-15","Black, Blue and Yellow Cartridges for EM Sec' Office",,"0","2020-07-15 11:59:32","../specifications/1594807172EM Sec cartridges.docx","ze265322","GM400",,,"ER11/2020"
"1703","RQ20071658","10197047","2020-07-16","Supply of 6 x 11R22.5 tyres",,"0","2020-07-16 11:46:48","../specifications/ER2211 VEHICLE SPECIFICATION.docx","ze301698","GARAGE",,,"ER16/2020"
"1704","RQ20071673","10197049","2020-07-16","Supply of Clutch Assembly kit for Nissan NP300 ER2156 - Ops and Maintanance",,"0","2020-07-16 11:49:31","../specifications/ER2156 CLUTCH ASS KIT.docx","ze301698","GARAGE",,,"ER16/2020"
"1705","RQ20072176","10197261","2020-07-21","Painting of rented staff house for Maintenance Engineer",,"0","2020-07-21 11:50:26","../specifications/","ze318833","HR500",,,"ER7/2020"
"1706","RQ2007214","10197280","2020-07-21","Supply of 10000maH Powerbanks for GIS",,"0","2020-07-21 14:55:36","../specifications/SUPPLY AND DELIVERY GIS Power Banks.docx","ze265322","GM400",,,"ER12/2020"
"1707","RQ20080382","10197637","2020-08-03","Procurement of Spares for ER2091 - Rutenga vehicle",,"0","2020-08-03 11:07:36","../specifications/ER2091 SPARES.docx","ze301698","GARAGE",,,"ER16/2020"
"1708","RQ20080481","10197715","2020-08-04","Purchase of new tyres size 9R 22.5 for Chimanimani truck f/n er2120 UD70",,"0","2020-08-04 14:06:31","../specifications/1596542791NEW TYRES 9R22.5.docx","ze48941","MTG",,,"ER16/2020"
"1709","RQ20080497","10197718","2020-08-04","Purchase of new tyres size 11R 22.5 for Crane truck f/n er2211",,"0","2020-08-04 14:08:36","../specifications/1596542916NEW TYRES 11R22.5.docx","ze48941","MTG",,,"ER16/2020"
"1710","RQ20080454","10197719","2020-08-04","Purchase of new tyres size 175/65 R14 for cherry f/n er2181",,"0","2020-08-04 14:10:24","../specifications/1596543023NEW TYRES 175.65 R14.docx","ze48941","MTG",,,"ER16/2020"
"1711","RQ20080424","10197720","2020-08-04","purchase of new tyres size 175/65 R14 for cherry f/n er2182",,"0","2020-08-04 14:12:04","../specifications/1596543124NEW TYRES 175.65 R14.docx","ze48941","MTG",,,"ER16/2020"
"1712","RQ20080451","10197721","2020-08-04","purchase of new tyres size 245/70 R16 for np300 4x4 f/n er2159",,"0","2020-08-04 14:13:50","../specifications/1596543229NEW TYRES 245.70R16.docx","ze48941","MTG",,,"ER16/2020"
"1713","RQ20080474","10197722","2020-08-04","purchase of new tyres size 245/70 R16 for np300 4x4 f/n er2149",,"0","2020-08-21 09:38:46","../specifications/1596543347NEW TYRES 245.70R16.docx","ze48941","MTG",,,"ER16/2020"
"1714","RQ20080483","10197723","2020-08-04","purchase of new tyres size 245/70R16 for np300 4x4 f/n er2186",,"0","2020-08-04 14:17:27","../specifications/1596543447NEW TYRES 245.70R16.docx","ze48941","MTG",,,"ER16/2020"
"1715","RQ20080428","10197724","2020-08-04","Purchase of new tyres size 245/70R16 for np300 4x4 f/n er2156",,"0","2020-08-04 14:29:46","../specifications/1596544186NEW TYRES 245.70R16.docx","ze48941","MTG",,,"ER16/2020"
"1716","RQ2008056","10197726","2020-08-05","purchase of new tyres 215R15 for np300 f/n er2131",,"0","2020-08-05 11:52:56","../specifications/1596621176NEW TYRES 215R15.docx","ze48941","MTG",,,"ER16/2020"
"1717","RQ20080519","10197727","2020-08-05","purchase of new tyres size 245/70R16  for np300 4x4 f/n er2165",,"0","2020-08-05 11:54:33","../specifications/1596621272NEW TYRES 245.70R16.docx","ze48941","MTG",,,"ER16/2020"
"1718","RQ2008059","10197729","2020-08-05","purchase of new tyres size 245/70 R16 for isuzu f/n er2173",,"0","2020-08-05 11:56:33","../specifications/1596621392NEW TYRES 245.70R16.docx","ze48941","MTG",,,"ER16/2020"
"1719","RQ20080575","10197728","2020-08-05","purchase of new tyres size 245/70 R16 for np300 4x4 f/n er2185",,"0","2020-08-05 11:58:15","../specifications/1596621494NEW TYRES 245.70R16.docx","ze48941","MTG",,,"ER16/2020"
"1720","RQ20080571","10197730","2020-08-05","purchase of new tyres size 245/70R16 for np300 4x4 f/n er2153",,"0","2020-08-05 11:59:50","../specifications/1596621590NEW TYRES 245.70R16.docx","ze48941","MTG",,,"ER16/2020"
"1721","RQ20080584","10197731","2020-08-05","NEW CLUTCH KIT FOR NP300 4X4 FOR F/N ER2156",,"0","2020-08-05 12:05:58","../specifications/clutch kit np300.docx","ze48941","MTG",,,"ER16/2020"
"1722","RQ20081376","10197883","2020-08-13","Purchase of Engine oil-300l Diesel engine oil, 200l Petrol engine oil for Mutare Garage",,"0","2020-08-13 10:49:58","../specifications/1597308598ENGINE OIL.docx","ze48941","MTG",,,"ER16/2020"
"1723","RQ20081480","10197931","2020-08-14","ER16/20 PURCHASE OF 11R22.5 TYRES FOR CHIREDZI FLEET ER2194 ",,"0","2020-08-14 06:42:33","../specifications/TYRES 2075 2194.pdf","ze261920","CHR",,,"ER16/2020"
"1724","RQ20081410","10197931","2020-08-14","ER16/20 PURCHASE OF 245/70R16 TYRES FOR CHIREDZI FLEET ER2075",,"0","2020-08-14 06:45:16","../specifications/1597380316TYRES 2075 2194.pdf","ze261920","CHR",,,"ER16/2020"
"1725","RQ20081815","10191529","2020-08-05","supply and deliver 10 cubic of gravel at megawatt",,"0","2020-08-18 10:09:34","../specifications/","ze318957","HR500",,,"ER19/2020"
"1726","RQ20081825","10198020","2020-08-18","Procurement of Tyres for ER2085",,"0","2020-08-18 14:21:21","../specifications/ER2085 TYRES.docx","ze301698","GARAGE",,,"ER16/2020"
"1727","RQ20081952","10197902","2020-08-19","TIES AND SCARFS FOR 2020 LSA",,"0","2020-08-19 11:09:52","../specifications/RFQ- TIES AND SCARFS 2020.doc","ze318957","HR500",,,"ER24/2020"
"1728","RQ20081918","10198049","2020-08-19","7 ton truck hire with gantry for Nyanga faults for 4 days( Britannia feeder)",,"0","2020-08-19 12:01:20","../specifications/7 ton.pdf","ze243981","NYA",,,"ER22/2020"
"1729","RQ20081921","10198059","2020-08-19","Borehole Siting Drilling,Casing and Installation at Chipinge Depot",,"0","2020-08-19 12:12:14","../specifications/Specifications borehole drilling - Chipinge.xlsx","ze269859","MND","ACE20031915","specifications/1584608548Specifications borehole drilling - Chipinge.xlsx","ER7/2020"
"1730","RQ20081932","10198071","2020-08-19","Purchase of new tyres size 11R 22.5 for UD95 Lorry f/n er2194",,"0","2020-08-19 13:05:14","../specifications/159783511411R22.5 TYRES.docx","ze48941","MTG",,,"ER16/2020"
"1731","RQ20081942","10198073","2020-08-19","Supply and fit 6 x 9R 22.5 tyres for UD70 f/n er2209",,"0","2020-09-24 12:20:28","../specifications/9R22.5 TYRES.docx","ze48941","MTG",,,"ER16/2020"
"1732","RQ20082027","10198085","2020-08-20","Burglar bars for 6 pane windows for Nyanga staff houses",,"0","2020-08-20 09:46:07","../specifications/burglar bars.pdf","ze243981","NYA",,,"ER17/2020"
"1733","RQ20082139","10198148","2020-08-21","The Purchase of a 4-in-one Printer for the Senior Accountant Finance",,"0","2020-08-21 13:57:39","../specifications/Chikwetu Printer specs.docx","ze297232","IT100","ACE20071173","specifications/1594467189Chikwetu printer.docx","ER6/2020"
"1734","RQ20082650","10198264","2020-08-26","SITING, DRILLING AND INSTALLATION OF BOREHOLE AT EXECUTIVE GUEST HOUSE",,"0","2020-08-26 11:03:29","../specifications/","ze318957","HR500",,,"ER17/2020"
"1735","RQ20082674","10198265","2020-08-26","SITING, DRILLING AND INSTALLATION  OF BOREHOLE AT SENIOR GUEST HOUSE",,"0","2020-08-26 11:05:10","../specifications/","ze318957","HR500",,,"ER17/2020"
"1736","RQ20082625","10198266","2020-08-26","HIGH BACK SWIVEL CHAIRS FOR MEGAWATT OFFICES",,"0","2020-08-26 11:06:49","../specifications/","ze318957","HR500",,,"ER4/2020"
"1737","RQ20082654","10198267","2020-08-26","PURCHASE OF VISITORS CHAIRS FOR MEGAWATT OFFICES",,"0","2020-08-26 11:08:10","../specifications/","ze318957","HR500",,,"ER4/2020"
"1738","RQ20082678","10198268","2020-08-26","PURCHASE OF VACUUM CLEANER FOR R/O CLEANING",,"0","2020-08-26 11:09:15","../specifications/","ze318957","HR500",,,"ER4/2020"
"1739","RQ20082630","10198269","2020-08-26","PURCHASE OF FILLING CABINETS FOR R/O ",,"0","2020-08-26 11:10:29","../specifications/","ze318957","HR500",,,"ER4/2020"
"1740","RQ20082681","10198271","2020-08-26","PURCHASE OF WATER DISPENSER FOR R/O RECEPTION",,"0","2020-08-26 11:11:43","../specifications/","ze318957","HR500",,,"ER4/2020"
"1741","RQ20082670","10198284","2020-08-26","Male contacts with tinned arcing tip for Reyrolle 11kv C-Gear Switchgear.",,"0","2020-08-26 11:37:44","../specifications/SPECIFICATIONS FOR MALE CONTACTS.docx","ze289310","ERM",,,"ER19/2020"
"1742","RQ20082687","10198281","2020-08-26","Female contacts for Reyrolle 11kv C-Gear Switchgear.",,"0","2020-08-26 11:39:27","../specifications/SPECIFICATIONS FOR FEMALE CONTACTS.docx","ze289310","ERM",,,"ER19/2020"
"1743","RQ20082624","10198305","2020-08-26","Purchasing Rough sawn Timber",,"0","2020-08-26 14:08:19","../specifications/","ze336912","END",,,"ER1/2020"
"1744","RQ20082694","10198313","2020-08-26","Purchase Cement Bricks",,"0","2020-08-26 14:09:39","../specifications/","ze336912","END",,,"ER1/2020"
"1745","RQ20082636","10195083","2020-08-26","SUPPLY OF COMPLETE FRONT AXLE FOR A TOYOTA LANDCRUISER-
CHASSIS NO. JTELB71J707085431",,"0","2020-08-26 15:27:03","../specifications/TOYOTA LANDCRUISER.docx","ze301698","GARAGE",,,"ER16/2020"
"1746","RQ20090123","10198490","2020-09-01","purchase of suspension material for Mazda BT50 F/N ER2123",,"0","2020-09-01 15:17:05","../specifications/SUSPENSION MATERIAL FOR BT50.docx","ze48941","MTG",,,"ER16/2020"
"1747","RQ20090194","10198491","2020-09-01","purchase of suspension material for Mazda BT50 f/n er2095",,"0","2020-09-03 19:09:20","../specifications/1598966344SUSPENSION MATERIAL FOR BT50.docx","ze48941","MTG",,,"ER16/2020"
"1748","RQ20090454","10198614","2020-09-04","purchase of complete clutch kit for np300 4x4 f/n er2149",,"0","2020-09-04 14:49:39","../specifications/1599223779clutch kit np300.docx","ze48941","MTG",,,"ER16/2020"
"1749","RQ20090477","10198615","2020-09-04","2xfront shocks, 2xrear shocks for np300 4x4 f/n er2153",,"0","2020-09-04 14:52:01","../specifications/shocks er2153.docx","ze48941","MTG",,,"ER16/2020"
"1750","RQ20090458","10198588","2020-09-04","99 Visitors Chairs for Manicaland District",,"0","2020-09-04 15:08:00","../specifications/Specifications - Visitor's Chairs.doc","ze269859","MND","ACE20020621","specifications/1580984071Explanatory Notes for Visitors  Chairs - Manicaland.docx","ER4/2020"
"1751","RQ20090465","10198589","2020-09-04","31 Swivel  Chairs for Manicaland District",,"0","2020-09-04 15:09:55","../specifications/Specification - Swivel Chairs - High back.doc","ze269859","MND","ACE20020682","specifications/1580983822Explanatory Notes for Swivel Chairs - Manicaland.docx","ER4/2020"
"1752","RQ20090777","10198648","2020-09-07","Printing of Permit to work books",,"0","2020-09-07 11:00:45","../specifications/","ze270210","MND",,,"ER11/2020"
"1753","RQ20090774","10198649","2020-09-07","printing of E22 forms",,"0","2020-09-07 11:02:13","../specifications/","ze270210","MND",,,"ER11/2020"
"1754","RQ20090758","10198651","2020-09-07","Printing of CIF books",,"0","2020-09-07 11:03:34","../specifications/","ze270210","MND",,,"ER11/2020"
"1755","RQ20090734","10198667","2020-09-07","purchase of head gasket, water pump, silicone, engine oil 5l, degreaser for np 300 er2153",,"0","2020-09-07 12:40:45","../specifications/1599475245PARTS QUOTATION er2153.xls","ze48941","MTG",,,"ER16/2020"
"1756","RQ2009071","10198682","2020-09-07","Supply of 5 x New Tyres for ER2210 (265/70R16)",,"0","2020-09-07 15:12:45","../specifications/ER2210 tyres.docx","ze301698","GARAGE",,,"ER16/2020"
"1757","RQ20090721","10198681","2020-09-07","Supply of Clutch Kit for ER2192",,"0","2020-09-07 15:14:10","../specifications/ER2192 CLUTCH KIT.docx","ze301698","GARAGE",,,"ER16/2020"
"1758","RQ20090864","10198714","2020-09-08","REQUEST FOR SUPPLY OF 20  1m X 1m X 4.5 mm AND 20 1m X 1m X 6mm FINE RUBBERISED CORK GASKETS FOR MAINTENANCE DEPARTMENT",,"0","2020-09-08 11:07:34","../specifications/RUBBER GASKET SPECIFICATIONS.pdf","ze289310","ERM",,,"ER19/2020"
"1759","RQ20090831","10198711","2020-09-08","Purchase of sulphur hexafluoride(SF6)gas for use in circuit breakers.",,"0","2020-09-08 10:25:44","../specifications/1599553543sulfur-hexafluoride-sf6-spec-sheet-ss-p4657.pdf","ze289310","ERM",,,"ER19/2020"
"1760","RQ2009081","10198743","2020-09-08","GRASS AND BUSH CUTTING AND CLEARING AT OLD POWER STATION (THE WHOLE YARD)",,"0","2020-09-08 12:32:41","../specifications/","ze289310","ERM",,,"ER19/2020"
"1761","RQ20090994","10198858","2020-09-09","service turbo charger for Benz Artego f/n 1062",,"0","2020-09-09 15:27:53","../specifications/BENZ ARTEGO TURBO CHARGER.docx","ze48941","MTG",,,"ER16/2020"
"1762","RQ20090986","10198859","2020-09-09","supply water pump for Benz f/n 1062",,"0","2020-09-09 15:30:19","../specifications/BENT ARTEGO TRUCK WATER PUMP.docx","ze48941","MTG",,,"ER16/2020"
"1763","RQ20090964","10198860","2020-09-09","supply complete clutch kit for UD95 f/n 2192",,"0","2020-09-09 15:34:22","../specifications/clutck kit er2192 Chipinge.docx","ze48941","MTG",,,"ER16/2020"
"1764","RQ20090990","10198865","2020-09-09","purchase of suspension material for L200",,"0","2020-09-09 15:43:13","../specifications/1599658993SUSPENSION MATERIAL FOR L200.docx","ze48941","MTG",,,"ER16/2020"
"1765","RQ20090921","10198861","2020-09-09","purchase of new tyres 215R15 for np300 f/n er2203",,"0","2020-09-09 15:44:56","../specifications/1599659096NEW TYRES 215R15.docx","ze48941","MTG",,,"ER16/2020"
"1766","RQ20091071","10198545","2020-09-10","TRANSPORTATION OF 9M WOOD POLES-ONE LOAD-CHIMANIMANI DEPOT",,"0","2020-12-15 08:46:12","../specifications/","ze259373","CHM",,,"ER24/2020"
"1767","RQ20091095","10198547","2020-09-10","TRANSPORTATION OF 11M WOOD POLES -LOAD CHIMANIMANI DEPOT",,"0","2020-12-15 08:46:28","../specifications/","ze259373","CHM",,,"ER24/2020"
"1768","RQ20091097","10198548","2020-09-10","TRANSPORTATION OF 12.6 WOOD POLE- CHIMANIMANI DEPOT",,"0","2020-12-15 08:47:04","../specifications/","ze259373","CHM",,,"ER19/2020"
"1769","RQ20091032","10198541","2020-09-10","12.5mtrs wood poles transportation to Nyanga ",,"0","2020-09-10 11:20:09","../specifications/","ze243981","NYA",,,"ER22/2020"
"1770","RQ20091037","10198542","2020-09-10","12.6mtrs wood poles transportation to Hauna",,"0","2020-09-10 11:21:15","../specifications/","ze243981","NYA",,,"ER22/2020"
"1771","RQ20091064","10198538","2020-09-10","9 mtr wood poles transport to Nyanga",,"0","2020-09-10 11:26:15","../specifications/","ze243981","NYA",,,"ER22/2020"
"1772","RQ20091022","10198534","2020-09-03","Transportation of 12.5m wood poles from Mutare to Rusape 132 s/s 1 Load distance 200km",,"0","2020-09-10 20:00:37","../specifications/","ze56120","RSP",,,"ER22/2020"
"1773","RQ20091055","10198533","2020-09-03","Transportation of 11m wood poles from Mutare to Rusape 132 s/s 2 Loads 200km",,"0","2020-09-10 20:01:39","../specifications/","ze56120","RSP",,,"ER22/2020"
"1774","RQ20091493","10199044","2020-09-14","Transport 9 m woodpoles from mutare to rutenga centre ",,"0","2020-09-14 12:56:56","../specifications/","ze7013","RUT",,,"ER16/2020"
"1775","RQ20091421","10199045","2020-09-14","transport 10,8m wood poles from mutare to Rutenga centre",,"0","2020-09-14 12:58:58","../specifications/","ze7013","RUT",,,"ER16/2020"
"1776","RQ20091444","10199046","2020-09-14","transportation of 12.6m woodpoles  from mutare to rutenga centre",,"0","2020-09-14 13:01:04","../specifications/","ze7013","RUT",,,"ER16/2020"
"1777","RQ20091582","10199125","2020-09-15","clutch kit for np300 2 wheel drive for f/n er2203",,"0","2020-09-15 12:56:07","../specifications/clutck kit er2203.docx","ze48941","MTG",,,"ER16/2020"
"1778","RQ2009153","10199126","2020-09-15","clutch kit for np300 4 wheel drive for f/n er2159",,"0","2020-09-15 12:57:37","../specifications/clutck kit er2159.docx","ze48941","MTG",,,"ER16/2020"
"1779","RQ20091553","1199057","2020-09-14","Transportation of 9m wood poles - (Mutare/Mashava)",,"0","2020-09-15 13:45:39","../specifications/9m wood poles.PNG","ze264075","MAS",,,"ER16/2020"
"1780","RQ20091546","10199060","2020-09-14","Transportation of 11m wood poles - (Mutare/Mashava)",,"0","2020-09-15 13:49:40","../specifications/11m wood poles.PNG","ze264075","MAS",,,"ER16/2020"
"1781","RQ20091527","10199061","2020-09-14","Transportation of 9m wood poles - (Mutare/Mashava)",,"0","2020-09-15 13:51:26","../specifications/12m wood poles.PNG","ze264075","MAS",,,"ER16/2020"
"1782","RQ20091633","10199171","2020-09-16","TRANSPORTATION OF 9M WOODPOLES FROM MUTARE TO MASVINGO",,"0","2020-09-16 11:28:12","../specifications/","ze272027","MSV",,,"ER16/2020"
"1783","RQ20091661","10199173","2020-09-16","TRANSPORTATION OF 11M WOODPOLES FROM MUTARE TO MASVINGO",,"0","2020-09-16 11:32:31","../specifications/","ze272027","MSV",,,"ER16/2020"
"1784","RQ20091694","10199172","2020-09-16","transportation of 12.6m wood poles from mutare to chiredzi",,"0","2020-09-16 11:42:12","../specifications/","ze280070","CHR",,,"ER16/2020"
"1785","RQ20091635","10199178","2020-09-16","TRANSPOTATION OF 12.6M WOODPOLES FROM MUTARE TO MASVINGO",,"0","2020-09-16 11:44:09","../specifications/","ze272027","MSV",,,"ER16/2020"
"1786","RQ20091617","10199174","2020-09-16","transportation of 11m wood poles from mutare to chiredzi",,"0","2020-09-16 11:45:57","../specifications/","ze280070","CHR",,,"ER16/2020"
"1787","RQ20091676","10199175","2020-09-16","transportation of 9m wood poles",,"0","2020-09-16 11:48:18","../specifications/","ze280070","CHR",,,"ER16/2020"
"1788","RQ20091645","10199170","2020-09-16","Transportation of 9m wood poles from Mutare",,"0","2020-09-16 12:35:26","../specifications/","ze226548","GUT",,,"ER16/2020"
"1789","RQ20091667","10199179","2020-09-16","Transportation of 11m Wood poles from Mutare",,"0","2020-09-16 12:38:29","../specifications/","ze226548","GUT",,,"ER16/2020"
"1790","RQ20091673","10199181","2020-09-16","Transportation of 12m Wood poles from Mutare",,"0","2020-09-16 12:45:34","../specifications/","ze226548","GUT",,,"ER16/2020"
"1791","RQ20091712","10199209","2020-09-17","Suspension Repairs f/no2091",,"0","2020-09-17 10:18:35","../specifications/SUSPENSION REPAIRS 2091.pdf","ze44253","MSG",,,"ER16/2020"
"1792","RQ20091771","10199113","2020-09-17","acid Proof work suits, Masvingo garage staff",,"0","2020-09-17 10:21:01","../specifications/Acid Proof WORKSUITS.pdf","ze44253","MSG",,,"ER15/2020"
"1793","RQ20091734","10199209","2020-09-17","Complete Suspension Over Haul F/n 2091 Nissan UD70",,"0","2020-09-17 11:08:22","../specifications/Complete Suspension Overhaul.docx","ze44253","MSG",,,"ER16/2020"
"1794","RQ20091881","10199257","2020-09-18","major service for ER2194 UD95 CHIREDZI FLEET",,"0","2020-09-18 09:40:11","../specifications/","ze280070","CHR",,,"ER5/2020"
"1795","RQ2009186","10199257","2020-09-18","MAJOR SERVICE ER2194 CHIREDZI FLEET",,"0","2020-09-18 09:43:46","../specifications/quote for er2194.pdf","ze280070","CHR",,,"ER5/2020"
"1796","RQ20092285","10198566","2020-09-07","TRANSPORTATION OF WOOD 9M WOOD POLES TO MIDDLE SABI",,"0","2020-09-22 11:53:07","../specifications/","ze289280","MSB",,,"ER16/2020"
"1797","RQ20092211","10198565","2020-09-07","TRANSPORTATION OF 1M WOOD POLES TO MIDDLE SABI",,"0","2020-09-22 11:55:41","../specifications/","ze289280","MSB",,,"ER16/2020"
"1798","RQ20092247","10198564","2020-09-07","TRANSPORTATION OF 12,6M WOOD POLES TO MIDDLE SABI",,"0","2020-09-22 11:58:15","../specifications/","ze289280","MSB",,,"ER16/2020"
"1799","RQ20092283","10199403","2020-09-22","Purchase of 12.6mtr woodpoles for Nyanga csc",,"0","2020-09-22 12:41:15","../specifications/","ze243981","NYA",,,"ER22/2020"
"1800","RQ20092281","10199404","2020-09-22","Purchase of 10.8mtr woodpoles for Nyanga csc",,"0","2020-09-22 12:42:08","../specifications/","ze243981","NYA",,,"ER22/2020"
"1801","RQ20092289","10199401","2020-09-22","Purchase of 9mtr woodpoles for Nyanga csc",,"0","2020-09-22 12:42:54","../specifications/","ze243981","NYA",,,"ER22/2020"
"1802","RQ2009221","10199410","2020-09-22","PURCHASE 9M POLES FOR RUSAPE DEPOT",,"0","2020-09-22 13:04:41","../specifications/","ze262730","RSP",,,"ER22/2020"
"1803","RQ20092261","10199410","2020-09-22","PURCHASE 9M POLES FOR RUSAPE DEPOT",,"0","2020-09-22 13:06:33","../specifications/","ze262730","RSP",,,"ER22/2020"
"1804","RQ20092259","10199406","2020-09-22","PURCHASE OF 12.6M POLES FOR RUSAPE DEPOT",,"0","2020-09-22 13:17:53","../specifications/","ze262730","RSP",,,"ER20/2020"
"1805","RQ20092249","10199409","2020-09-22","PURCHASE OF 11M POLES FOR RUSAPE DEPOT",,"0","2020-09-22 13:40:49","../specifications/","ze262730","RSP",,,"ER22/2020"
"1806","RQ20092214","10198590","2020-09-04","Swivel Chair for District Manager - Manicaland",,"0","2020-09-22 14:11:15","../specifications/Specification - Swivel Chairs -High back - District Manager.doc","ze269859","MND",,,"ER4/2020"
"1807","RQ20092244","10198556","2020-03-09","transportation of poles from mutare to chipinge",,"0","2020-09-22 17:50:46","../specifications/10198556.docx","ze47724","CHP",,,"ER16/2020"
"1808","RQ20092345","10199449","2020-09-23","SUPPY OF 12.6M WOOD POLE-CHIMANIMANI DEPOT",,"0","2020-12-15 08:47:27","../specifications/","ze259373","CHM",,,"ER22/2020"
"1809","RQ20092381","10199453","2020-09-23","SUPPLY OF 11M WOOD POLES-CHIMANIMANI DEPOT",,"0","2020-12-15 08:47:43","../specifications/","ze259373","CHM",,,"ER22/2020"
"1810","RQ20092359","10199458","2020-09-23","SUPPY OF 10.8M WOOD POLES AT CHIMANIMANI DEPOT",,"0","2020-09-23 10:20:01","../specifications/","ze259373","CHM",,,"ER22/2020"
"1811","RQ20092322","10198557","2020-03-09","transportation of wood poles from mutare to chipinge",,"0","2020-09-23 10:46:05","../specifications/160085076510198557.docx","ze47724","CHP",,,"ER16/2020"
"1812","RQ2009237","10198559","2020-03-09","transport charges for wood poles from mutare to chipinge",,"0","2020-09-23 10:47:47","../specifications/10198559.docx","ze47724","CHP",,,"ER16/2020"
"1813","RQ20092365","10199489","2020-09-23","ER16/20 Hiring of 30Ton truck for transporting 9m poles at mutare Urban depot",,"0","2020-09-23 10:59:37","../specifications/","ze261297","MTD",,,"ER16/2020"
"1814","RQ20092325","10199490","2020-09-23","ER16/20 Hiring of 30Ton truck for transporting 11m poles at mutare Urban depot",,"0","2020-09-23 11:01:10","../specifications/","ze261297","MTD",,,"ER16/2020"
"1815","RQ20092321","10199491","2020-09-23","ER16/20 Hiring of 30Ton truck for transporting 12.6m poles at mutare Urban depot",,"0","2020-09-23 11:01:56","../specifications/","ze261297","MTD",,,"ER16/2020"
"1816","RQ2009231","10199492","2020-09-23","ER16/20 Hiring of 30Ton truck for transporting 9m poles at Mutare Environs depot",,"0","2020-09-23 11:02:44","../specifications/","ze261297","MTD",,,"ER16/2020"
"1817","RQ20092332","10199448","2020-02-09","STANDARD  CEMENT BRICKS FOR ERECTING BROCKEN DOWN WALL AT CHIPINGE CSC.",,"0","2020-10-01 08:41:12","../specifications/QUOTATION02.pdf","ze47724","CHP",,,"ER7/2020"
"1818","RQ20092394","10199493","2020-09-23","Er16/20 Hiring of 30Ton truck for transporting 11m poles at mutare envions depot",,"0","2020-09-23 11:04:11","../specifications/","ze261297","MTD",,,"ER16/2020"
"1819","RQ20092375","10199495","2020-09-23","ER16/20 Hiring of 30Ton truck for transporting 12.6m poles at mutare environs depot",,"0","2020-09-23 11:04:53","../specifications/","ze261297","MTD",,,"ER16/2020"
"1820","RQ2009236","10199507","2020-09-23","Supply and fit new 215 R15 tyres for f/n er2145",,"0","2020-09-24 13:03:41","../specifications/1600860554NEW TYRES 215R15.docx","ze48941","MTG",,,"ER16/2020"
"1821","RQ20092358","10199508","2020-09-23","Supply and fit new tyres 215 R15 for f/n er2132",,"0","2020-09-24 13:07:56","../specifications/1600860788NEW TYRES 215R15.docx","ze48941","MTG",,,"ER16/2020"
"1822","RQ2009235","10199509","2020-09-23","Supply and fit new tyres 215 R15 for f/n er2144",,"0","2020-09-24 13:09:34","../specifications/1600860933NEW TYRES 215R15.docx","ze48941","MTG",,,"ER16/2020"
"1823","RQ20092369","10199510","2020-09-23","Supply and fit new 215 R15 tyres for f/n er2147",,"0","2020-09-24 13:01:41","../specifications/1600861250NEW TYRES 215R15.docx","ze48941","MTG",,,"ER16/2020"
"1824","RQ20092344","10199513","2020-09-23","new tyres 1400 R20 for Crane Truck er2198",,"0","2020-09-23 13:49:01","../specifications/1400 R20 tyres.docx","ze48941","MTG",,,"ER16/2020"
"1825","RQ20092346","10199514","2020-09-23","complete clutch kit for np300 4x4 f/n er2159",,"0","2020-09-23 13:51:40","../specifications/clutck kit np300.docx","ze48941","MTG",,,"ER16/2020"
"1826","RQ20092335","10199520","2020-09-23","Engine overhaul for Mist Lancer ACK 7434 f/n er2086",,"0","2020-09-23 13:57:38","../specifications/dulys er2086.xls","ze48941","MTG",,,"ER16/2020"
"1827","RQ20092386","10199511","2020-09-23","Supply and fit new tyres 215 R15 x 5  for f/n er2203",,"0","2020-09-24 12:53:41","../specifications/1600862655NEW TYRES 215R15.docx","ze48941","MTG",,,"ER16/2020"
"1828","RQ20092366","10199534","2020-09-23","purchase of genuine clutch kit for np300 2 wheel drive f/n er2203",,"0","2020-09-23 15:50:48","../specifications/1600869048clutch kit np300.docx","ze48941","MTG",,,"ER16/2020"
"1829","RQ20092355","10199535","2020-09-23","purchase of genuine clutch kit for np300 4x4 f/n er2149",,"0","2020-09-23 15:52:25","../specifications/1600869144clutch kit np300.docx","ze48941","MTG",,,"ER16/2020"
"1830","RQ20092312","10199536","2020-09-23","purchase of genuine clutch kit for np300 4x4 f/n er2159",,"0","2020-09-23 15:53:59","../specifications/1600869239clutch kit np300.docx","ze48941","MTG",,,"ER16/2020"
"1831","RQ20092329","10199537","2020-09-23","supply  and fit new tyres 215 R15 in own workshop for f/n er2143 and er2148",,"0","2020-09-23 15:56:09","../specifications/1600869369NEW TYRES 215R15.docx","ze48941","MTG",,,"ER16/2020"
"1832","RQ20092367","10199539","2020-09-23","2 new batteries size 650 for np300 f/n er2143 and er2148",,"0","2020-09-23 16:01:06","../specifications/batteries size 650.docx","ze48941","MTG",,,"ER16/2020"
"1833","RQ20092473","10199590","2020-09-24","Supply and fit 9R22,5 tyres in Masvingo (ER2119)",,"0","2020-09-30 12:13:32","../specifications/9R22,5 tyres.pdf","ze44253","MSG",,,"ER16/2020"
"1834","RQ20092461","10199591","2020-09-24","11R22,5Tryes F/No 2194 -Chiredzi CSC",,"0","2020-09-25 15:12:06","../specifications/11R22,5 Tyres.pdf","ze44253","MSG",,,"ER16/2020"
"1835","RQ20092451","1099594","2020-09-24","Supply and fit new 245/70R16 Tyres In Masvingo (ER 2075 )",,"0","2020-10-09 08:17:55","../specifications/245R16 Tyres.pdf","ze44253","MSG",,,"ER16/2020"
"1836","RQ20092411","10199603","2020-09-24","Purchase of spares for Nissan UD f/n er2192",,"0","2022-01-18 09:07:08","../specifications/SPARES FOR UD ER2192.docx","ze48941","MTG",,,"ER16/2020"
"1837","RQ20092498","10199604","2020-09-24","supply and fit windscreen for Niss UD f/n er2192",,"0","2020-09-24 13:05:10","../specifications/Supply and fit windscreen for UD 95 lorry.docx","ze48941","MTG",,,"ER16/2020"
"1838","RQ2009245","10199615","2020-09-24","Purchase of 2x laptops for HRAM and HRO",,"0","2020-09-24 15:07:32","../specifications/1600952852Laptop Spec.docx","ze318833","HR500","ACE20061935","specifications/1592558385ace LAPTOPS HRAM HRO.xlsx","ER6/2020"
"1839","RQ20092575","1099044","2020-09-14","transport 9m wood poles from mutare to rutenga centre",,"0","2020-09-25 14:56:26","../specifications/","ze7013","RUT",,,"ER16/2020"
"1840","RQ20092587","10199045","2020-09-14"," transport 11m wood poles from mutare to rutenga centre",,"0","2020-09-25 14:58:18","../specifications/","ze7013","RUT",,,"ER16/2020"
"1841","RQ20092551","10199046","2020-09-14","transport 12.6m wood poles from mutare to rutenga centre",,"0","2020-09-25 15:00:09","../specifications/","ze7013","RUT",,,"ER16/2020"
"1842","RQ20092823","10199704","2020-09-28","Supply and fit of new tyres 245/70R16 in Masvingo ( F/no2158 - Masvingo CSC)",,"0","2020-09-30 12:02:23","../specifications/245.pdf","ze44253","MSG",,,"ER16/2020"
"1843","RQ20092887","10199705","2020-09-28","Supply and Fit new tyres 245/70R16 in Masvingo ( F/no2161 - Chiredzi CSC)",,"0","2020-09-30 12:35:36","../specifications/1601281461245.pdf","ze44253","MSG",,,"ER16/2020"
"1844","RQ20092851","10199707","2020-09-28","Supply, Deliver and fit of new tyres 245/70R16 on f/no2075 -in Masvingo",,"0","2020-09-30 09:22:44","../specifications/1601281553245.pdf","ze44253","MSG",,,"ER16/2020"
"1845","RQ20092858","10199709","2020-09-28","Supply and fit new tyres 245/70R16 in Masvingo ( f/no 2169 - Masvingo CSC)",,"0","2020-10-08 10:59:41","../specifications/1601281642245.pdf","ze44253","MSG",,,"ER16/2020"
"1846","RQ20092890","10199710","2020-09-28","Supply and Fit new tyres 245/70R16 in Masvingo   (ER2167 - Chiredzi CSC)",,"0","2020-09-30 12:41:36","../specifications/1601282214245.pdf","ze44253","MSG",,,"ER16/2020"
"1847","RQ20092815","10199711","2020-09-28","Supply and fit new tyres 245/70R16 in Masvingo (f/no2151 - Rutenga CSC)",,"0","2020-09-30 11:59:56","../specifications/1601282434245.pdf","ze44253","MSG",,,"ER16/2020"
"1848","RQ2009289","10199713","2020-09-28","Supply and fit new tyres 245/70R16 for F/No2157 - Gutu CSC",,"0","2020-10-06 09:13:15","../specifications/1601282586245.pdf","ze44253","MSG",,,"ER16/2020"
"1849","RQ2009285","10199714","2020-09-28","Supply and fit new tyres 9R22,5 - 20 ply rating in Masvingo ( F/no2091 - Rutenga CSC)",,"0","2020-09-30 09:26:22","../specifications/16012827619R22,5 tyres.pdf","ze44253","MSG",,,"ER16/2020"
"1850","RQ20092841","10199717","2020-09-28","Supply and fit  new tyres 265/65R17 in Masvingo - (ER2215 Rutenga CSC)",,"0","2020-09-30 12:17:17","../specifications/265.pdf","ze44253","MSG",,,"ER16/2020"
"1851","RQ20092850","10199717","2020-09-28","Supply, Deliver and fit of new tyres 265/65R17 in Masvingo for F/No2191",,"0","2020-09-30 09:20:30","../specifications/1601283160265.pdf","ze44253","MSG",,,"ER16/2020"
"1852","RQ20092820","10199719","2020-09-28","Supply and fit  new tyres ,tube and flaps 1000x20 in Masvingo  (F/No1044 - Gutu CSC)",,"0","2020-09-30 09:28:52","../specifications/1000x20 New Tyres.pdf","ze44253","MSG",,,"ER16/2020"
"1853","RQ20092873","1099720","2020-09-28","Supply and fit  new tyres 215R15 for F/No2133 - Masvingo CSC",,"0","2020-10-06 09:18:51","../specifications/215R16 Tyres.pdf","ze44253","MSG",,,"ER16/2020"
"1854","RQ20092882","10199726","2020-09-28","Supply 300 ltrs engine Oil 15w40",,"0","2020-09-30 09:31:11","../specifications/Engine Oil 15w40.pdf","ze44253","MSG",,,"ER16/2020"
"1855","RQ20092839","10199727","2020-09-28","100ltrs Engine oil 5w40 Fully synthetic",,"0","2020-09-30 12:20:08","../specifications/Fully Synthetic Engine Oil.docx","ze44253","MSG",,,"ER16/2020"
"1856","RQ20092833","10199729","2020-09-28","30 kg Multi purpose Grease (MP)",,"0","2020-09-30 12:22:48","../specifications/1601288245Mult purpose Grease.pdf","ze44253","MSG",,,"ER16/2020"
"1857","RQ20092874","10199731","2020-09-28","30kgs Wheel Bearing Grease",,"0","2020-09-30 12:31:41","../specifications/Wheel Bearing Grease.pdf","ze44253","MSG",,,"ER16/2020"
"1858","RQ20092856","10199732","2020-09-28","20 ltrs Brake Fluid",,"0","2020-09-30 12:28:25","../specifications/Brake Fluid.pdf","ze44253","MSG",,,"ER16/2020"
"1859","RQ20092830","10199731","2020-09-28","30 kgs Wheel Bearing Grease",,"0","2020-09-30 12:29:53","../specifications/1601288728Wheel Bearing Grease.pdf","ze44253","MSG",,,"ER16/2020"
"1860","RQ20092896","10199734","2020-09-28","Gear Box Oil 80w90",,"0","2020-09-28 12:28:47","../specifications/Gear Box Oil 80w90.pdf","ze44253","MSG",,,"ER16/2020"
"1861","RQ20092848","10199736","2020-09-28","ATF OIL(Automatic Transmission Fluid)",,"0","2020-09-28 14:37:39","../specifications/1601289390ATF Oil.pdf","ze44253","MSG",,,"ER16/2020"
"1862","RQ20092942","10198744","2020-09-29","Purchase of hand Sanitiser 100 x 5 litres ",,"0","2020-09-29 09:23:32","../specifications/","ze57746","RM600",,,"ER24/2020"
"1863","RQ20092947","10198745","2020-09-29","Purchase of hand  Handsanitiser 100ml x 1000",,"0","2020-09-29 09:35:01","../specifications/","ze57746","RM600",,,"ER24/2020"
"1864","RQ20092990","10198745","2020-09-29","Purchase of hand  Handsanitiser 100ml x 1000",,"0","2020-09-29 09:36:39","../specifications/","ze57746","RM600",,,"ER24/2020"
"1865","RQ20092968","10198746","2020-09-29","Purchase of Face masks ",,"0","2020-09-29 09:44:36","../specifications/","ze57746","RM600",,,"ER24/2020"
"1866","RQ2009297","10199718","2020-09-29","Supply and fit new 265/65R17 Tyres in Masvingo (F/No2191)",,"0","2020-09-30 11:57:39","../specifications/265.docx","ze44253","MSG",,,"ER16/2020"
"1867","RQ20092952","10199793","2020-09-29","CELLPHONE PURCHASE FOR MR MUTOMBA SNR FOREMAN MAINTENANCE",,"0","2020-09-29 15:47:29","../specifications/CELLPHONE SPECS MR MUTOMBA.pdf","ze289310","ERM",,,"ER3/2020"
"1868","RQ20100143","10199960","2020-10-01","65*32.5 cement",,"0","2020-10-01 12:55:49","../specifications/BOQ CEMENT.xlsx","ze318833","HR500",,,"ER7/2020"
"1869","RQ20100168","10192134","2020-10-01","290 litres Upright Fridge for Chimanimani Depot",,"0","2020-10-01 14:20:03","../specifications/Specifications - Fridge Chimanimani.docx","ze269859","MND",,,"ER4/2020"
"1870","RQ20100171","10199395","2020-09-10","Supplly of 1x4.1m kerbside horse and totaliser",,"0","2020-10-01 14:50:51","../specifications/AMCO AIR 126000.pdf","ze301698","GARAGE",,,"ER16/2020"
"1871","RQ20100137","10199972","2020-10-01","Hire of 2x30 seater Minibuses",,"0","2020-10-01 14:52:37","../specifications/Minibus Hiring.docx","ze301698","GARAGE",,,"ER16/2020"
"1872","RQ20100121","10199985","2020-10-01","purchase of a complete set of genuine clutch kit for np300 4x4 f/n er2183",,"0","2020-10-01 16:21:45","../specifications/1601562105clutck kit np300.docx","ze48941","MTG",,,"ER16/2020"
"1873","RQ20100562","10200064","2020-10-05","Supply of 5 x new tyres for Toyota Alphard",,"0","2020-10-05 11:48:00","../specifications/Toyota Alphard New Tyres.docx","ze301698","GARAGE",,,"ER16/2020"
"1874","RQ20100522","10200089","2020-10-05","Materials for Middle Sabi staff houses fence",,"0","2020-10-05 15:51:31","../specifications/Material Specification - Middle Sabi Compound Fencing Equipment.xlsx","ze270210","MND",,,"ER19/2020"
"1875","RQ20100785","10200256","2020-10-07","purchase of first aid kits for Mutare District ",,"0","2020-10-07 11:07:23","../specifications/1602061643FIRST AID KIT CONTENTS.docx","ze224677","MTD",,,"ER24/2020"
"1876","RQ2010073","10200276","2020-10-07","MATERIALS FOR SNR GUEST HSE COTTAGE",,"0","2020-10-07 14:10:41","../specifications/","ze318957","HR500",,,"ER7/2020"
"1877","RQ20100981","10200350","2020-10-07","Fixing security of Rusape stores with Burglar bars and Screens",,"0","2020-10-09 09:03:15","../specifications/P.K.jpg","ze56120","RSP",,,"ER7/2020"
"1878","RQ20100919","10200439","2020-10-09","Line gang tools ",,"0","2020-10-09 10:33:10","../specifications/","ze7013","RUT",,,"ER8/2020"
"1879","RQ20101299","10200609","2020-10-12","Supply and fix of 1* Aluminium Sliding window measuring 1480*800 and 2* Aluminium Sliding window (1500*800) for Nyanga senior guest house guard rooms
",,"0","2020-10-12 12:21:14","../specifications/","ze318833","HR500",,,"ER7/2020"
"1880","RQ20101276","10200613","2020-10-12","Supply and fiiting of aluminium sliding windows for Exec guest hse guardroom
1	Sliding window	1460*850 
1	Sliding window	1280*850
1	Sliding window	1300*850
",,"0","2020-10-12 12:24:54","../specifications/BOQ ALUMINIUM FOR GUARDROOMS EXEC GUEST HOUSE.xlsx","ze318833","HR500",,,"ER7/2020"
"1881","RQ20101243","10200644","2020-10-12","Supply of new radiator for ER2163 Peugot 406",,"0","2020-10-12 15:54:20","../specifications/ER2163 SPEC. FOR RADIATOR.docx","ze301698","GARAGE",,,"ER16/2020"
"1882","RQ20101386","10200540","2020-10-09","PURCHASE OF AIRDAC FOR NEW POINTS OF SUPPLY AT GARAHWA PRIMARY AND SECONDARY SCHOOLS",,"0","2020-10-13 08:45:32","../specifications/AIRDAC FOR NPS GARAHWA SCHOOLS.jpg","ze261920","CHR",,,"ER22/2020"
"1883","RQ20101351","10190883","2020-02-13","Qoutation for a Pre-fabricated roof for ZCDC Project",,"0","2020-10-13 11:58:54","../specifications/ZCDC voltage regulator-Layout1.pdf","ze336912","END",,,"ER1/2020"
"1884","RQ20101568","10200851","2020-10-15","Purchase of 24hour Desk Mobile Handsets for the Region",,"0","2020-10-26 14:52:57","../specifications/Specification For 24Hr Desk Cellphone (2).doc","ze265322","ENG800",,,"ER12/2020"
"1885","RQ20101924","10201063","2020-10-19","Purchase of 11kv Lightning arrestors for Nyanga csc Network",,"0","2020-10-19 12:37:21","../specifications/","ze243981","NYA",,,"ER20/2020"
"1886","RQ20101991","10201067","2020-10-19","Purchase of Printer catridges",,"0","2020-10-19 12:55:26","../specifications/1603104926drawing office DesignJet Catridges.docx","ze341851","END",,,"ER11/2020"
"1887","RQ20101911","10201087","2020-10-19","Hire of 7 tone truck for mutare district to do line maintenance from orange groove to nyakamete industrial site for six weeks.",,"0","2020-10-19 16:28:18","../specifications/SPECIFICATION FOR VEHICLE HIRE.docx","ze301698","GARAGE",,,"ER16/2020"
"1888","RQ20102021","10201093","2020-10-20","Blue jerseys for messengers, cashiers and switchboard operators
18 Male
16 Female",,"0","2020-10-20 08:28:30","../specifications/messengers cashiers switchboard.xlsx","ze318833","HR500",,,"ER15/2020"
"1889","RQ20102099","10201094","2020-10-20","Blue Male TROUSERS and Jackets",,"0","2020-10-20 08:32:12","../specifications/1603175532messengers cashiers switchboard.xlsx","ze318833","HR500",,,"ER15/2020"
"1890","RQ20102034","10201095","2020-10-20","Blue skirts 18
Blue female jackets 18",,"0","2020-10-20 08:35:32","../specifications/1603175732messengers cashiers switchboard.xlsx","ze318833","HR500",,,"ER15/2020"
"1891","RQ2010209","10201107","2020-10-20","ER24/2020 FIX AND SUPPLY BLINDS FOR FINANCE MANAGER'S AND FINANCE MANAGER'S SECRETARY'S OFFICES",,"0","2020-10-20 10:20:10","../specifications/SPECIFICATIONS FOR BLINDS.docx","ze265261","FM300",,,"ER24/2020"
"1892","RQ20102047","10201138","2020-10-20","Supply and fit 12xfuel totalisers and 12x4.1m kerbside fuel horses",,"0","2020-10-20 14:43:33","../specifications/kerbside.docx","ze301698","GARAGE",,,"ER16/2020"
"1893","RQ2010202","10201139","2020-10-20","Calibration of 6 x underground fuel tanks",,"0","2020-10-20 14:47:41","../specifications/Fuel tanks calib.docx","ze301698","GARAGE",,,"ER16/2020"
"1894","RQ20102171","10201179","2020-10-21","1.5 horsepower submersible pump for Rutenga Borehole",,"0","2020-10-21 11:39:12","../specifications/","ze318833","HR500",,,"ER8/2020"
"1895","RQ20102128","10201180","2020-10-21","1.5 horsepower submersible pump for Chiredzi borehole",,"0","2020-10-21 11:41:37","../specifications/","ze318833","HR500",,,"ER8/2020"
"1896","RQ20102137","10201182","2020-10-21","Supply and Deliver ",,"0","2020-10-21 11:47:14","../specifications/Fridge quotation.pdf","ze224677","MTD",,,"ER4/2020"
"1897","RQ20102270","10201261","2020-10-22","ER 19/2020 PURCHASE OF 3/4 QUARRY STONES FOR CHIREDZI EAST(QUANTITY IN M3) NB DISTANCE FROM MASVINGO TOWN 200 KM. DISTANCE FROM MUTARE TOWN 300 KM",,"0","2020-10-22 11:35:23","../specifications/","ze289310","ERM",,,"ER19/2020"
"1898","RQ20102244","10201267","2020-10-22","ER 19/2020 PURCHASE OF 3/4 QUARRY STONES FOR MTERI S/S(QUANTITY IN M3) NB DISTANCE FROM MASVINGO TOWN 200 KM. DISTANCE FROM MUTARE TOWN 300 KM",,"0","2020-10-22 11:37:02","../specifications/","ze289310","ERM",,,"ER19/2020"
"1899","RQ20102239","10201273","2020-10-22"," PURCHASE OF 3/4 QUARRY STONES FORHIPPO VALLEY S/S(QUANTITY IN M3) NB DISTANCE FROM MASVINGO TOWN 200 KM. DISTANCE FROM MUTARE TOWN 300 KM",,"0","2020-10-22 11:39:03","../specifications/","ze289310","ERM",,,"ER19/2020"
"1900","RQ20102284","10201276","2020-10-22"," PURCHASE OF 3/4 QUARRY STONES FOR TRIANGLE TOWN S/S (QUANTITY IN M3) NB DISTANCE FROM MASVINGO TOWN 200 KM. DISTANCE FROM MUTARE TOWN 300 KM",,"0","2020-10-22 11:40:39","../specifications/","ze289310","ERM",,,"ER19/2020"
"1901","RQ20102249","10201279","2020-10-22"," PURCHASE OF 3/4 QUARRY STONES FOR TRIANGLE MILL S/S (QUANTITY IN M3) NB DISTANCE FROM MASVINGO TOWN 200 KM. DISTANCE FROM MUTARE TOWN 300 KM",,"0","2020-10-22 11:41:49","../specifications/","ze289310","ERM",,,"ER19/2020"
"1902","RQ20102292","10201281","2020-10-22"," PURCHASE OF 3/4 QUARRY STONES FOR TRIANGLE EAST S/S (QUANTITY IN M3) NB DISTANCE FROM MASVINGO TOWN 200 KM. DISTANCE FROM MUTARE TOWN 300 KM",,"0","2020-10-22 11:42:58","../specifications/","ze289310","ERM",,,"ER19/2020"
"1903","RQ20102272","10201283","2020-10-22"," PURCHASE OF 3/4 QUARRY STONES FOR RENCO MINE S/S (QUANTITY IN M3) NB DISTANCE FROM MASVINGO TOWN 170 KM. DISTANCE FROM MUTARE TOWN 450 KM",,"0","2020-10-22 11:44:31","../specifications/","ze289310","ERM",,,"ER19/2020"
"1904","RQ20102222","10201284","2020-10-22"," PURCHASE OF 3/4 QUARRY STONES FOR RUTENGA  S/S (QUANTITY IN M3) NB DISTANCE FROM MASVINGO TOWN 170 KM. DISTANCE FROM MUTARE TOWN 460 KM",,"0","2020-10-22 11:46:21","../specifications/","ze289310","ERM",,,"ER19/2020"
"1905","RQ20102258","10201285","2020-10-22"," PURCHASE OF 3/4 QUARRY STONES FOR TOKWE MUKOSI S/S (QUANTITY IN M3) NB DISTANCE FROM MASVINGO TOWN 160 KM. DISTANCE FROM MUTARE TOWN 400 KM",,"0","2020-10-22 11:47:47","../specifications/","ze289310","ERM",,,"ER19/2020"
"1906","RQ20102266","10201287","2020-10-22"," PURCHASE OF 3/4 QUARRY STONES FOR MASVINGO S/S (QUANTITY IN M3) NB DISTANCE FROM MASVINGO TOWN 10 KM. DISTANCE FROM MUTARE TOWN 310 KM",,"0","2020-10-22 11:55:36","../specifications/","ze289310","ERM",,,"ER19/2020"
"1907","RQ20102276","10201288","2020-10-22"," PURCHASE OF 3/4 QUARRY STONES FOR GLENLIVET S/S (QUANTITY IN M3) NB DISTANCE FROM MASVINGO TOWN 40 KM. DISTANCE FROM MUTARE TOWN 260 KM",,"0","2020-10-22 11:50:12","../specifications/","ze289310","ERM",,,"ER19/2020"
"1908","RQ20102243","10201290","2020-10-22"," PURCHASE OF 3/4 QUARRY STONES FOR FARMERS HALL S/S (QUANTITY IN M3) NB DISTANCE FROM MASVINGO TOWN 50KM. DISTANCE FROM MUTARE TOWN 250 KM",,"0","2020-10-22 11:51:41","../specifications/","ze289310","ERM",,,"ER19/2020"
"1909","RQ20102213","10201292","2020-10-22"," PURCHASE OF 3/4 QUARRY STONES FOR FLAMBOYANT S/S (QUANTITY IN M3) NB DISTANCE FROM MASVINGO TOWN 10 KM. DISTANCE FROM MUTARE TOWN 310 KM",,"0","2020-10-22 11:53:21","../specifications/","ze289310","ERM",,,"ER19/2020"
"1910","RQ20102288","10201293","2020-10-22"," PURCHASE OF 3/4 QUARRY STONES FOR ZAKA S/S (QUANTITY IN M3) NB DISTANCE FROM MASVINGO TOWN 70 KM. DISTANCE FROM MUTARE TOWN 300 KM",,"0","2020-10-22 11:54:23","../specifications/","ze289310","ERM",,,"ER19/2020"
"1911","RQ20102259","10201322","2020-10-22","Building materials for Chimanimani Depot Durawall",,"0","2020-10-22 14:23:17","../specifications/CHIMANIMANI BOUNDARY WALL (1).docx","ze270210","MND",,,"ER7/2020"
"1912","RQ20102248","10201322","2020-10-22","Building materials for Chimanimani Depot Durawall",,"0","2020-10-22 14:53:56","../specifications/1603371236CHIMANIMANI BOUNDARY WALL (1).docx","ze270210","MND",,,"ER7/2020"
"1913","RQ20102286","10201322","2020-10-22","Building materials for Chimanimani Depot Durawall",,"0","2020-10-22 14:54:01","../specifications/1603371241CHIMANIMANI BOUNDARY WALL (1).docx","ze270210","MND",,,"ER7/2020"
"1914","RQ20102211","10198020","2020-08-18","Supply of 5x245/70R16",,"0","2020-10-22 15:17:17","../specifications/1603372637ER2085 TYRES.docx","ze301698","GARAGE",,,"ER16/2020"
"1915","RQ20102383","10201305","2020-10-22","Purchase of HP LaserJet Pro M479FDN Printer for Accounting Officer - Revenue (Finance)",,"0","2020-10-23 09:38:13","../specifications/ACE -LaserJet Printer.html","ze258415","FM300","ACE20101426","specifications/1602667484Printer - E-Machines.pdf","ER11/2020"
"1916","RQ20102323","10201410","2020-10-23","Purchase of Air Compressor 2.5 Horse Power 100l, 1x Hammer Body and Fender for Panel shop",,"0","2020-10-23 12:07:13","../specifications/AIR COMPRESSOR,HAMMER.docx","ze48941","MTG",,,"ER16/2020"
"1917","RQ20102342","10201411","2020-10-23","Purchase of 1x10Tonne Quarter Power, 1x Spray gun HP Tools 785 trade",,"0","2020-10-26 08:39:40","../specifications/SPRAY GUN, PORTA POWER.docx","ze48941","MTG",,,"ER16/2020"
"1918","RQ20102364","10201305","2020-10-22","Purchase of HP LaserJet Pro M479FDN Printer for Accounting Officer - Revenue (Finance) ",,"0","2020-10-23 13:05:45","../specifications/PRINTER SPECIFICATIONS.docx","ze258415","FM300","ACE20101426","specifications/1602667484Printer - E-Machines.pdf","ER11/2020"
"1919","RQ20102330","10201418","2020-10-23","Supply and fit new tyres size 5x195 R14 for Mist L200 er2031",,"0","2020-10-30 08:59:02","../specifications/NEW TYRES 195. R14.docx","ze48941","MTG",,,"ER16/2020"
"1920","RQ20102331","10201425","2020-10-23","3.6m*6mm asbestos for Nyanga Senior Guest house",,"0","2020-10-23 15:11:32","../specifications/ROOFING FOR NYANGA.xlsx","ze318833","HR500",,,"ER7/2020"
"1921","RQ20102361","10201425","2020-10-23","3.6m*6mm asbestos for Nyanga Senior Guest house",,"0","2020-10-23 15:12:01","../specifications/1603458721ROOFING FOR NYANGA.xlsx","ze318833","HR500",,,"ER7/2020"
"1922","RQ20102394","10201425","2020-10-23","3.6m*6mm asbestos for Nyanga Senior Guest house",,"0","2020-10-23 15:12:07","../specifications/1603458726ROOFING FOR NYANGA.xlsx","ze318833","HR500",,,"ER7/2020"
"1923","RQ20102385","10201428","2020-10-23","6m*114mm*38mm rough sewn timber
",,"0","2020-10-23 15:15:44","../specifications/1603458944ROOFING FOR NYANGA.xlsx","ze318833","HR500",,,"ER7/2020"
"1924","RQ20102657","10201483","2020-10-26","Swivel Chair for Senior Client Services Officer - Rusape",,"0","2020-10-26 15:12:38","../specifications/Specification - Swivel Chairs -SCSO.doc","ze269859","MND",,,"ER4/2020"
"1925","RQ20102653","10201483","2020-10-26","Swivel Chair for Senior Client Services Officer - Rusape",,"0","2020-10-26 15:13:03","../specifications/1603717983Specification - Swivel Chairs -SCSO.doc","ze269859","MND",,,"ER4/2020"
"1926","RQ20102674","10201484","2020-10-26","Swivel Chair for Senior Client Services Officer- Chipinge - Replacement",,"0","2020-10-26 15:32:00","../specifications/1603719120Specification - Swivel Chairs -SCSO.doc","ze269859","MND",,,"ER4/2020"
"1927","RQ20102623","10201490","2020-10-26","Swivel Chair for Accounting Officer costs ",,"0","2020-10-26 15:49:29","../specifications/1603720169Specification - Swivel Chairs -SCSO.doc","ze269859","MND",,,"ER4/2020"
"1928","RQ2010269","10201486","2020-10-26","Swivel Chair for Lead Artisan Chipinge",,"0","2020-10-26 15:54:19","../specifications/1603720459Specification - Swivel Chairs -SCSO.doc","ze269859","MND",,,"ER4/2020"
"1929","RQ20102778","10201428","2020-10-27","6m*114mm*38mm rough sewn timber for senior guest house roofing",,"0","2020-10-27 09:43:36","../specifications/","ze318833","HR500",,,"ER7/2020"
"1930","RQ20102783","10201600","2020-10-27","REQUESTING FOR THE SUPPLY OF DEPOT LIGHTING MATERIALS
(FIND ATTACHED)",,"0","2020-10-27 11:36:54","../specifications/DEPOT LIGHTING MATERIALS.pdf","ze289310","ERM",,,"ER19/2020"
"1931","RQ20102957","10201819","2020-10-29","Purchase of 6x9R 22.5 new tyres for UD70 truck f/n er2109",,"0","2020-10-29 16:01:49","../specifications/16039801099R22.5 TYRES.docx","ze48941","MTG",,,"ER16/2020"
"1932","RQ20103064","10201856","2020-10-30"," Purchase of HP131A full set toner cartridge For Mutare DM Secretary",,"0","2020-11-05 14:09:34","../specifications/Emachines.pdf","ze297232","IT100",,,"ER6/2020"
"1933","RQ20110350","10201926","2020-11-03","Supply Tyre fitting machine for tyres 12inches to 22.5inches for Mutare Garage",,"0","2020-11-03 10:10:28","../specifications/","ze48941","MTG",,,"ER16/2020"
"1934","RQ20110352","10201928","2020-11-03","supply diagnostic Machine consult 3 for Nissan trucks-Mutare Garage",,"0","2020-11-03 10:12:06","../specifications/","ze48941","MTG",,,"ER16/2020"
"1935","RQ20110483","10201995","2020-11-04","ER6/20 Purchase of a laptop for the Accounting Officer Stores Regional Office.",,"0","2020-11-04 10:19:51","../specifications/HP 450 Laptop Specifications.docx","ze297232","IT100","ACE20100994","specifications/1602227265Laptops justification Mwanyisa.docx","ER6/2020"
"1936","RQ2011046","10202002","2020-11-04","ER6/20 Purchase of 4 in 1 printer for Accounting officer creditors Regional office",,"0","2020-11-04 10:34:59","../specifications/4-in-1 Printer specs.docx","ze297232","IT100","ACE20103050","specifications/16040519974-in-1 Printer specs.docx","ER6/2020"
"1937","RQ20110591","10201313","2020-10-12","Renovation of barbed wire for Rusape stores cage and durawall ,tying wire,droppers",,"0","2020-11-05 10:41:26","../specifications/","ze56120","RSP",,,"ER19/2020"
"1938","RQ20110560","10201258","2020-10-16","Purchase of plastic chairs for Rusape depot staff",,"0","2020-11-05 10:43:12","../specifications/","ze56120","RSP",,,"ER4/2020"
"1939","RQ20110629","10202183","2020-11-06","Materials for Balustrades for Nyanga Exec Guest house verandah",,"0","2020-11-06 11:56:38","../specifications/NYANGA GUEST HOUSE BALUSTRADES.xlsx","ze318833","HR500",,,"ER7/2020"
"1940","RQ20110640","10202195","2020-11-06","ER16/20 PURCHASE REQUEST FOR FUEL PETROL FOR CHIREDZI FLEET",,"0","2020-11-06 13:02:16","../specifications/fuel lyonais.pdf","ze261920","CHR",,,"ER16/2020"
"1941","RQ20110647","10202195","2020-11-06","ER16/20 PURCHASE REQUEST FOR FUEL DIESEL FOR CHIREDZI FLEET",,"0","2020-11-06 13:04:42","../specifications/1604660682fuel lyonais.pdf","ze261920","CHR",,,"ER16/2020"
"1942","RQ20110986","10201562","2020-10-27","Purchase of a Transformer HV Coil winding machine for the Tx and S/gear workshop",,"0","2020-11-09 09:36:52","../specifications/DISTRIBUTION TRANSFORMER HV COIL WINDING MACHINE.docx","ze265322","ENG800","ACE20102965","specifications/1603962256DISTRIBUTION TRANSFORMER HV COIL WINDING MACHINE.docx","ER9/2020"
"1943","RQ20110939","10202238","2020-11-09","purchase of new tyres size 1400R20 for Crane truck f/n er2198",,"0","2020-11-09 11:32:35","../specifications/new tyres 1400R20.xlsx","ze48941","MTG",,,"ER16/2020"
"1944","RQ20110942","10202259","2020-11-09","Procurement of 21 substation equipment aluminium switch labels",,"0","2020-11-09 14:32:19","../specifications/sub station switch labels.pdf","ze289310","ERM",,,"ER19/2020"
"1945","RQ20111014","10202285","2020-11-09","Panel Beat and Repair accident Damages F/No 2201",,"0","2020-11-10 10:11:30","../specifications/","ze44253","MSG",,,"ER16/2020"
"1946","RQ20111039","10120228","2020-11-09","Panel Beating And Repairs Accident Damages F/No2117",,"0","2020-11-12 10:30:44","../specifications/","ze44253","MSG",,,"ER16/2020"
"1947","RQ20111324","10202603","2020-11-13","Supply and Deliver of 3000 common bricks for the construction of Guardroom at Mutare Urban Depot ",,"0","2020-11-13 11:26:09","../specifications/","ze224677","MTD",,,"ER19/2020"
"1948","RQ20111647","10190528","2020-11-16","ER6/20: purchase of four (4) Laptops for the Commercial Manager (A), Systems Administrator, S.S.O Systems Development, S.S.O Masvingo.",,"0","2020-11-16 15:49:06","../specifications/Laptop Specifications.docx","ze297232","IT100","ACE20012182","specifications/1579599275Laptop Spec.docx","ER6/2020"
"1949","RQ2011178","10202722","2020-11-17","Purchase of 30 x 30 x 6m Angle Irons",,"0","2020-11-17 07:25:37","../specifications/SPECIFICATIONS - ANGLE IRONS.docx","ze269859","MND",,,"ER7/2020"
"1950","RQ20111796","10202789","2020-11-17","PROCUREMENT OF ACID PROOF WORKSUITS FOR MAINTENANCE STAFF - PREFERED COLOUR  GREY ",,"0","2020-11-17 10:51:23","../specifications/","ze289310","ERM",,,"ER15/2020"
"1951","RQ20111789","10202795","2020-11-17","PROCUREMENT OF ANTISLIP SAFETY SHOES FOR MAINTENANCE STAFF",,"0","2020-11-17 10:56:06","../specifications/","ze289310","ERM",,,"ER15/2020"
"1952","RQ20111949","10203000","2020-11-19","Supply and fit new tyres 175/65R14 ",,"0","2020-11-20 17:31:31","../specifications/2182 tyres.docx","ze44253","MSG",,,"ER16/2020"
"1953","RQ20111944","10203002","2020-11-19","Supply and fit new tyres size 175/65R14 Tyres F/No2217",,"0","2020-11-20 17:33:33","../specifications/2217 tyres.docx","ze44253","MSG",,,"ER16/2020"
"1954","RQ20111977","10203030","2020-11-19","Materials for renovating house no 128 nyanga",,"0","2020-11-19 10:04:03","../specifications/house no 128 nyamhuka.docx","ze270210","MND",,,"ER19/2020"
"1955","RQ20111953","10203043","2020-11-19","Intergrity test for Masvingo and Chiredzi Petrol tanks",,"0","2020-11-19 10:56:04","../specifications/SPECIFICATION FOR INTERGRITY TESTS.docx","ze301698","GARAGE",,,"ER16/2020"
"1956","RQ20111996","10203071","2020-11-19","Intergrity tests for Masvingo and Chiredzi Petrol Pumps",,"0","2020-11-19 11:58:43","../specifications/1605779923SPECIFICATION FOR INTERGRITY TESTS.docx","ze301698","GARAGE",,,"ER16/2020"
"1957","RQ20111976","10203056","2020-11-19","Printing of E117 books",,"0","2020-11-19 12:35:24","../specifications/Printing of Engineering books.docx","ze270210","MND",,,"ER11/2020"
"1958","RQ20111929","1020358","2020-11-19","Printing of E86 books",,"0","2020-11-19 12:38:27","../specifications/1605782307Printing of Engineering books.docx","ze270210","MND",,,"ER11/2020"
"1959","RQ20111948","10203059","2020-11-19","Printing of Pre-Task books",,"0","2020-11-19 12:39:35","../specifications/1605782374Printing of Engineering books.docx","ze270210","MND",,,"ER11/2020"
"1960","RQ20111926","10203120","2020-11-19","SAMSUNG GALAXY S10E TABLET FOR MAINTENANCE ENGINEER. REPLACEMENT OF STOLEN S10 AS PER ATTACHED POLICE REPORT",,"0","2020-11-19 15:11:05","../specifications/Documents.pdf","ze289310","ERM",,,"ER3/2020"
"1961","RQ2011203","10203152","2020-11-20","Supply and fit Flow meters with horses and nozzles for Mashava and Rutenga overhead fuel tanks",,"0","2020-11-20 17:28:47","../specifications/SPECIFICATIONS FLOW METERS.docx","ze301698","GARAGE",,,"ER16/2020"
"1962","RQ20112060","10190580","2020-02-07","Purchase of 33KV Control and Relay Panel",,"0","2020-11-20 09:13:18","../specifications/Control and Relay Panel.doc","ze336912","END",,,"ER1/2020"
"1963","RQ20112028","10190505","2020-02-06","Supply and Delivery of 33kV Current Transformers",,"0","2020-11-20 09:18:51","../specifications/Current Transformers.doc","ze336912","END",,,"ER1/2020"
"1964","RQ2011201","10201431","2020-10-23","Supply and Delivery of 33kV Voltage Transformer",,"0","2020-11-20 09:20:11","../specifications/voltage transformers.specification.docx","ze336912","END",,,"ER1/2020"
"1965","RQ20112080","10190583","2020-02-07","Supply and Delivery of 33kV Rocking arm isolators",,"0","2020-11-20 09:22:04","../specifications/ISOLATORS SPECIFICATION.docx","ze336912","END",,,"ER1/2020"
"1966","RQ20112064","10203062","2020-11-19","FACE MASK WITH BREATHER FOR COVID 19 PREVENTION",,"0","2020-11-20 11:36:10","../specifications/","ze247200","HR500",,,"ER24/2020"
"1967","RQ20112061","10203062","2020-11-19","FACE MASKS WITH BREATHER FOR COVID 19 PREVENTION",,"0","2020-11-20 11:52:12","../specifications/FACE MASK SPECIFICATION.docx","ze247200","HR500",,,"ER24/2020"
"1968","RQ20112325","10203262","2020-11-23","blinds for DM Mutare's office",,"0","2020-11-23 11:58:48","../specifications/1606125528Specifications for blinds.docx","ze224677","MTD",,,"ER24/2020"
"1969","RQ20112318","10198266","2020-11-23","HIGH BACK SWIVEL CHAIRS FOR JOTALI NEW OFFICES",,"0","2020-11-23 14:59:14","../specifications/","ze318957","HR500",,,"ER4/2020"
"1970","RQ20112312","10198267","2020-11-23","VISITORS CHAIRS FOR JOTALI NEW OFFICES",,"0","2020-11-23 15:00:21","../specifications/","ze318957","HR500",,,"ER4/2020"
"1971","RQ20112647","10203606","2020-11-26","Supply and delivery of 100acsr conductor",,"0","2020-11-26 14:45:34","../specifications/acsr 100dog.doc","ze336912","END",,,"ER1/2020"
"1972","RQ20112698","10203312","2020-11-24","Supply and deliver galvanised wood pole caps",,"0","2020-11-26 14:50:59","../specifications/","ze336912","END",,,"ER1/2020"
"1973","RQ2011267","10203320","2020-11-24","Supply and delivery of 10mm galvanised Crosby clamps",,"0","2020-11-26 14:53:10","../specifications/","ze336912","END",,,"ER1/2020"
"1974","RQ20112635","10203650","2020-11-26","Pole replacement and wayleave clearance for Vumba 11kV feeder",,"0","2020-11-26 15:03:45","../specifications/","ze261297","MTD",,,"ER19/2020"
"1975","RQ2011268","10203321","2020-11-24","Supply and delivery galvanised 3/4 stay Rods ",,"0","2020-11-26 15:03:49","../specifications/","ze336912","END",,,"ER1/2020"
"1976","RQ20112643","10203652","2020-11-26","Pole replacement and wayleave clearance for Borderstreams 11kV feeder",,"0","2020-11-26 15:04:56","../specifications/","ze261297","MTD",,,"ER19/2020"
"1977","RQ20112626","10203654","2020-11-26","Pole replacement for Borderstreams 11kV feeder",,"0","2020-11-26 15:05:43","../specifications/","ze261297","MTD",,,"ER19/2020"
"1978","RQ20112684","10203222","2020-11-24","Supply and Delivery of galvanised 3/4 Stay Bows",,"0","2020-11-26 15:10:36","../specifications/","ze336912","END",,,"ER1/2020"
"1979","RQ20112676","10203323","2020-11-24","Supply and delivery of galvanised 3/4 Stay plates",,"0","2020-11-26 15:17:19","../specifications/","ze336912","END",,,"ER1/2020"
"1980","RQ20112657","10203324","2020-11-24","Supply and Delivery of galvanised 3/4 stay washers",,"0","2020-11-26 15:21:22","../specifications/","ze336912","END",,,"ER1/2020"
"1981","RQ20112666","10203325","2020-11-24","Supply and Delivery of M20 x 180mm Bolts and Nuts",,"0","2020-11-26 15:23:13","../specifications/","ze336912","END",,,"ER1/2020"
"1982","RQ20112610","10203303","2020-11-24","Supply and Delivery of M20 x 200 Bolts and Nuts",,"0","2020-11-26 15:24:42","../specifications/","ze336912","END",,,"ER1/2020"
"1983","RQ20112642","10203326","2020-11-24","Supply and Delivery of M20 x 240 Bolts and Nuts",,"0","2020-11-26 15:25:57","../specifications/","ze336912","END",,,"ER1/2020"
"1984","RQ20112617","10203327","2020-11-24","Supply and Delivery of M20 x 260mm Bolts and Nuts",,"0","2020-11-26 15:28:34","../specifications/","ze336912","END",,,"ER1/2020"
"1985","RQ20112632","10203328","2020-11-24","Supply and Delivery of M20 x 300mm Bolts and Nuts",,"0","2020-11-26 15:32:15","../specifications/","ze336912","END",,,"ER1/2020"
"1986","RQ20112621","10203329","2020-11-24","Supply and Delivery of galvanised 20mm woodpole washers",,"0","2020-11-26 15:33:58","../specifications/","ze336912","END",,,"ER1/2020"
"1987","RQ20112637","10203346","2020-11-24","Supply and Delivery of galvanised steel stay wire 7/12",,"0","2020-11-26 15:35:37","../specifications/","ze336912","END",,,"ER1/2020"
"1988","RQ20112641","10203576","2020-11-24","Supply and Delivery of galvanised 5/8 earth rods",,"0","2020-11-26 15:47:40","../specifications/","ze336912","END",,,"ER1/2020"
"1989","RQ20112653","10203517","2020-11-25","Supply and Delivery of 16mm Earth spike connectors",,"0","2020-11-26 15:49:14","../specifications/","ze336912","END",,,"ER1/2020"
"1990","RQ20112694","10203409","2020-11-25","Supply and Delivery of galvanised 16mm Crosby clamps",,"0","2020-11-26 15:50:51","../specifications/","ze336912","END",,,"ER1/2020"
"1991","RQ20112671","10203411","2020-11-25","Supply and Delivery of twisted shackle straps",,"0","2020-11-26 15:53:17","../specifications/","ze336912","END",,,"ER1/2020"
"1992","RQ20112648","10203429","2020-11-25","Supply and Delivery of galvanised steel 7/14 stay wire",,"0","2020-11-26 15:55:24","../specifications/","ze336912","END",,,"ER1/2020"
"1993","RQ20112646","10203598","2020-11-26","Supply and Delivery 16mm Eye Bolts and Nuts",,"0","2020-11-26 15:57:10","../specifications/","ze336912","END",,,"ER1/2020"
"1994","RQ2011263","10203433","2020-11-26","Supply and Delivery of 33kV pole top bracket",,"0","2020-11-26 16:03:28","../specifications/","ze336912","END",,,"ER1/2020"
"1995","RQ20112651","10203545","2020-11-26","Supply and Delivery of 33kV Insulator Pin",,"0","2020-11-26 16:11:14","../specifications/insulators and accessories.doc","ze336912","END",,,"ER1/2020"
"1996","RQ20112654","10203544","2020-11-26","Supply and Delivery of 33kV Pin Insulator",,"0","2020-11-26 16:13:40","../specifications/","ze336912","END",,,"ER1/2020"
"1997","RQ20112659","10203591","2020-11-25","Supply and Delivery of 33kV pin spacer",,"0","2020-11-26 16:15:35","../specifications/1606400135insulators and accessories.doc","ze336912","END",,,"ER1/2020"
"1998","RQ20112769","10203688","2020-11-27","Supply and fit new tyres 175/70R13 for Lancer f/n er2087",,"0","2020-12-02 09:18:16","../specifications/1606468951NEW TYRES 175.70R13.docx","ze48941","MTG",,,"ER16/2020"
"1999","RQ20112798","10203687","2020-11-27","purchase of new tyres 205/60R15 for Peugot f/n er2163",,"0","2020-11-27 11:24:44","../specifications/NEW TYRES 205.60R15.docx","ze48941","MTG",,,"ER16/2020"
"2000","RQ2011275","10203704","2020-11-27","purchase of 2xbatteries size 683 for Benz Artego Lorry f/n 1062",,"0","2020-11-27 13:28:45","../specifications/battery express 1062.jpg","ze48941","MTG",,,"ER16/2020"
"2001","RQ20112778","10203704","2020-11-27","purchase of 2xbatteries size 683 for Benz Artego Lorry f/n 1062",,"0","2020-11-27 13:29:13","../specifications/1606476553battery express 1062.jpg","ze48941","MTG",,,"ER16/2020"
"2002","RQ20112737","10203706","2020-11-27","purchase of 2x652 batteries for UD f/n er2193",,"0","2020-11-27 13:30:49","../specifications/1606476649battery express 1062.jpg","ze48941","MTG",,,"ER16/2020"
"2003","RQ20112723","10203699","2020-11-27","Supply and fit new tyres size 5x 215 R15 for f/n er2146",,"0","2020-12-02 09:18:51","../specifications/1606476826NEW TYRES 215R15.docx","ze48941","MTG",,,"ER16/2020"
"2004","RQ20112791","10203701","2020-11-27","Supply and fit new tyres size 5x 215R15 for f/n er2138",,"0","2020-12-02 09:17:44","../specifications/1606476934NEW TYRES 215R15.docx","ze48941","MTG",,,"ER16/2020"
"2005","RQ20112753","10201636","2020-10-24","Supply and Delivery of 11kV XLPE 185mm2 Aluminium",,"0","2020-11-27 14:54:24","../specifications/cables spec.doc","ze336912","END",,,"ER1/2020"
"2006","RQ20120117","10203822","2020-12-01","new tyres 245/70 R16 for Isuzu f/n er2187",,"0","2020-12-01 12:38:09","../specifications/1606819089NEW TYRES 245.70R15.docx","ze48941","MTG",,,"ER16/2020"
"2007","RQ20120145","10203823","2020-12-01","new tyres size 215 R15 for np300 f/n er2204",,"0","2020-12-01 12:40:13","../specifications/1606819213NEW TYRES 215R15.docx","ze48941","MTG",,,"ER16/2020"
"2008","RQ2012033","10203927","2020-03-12","Supply and fit 4 x 1 inch kerbside hoses and 4x 12WA-3 totaliser",,"0","2020-12-03 10:35:27","../specifications/1606984527kerbside.docx","ze301698","GARAGE",,,"ER16/2020"
"2009","RQ20120370","10203928","2020-12-03","Supply and fit6 x 1 inch kerbside hose, 6x 12WA-3 totaliser",,"0","2020-12-03 10:37:51","../specifications/1606984671kerbside.docx","ze301698","GARAGE",,,"ER16/2020"
"2010","RQ20120372","10203930","2020-12-03","Supply and fit 4 x 1 inch kerbside hoses, 4 x 12WA-3 totaliser",,"0","2020-12-03 10:39:31","../specifications/1606984770kerbside.docx","ze301698","GARAGE",,,"ER16/2020"
"2011","RQ20120323","10203932","2020-12-03","Repair of 2x underground fuel pumps at rusape depot",,"0","2020-12-03 10:41:31","../specifications/RSPE UNDERGROUND.docx","ze301698","GARAGE",,,"ER16/2020"
"2012","RQ20120331","10203903","2020-12-03","5000ltr water tank for Nyanga csc",,"0","2020-12-03 16:22:49","../specifications/tank.pdf","ze243981","NYA",,,"ER17/2020"
"2013","RQ20120450","10203980","2020-12-04","Face masks with breather for the whole Region ",,"0","2020-12-04 10:31:43","../specifications/Face masks with breather.pdf","ze223670","HR500",,,"ER15/2020"
"2014","RQ20120737","10204073","2020-12-07","Cartridges for Engineering Manager's Sec",,"0","2020-12-07 11:54:40","../specifications/1607334880EM Sec cartridges.docx","ze265322","ENG800",,,"ER11/2020"
"2015","RQ20120780","10204110","2020-07-12","raincoats various sizes",,"0","2020-12-07 15:19:34","../specifications/Document 53.pdf","ze47724","CHP",,,"ER15/2020"
"2016","RQ2012089","10204180","2020-12-08","Samsung Galaxy M10s for Sales Executive Mutare - Mhlanga",,"0","2020-12-08 12:18:03","../specifications/","ze244635","MTD",,,"ER12/2020"
"2017","RQ20121134","10204376","2020-12-11","purchase of diesel filter z219 for np300 trucks",,"0","2020-12-11 10:06:11","../specifications/np300 diesel filter z219.docx","ze48941","MTG",,,"ER16/2020"
"2018","RQ20121194","10204377","2020-12-11","purchase of diesel filter Z425 for np300 ",,"0","2020-12-11 10:07:55","../specifications/np300 diesel filter z425.docx","ze48941","MTG",,,"ER16/2020"
"2019","RQ20121155","10204378","2020-12-11","purchase of Air filter ADG865 for np300",,"0","2020-12-11 10:10:11","../specifications/np300 air filter ADG865.docx","ze48941","MTG",,,"ER16/2020"
"2020","RQ20121129","10204379","2020-12-11","purchase of oil filters Z95 for np300",,"0","2020-12-11 10:13:19","../specifications/np300 OIL filter Z95.docx","ze48941","MTG",,,"ER16/2020"
"2021","RQ2012111","10204380","2020-12-11","purchase of 30l brake fluid",,"0","2020-12-11 10:17:06","../specifications/BRAKE FLUID.docx","ze48941","MTG",,,"ER16/2020"
"2022","RQ2012117","10204381","2020-12-11","purchase of wheel bearing grease 30kg",,"0","2020-12-11 10:19:51","../specifications/WHEEL BEARING GREASE.docx","ze48941","MTG",,,"ER16/2020"
"2023","RQ2012118","10204382","2020-12-11","purchase of multi purpose grease 30kg",,"0","2020-12-11 10:21:52","../specifications/MULTIPURPOSE GREASE.docx","ze48941","MTG",,,"ER16/2020"
"2024","RQ20121411","10204443","2020-12-14","Purchase of Doors for the Transformer and S/gear Shorkshop",,"0","2020-12-14 08:48:11","../specifications/Specifications of Doors.docx","ze265322","ENG800",,,"ER7/2020"
"2025","RQ20121576","10204533","2020-12-15","50xdiesel filter z541 for np300 4x4",,"0","2020-12-15 09:04:09","../specifications/np300 diesel filter z541.docx","ze48941","MTG",,,"ER16/2020"
"2026","RQ20121546","10204535","2020-12-15","purchase of oil filter z153 np300 4x4",,"0","2020-12-15 09:05:43","../specifications/np300 oil filter z153.docx","ze48941","MTG",,,"ER16/2020"
"2027","RQ20121551","10204536","2020-12-15","purchase of Air filter AG1331R for np300 4x4",,"0","2020-12-15 09:06:58","../specifications/","ze48941","MTG",,,"ER16/2020"
"2028","RQ20121580","10204549","2020-12-15","PROVIDING AND PLANTING LAWN AT MAINTENANCE DEPOT FRONT YARD AS WELL AS GRASS AND BUSH CLEARING THE WHOLE YARD",,"0","2020-12-15 12:04:30","../specifications/","ze289310","ERM",,,"ER7/2020"
"2029","RQ20121721","10204683","2020-12-17","Supply and Delivery of Rainsuits for Manicaland District",,"0","2020-12-17 10:25:37","../specifications/SPECIFICATIONS - RAINSUITS.docx","ze269859","MND",,,"ER15/2020"
"2030","RQ20121786","10204689","2020-12-17","Supply f rainsuits for Mutare District",,"0","2020-12-17 11:01:19","../specifications/","ze57673","ENV",,,"ER15/2020"
"2031","RQ20121762","10204689","2020-12-17","Supply f rainsuits for Mutare District",,"0","2020-12-17 11:01:25","../specifications/","ze57673","ENV",,,"ER15/2020"
"2032","RQ20121713","10204693","2020-12-17","Supply of rainsuits for Manicaland District",,"0","2020-12-17 11:02:39","../specifications/","ze57673","ENV",,,"ER15/2020"
"2033","RQ20121741","10204700","2020-12-17","Supply of rainsuits for Masvingo District",,"0","2020-12-17 11:03:49","../specifications/","ze57673","ENV",,,"ER15/2020"
"2034","RQ20121737","10204438","2020-12-09","Supply of 11kv  Lightning arrestors ",,"0","2020-12-17 11:05:32","../specifications/","ze57673","ENV",,,"ER20/2020"
"2035","RQ20121742","10204438","2020-12-09","Supply of 11kv  Lightning arrestors ",,"0","2020-12-17 11:05:37","../specifications/","ze57673","ENV",,,"ER20/2020"
"2036","RQ20121841","10204791","2020-12-18"," ER16/20 Procurement of Motor Vehicle Canopies for ER2148,2165,2131,2143,2164 and 2195 for Mutare Environs Depot.",,"0","2020-12-18 11:47:54","../specifications/Vehicle Canopies for Mutare Environs.xls","ze261297","MTD",,,"ER16/2020"
"2037","RQ20122065","10204824","2020-12-20","supply 16 by 4 core cable ",,"0","2020-12-20 12:32:13","../specifications/","ze276839","ENV",,,"ER22/2020"
"2038","RQ20122015","10204825","2020-12-20","supply 16mm,35mm,50mm,70mm,95mm ferrues",,"0","2020-12-20 12:35:50","../specifications/","ze276839","ENV",,,"ER22/2020"
"2039","RQ20122097","10204826","2020-12-20","supply 225a mcb ",,"0","2020-12-20 12:38:02","../specifications/","ze276839","ENV",,,"ER22/2020"
"2040","RQ20122088","10201828","2020-12-20","supply 60a single pole",,"0","2020-12-20 12:39:36","../specifications/","ze276839","ENV",,,"ER22/2020"
"2041","RQ20122078","10201828","2020-12-20","supply 60a single pole",,"0","2020-12-20 12:39:41","../specifications/","ze276839","ENV",,,"ER22/2020"
"2042","RQ20122037","10201828","2020-12-20","supply 60a single pole",,"0","2020-12-20 12:39:47","../specifications/","ze276839","ENV",,,"ER22/2020"
"2043","RQ2012207","10201828","2020-12-20","supply 60a single pole",,"0","2020-12-20 12:39:52","../specifications/","ze276839","ENV",,,"ER22/2020"
"2044","RQ20122074","10201828","2020-12-20","supply 60a single pole",,"0","2020-12-20 12:39:58","../specifications/","ze276839","ENV",,,"ER22/2020"
"2045","RQ20122019","10201828","2020-12-20","supply 60a single poles",,"0","2020-12-20 12:42:21","../specifications/","ze276839","ENV",,,"ER20/2020"
"2046","RQ20122439","10204921","2020-12-24","Tools for rutenga linegang",,"0","2020-12-24 10:58:27","../specifications/Rutenga tools to be bought","ze7013","RUT",,,"ER8/2020"
"2047","RQ20122444","10204938","2020-12-24","supply 1kg bars of green soap  mutare district january to june 2021",,"0","2020-12-24 11:20:08","../specifications/","ze276839","ENV",,,"ER24/2020"
"2048","RQ20122459","10204939","2020-12-24","supply 1kg of green bars  for manicaland district january to june 2021  ",,"0","2020-12-24 11:22:04","../specifications/","ze276839","ENV",,,"ER24/2020"
"2049","RQ20122490","10204940","2020-12-24","supply 1kg of green bars for masvingo district",,"0","2020-12-24 11:23:46","../specifications/","ze276839","ENV",,,"ER24/2020"
"2050","RQ21011452","10205519","2021-01-14","1.	Loading an 8.3 tonne transformer in Harare, Transporting it (approximately 485km) and Offloading at Chibuwe Substation in Middle Sabi ",,"0","2021-01-14 10:23:50","../specifications/","ze289310","ERM",,,"ER19/2021"
"2051","RQ21011486","10205522","2021-01-14","2.	Purchase of 50 x 50kg, 32.5R cement bags for Bikita, Flamboyant, Nyazura, Warnham and Odzi substation pads",,"0","2021-01-14 10:25:31","../specifications/","ze289310","ERM",,,"ER19/2021"
"2052","RQ21011471","10205524","2021-01-14","3.	Purchase of 5m^3 of 19mm Quarry stones for Bikita, Flamboyant, Nyazura, Warnham and Odzi substation pads",,"0","2021-01-14 10:26:20","../specifications/","ze289310","ERM",,,"ER19/2021"
"2053","RQ21011470","10205525","2021-01-14","4.	Supply of 5 battery cubicles for Bikita, Flamboyant, Nyazura, Warnham and Odzi substations as per spec provided.

",,"0","2021-01-14 10:27:41","../specifications/Battery Cubicle Specification.pdf","ze289310","ERM",,,"ER19/2021"
"2054","RQ21011848","10205623","2021-01-18","PURCHASE OF NEW TYRES SIZE 245/70 R16 FOR NP300 4X4 F/N er2183",,"0","2021-01-18 11:48:41","../specifications/1610963321NEW TYRES 245.70R16.docx","ze48941","MTG",,,"ER16/2021"
"2055","RQ21011871","10205662","2021-01-18","ER6/21:  Purchase of 10 laptops for Region, Mutare, Manicaland and Masvingo District  users to work from home due to COVID-19 pandemic",,"0","2021-01-18 12:59:50","../specifications/Laptop Specifications 17 inch.docx","ze297232","IT100","ACE21010687","specifications/1609926738Laptop Specifications 17 inch.docx","ER6/2021"
"2056","RQ21011995","10205731","2021-01-19","ER15/2021 PURCHASE REQUEST FOR PPE RAINSUITS FOR STAFF AT CHIREDZI DEPOT",,"0","2021-01-19 13:31:29","../specifications/PURCHASE REQUEST RAINSUITS.pdf","ze261920","CHR",,,"ER15/2021"
"2057","RQ2101254","10205955","2021-01-25","PURCHASE OF 2000 LITRES PETROL@ $106.07 PER LITRE. TOTAL COST $212140-00",,"0","2021-01-25 15:10:34","../specifications/Copy of ZETDC Petrol Quotation.xlsx","ze272027","MSV",,,"ER5/2021"
"2058","RQ21012745","10206040","2021-01-27","purchase of front and rear shocks for np300 f/n er2149",,"0","2021-01-27 11:59:35","../specifications/rear and front shocks er2149.jpg","ze48941","MTG",,,"ER16/2021"
"2059","RQ21012762","10206042","2021-01-27","purchase of clutch kit for np300 er2183",,"0","2021-01-27 12:01:21","../specifications/","ze48941","MTG",,,"ER16/2021"
"2060","RQ21020333","10206384","2021-02-03","Panel beating f/no2201",,"0","2021-02-03 12:29:15","../specifications/2201 pb.pdf","ze44253","MSG",,,"ER16/2021"
"2061","RQ21021584","10202285","2021-02-15","Accident damage Repairs F/no2201",,"0","2021-02-15 11:24:01","../specifications/Accident Damaged Vehicles Quaotations.docx","ze44253","MSG",,,"ER16/2021"
"2062","RQ21021516","10202285","2021-02-15","Accident damage Repairs F/no2201",,"0","2021-02-15 11:27:03","../specifications/1613381222Accident Damaged Vehicles Quaotations.docx","ze44253","MSG",,,"ER16/2021"
"2063","RQ21021576","10202285","2021-02-15","Accident damage repairs f/no2201",,"0","2021-02-15 11:33:58","../specifications/1613381637Accident Damaged Vehicles Quaotations.docx","ze44253","MSG",,,"ER16/2021"
"2064","RQ21021737","10206984","2021-02-17","purchase of new tyres size 7.00 R16  117/116N for foton truck f/n er2206",,"0","2021-02-17 11:39:39","../specifications/new tyres LT 7.00 R16  117.116N.xlsx","ze48941","MTG",,,"ER16/2021"
"2065","RQ21030212","10207629","2021-03-02","Purchase 32.5 Cement",,"0","2021-03-02 12:58:53","../specifications/","ze336912","END",,,"ER1/2021"
"2066","RQ21030312","10207743","2021-03-03","Purchase 12ft Asbestos roofing sheets",,"0","2021-03-03 11:47:15","../specifications/","ze336912","END",,,"ER1/2021"
"2067","RQ2103041","10207807","2021-03-04","Repair of Staff Houses plumping at Middle Sabi CSC",,"0","2021-03-04 09:22:19","../specifications/","ze289280","MSB",,,"ER7/2021"
"2068","RQ21030490","10207693","2021-03-04","Purchasing of 50mm PILC 11kv Jointing Kits for Mutare Urban Network",,"0","2021-03-04 14:37:33","../specifications/","ze232696","URB",,,"ER19/2021"
"2069","RQ21030481","10207694","2021-03-04","Purchasing of 16mm Crimping Ferrules for Mutare Urban Network",,"0","2021-03-04 14:41:13","../specifications/","ze232696","URB",,,"ER19/2021"
"2070","RQ2103044","10207694","2021-03-04","Purchasing of 35mm Crimp Ferrules for Mutare Urban Network faults and Maitenance",,"0","2021-03-04 14:44:22","../specifications/","ze232696","URB",,,"ER19/2021"
"2071","RQ21030419","10207694","2021-03-04","Purchasing of 50mm Crimp Ferrules for Mutare Urban Network Maintenance",,"0","2021-03-04 14:46:35","../specifications/","ze232696","URB",,,"ER19/2021"
"2072","RQ21030497","10207695","2021-03-04","Purchasing of 70mm Crimp Ferrules for Mutare Urban Network Maintenance",,"0","2021-03-04 15:48:24","../specifications/","ze232696","URB",,,"ER19/2021"
"2073","RQ21030476","10207695","2021-03-04","Purchasing of 95mm2 Crimp Ferrules for Mutare Urban Maintenance",,"0","2021-03-04 15:49:50","../specifications/","ze232696","URB",,,"ER19/2021"
"2074","RQ21030563","10207905","2021-03-05","new tyres 245/70 R16 for np300 4x4 FN ER2183 ( Rusape )",,"0","2021-03-11 11:28:52","../specifications/1614945171NEW TYRES 245.70R16.docx","ze48941","MTG",,,"ER16/2021"
"2075","RQ21030596","10207907","2021-03-05","new tyres 245/70 R16 for np300 4x4 FN ER2186 ( Nyanga )",,"0","2021-03-11 11:30:38","../specifications/1614945331NEW TYRES 245.70R16.docx","ze48941","MTG",,,"ER16/2021"
"2076","RQ21030552","10207908","2021-03-05","new tyres 245/70R16 for np300 4x4 for f/n er2149",,"0","2021-03-05 13:58:38","../specifications/1614945518NEW TYRES 245.70R16.docx","ze48941","MTG",,,"ER16/2021"
"2077","RQ21030527","10207911","2021-03-05","new tyres 245/70R16 for np300 4x4  f/n er2165",,"0","2021-03-05 14:01:06","../specifications/1614945666NEW TYRES 245.70R16.docx","ze48941","MTG",,,"ER16/2021"
"2078","RQ21030574","10207912","2021-03-05","new tyres 245/70R16 for np300 4x4 f/n er2184 ( Maintenance )",,"0","2021-03-11 11:29:34","../specifications/1614945820NEW TYRES 245.70R16.docx","ze48941","MTG",,,"ER16/2021"
"2079","RQ21030818","10207925","2021-03-08","new tyres size 5x215R15 for np300 2 wheel drive f/n er2146 ( M/Sabi )",,"0","2021-03-11 11:34:11","../specifications/215R15 TYRE.jpg","ze48941","MTG",,,"ER16/2021"
"2080","RQ21030850","10207926","2021-03-03","5x215R15 new tyres for np300 f/n er2131( Environs )",,"0","2021-03-11 18:37:36","../specifications/1615194748215R15 TYRE.jpg","ze48941","MTG",,,"ER16/2021"
"2081","RQ21030814","10207927","2021-03-05","5x215R15 new tyres for np300 2 wheel drive f/n er2132",,"0","2021-03-08 11:14:59","../specifications/1615194899215R15 TYRE.jpg","ze48941","MTG",,,"ER16/2021"
"2082","RQ21030842","10207928","2021-03-05","5x215R15 new tyres for np300 2 wheel drive f/n er2145 ( Commercial )",,"0","2021-03-11 18:30:47","../specifications/1615194996215R15 TYRE.jpg","ze48941","MTG",,,"ER16/2021"
"2083","RQ21030846","10207929","2021-03-05","5x215R15 new tyres for np300 f/n er2141 ( Chimanimani )",,"0","2021-03-11 18:31:51","../specifications/1615195156215R15 TYRE.jpg","ze48941","MTG",,,"ER16/2021"
"2084","RQ21030848","10207930","2021-03-05","5x215R15 new tyres for np300  2 wheel drive f/n er2143 ( Environs )",,"0","2021-03-11 18:32:29","../specifications/1615197071215R15 TYRE.jpg","ze48941","MTG",,,"ER16/2021"
"2085","RQ21030824","10207913","2021-03-05","5 245/70R16 new tyres for np300 4x4 f/n er2185 ( Maintenance )",,"0","2021-03-25 11:13:06","../specifications/245.70.R16.jpg","ze48941","MTG",,,"ER16/2021"
"2086","RQ21030812","10207916","2021-03-05","5x245/70R16 new tyres for np300 4x4 f/n er2150 ( Chimanimani )",,"0","2021-03-11 11:31:24","../specifications/","ze48941","MTG",,,"ER16/2021"
"2087","RQ21030816","10207917","2021-03-05","5x245/70R16 new tyres for np300 4x4 f/n er2152",,"0","2021-03-08 11:56:18","../specifications/1615197378245.70.R16.jpg","ze48941","MTG",,,"ER16/2021"
"2088","RQ21030839","10207919","2021-03-05","5x245/70R16 new tyres for Isuzu KB240 f/n er2197 ( Nyanga )",,"0","2021-03-11 18:28:59","../specifications/1615197469245.70.R16.jpg","ze48941","MTG",,,"ER16/2021"
"2089","RQ21030813","10207924","2021-03-05","5x245/70R16 new tyres for Isuzu KB240 f/n er2188 ( L/Control )",,"0","2021-03-11 11:32:18","../specifications/1615197583245.70.R16.jpg","ze48941","MTG",,,"ER16/2021"
"2090","RQ21030844","10207919","2021-03-05","5x245/70R16 new tyres for Isuzu KB240 f/n er2197",,"0","2021-03-08 12:00:20","../specifications/1615197620245.70.R16.jpg","ze48941","MTG",,,"ER16/2021"
"2091","RQ2103088","10207919","2021-03-05","5x245/70R16 new tyres for Isuzu KB240 f/n er2197 ( Nyanga )",,"0","2021-03-11 18:38:10","../specifications/1615197628245.70.R16.jpg","ze48941","MTG",,,"ER16/2021"
"2092","RQ21030849","10207921","2021-03-05","5x245/70R16 new tyres for Isuzu KB f/n er2189 ( Sales Manicaland )",,"0","2021-03-11 18:37:00","../specifications/1615197745245.70.R16.jpg","ze48941","MTG",,,"ER16/2021"
"2093","RQ21030878","10207855","2021-03-05","6x7.5R16 new tyres,tube and flap for Foton truck f/n er2205 ( Environs )",,"0","2021-03-11 11:35:37","../specifications/7.5 16 tyres, tube and flap.jpg","ze48941","MTG",,,"ER16/2021"
"2094","RQ21030898","10207859","2021-03-05","7.5R16 new tyres, tube and flap for Foton truck f/n er2206 ( Maintenance )",,"0","2021-03-11 11:36:32","../specifications/16151982627.5 16 tyres, tube and flap.jpg","ze48941","MTG",,,"ER16/2021"
"2095","RQ21030835","10207862","2021-03-05","6x7.5R16 new tyres,tubes and flap for Foton truck f/n er2207 ( Network Development )",,"0","2021-03-11 11:38:21","../specifications/16151984117.5 16 tyres, tube and flap.jpg","ze48941","MTG",,,"ER16/2021"
"2096","RQ21030981","10208042","2021-03-09","Pole saw/ Pruner for Wayleave maintenance for Mutare Urban depot",,"0","2021-03-09 09:27:50","../specifications/Tree pruner for Mutare Urban.xls","ze261297","MTD",,,"ER25/2021"
"2097","RQ2103097","10208043","2021-03-09","Pole saw/ Pruner for wayleave maintenance for Mutare Environs depot",,"0","2021-03-09 09:28:55","../specifications/Tree pruner for Mutare Environs.xls","ze261297","MTD",,,"ER25/2021"
"2098","RQ21031117","10208262","2021-03-11","Coudoroy maroon Blinds for Billing office (ground floor)",,"0","2021-03-11 10:04:03","../specifications/RFQ-BILLING OFFICE.doc","ze318833","HR500",,,"ER19/2021"
"2099","RQ21031136","10208214","2021-03-11","12* Everywhere Visitors chairs with arms for Network Development",,"0","2021-03-11 10:08:51","../specifications/EXPLANATORY REPORT VISITORS CHAIRS 2021 ND.xlsx","ze318833","HR500","ACE21022543","specifications/1614254014EXPLANATORY REPORT VISITORS CHAIRS 2021 ND.xlsx","ER4/2020"
"2100","RQ21031113","10208197","2021-03-11","Purchase of 10* Visitors chairs for IT Developers (Jotali new offices)",,"0","2021-03-11 10:15:52","../specifications/EXPLANATORY REPORT VISITORS CHAIRS 2021 IT.xlsx","ze318833","HR500","ACE2102256","specifications/1614253555EXPLANATORY REPORT VISITORS CHAIRS 2021 IT.xlsx","ER4/2020"
"2101","RQ21031154","10208192","2021-03-11","8* Trieste High back Swivel chairs for Network Development employees and Records clerk",,"0","2021-03-11 10:18:22","../specifications/EXPLANATORY REPORT SWIVEL CHAIRS 2021 ND.xlsx","ze318833","HR500","ACE21022579","specifications/1614253387EXPLANATORY REPORT SWIVEL CHAIRS 2021 ND.xlsx","ER4/2020"
"2102","RQ21031140","10208175","2021-03-11","Purchase of 5 Trieste high back swivel chairs for IT Developers (Jotali new offices)",,"0","2021-03-11 10:20:49","../specifications/EXPLANATORY REPORT SWIVEL CHAIRS 2021.xlsx","ze318833","HR500","ACE21022580","specifications/1614252998EXPLANATORY REPORT SWIVEL CHAIRS 2021.xlsx","ER4/2020"
"2103","RQ21031129","10208271","2021-03-11","Installation of new blinds (Coudoroy blue) for DM Mutare Office",,"0","2021-03-11 10:37:24","../specifications/RFQ-DM MUTARE BLINDS.doc","ze318833","HR500",,,"ER19/2021"
"2104","RQ21031160","10208323","2021-03-11","supply d irons",,"0","2021-03-11 18:17:58","../specifications/","ze276839","ENV",,,"ER19/2021"
"2105","RQ21031142","10208323","2021-03-11","supply d irons",,"0","2021-03-11 18:18:03","../specifications/","ze276839","ENV",,,"ER19/2021"
"2106","RQ21031148","10208323","2021-03-11","supply d irons",,"0","2021-03-11 18:18:07","../specifications/","ze276839","ENV",,,"ER19/2021"
"2107","RQ21031147","10208324","2021-03-11","supply 60 single pole mcb",,"0","2021-03-11 18:20:32","../specifications/","ze276839","ENV",,,"ER22/2021"
"2108","RQ2103116","10208325","2021-03-11","supply soap for mutare staff green",,"0","2021-03-11 18:24:17","../specifications/","ze276839","ENV",,,"ER15/2021"
"2109","RQ21031123","10208326","2021-03-11","supply soap for manicaland staff",,"0","2021-03-11 18:25:49","../specifications/","ze276839","ENV",,,"ER15/2021"
"2110","RQ21031144","10208327","2021-03-11","supply soap for masvingo staff",,"0","2021-03-11 18:28:33","../specifications/","ze276839","ENV",,,"ER15/2021"
"2111","RQ21031192","10208328","2021-03-11","supply 50-95mm pilc j/kits",,"0","2021-03-11 18:44:47","../specifications/","ze276839","ENV",,,"ER19/2021"
"2112","RQ21031234","10208417","2021-03-12","Labour for fixing  tiles at  Artisan Middle Sabi's house",,"0","2021-03-12 16:17:16","../specifications/SPECIFICATIONS - LABOUR FOR FIXING TILES.docx","ze269859","MND",,,"ER19/2021"
"2113","RQ2103151","10208472","2021-03-15","Fencing Materials for Middle Sabi Staff Houses",,"0","2021-03-15 14:19:40","../specifications/Specification - Fence Middle Sabi.docx","ze269859","MND",,,"ER19/2021"
"2114","RQ21031686","10208540","2021-03-16","Purchasing of 77 Drill Work suits with Reflectors for 45 Permanent Staff, 11 Attachees, 9 Transformer Maintenance Department Staff, 12 Contract Line Workers",,"0","2021-03-16 11:50:08","../specifications/","ze232696","URB",,,"ER15/2021"
"2115","RQ21031628","10208590","2021-03-16","Purchase of 6* landline handsets for Jotali new offices",,"0","2021-03-16 16:20:05","../specifications/","ze318833","HR500",,,"ER12/2021"
"2116","RQ21031830","10207737","2021-03-03","wall mounted infra-red thermometer for all 18 centres",,"0","2021-03-18 11:09:59","../specifications/THERMOMETERS SPECIFICATIONS.docx","ze247200","HR500",,,"ER24/2021"
"2117","RQ21031819","10208121","2021-03-09","NON STERILE TYVEK SUITS FOR USE AS PPC DURING DISINFECTION OF PREMISES FOR 18 CENTRES",,"0","2021-03-18 11:17:25","../specifications/","ze247200","HR500",,,"ER24/2021"
"2118","RQ21031891","10208130","2021-03-09","MALE CONDOMS FOR HIV& AIDS PREVENTION",,"0","2021-03-18 11:25:12","../specifications/MALE CONDOMS SPECIFICATIONS.docx","ze247200","HR500",,,"ER24/2021"
"2119","RQ21031813","10208121","2021-03-09","NON STERILE TYVEK SUITS FOR USE AS PPC DURING DISINFECTION OF PREMISES FOR 18 CENTRES",,"0","2021-03-18 11:31:52","../specifications/NON STERILE TYVEK SUITS SPECIFICATIONS.docx","ze247200","HR500",,,"ER24/2021"
"2120","RQ2103187","10208706","2021-03-18","FIRST AID TRAINING ",,"0","2021-03-18 12:31:08","../specifications/FIRST AID TRAINING SPECIFICATIONS.docx","ze247200","HR500",,,"ER24/2021"
"2121","RQ21031811","10208707","2021-03-18","TAPPED WATER BUCKETS",,"0","2021-03-18 12:33:31","../specifications/TAPPED WATER BUCKETS SPECIFICATIONS.docx","ze247200","HR500",,,"ER24/2021"
"2122","RQ21031847","10208708","2021-03-18","WATER BUCKETS",,"0","2021-03-18 12:36:00","../specifications/WATER BUCKETS SPECIFICATIONS.docx","ze247200","HR500",,,"ER24/2021"
"2123","RQ21031851","10208746","2021-03-18","purchase of new tyres size 5x 265/65R17 for Mazda Beast er2199",,"0","2021-03-18 14:38:54","../specifications/1616071134NEW TYRES 265.65r17.docx","ze48941","MTG",,,"ER16/2021"
"2124","RQ21032287","10208881","2021-03-22","Asbestos Sheets for Chipinge Gents Toilets and Garage",,"0","2021-03-22 11:28:22","../specifications/SPECIFICATIONS FOR ASBESTOS SHEETS - CHIPINGE TOILET AND GARAGE.docx","ze269859","MND",,,"ER19/2021"
"2125","RQ21032227","10208845","2021-03-19","8High back Swivel Chairs for Client Services Officers ,Accounting Officers and Sales Executive",,"0","2021-03-22 11:45:30","../specifications/Specification - Swivel Chairs.doc","ze269859","MND","ACE21030983","specifications/1615298444EXPLANATORY REPORT SWIVEL CHAIRS 2021 FOR MANICALAND DISTRICT.xlsx","ER4/2020"
"2126","RQ21032290","10208910","2021-03-22","Fumigation of Megawatt building offices against pests and rodents",,"0","2021-03-22 14:34:26","../specifications/FUMIGATION SPECIFICATION-MEGAWATT 2021.docx","ze318833","HR500",,,"ER24/2021"
"2127","RQ21032248","10208912","2021-03-22","Window cleaning for Megawatt offices",,"0","2021-03-22 14:40:49","../specifications/WINDOW CLEANING SPECIFICATION-MEGAWATT 2021.docx","ze318833","HR500",,,"ER19/2021"
"2128","RQ21032385","10208933","2021-03-23","Fabrication and fitting of aluminium doors and windows for Nyanga senior guest house",,"0","2021-03-23 09:59:41","../specifications/NYANGA ALUMINIM SPEC.docx","ze318833","HR500",,,"ER7/2021"
"2129","RQ21032421","10209071","2021-03-24","Cartridges (full set) for the Human Resources Manager's Secretary Office ",,"0","2021-03-24 12:23:56","../specifications/E- Machines quotation for cartridges for HRAM SEC - $64975.00.pdf","ze223670","HR500",,,"ER10/2021"
"2130","RQ21032470","10209098","2021-03-24","Purchase of LSHAPED desk for Clerk Typist Risk Dept",,"0","2021-03-24 15:16:26","../specifications/EXPLANATORY REPORT L SHAPED DESK CLERK TYPIST.xlsx","ze318833","HR500","ACE2103118","specifications/1615452733EXPLANATORY REPORT L SHAPED DESK CLERK TYPIST.xlsx","ER4/2020"
"2131","RQ21032443","10209086","2021-03-24","13* High back swivel chairs for Billing dept",,"0","2021-03-24 15:21:14","../specifications/EXPLANATORY REPORT SWIVEL CHAIRS BILLING 2021.xlsx","ze318833","HR500","ACE21031148","specifications/1615452560EXPLANATORY REPORT SWIVEL CHAIRS BILLING 2021.xlsx","ER4/2020"
"2132","RQ21032476","10209085","2021-03-24","Borehole Drilling, Siting, Equipment and Casing (Electrical Pump Installation - includes submersible pump, control box, pressure tank, plumbing piping and connections, all electrical, fix and supply)					
",,"0","2021-03-24 15:26:20","../specifications/GUTU BOREHOLE explanatory report.xlsx","ze318833","HR500","ACE21030975","specifications/1615281302GUTU BOREHOLE explanatory report.xlsx","ER7/2020"
"2133","RQ21032422","10209084","2021-03-24","Purchase of 3* 6 drawer desks for Jotali new offices for IT at Jotali",,"0","2021-03-24 15:28:46","../specifications/EXPLANATORY REPORT DESKS FOR IT DEVELOPERS 2021.xlsx","ze318833","HR500","ACE21030980","specifications/1615279468EXPLANATORY REPORT DESKS FOR IT DEVELOPERS 2021.xlsx","ER4/2020"
"2134","RQ2103249","10208947","2021-03-24","15 swivel Chairs for Manicaland District",,"0","2021-03-24 16:45:54","../specifications/swivel chairs specifiction.pdf","ze269859","MND","ACE21031027","specifications/1615358077EXPLANATORY REPORT SWIVEL CHAIRS 2021 FOR MANICALAND DISTRICT.xlsx","ER4/2020"
"2135","RQ2103243","10208947","2021-03-24","15 swivel Chairs for Manicaland District",,"0","2021-03-24 16:46:00","../specifications/1616597160swivel chairs specifiction.pdf","ze269859","MND","ACE21031027",,"ER4/2020"
"2136","RQ21032943","10208121","2021-03-18","NON STERILE TYVEK SUIT FOR DISINFECTION OF 18 PREMISES",,"0","2021-03-29 10:29:17","../specifications/1617006557NON STERILE TYVEK SUITS SPECIFICATIONS.docx","ze247200","HR500",,,"ER24/2021"
"2137","RQ21032966","10209293","2021-03-29","SUPPLY OF 7 X 8.25R16 TYRES 14 PLY RATING, 7XTUBES 8.25X16 , 7XTYRE FLAPS 8.25X16",,"0","2021-03-29 10:40:55","../specifications/SUPPLY OF TYRES FOR ER2624.docx","ze301698","GARAGE",,,"ER16/2021"
"2138","RQ2103295","10209028","2021-03-25","250 tillrolls for Masvingo District",,"0","2021-03-29 11:02:05","../specifications/","ze43702","MSD",,,"ER10/2021"
"2139","RQ21032925","10209304","2021-03-29","FACE MASKS ",,"0","2021-03-29 11:28:46","../specifications/1617010126FACE MASK SPECIFICATION.docx","ze247200","HR500",,,"ER24/2021"
"2140","RQ2103294","10209305","2021-03-29","Purchase 160mm underground pvc waste pipes",,"0","2021-03-29 11:30:45","../specifications/","ze336912","END",,,"ER1/2021"
"2141","RQ21032961","10209353","2021-03-29","ER6/2021 Purchase of five (5) laptops for Sales Analyst, CM Secretary, Loss Control Officer Region, Accounting Officer Regional Office and Commercial Officer Masvingo",,"0","2021-03-31 08:29:11","../specifications/1617031365Laptop Specifications.docx","ze9032635","IT100","ACE21030417","specifications/1614851461Laptop Specifications.docx","ER6/2021"
"2142","RQ21032923","10209354","2021-03-29","ER6/2021 Purchase of 3 CISCO Routers for Nyanga Depot, Middle Sabi Depot and Chiredzi depot",,"0","2021-03-31 08:28:42","../specifications/SPECIFICATIONS FOR ROUTERS.docx","ze9032635","IT100","ACE21030211","specifications/1614683768SPECIFICATIONS FOR ROUTERS.docx","ER6/2021"
"2143","RQ21032970","10209355","2021-03-29","ER6/2021 Purchase of a laptop for Engineering Manager Secretary",,"0","2021-03-31 08:31:47","../specifications/1617031590Laptop Specifications 17 inch.docx","ze9032635","IT100","ACE21030219","specifications/1614682967Laptop Specifications 17 inch.docx","ER6/2021"
"2144","RQ21033081","10209432","2021-03-30","Supply and fixing of blinds at Megawatt offices as per attached spec",,"0","2021-03-30 12:37:41","../specifications/BLINDS SPEC 2ND FLOOR BOARDROOM etc.doc","ze318833","HR500",,,"ER19/2021"
"2145","RQ21033019","10209425","2021-03-30","Cement for concrete for Middle Sabi Staff Houses",,"0","2021-03-30 14:40:52","../specifications/","ze269859","MND",,,"ER24/2021"
"2146","RQ21033145","10209305","2021-03-29","Purchase 160mm underground pvc  Waste Pipe",,"0","2021-03-31 08:49:02","../specifications/","ze336912","END",,,"ER1/2021"
"2147","RQ21033193","10208716","2021-03-18","leather gloves for rusape staff ",,"0","2021-03-31 11:39:19","../specifications/GLOVES.jpg","ze262730","RSP",,,"ER15/2021"
"2148","RQ21040141","10209524","2021-04-01","5L HAND SANITISERS FOR 18 CENTRES",,"0","2021-04-01 12:47:41","../specifications/5L HAND SANITISER SPECIFICATION.docx","ze247200","HR500",,,"ER24/2021"
"2149","RQ21040618","10209465","2021-03-29","Britelite green bar soap for Nyanga csc (january to June 2021)",,"0","2021-04-06 08:56:39","../specifications/","ze243981","NYA",,,"ER15/2021"
"2150","RQ21040724","10209625","2021-04-07","FIRST AID BOXES AND CONTENTS",,"0","2021-04-07 15:57:45","../specifications/FIRST AID CONTENTS SPECIFICATIONS.docx","ze247200","HR500",,,"ER24/2021"
"2151","RQ21040934","10209650","2021-04-08"," Male contacts with tinned arcing lip for Reyrolle 11kv C-GEAR SWITHCH GEAR AT MUTARE URBAN",,"0","2021-04-09 09:04:29","../specifications/QUOTE RFQ ZETDC MUTARE MALE  CONTACTS.pdf","ze289310","ERM",,,"ER19/2021"
"2152","RQ21040920","10209654","2021-04-08"," Female contacts  for Reyrolle 11kv C-GEAR SWITHCH GEAR AT MUTARE URBAN",,"0","2021-04-09 09:06:00","../specifications/QUOTE RFQ ZETDC MUTARE FEMALE  CONTACTS.pdf","ze289310","ERM",,,"ER19/2021"
"2153","RQ21040911","10209078","2021-04-08","supply lightining 11kv for eastern region",,"0","2021-04-09 10:29:50","../specifications/","ze276839","ENV",,,"ER20/2021"
"2154","RQ21041198","10209805","2021-04-11","supply spindles for federation project mutare urban",,"0","2021-04-11 13:08:26","../specifications/","ze276839","ENV",,,"ER22/2021"
"2155","RQ21041183","10209805","2021-04-11","supply stay brackets for federation project mutare",,"0","2021-04-11 13:10:13","../specifications/","ze276839","ENV",,,"ER22/2021"
"2156","RQ21041340","10209928","2021-04-13","new tyres size 205/70R15 for Quantum f/n er2042",,"0","2021-04-13 14:31:13","../specifications/1618317073205.70 R15 NEW TYRES.docx","ze48941","MTG",,,"ER16/2021"
"2157","RQ21041368","10209943","2021-04-13","Construction of 2.1km 11kv line Ngomahuru feeder-Victoria Ranch line re-route",,"0","2021-04-13 15:52:31","../specifications/Specification for 11 kV line construction - Ngomahuru feeder.docx","ze315184","MSV",,,"ER2/2021"
"2158","RQ21041383","10209785","2021-04-09","33KV RENCO 1 FDR POLE CHANGES [109POLES H-POLE INTERMEDIATES, 5POLES H-POLE STRAINS, 1POLES H-POLE ANGLE, 1POLES INTERMEDIATE T-OFF, 6 H-POLES [NEEDS STRAIGHTENING-BADLY LEANING] AND 824SPANS MEDIUM BUSH WAYLEAVE CLEARANCE] ",,"0","2021-04-13 16:56:24","../specifications/33KV RENCO 1, 2 AND 3 LINE MAINTENANCE POLE CHANGES.pdf","ze261920","CHR",,,"ER22/2021"
"2159","RQ21041326","10209785","2021-04-09","33KV RENCO 1 LINE MAINTENANCE POLE CHANGES [8POLES H-POLE STRAIN, 4POLES SWING ANGLE, 3POLES DOUBLE PIN, 4POLES SINGLE PIN, 74POLES INTERMEDIATES]",,"0","2021-04-13 17:08:25","../specifications/161832650533KV RENCO 1, 2 AND 3 LINE MAINTENANCE POLE CHANGES.pdf","ze261920","CHR",,,"ER22/2021"
"2160","RQ21041377","10209785","2021-04-09","33KV RENCO 1 LINE MAINTENANCE POLE CHANGES [8POLES H-POLE STRAIN, 4POLES SWING ANGLE, 3POLES DOUBLE PIN, 4POLES SINGLE PIN, 74POLES INTERMEDIATES AND 916SPANS MEDIUM BUSH WAYLEAVE CLEARANCE]",,"0","2021-04-13 17:12:30","../specifications/161832675033KV RENCO 1, 2 AND 3 LINE MAINTENANCE POLE CHANGES.pdf","ze261920","CHR",,,"ER22/2021"
"2161","RQ21041363","10209790","2021-04-09","33KV RENCO 2 LINE MAINTENANCE POLE CHANGES [6POLES H-POLE STRAIN, 1POLES SINGLE PIN, 60POLES INTERMEDIATES, 1POLES V-STRAIN AND 1073SPANS MEDIUM BUSH WAYLEAVE CLEARANCE]",,"0","2021-04-13 17:15:35","../specifications/161832693333KV RENCO 1, 2 AND 3 LINE MAINTENANCE POLE CHANGES.pdf","ze261920","CHR",,,"ER22/2021"
"2162","RQ21041352","10209775","2021-04-09","33KV RENCO 3 LINE MAINTENANCE POLE CHANGES [109POLES H-POLE INTERMEDIATES, 5POLES H-POLE STRAIN, 1POLES H-POLE ANGLE, 1POLES INTERMEDIATE T-OFF, 6 H-POLES [NEEDS STRAIGHTENING-BADLY LEANING] AND 824SPANS MEDIUM BUSH WAYLEAVE CLEARANCE]",,"0","2021-04-13 17:20:02","../specifications/161832720233KV RENCO 1, 2 AND 3 LINE MAINTENANCE POLE CHANGES.pdf","ze261920","CHR",,,"ER22/2021"
"2163","RQ21041929","10210149","2021-04-01","Purchase of plastic chairs for Rusape depot",,"0","2021-04-19 15:52:53","../specifications/","ze56120","RSP",,,"ER4/2021"
"2164","RQ21042026","10209748","2021-04-19","Purchase of tiles,grout,cobblestone and porce for Rusape Depot",,"0","2021-04-20 09:08:56","../specifications/tiles rusape.pdf","ze56120","RSP",,,"ER7/2021"
"2165","RQ21042063","10209478","2021-04-20","PAINTING SERVICES FOR JOTALI NEW OFFICES",,"0","2021-04-20 14:57:29","../specifications/PAINTING AREA.docx","ze318957","HR500",,,"ER19/2021"
"2166","RQ21042076","10210228","2021-04-20","CLEANING MATERIALS FOR E/R",,"0","2021-04-20 15:32:46","../specifications/CLEANING MATERIALS REQUIREMENTS PER MONTH.docx","ze318957","HR500",,,"ER24/2021"
"2167","RQ21042037","10221023","2021-04-20","Procurement Of 100 copies of Controller instruction forms for manicaland District",,"0","2021-04-20 16:48:39","../specifications/","ze262706","MND",,,"ER10/2021"
"2168","RQ21042097","10210234","2021-04-20","Procurement of 100 copies Permit to work",,"0","2021-04-20 16:51:48","../specifications/","ze262706","MND",,,"ER10/2021"
"2169","RQ21042449","10210461","2021-04-23","ER7/2021 PURCHASE REQUEST FOR REPAIRS OF DAMAGED CEILING FOR SENIOR CLIENT SERVICE OFFICER CHIREDZI CENTRE OFFICE [MATERIALS AND LABOUR COSTS]",,"0","2021-04-24 19:36:52","../specifications/25-CEILING REPAIRS SDF CHIREDZI OFFICE.pdf","ze261920","CHR",,,"ER7/2021"
"2170","RQ21042693","10210513","2021-04-26","ER6/21 Purchase of 10 All-In-One Computers / Desktops for USD receipting Offices in the region",,"0","2021-04-26 10:29:11","../specifications/1619425751All-In-One HARDWARE SPECIFICATIONS.docx","ze297232","IT100","ACE2101154","specifications/1610701255All-In-One Desktop SPECIFICATIONS.docx","ER6/2021"
"2171","RQ21042658","10210528","2021-04-26","32.5 CEMENT FOR MEGAWATT CAR PARK",,"0","2021-04-26 11:31:18","../specifications/","ze318957","HR500",,,"ER7/2021"
"2172","RQ21042614","10210529","2021-04-26","40MM*40MM SQUARE TUBES FOR MEGAWATT CAR PARK",,"0","2021-04-26 11:34:08","../specifications/","ze318957","HR500",,,"ER7/2021"
"2173","RQ21042671","10210540","2021-04-26","Purchase of 80A Cartridge for Rusape Depot",,"0","2021-04-26 12:32:12","../specifications/","ze56120","RSP",,,"ER6/2021"
"2174","RQ21042619","10210541","2021-04-26","Purchase of 5 boxes of bond paper",,"0","2021-04-26 12:33:56","../specifications/","ze56120","RSP",,,"ER6/2021"
"2175","RQ21042899","10210628","2021-04-28","Procurement of 200 copies of E86 forms for manicaland",,"0","2021-04-28 08:48:55","../specifications/","ze262706","MND",,,"ER10/2021"
"2176","RQ21042877","10210629","2021-04-28","Procurement of 100 copies of E84 Forms",,"0","2021-04-28 08:51:15","../specifications/","ze262706","MND",,,"ER10/2021"
"2177","RQ21042836","10210630","2021-04-28","Procurement of 200 copies of E60 forms ",,"0","2021-04-28 08:52:48","../specifications/","ze262706","MND",,,"ER10/2021"
"2178","RQ2104295","10210696","2021-04-29","Conductor (50mm SCA Conductor) 4125m",,"0","2021-04-29 09:50:48","../specifications/","ze305510","MSD",,,"ER22/2021"
"2179","RQ21042964","10210696","2021-04-29","50mm2 SCA Conductor (4125M) -Bushmead",,"0","2021-04-29 09:53:52","../specifications/Conductor (Bushmead) (50mm2 SCA)-4125m.pdf","ze305510","MSD",,,"ER22/2021"
"2180","RQ21042936","10210696","2021-04-29","50mm2 SCA Conductor (4125M) -Bushmead",,"0","2021-04-29 09:53:58","../specifications/1619682838Conductor (Bushmead) (50mm2 SCA)-4125m.pdf","ze305510","MSD",,,"ER22/2021"
"2181","RQ2104299","10210696","2021-04-29","50mm2 SCA Conductor (4125M) -Bushmead",,"0","2021-04-29 09:54:04","../specifications/1619682844Conductor (Bushmead) (50mm2 SCA)-4125m.pdf","ze305510","MSD",,,"ER22/2021"
"2182","RQ2104303","10210514","2021-04-26","ER6/2021: Purchase of five (5) Laptops for Finance Manager Secretary, Accounting Officer-Cost, Network Development Engineers(2) and Maintenance Engineer
",,"0","2021-04-30 14:53:29","../specifications/Laptop Specs.docx","ze9032635","IT100","ACE21040894","specifications/1617890173Laptop Specs.docx","ER6/2021"
"2183","RQ21050330","10210842","2021-05-03","Nyanga depot repairs",,"0","2021-05-03 10:03:58","../specifications/BOQ Depot.pdf","ze243981","NYA",,,"ER17/2021"
"2184","RQ21050419","10210928","2021-05-04","Sliding gates for Nyanga csc entrances
6.5*2.3mtrs
5.5*2.3mtrs",,"0","2021-05-04 10:25:59","../specifications/","ze243981","NYA",,,"ER19/2021"
"2185","RQ2105042","10210927","2021-05-04","perimeter fencing for Nyanga staff houses",,"0","2021-05-04 10:27:16","../specifications/","ze243981","NYA",,,"ER17/2021"
"2186","RQ21050410","10210929","2021-05-04","double knit jerseys for Nyanga staff",,"0","2021-05-04 10:28:14","../specifications/","ze243981","NYA",,,"ER15/2021"
"2187","RQ21050449","10210946","2021-05-04","50mm2 SCA Conductor-Bushmead",,"0","2021-05-04 12:27:02","../specifications/1620124022Conductor (Bushmead) (50mm2 SCA)-4125m.pdf","ze305510","MSD",,,"ER22/2021"
"2188","RQ21050453","10210931","2021-05-04","FIRST AID BOX CONTENTS FOR REFILLING FIRST AID BOXES IN ALL CENTRES IN THE REGION AS PER S.I.68 OF 1990 REQUIREMENT",,"0","2021-05-04 13:12:50","../specifications/1620126770FIRST AID CONTENTS SPECIFICATIONS.docx","ze247200","HR500",,,"ER24/2021"
"2189","RQ2105069","10211078","2021-05-06","PURCHASE OF 24 DRUMS OF TRANSFORMER OIL FOR A 2MVA TRANSFORMER AT ZENT",,"0","2021-05-06 13:54:02","../specifications/","ze289310","ERM",,,"ER19/2021"
"2190","RQ21051186","10210805","2021-05-11","195x14 Tyres x5 F/no2071",,"0","2021-05-11 09:44:17","../specifications/","ze44253","MSG",,,"ER16/2021"
"2191","RQ21051170","10210806","2021-05-11","Supply & Fit 195x14 Tyres x5 F/n 2010-Chiredzi CSC",,"0","2021-05-17 15:18:50","../specifications/195R14 TYRES.pdf","ze44253","MSG",,,"ER16/2021"
"2192","RQ21051146","10210807","2021-05-11","Supply & Fit195x14 Tyres*5 F/n 2032-Msv CSC",,"0","2021-05-17 15:16:19","../specifications/1620719379195R14 TYRES.pdf","ze44253","MSG",,,"ER16/2021"
"2193","RQ21051144","10210807","2021-05-11","Supply & Fit 195x14 Tyres*5 F/n 2032- Msv CSC",,"0","2021-05-17 15:15:24","../specifications/1620719392195R14 TYRES.pdf","ze44253","MSG",,,"ER16/2021"
"2194","RQ21051176","10210808","2021-05-11","Supply & Fit 215R15 Tyres F/n 2200-Mashava CSC",,"0","2021-05-17 15:19:59","../specifications/1620719545215R15 TYRES.pdf","ze44253","MSG",,,"ER16/2021"
"2195","RQ21051120","10210809","2021-05-11","215R15 Tyres F/No2201 x5",,"0","2021-05-11 10:10:54","../specifications/1620720654215R15 TYRES.pdf","ze44253","MSG",,,"ER16/2021"
"2196","RQ21051152","10210810","2021-05-11","245/70R16 Tyres x5 F/N2158",,"0","2021-05-11 10:13:17","../specifications/24570R16 TYRES.pdf","ze44253","MSG",,,"ER16/2021"
"2197","RQ21051128","10210811","2021-05-11","Supply & Fit 245/70R16 Tyres x5 F/n2174- Gutu CSC",,"0","2021-05-17 15:14:22","../specifications/162072092124570R16 TYRES.pdf","ze44253","MSG",,,"ER16/2021"
"2198","RQ21051124","10210812","2021-05-11","245/70R16 Tyresx5 F/No2178",,"0","2021-05-11 10:17:35","../specifications/162072105524570R16 TYRES.pdf","ze44253","MSG",,,"ER16/2021"
"2199","RQ21051113","10210813","2021-05-11","245/70R16 Tyres, Supply & Fit x5 F/n 2157- Gutu CSC",,"0","2021-05-17 15:07:33","../specifications/162072117724570R16 TYRES.pdf","ze44253","MSG",,,"ER16/2021"
"2200","RQ21051117","10210877","2021-05-11","Supply & Fit Tyres,Tubes& Flaps, 16 Ply Rating,750R16 *5 F/n 2215- Rutenga CSC",,"0","2021-05-17 15:10:42","../specifications/750R16 TYRES.pdf","ze44253","MSG",,,"ER16/2021"
"2201","RQ2105111","10209478","2021-05-11","PAINTING SERVICES- JOTALI NEW OFFICES",,"0","2021-05-11 11:11:09","../specifications/","ze318957","HR500",,,"ER19/2021"
"2202","RQ21051155","10211263","2021-05-11","Air Conditioner for Accounting Officer-Revenue Assurance",,"0","2021-05-11 15:20:53","../specifications/1620739253Air Con-Specification-Accounting Officer (cash)-23 April 2021.docx","ze305510","MSD",,,"ER4/2021"
"2203","RQ21051184","10211263","2021-05-11","Air Conditioner for Accounting Officer-Revenue Assurance",,"0","2021-05-11 15:20:59","../specifications/1620739259Air Con-Specification-Accounting Officer (cash)-23 April 2021.docx","ze305510","MSD",,,"ER4/2021"
"2204","RQ21051372","10209535","2021-04-06","Purchasing of Stainless Steel Water Dispenser for Mutare Urban Reception Area",,"0","2021-05-13 15:58:28","../specifications/SPECIFICATIONS FOR WATER DISPENSER FOR MUTARE URBAN (3).docx","ze232696","URB","ACE21042186","specifications/1618990463Water Dispenser.pdf","ER4/2020"
"2205","RQ21051386","10209966","2021-04-14","Purchasing of a Chest Freezer for Mutare Urban Depot Canteen",,"0","2021-05-13 16:05:00","../specifications/SPECIFICATIONS FOR CHEST FREEZER FOR MUTARE URBAN (3).docx","ze232696","URB","ACE21041483","specifications/1618391920SPECIFICATIONS FOR CHEST FREEZER FOR MUTARE URBAN (3).docx","ER4/2020"
"2206","RQ21051379","10209544","2021-04-07","Purchasing of 4 Swivel Chairs for Mutare Urban, (1 SCSO, 1 Lead Artisan, 1 Depot Clerk, 1 Customer Care Desk)",,"0","2021-05-13 16:07:24","../specifications/SPECIFICATIONS FOR FOR SWIVEL CHAIRS.docx","ze232696","URB","ACE21040715","specifications/1617799676Swivel Chairs.docx","ER4/2020"
"2207","RQ21051353","10209536","2021-04-06","Purchasing of an L Shape Desk for Customer Care",,"0","2021-05-13 16:10:46","../specifications/1620915046SPECIFICATIONS FOR OFFICE DESK FOR MUTARE URBAN (3).docx","ze232696","URB","ACE21040737","specifications/1617788856SPECIFICATIONS FOR RECEPTION DESK FOR MUTARE URBAN (3).docx","ER4/2020"
"2208","RQ21051346","10209559","2021-04-07","Purchasing of 43 Inch Flat Screen Colour TV for Customer Care Desk",,"0","2021-05-13 16:17:14","../specifications/SPECIFICATIONS FOR TV  FOR MUTARE URBAN (3).docx","ze232696","URB","ACE21040776","specifications/1617786380TV.pdf","ER4/2020"
"2209","RQ21051380","10209559","2021-04-07","Purchasing of 43 Inch Flat Screen Colour TV for Customer Care Desk",,"0","2021-05-13 16:17:21","../specifications/1620915440SPECIFICATIONS FOR TV  FOR MUTARE URBAN (3).docx","ze232696","URB","ACE21040776",,"ER4/2020"
"2210","RQ21051313","10209543","2021-04-07","Purchasing of 90L Upright Refrigerator for SCSO'S Office",,"0","2021-05-13 16:23:51","../specifications/SPECIFICATIONS FOR REFRIDGERATOR FOR SCSO (1).docx","ze232696","URB","ACE21040723","specifications/1617787881SPECIFICATIONS FOR REFRIDGERATOR FOR SCSO.docx","ER4/2020"
"2211","RQ21051497","10211489","2021-05-14","HYDROGEN PEROXIDE FOR COVID 19 DISINFECTION  FOR ALL CENTRES IN THE REGION ",,"0","2021-05-14 16:02:32","../specifications/HYDROGEN PEROXIDE SPECIFICATION.docx","ze247200","HR500",,,"ER24/2021"
"2212","RQ21051751","10210972","2021-05-17","supply 9m wood poles mutare environs",,"0","2021-05-17 12:43:44","../specifications/","ze276839","ENV",,,"ER22/2021"
"2213","RQ2105171","10210972","2021-05-17","9m wood poles for mutare",,"0","2021-05-17 12:51:13","../specifications/047 ZETDC EASTERN REGION.pdf","ze276839","ENV",,,"ER22/2021"
"2214","RQ21051720","10210972","2021-05-17","9m wood poles for mutare",,"0","2021-05-17 12:51:18","../specifications/1621248677047 ZETDC EASTERN REGION.pdf","ze276839","ENV",,,"ER22/2021"
"2215","RQ21051731","10209115","2021-03-23","Supply 15w40 engine Oil  for Mutare Garage - (500 ltres)",,"0","2021-06-02 12:10:37","../specifications/ENGINE OIL.xlsx","ze48941","MTG",,,"ER16/2021"
"2216","RQ21051733","10210974","2021-05-17","9m woodpoles mutare",,"0","2021-05-17 12:53:41","../specifications/1621248821047 ZETDC EASTERN REGION.pdf","ze276839","ENV",,,"ER22/2021"
"2217","RQ21051739","10210970","2021-05-17","11m wood pole mutare",,"0","2021-05-17 12:56:15","../specifications/1621248975047 ZETDC EASTERN REGION.pdf","ze276839","ENV",,,"ER22/2021"
"2218","RQ21051726","10210970","2021-05-17","11m wood pole mutare",,"0","2021-05-17 12:56:20","../specifications/1621248980047 ZETDC EASTERN REGION.pdf","ze276839","ENV",,,"ER22/2021"
"2219","RQ21051748","10210971","2021-05-17","11m woodpoles mutare",,"0","2021-05-17 12:57:33","../specifications/1621249053047 ZETDC EASTERN REGION.pdf","ze276839","ENV",,,"ER22/2021"
"2220","RQ21051789","10210976","2021-05-17","12.5m woodpoles mutare",,"0","2021-05-17 12:59:16","../specifications/1621249155047 ZETDC EASTERN REGION.pdf","ze276839","ENV",,,"ER22/2021"
"2221","RQ21051771","10210977","2021-05-17","12.5m woodpoles  mutare",,"0","2021-05-17 13:01:06","../specifications/1621249266047 ZETDC EASTERN REGION.pdf","ze276839","ENV",,,"ER22/2021"
"2222","RQ21051767","10211552","2021-05-17","FIRST AID TRAINING ",,"0","2021-05-17 14:57:15","../specifications/1621256235FIRST AID TRAINING SPECIFICATIONS.docx","ze247200","HR500",,,"ER24/2021"
"2223","RQ21051729","10211553","2021-05-17","SURGICAL FACE MASKS",,"0","2021-05-17 15:01:01","../specifications/1621256460FACE MASK SPECIFICATION.docx","ze247200","HR500",,,"ER24/2021"
"2224","RQ21051763","10211553","2021-05-17","SURGICAL FACE MASKS",,"0","2021-05-17 15:01:06","../specifications/1621256465FACE MASK SPECIFICATION.docx","ze247200","HR500",,,"ER24/2021"
"2225","RQ21051970","10211623","2021-05-19","Supply and delivery of National and ZESA corporate flags for Eastern Region",,"0","2021-05-19 08:40:19","../specifications/FLAGS NATIONAL AND ZETDC.xlsx","ze318833","HR500",,,"ER24/2021"
"2226","RQ21051996","10207744","2021-03-03","Perimeter Fence Zesa Houses",,"0","2021-05-19 15:08:13","../specifications/PR10207585 & PR10207744.pdf","ze226548","GUT",,,"ER19/2021"
"2227","RQ2105197","10207585","2021-03-01","Protective Clothing(Rainsuits, gumboots & safety shoes)",,"0","2021-05-19 15:19:43","../specifications/1621430383PR10207585 & PR10207744.pdf","ze226548","GUT",,,"ER24/2021"
"2228","RQ21052026","10211691","2021-05-19","Drill 100m borehole at rutenga centre",,"0","2021-05-20 09:32:52","../specifications/rockwell.pdf","ze7013","RUT",,,"ER19/2021"
"2229","RQ21052094","10209966","2021-04-14","Purchasing of a Chest Freezer for Mutare Urban Depot Canteen",,"0","2021-05-20 11:25:00","../specifications/1621502699SPECIFICATIONS FOR TV  FOR MUTARE URBAN (3).docx","ze232696","URB","ACE21041483","specifications/1618391920SPECIFICATIONS FOR CHEST FREEZER FOR MUTARE URBAN (3).docx","ER4/2020"
"2230","RQ21052010","10209609","2021-04-07","Purchasing of 3 Office Desks/Tables for SCSO, Lead Artisan and Depot Clerk",,"0","2021-05-20 11:26:50","../specifications/Explanatory Notes for Office Desks.docx","ze232696","URB","ACE2104078","specifications/1617803599Explanatory Notes for Office Desks.docx","ER4/2021"
"2231","RQ21052071","10209544","2021-04-07","Purchasing of 4 Swivel Chairs for Mutare Urban, (1 SCSO, 1 Lead Artisan, 1 Depot Clerk, 1 Customer Care Desk)",,"0","2021-05-20 11:29:02","../specifications/1621502941SPECIFICATIONS FOR FOR SWIVEL CHAIRS.docx","ze232696","URB","ACE21040715","specifications/1617799676Swivel Chairs.docx","ER4/2020"
"2232","RQ2105206","10209606","2021-04-07","Purchasing of 21 Office Chairs for Mutare Urban (13 for Boardroom, 4 for SCSO's Office, 2 for Lead Artisan's Office and 2 for Customer Care Desk)",,"0","2021-05-20 11:31:37","../specifications/SPECIFICATIONS FOR FOR OFFICE CHAIRS.docx","ze232696","URB","ACE21040781","specifications/1617799344SPECIFICATIONS FOR FOR OFFICE CHAIRS.docx","ER4/2020"
"2233","RQ21052096","10209569","2021-04-07","Purchasing of Board Room Tables for Mutare Urban",,"0","2021-05-20 11:34:09","../specifications/Explanatory Notes for Boardroom Table.docx","ze232696","URB","ACE21040730","specifications/1617789936SPECIFICATIONS FOR BOARDROOM TABLES FOR MUTARE URBAN (3).docx","ER4/2020"
"2234","RQ21052084","10209536","2021-04-06","Purchasing of an L Shape Desk for Customer Care",,"0","2021-05-20 11:36:53","../specifications/1621503412SPECIFICATIONS FOR OFFICE DESK FOR MUTARE URBAN (3).docx","ze232696","URB","ACE21040737","specifications/1617788856SPECIFICATIONS FOR RECEPTION DESK FOR MUTARE URBAN (3).docx","ER4/2020"
"2235","RQ21052018","10209546","2021-04-07","Purchasing of 43 Inch Flat Screen Colour TV for Customer Care Desk",,"0","2021-05-20 12:51:01","../specifications/1621507861SPECIFICATIONS FOR TV  FOR MUTARE URBAN (3).docx","ze232696","URB","ACE21040776","specifications/1617786380TV.pdf","ER4/2020"
"2236","RQ21052091","10209609","2021-04-07","Purchasing of 90L Upright Refrigerator for SCSO'S Office",,"0","2021-05-20 13:39:05","../specifications/1621510745SPECIFICATIONS FOR REFRIDGERATOR FOR SCSO (1).docx","ze232696","URB","ACE21040723","specifications/1617787881SPECIFICATIONS FOR REFRIDGERATOR FOR SCSO.docx","ER4/2021"
"2237","RQ21052097","10209535","2021-04-06","Purchasing of 8 by 4 Drawer Metal Filing Cabinets for Service Files",,"0","2021-05-20 13:41:00","../specifications/SPECIFICATIONS FOR 4 DRAWER FILING CABINETS FOR MUTARE URBAN (3).docx","ze232696","URB","ACE21040752","specifications/1617785645SPECIFICATIONS FOR 4 DRAWER FILING CABINETS FOR MUTARE URBAN (3).docx","ER4/2020"
"2238","RQ21052040","10211731","2021-05-20","ER19/21 POLE REPLACEMENT, WAYLEAVE CLEARANCE AND STAY WIRE REINSTATE",,"0","2021-05-20 15:58:09","../specifications/","ze261297","MTD",,,"ER19/2021"
"2239","RQ21052085","10211732","2021-05-20","ER19/21 POLE REPLACEMENT AND WAYLEAVE CLEARANCE FOR VUMBA 33kV FEEDER",,"0","2021-05-20 16:03:20","../specifications/","ze261297","MTD",,,"ER19/2021"
"2240","RQ2105204","10211732","2021-05-20","ER19/21 POLE REPLACEMENT AND WAYLEAVE CLEARANCE AND STAY REINSTATE FOR VUMBA 33kV FEEDER",,"0","2021-05-20 16:09:20","../specifications/","ze261297","MTD",,,"ER19/2021"
"2241","RQ21052063","10211710","2021-05-20","8 x Genuine Leather Black Visitors chairs, padded backrest and seat, plastic arm rest and metal frame For DMs Office",,"0","2021-05-20 16:17:15","../specifications/VISITORS  CHAIRS DMS OFFICE 2021.docx","ze317632","MTD","ACE21051016","specifications/1620634107VISITORS  CHAIRS DMS OFFICE 2021.docx","ER4/2021"
"2242","RQ2105219","10211813","2021-05-21","Replacing stolen 100m x 70mm2 x 4 core cable in Mutare Urban Network",,"0","2021-05-21 12:27:14","../specifications/","ze232696","URB",,,"ER19/2021"
"2243","RQ21052133","10211813","2021-05-21","Purchasing of 100m x 25mm2 x 4 core cable to replace stolen cable in Mutare Urban Network",,"0","2021-05-21 12:30:12","../specifications/","ze232696","URB",,,"ER19/2021"
"2244","RQ21052633","10211907","2021-05-26","SUPPLY OF 1 X GEAR SHIFT CABLE, 1 X GEAR SELECTOR CABLE for ER2192",,"0","2021-05-26 11:24:51","../specifications/ER2192   26 05 2021.docx","ze301698","GARAGE",,,"ER16/2021"
"2245","RQ21052612","10211963","2021-05-26","Supply Service Kits for Nissan UD70, 95 and PK210",,"0","2021-05-26 15:53:24","../specifications/Nsn UDs.xlsx","ze301698","GARAGE",,,"ER16/2021"
"2246","RQ21052662","10211962","2021-05-26","Supply Service kits (Filters) for Nissan NP300 YD25",,"0","2021-05-26 16:12:59","../specifications/YD25.xlsx","ze301698","GARAGE",,,"ER16/2021"
"2247","RQ2105269","10211960","2021-05-26","Supply Service kits (Filters)for Nissan NP300 TD27",,"0","2021-05-26 16:13:23","../specifications/TD27.xlsx","ze301698","GARAGE",,,"ER16/2021"
"2248","RQ21052651","10211956","2021-05-26","Supply upper and lower Ball joints for Nissan NP300",,"0","2021-05-26 16:08:47","../specifications/Ball Joints NP300.xlsx","ze301698","GARAGE",,,"ER16/2021"
"2249","RQ21060198","10212195","2021-06-01","purchase of new tyres size 175/65R13 for Lancer f/n er2086",,"0","2021-06-01 13:11:03","../specifications/1622545863NEW TYRES 175.65R13.docx","ze48941","MTG",,,"ER16/2021"
"2250","RQ21060237","10212243","2021-06-02","Supply Brakes Calipers & discs, Primer pump, radiator hoses and Clutch slave for Nissan NP300 4x2 - ER2137",,"0","2021-06-02 11:52:06","../specifications/Brakes & Clutch ER2137.docx","ze301698","GARAGE",,,"ER16/2021"
"2251","RQ21060287","10212244","2021-06-02","Supply Control arms, ball joints, Wheel bearings, front hubs and radiator for Nissan NP300 4x2 - ER2137",,"0","2021-06-02 11:55:38","../specifications/Suspension kit  ER2137.docx","ze301698","GARAGE",,,"ER16/2021"
"2252","RQ21060298","10212246","2021-06-02","Supply Clutch Kit  for Nissan NP300 4x4 ER2159",,"0","2021-06-02 12:03:10","../specifications/Clutch Assembly  ER2159.docx","ze301698","GARAGE",,,"ER16/2021"
"2253","RQ21060328","10212295","2021-06-03","SUPPLY AND FIX OF PERIMETER FENCE FOR C.S.O ' RESIDENCE",,"0","2021-06-03 10:07:56","../specifications/Security fence supply spefifications.docx","ze259373","CHM","ACE21033044","specifications/1617112061Paremeter fence.docx","ER7/2020"
"2254","RQ21060462","10212359","2021-06-04","Procurement of Transformer Oil for the Transformer and S/Gear repair workshop",,"0","2021-06-04 10:37:01","../specifications/RFQ Transformer Oil.doc","ze265322","ENG800",,,"ER20/2021"
"2255","RQ21060812","10211489","2021-05-14","HYDROGEN PEROXIDE FOR COVID 19 DISINFECTION  FOR ALL CENTRES IN THE REGION ",,"0","2021-06-08 16:09:33","../specifications/1623161373HYDROGEN PEROXIDE SPECIFICATION.docx","ze247200","HR500",,,"ER24/2021"
"2256","RQ21060913","10212557","2021-06-09"," Supply and fit 7x11R 22.5  for  f/n 1062",,"0","2021-06-10 11:15:05","../specifications/162323307911R22.5 TYRES.docx","ze48941","MTG",,,"ER16/2021"
"2257","RQ21060927","10212571","2021-06-09","Supply of Metal doors for the transformer and switch-gear workshop",,"0","2021-06-09 15:14:25","../specifications/RFQ WOrskshop Doors (2).doc","ze265322","ENG800",,,"ER19/2021"
"2258","RQ21061037","10212592","2021-06-10","Grass cutting and bush clearing at Maintenance Section (Old power station)",,"0","2021-06-10 08:49:07","../specifications/","ze318833","HR500",,,"ER19/2021"
"2259","RQ21061130","10212684","2021-06-11","Swivel chair for Accounts Clerk (Cash) Rudo Mwadzura as per recommendation by the Doctor",,"0","2021-06-11 11:56:38","../specifications/SPEC for Swivel chairs.docx","ze318833","HR500","ACE21052185","specifications/1621603570EXPLANATORY REPORT SWIVEL CHAIR MWADZURA R.xlsx","ER4/2021"
"2260","RQ21061187","10212686","2021-06-11","purchase of 2* filing cabinets for HRAM office",,"0","2021-06-11 12:04:16","../specifications/spec -filing cabinets.docx","ze318833","HR500","ACE21051897","specifications/1621331212EXPLANATORY REPORT METAL FILING CABINETS HRAM.xlsx","ER4/2021"
"2261","RQ21061156","10212690","2021-06-11","Purchase of 10* Visitors chairs for IT Developers (Jotali new offices)",,"0","2021-06-11 12:10:54","../specifications/spec -Visitors' chairs.docx","ze318833","HR500","ACE2102256","specifications/1614253555EXPLANATORY REPORT VISITORS CHAIRS 2021 IT.xlsx","ER4/2021"
"2262","RQ21061188","10212691","2021-06-11","PURCHASE OF AIR CONDITIONER FOR MASVINGO DISTRICT OFFICE",,"0","2021-06-11 12:13:06","../specifications/SPEC for aircon.docx","ze318833","HR500","ACE21011153","specifications/1610349679ace explanatory notes.xlsx","ER4/2021"
"2263","RQ21061169","10212711","2021-06-11","Hire of Tent, Chairs, Decor Service and Accessories on 7.6.2021 (EC's Visit)",,"0","2021-06-11 14:57:03","../specifications/","ze260932","GM400",,,"ER24/2021"
"2264","RQ21061522","10212806","2021-06-14","acid proof worksuits for Mutare Garage staff",,"0","2021-06-15 11:20:40","../specifications/1623748839acid proof worksuits.jpg","ze48941","MTG",,,"ER16/2021"
"2265","RQ21061662","10212913","2021-06-16","Valuation of Dangamvura and Sakubva offices (Valuation is for the building only)",,"0","2021-06-16 08:52:36","../specifications/","ze318833","HR500",,,"ER24/2021"
"2266","RQ21061664","10212913","2021-06-16","Valuation of Dangamvura and Sakubva offices (Valuation is for the building only)",,"0","2021-06-16 08:52:41","../specifications/","ze318833","HR500",,,"ER24/2021"
"2267","RQ21061675","10213006","2021-06-16","2xNew batteries size 671 for foton truck f/n er2205",,"0","2021-06-16 16:03:56","../specifications/CENTRAL PARTS Battery.jpg","ze48941","MTG",,,"ER16/2021"
"2268","RQ21061771","10213036","2021-06-17","Executive Swivel Chair for Masvingo CSC 24 Hour Desk",,"0","2021-06-17 11:33:26","../specifications/Swivel Chair-24 Hour Desk-Masvingo CSC.docx","ze305510","MSD",,,"ER4/2021"
"2269","RQ21061743","10213058","2021-06-17","rutenga drawall paint purchase",,"0","2021-06-17 15:25:25","../specifications/","ze258520","RUT",,,"ER7/2021"
"2270","RQ21061833","10213079","2021-06-18","Picture frames for Long service certificates for 2020 & 2021",,"0","2021-06-18 10:20:01","../specifications/frames spec.docx","ze318833","HR500",,,"ER10/2021"
"2271","RQ21061887","10213104","2021-06-18","Swivel Chair for Banking Hall Clerk-Masvingo District Office",,"0","2021-06-18 12:58:32","../specifications/Swivel Chair-Vlerk-Banking Hall.docx","ze305510","MSD",,,"ER4/2021"
"2272","RQ21061861","10213105","2021-06-18","Swivel Executive Chair-Clerk HR (Nyamupenza E)",,"0","2021-06-18 13:00:57","../specifications/Swivel Chair-Clerk HR (Masvingo District).jpg","ze305510","MSD",,,"ER4/2021"
"2273","RQ21061848","10213112","2021-06-18","Clutch Plate for Nissan NP300 for Fleet No. ER2153",,"0","2021-06-18 15:14:46","../specifications/","ze232696","URB",,,"ER5/2021"
"2274","RQ21062159","10213199","2021-06-21","High back swivel chair for Switcboard Operator",,"0","2021-06-21 15:44:27","../specifications/EXPLANATORY REPORT SWITCHBOARD OPERATOR.xlsx","ze318833","HR500","ACE21061681","specifications/1623826613EXPLANATORY REPORT SWITCHBOARD OPERATOR.xlsx","ER4/2020"
"2275","RQ21062187","10213200","2021-06-21","Purchase of high back swivel chair for Clerk Typist (Risk Dept)",,"0","2021-06-21 15:47:36","../specifications/EXPLANATORY REPORT SWIVEL CHAIR CLERK TYPIST.xlsx","ze318833","HR500","ACE21061494","specifications/1623652850EXPLANATORY REPORT SWIVEL CHAIR CLERK TYPIST.xlsx","ER4/2021"
"2276","RQ21062134","10213203","2021-06-21","Purchase of 2*3 seater reception chairs for Megawatt building",,"0","2021-06-21 15:53:27","../specifications/EXPLANATORY REPORT reception chairs.xlsx","ze318833","HR500","ACE21061179","specifications/1623394836ace explanatory report reception chairs.xlsx","ER4/2020"
"2277","RQ21062168","10213204","2021-06-21","3 in 1 printer/ scanner/ photocopier",,"0","2021-06-21 15:56:21","../specifications/EXPLANATORY REPORT printer scanner Records clerk.xlsx","ze318833","HR500","ACE21060455","specifications/1622814283EXPLANATORY REPORT printer scanner Records clerk.xlsx","ER4/2020"
"2278","RQ21062117","10213205","2021-06-21","High back Swivel Chair for Commercial Manager",,"0","2021-06-21 16:11:46","../specifications/EXPLANATORY REPORT SWIVEL CHAIR Commercial Manager.xlsx","ze318833","HR500","ACE21052179","specifications/1621603810EXPLANATORY REPORT SWIVEL CHAIR Commercial Manager.xlsx","ER4/2020"
"2279","RQ21062234","10213245","2021-06-22","SURGICAL FACE MASKS (BUFFER STOCK FOR CONTRACT WORKERS AND VISITORS) ",,"0","2021-06-22 14:23:17","../specifications/1624364597FACE MASK SPECIFICATION.docx","ze247200","HR500",,,"ER24/2021"
"2280","RQ21062240","10213246","2021-06-22","TYVIK SUIT FOR DISINFECTION",,"0","2021-06-22 14:27:14","../specifications/1624364834NON STERILE TYVEK SUITS SPECIFICATIONS.docx","ze247200","HR500",,,"ER24/2021"
"2281","RQ21062226","10213248","2021-06-22","SAFETY GOOGLES FOR DISINFECTION",,"0","2021-06-22 14:30:07","../specifications/","ze247200","HR500",,,"ER24/2021"
"2282","RQ21062272","10213251","2021-06-22","5L HAND SANITISER",,"0","2021-06-22 14:32:29","../specifications/16243651495L HAND SANITISER SPECIFICATION.docx","ze247200","HR500",,,"ER24/2021"
"2283","RQ21062281","10213273","2021-06-22","PROCUREMENT OF TRANSFORMER GREY AND SILVER SHINE PAINT FOR KYLE, ZAKA AND MTERI SUBSTATIONS",,"0","2021-06-22 16:20:21","../specifications/","ze289310","ERM",,,"ER19/2021"
"2284","RQ2106236","10213290","2021-06-23","Supply and Install Mechanical Fuel Pump for Mutare Environs",,"0","2021-06-23 10:02:30","../specifications/W12 Mechanical Pump (3).docx","ze301698","GARAGE",,,"ER16/2021"
"2285","RQ21062312","10213292","2021-06-23","Supply and Install Mechanical Fuel Pump at Nyanga CSC",,"0","2021-06-23 10:01:01","../specifications/1624434569W12 Mechanical Pump (3).docx","ze301698","GARAGE",,,"ER16/2021"
"2286","RQ21062397","10213289","2021-06-23","Purchase of 970 Toner Cartridges full set (black, cyan, yellow, magenta) for DM Manicaland Secretary",,"0","2021-06-23 12:59:21","../specifications/970 Toner Cartridges.docx","ze297232","IT100",,,"ER11/2021"
"2287","RQ21062326","10213296","2021-06-23","415 Toner Cartridges full set (black, cyan, yellow, magenta) for Chief Risk Officer Secretary",,"0","2021-06-23 13:05:04","../specifications/415 Toner Cartridges.docx","ze297232","IT100",,,"ER11/2021"
"2288","RQ21062371","10213297","2021-06-23","920 Toner Cartridges full set (black, cyan, yellow, magenta) for DM Mutare Secretary",,"0","2021-06-23 13:06:36","../specifications/920 Toner Cartridges.docx","ze297232","IT100",,,"ER11/2021"
"2289","RQ21062419","10213286","2021-06-23","ER22/2021 PURCHASE REQUEST FOR 33KV MKWASINE EAST/WEST FEEDER POLE CHANGE AND MAINTENANCE PROGRAMME CHIREDZI NETWORK",,"0","2021-06-24 10:59:24","../specifications/33KV MKWASINE EAST WEST FDR POLE CHANGE PROGRAMME.pdf","ze261920","CHR",,,"ER22/2021"
"2290","RQ21062472","10213378","2021-06-24","Staff IDs for Manicaland District employees",,"0","2021-06-24 11:31:19","../specifications/Outstanding staff IDS - 2021.xlsx","ze318833","HR500",,,"ER24/2021"
"2291","RQ21062450","10213379","2021-06-24","Staff IDs for Mutare District and Regional Office",,"0","2021-06-24 11:34:39","../specifications/","ze318833","HR500",,,"ER24/2021"
"2292","RQ21062431","10213380","2021-06-24","Staff IDs for Masvingo District employees",,"0","2021-06-24 11:36:30","../specifications/1624527390Outstanding staff IDS - 2021.xlsx","ze318833","HR500",,,"ER24/2021"
"2293","RQ21062429","10213385","2021-06-24","200ml hand sanitiser fol all employees",,"0","2021-06-24 14:56:44","../specifications/200mL HAND SANITISER SPECIFICATION.docx","ze247200","HR500",,,"ER24/2021"
"2294","RQ21062410","10213386","2021-06-24","FOOT OPERATED HAND SANITISER FOR ALL CENTRES",,"0","2021-06-24 15:36:17","../specifications/FOOT OPERATED HAND SANITISER SPECIFICATIONS.docx","ze247200","HR500",,,"ER24/2021"
"2295","RQ21062459","10213385","2021-06-24","200ML HAND SANITISER FOR THE REGION",,"0","2021-06-24 16:10:25","../specifications/1624543825200mL HAND SANITISER SPECIFICATION.docx","ze247200","HR500",,,"ER24/2021"
"2296","RQ21062439","10213404","2021-06-24","DETTOL SOAP FOR HAND WASHING",,"0","2021-06-24 16:32:11","../specifications/DETTOL SOAP SPECIFICATIONS.docx","ze247200","HR500",,,"ER24/2021"
"2297","RQ21062480","10213408","2021-06-24","GREEN BAR SOAPS",,"0","2021-06-24 16:35:08","../specifications/GREEN BAR SOAP SPECIFICATION.docx","ze247200","HR500",,,"ER24/2021"
"2298","RQ21062874","10213573","2021-06-28","purchase of complete genuine new starter for Benz Artego truck",,"0","2021-06-28 15:53:48","../specifications/New Starter for Benz Artego.docx","ze48941","MTG",,,"ER16/2021"
"2299","RQ21062840","10213576","2021-06-28","purchase of new tyres 285/70 R17 for Land Cruiser f/n er2210",,"0","2021-06-28 15:55:57","../specifications/new tyres size 285.70 R17.docx","ze48941","MTG",,,"ER16/2021"
"2300","RQ21070517","10213677","2021-07-05","purchase of suspension material for np300 er2146",,"0","2021-07-05 13:18:04","../specifications/SUSPENSION MATERIAL FOR NP300 VEH.docx","ze48941","MTG",,,"ER16/2021"
"2301","RQ21070590","10213681","2021-07-05","purchase of suspension material for np300 f/n er2138",,"0","2021-07-05 13:21:30","../specifications/1625484089SUSPENSION MATERIAL FOR NP300 VEH.docx","ze48941","MTG",,,"ER16/2021"
"2302","RQ21070588","10213741","2021-07-05","purchase of suspension material for np300 f/n er2141",,"0","2021-07-06 17:30:41","../specifications/1625484244SUSPENSION MATERIAL FOR NP300 VEH.docx","ze48941","MTG",,,"ER16/2021"
"2303","RQ21070543","10213741","2021-07-05","purchase of suspension material for np300 f/n er2148",,"0","2021-07-06 17:33:37","../specifications/1625484607SUSPENSION MATERIAL FOR NP300 VEH.docx","ze48941","MTG",,,"ER16/2021"
"2304","RQ21070562","10213743","2021-07-05","purchase of suspension material for np300 f/n er2131",,"0","2021-07-05 13:32:53","../specifications/1625484772SUSPENSION MATERIAL FOR NP300 VEH.docx","ze48941","MTG",,,"ER16/2021"
"2305","RQ2107052","10213744","2021-07-05","purchase of suspension material for np300 f/n er2148",,"0","2021-07-05 13:35:16","../specifications/1625484911SUSPENSION MATERIAL FOR NP300 VEH.docx","ze48941","MTG",,,"ER16/2021"
"2306","RQ21070750","10213865","2021-07-07","PROCUREMENT OF 33KV CB FOR KYLE SUBSTATION",,"0","2021-07-07 11:45:49","../specifications/KYLE 33KV SF6 CB SPEC.pdf","ze289310","ERM",,,"ER19/2021"
"2307","RQ21070747","10213866","2021-07-07","PROCUREMENT OF 11kV CTs FOR KYLE SUBSTATION",,"0","2021-07-07 11:47:52","../specifications/Kyle 11kV Current Transformers Specification.pdf","ze289310","ERM",,,"ER19/2021"
"2308","RQ21070711","10213867","2021-07-07","PROCUREMENT OF Kyle Transformer Protection Relay",,"0","2021-07-07 11:50:29","../specifications/TECHNICAL SPECS FOR KYLE 33 TO 11KV TX PROT RELAY.pdf","ze289310","ERM",,,"ER19/2021"
"2309","RQ21070788","10213868","2021-07-07","PROCUREMENT OF BATTERY BANK AND BATTERY CHARGER FOR KYLE S/S",,"0","2021-07-07 11:52:27","../specifications/BATTERY CHARGER and BANK SPECIFICATIONS.pdf","ze289310","ERM",,,"ER19/2021"
"2310","RQ21070982","10213931","2021-07-09"," Male contacts with tinned arcing lip for Reyrolle 11kv C-GEAR SWITHCH GEAR AT MUTARE URBAN",,"0","2021-07-09 11:20:27","../specifications/","ze289310","ERM",,,"ER19/2021"
"2311","RQ21070984","10213930","2021-07-09"," Female contacts  for Reyrolle 11kv C-GEAR SWITHCH GEAR AT MUTARE URBAN",,"0","2021-07-09 11:22:03","../specifications/","ze289310","ERM",,,"ER19/2021"
"2312","RQ21071250","10213950","2021-07-12","SURGICAL FACE MASKS FOR THR REGION",,"0","2021-07-12 09:00:10","../specifications/1626073210FACE MASK SPECIFICATION.docx","ze247200","HR500",,,"ER24/2021"
"2313","RQ21071281","10213977","2021-07-12","Purchase of 970 Toner Cartridges full set (black, cyan, yellow, magenta) for Maintenance Engineer",,"0","2021-07-12 12:13:14","../specifications/1626084794970 Toner Cartridges.docx","ze297232","IT100",,,"ER11/2021"
"2314","RQ21072128","10214381","2021-07-21","ER8/21 TELESCOPIC LINK STICKS FOR MUTARE DISTRICT",,"0","2021-07-21 12:08:12","../specifications/SPECIFICATIONS FOR LIVE LINE TELESCOPIC LINKS.pdf","ze261297","MTD",,,"ER8/2021"
"2315","RQ21072836","10214610","2021-07-27","purchase 1500 litres petrol for masvingo district vehicles",,"0","2021-07-28 08:22:34","../specifications/","ze7013","RUT",,,"ER5/2021"
"2316","RQ21072944","10214696","2021-07-29","The purchase of three (3) laptops for the Commercial Manager, the Chief Risk Officer and Network Development Engineer",,"0","2021-07-29 12:00:09","../specifications/HP Envy Laptop Specs.docx",,,"ACE21071018","specifications/1625919108HP Envy Laptop Specs.docx","ER6/2021"
"2317","RQ21072913","10214696","2021-07-29","The purchase of three (3) laptops for the Commercial Manager, the Chief Risk Officer and Network Development Engineer",,"0","2021-07-29 12:57:56","../specifications/1627556276HP Envy Laptop Specs.docx","ze297232","IT100","ACE21071018","specifications/1625919108HP Envy Laptop Specs.docx","ER6/2021"
"2318","RQ2107297","10214696","2021-07-29","The purchase of three (3) laptops for the Commercial Manager, the Chief Risk Officer and Network Development Engineer",,"0","2021-07-29 12:58:01","../specifications/1627556281HP Envy Laptop Specs.docx","ze297232","IT100","ACE21071018",,"ER6/2021"
"2319","RQ2108021","10214743","2021-08-02","HYDOGEN PEROXIDE",,"0","2021-08-02 10:19:16","../specifications/1627892356HYDROGEN PEROXIDE SPECIFICATION.docx","ze247200","HR500",,,"ER24/2021"
"2320","RQ21080275","10214760","2021-08-02","SUPPLY AND FIXING SUBSTATION DOORS FOR MUTARE URBAN DEPOT",,"0","2021-08-02 12:29:14","../specifications/","ze261297","MTD",,,"ER19/2021"
"2321","RQ21080419","10214920","2021-08-04","Supply and fit new tyres 215R15 for f/n er2131",,"0","2021-08-12 09:25:36","../specifications/1628071842NEW TYRES 215R15.docx","ze48941","MTG",,,"ER16/2021"
"2322","RQ21080422","10214921","2021-08-04","Supply and fit new tyres 215R15 for f/n er2148",,"0","2021-08-12 09:26:17","../specifications/1628071931NEW TYRES 215R15.docx","ze48941","MTG",,,"ER16/2021"
"2323","RQ21080493","10214922","2021-08-04","Supply and fit new tyres 215R15 for f/n er2143",,"0","2021-08-12 09:30:50","../specifications/1628072017NEW TYRES 215R15.docx","ze48941","MTG",,,"ER16/2021"
"2324","RQ21080423","10214923","2021-08-04","Supply and fit new tyres size 215R15 for f/n er2141",,"0","2021-08-12 09:26:51","../specifications/","ze48941","MTG",,,"ER16/2021"
"2325","RQ21080415","10214924","2021-08-04","purchase of new tyres size 215R15 f/n er2129",,"0","2021-08-04 12:16:12","../specifications/1628072172NEW TYRES 215R15.docx","ze48941","MTG",,,"ER16/2021"
"2326","RQ21080464","10214925","2021-08-04","Supply and fit new tyres 215R15 for f/n er2145
",,"0","2021-08-12 09:29:23","../specifications/1628072252NEW TYRES 215R15.docx","ze48941","MTG",,,"ER16/2021"
"2327","RQ21080484","10214927","2021-08-04","Supply and fit new tyres size 215R15 f/n er2146",,"0","2021-08-12 09:30:19","../specifications/1628072325NEW TYRES 215R15.docx","ze48941","MTG",,,"ER16/2021"
"2328","RQ21080416","10214928","2021-08-04","Supply and fit new tyres size 215R15 f/n er2138",,"0","2021-08-12 09:25:10","../specifications/1628072414NEW TYRES 215R15.docx","ze48941","MTG",,,"ER16/2021"
"2329","RQ21080442","10214929","2021-08-04","Supply and fit new tyres 215R15 f/n er2204",,"0","2021-08-12 09:28:50","../specifications/1628072503NEW TYRES 215R15.docx","ze48941","MTG",,,"ER16/2021"
"2330","RQ21080465","10214929","2021-08-04","Supply and fit new tyres 215R15 f/n er2204",,"0","2021-08-12 09:29:51","../specifications/1628072507NEW TYRES 215R15.docx","ze48941","MTG",,,"ER16/2021"
"2331","RQ21080430","10214930","2021-08-04","Supply and fit new tyres 215R15 f/n er2203",,"0","2021-08-12 09:28:21","../specifications/1628072652NEW TYRES 215R15.docx","ze48941","MTG",,,"ER16/2021"
"2332","RQ21080646","10215062","2021-08-06","90 X 11kv Lightning Arrestors for Masvingo District",,"0","2021-08-06 11:22:48","../specifications/lightning arrestors.docx","ze305510","MSD",,,"ER8/2021"
"2333","RQ21081618","10215349","2021-08-13","Neon Sign for Chipinge",,"0","2021-08-16 09:47:27","../specifications/Neon Sign specs.docx","ze265276","COM700",,,"ER24/2021"
"2334","RQ21081820","10215613","2021-08-18","Supply 11kv arrestors for Mutare district",,"0","2021-08-18 16:02:31","../specifications/","ze320471","ENV",,,"ER20/2021"
"2335","RQ21081883","10215613","2021-08-18","Supply 11kv arrestors for Mutare district",,"0","2021-08-18 16:02:35","../specifications/","ze320471","ENV",,,"ER20/2021"
"2336","RQ21081937","10215654","2021-08-19","PURCHASE OF NEW TYRES  5X175/70x14 for Honda fit f/n er2216",,"0","2021-08-19 11:54:56","../specifications/175.70X14 TYRES.docx","ze48941","MTG",,,"ER16/2021"
"2337","RQ21082051","10215613","2021-08-20","supply 11kv lighting arrestors ",,"0","2021-08-20 09:58:43","../specifications/","ze276839","ENV",,,"ER20/2021"
"2338","RQ21082092","10215613","2021-08-20","supply 11kv lighting arrestors ",,"0","2021-08-20 09:58:47","../specifications/","ze276839","ENV",,,"ER20/2021"
"2339","RQ21082052","10215613","2021-08-20","supply 11kv lighting arrestors ",,"0","2021-08-20 09:58:52","../specifications/","ze276839","ENV",,,"ER20/2021"
"2340","RQ21082096","10215613","2021-08-20","supply 11kv lighting arrestors ",,"0","2021-08-20 09:58:57","../specifications/","ze276839","ENV",,,"ER20/2021"
"2341","RQ21082325","10215797","2021-08-23","Supply of 11KV Lightning Arrestors",,"0","2021-08-23 10:23:00","../specifications/1629706979Lightning arrestors.docx","ze226548","GUT",,,"ER20/2021"
"2342","RQ21082338","10215802","2021-08-23","Purchasing of Steel Doors for Mutare Urban Substations - to replace worn out wooden doors",,"0","2021-08-23 11:39:51","../specifications/SPECIFICATIONS FOR SUBSTATION DOORS.docx","ze232696","URB",,,"ER19/2021"
"2343","RQ2108233","10215803","2021-08-23","Purchasing of 38mm Padlocks for Locking Substations ",,"0","2021-08-23 14:45:54","../specifications/SPECIFICATIONS FOR SUBSTATION PADLOCKS.docx","ze232696","URB",,,"ER19/2021"
"2344","RQ21082432","10215904","2021-08-24","Valuation for 20 Miller Morningside for purposes of ascertaining the open market monthly rental for the property",,"0","2021-08-24 12:14:42","../specifications/","ze318833","HR500",,,"ER13/2021"
"2345","RQ21082444","10215950","2021-08-24","Replacement of three (3) laptops for the District Manager Mutare, Systems Administrator and System Support Officer",,"0","2021-08-24 15:10:09","../specifications/1629810599HP Envy Laptop Specs.docx","ze297232","IT100","ACE21072092","specifications/1626763227HP Envy Laptop Specs.docx","ER6/2021"
"2346","RQ21082740","10216123","2021-08-27","OXYGEN CONCENTRATOR FOR COVID 19 MANAGEMENT",,"0","2021-08-27 13:07:47","../specifications/OXYGEN CONCENTRATOR SPECIFICATION.docx","ze247200","HR500",,,"ER24/2021"
"2347","RQ21082723","10216124","2021-08-27","OXYGEN CYLINDER OF TANK FOR COVID 19 MANAGEMENT",,"0","2021-08-27 13:11:39","../specifications/OXYGEN CYLINDER SPECIFICATION.docx","ze247200","HR500",,,"ER24/2021"
"2348","RQ21090324","10216377","2021-09-03","Clearing of gutters for Megawatt building",,"0","2021-09-03 10:36:24","../specifications/ZETDC Gutter Letter (00000002).pdf","ze318833","HR500",,,"ER19/2021"
"2349","RQ21090328","10216379","2021-09-03","Clearing of gutters for Masvingo electricity centre",,"0","2021-09-03 10:37:43","../specifications/1630658263ZETDC Gutter Letter (00000002).pdf","ze318833","HR500",,,"ER19/2021"
"2350","RQ21090839","10216605","2021-09-08","purchase new tyres 6x11R 22.5 for UD er2193-Environs truck",,"0","2021-09-08 11:31:47","../specifications/","ze48941","MTG",,,"ER16/2021"
"2351","RQ21090961","10216675","2021-09-09","SERVICING OF FIREFIGHTING EQUIPMENT FOR MEGAWATT, JOTALI, MAINTENANCE, MUTARE GARAGE, MUTARE AND MANICALAND DISTRICTS",,"0","2021-09-09 15:00:59","../specifications/FIRE FIGHTING EQUIPMENT SERVICING SPECIFICATION.docx","ze247200","HR500",,,"ER24/2021"
"2352","RQ21090979","10216685","2021-09-09","SUPPLY OF FIRE EXTINGUISHERS FOR MEGAWATT, JOTALI, MAINTENANCE WORKSHOP, MUTARE GARAGE, MUTARE DISTRICT AND MANICALAND ",,"0","2021-09-09 15:34:06","../specifications/FIRE FIGHTING EQUIPMENT SUPPLY SPECIFICATION.docx","ze247200","HR500",,,"ER24/2021"
"2353","RQ21090916","10216685","2021-09-09","SUPPLY OF FIRE EXTINGUISHERS FOR MEGAWATT, JOTALI, MAINTENANCE WORKSHOP, MUTARE GARAGE, MUTARE DISTRICT AND MANICALAND ",,"0","2021-09-09 15:34:43","../specifications/1631194483FIRE FIGHTING EQUIPMENT SUPPLY SPECIFICATION.docx","ze247200","HR500",,,"ER24/2021"
"2354","RQ21090951","10216685","2021-09-09","SUPPLY OF FIRE EXTINGUISHERS FOR MEGAWATT, JOTALI, MAINTENANCE WORKSHOP, MUTARE GARAGE, MUTARE DISTRICT AND MANICALAND ",,"0","2021-09-09 15:36:54","../specifications/1631194614FIRE FIGHTING EQUIPMENT SUPPLY SPECIFICATION.docx","ze247200","HR500",,,"ER24/2021"
"2355","RQ21090995","10216704","2021-09-09","CCTV Repair for Masvingo District Banking Hall",,"0","2021-09-09 15:55:30","../specifications/CCTV-Repair-Masvingo District (09 september 2021).pdf","ze305510","MSD",,,"ER4/2021"
"2356","RQ21090986","10216704","2021-09-09","CCTV Repair for Masvingo District Banking Hall",,"0","2021-09-09 15:55:36","../specifications/1631195736CCTV-Repair-Masvingo District (09 september 2021).pdf","ze305510","MSD",,,"ER4/2021"
"2357","RQ21091466","10216892","2021-09-14","SURGICAL FACE MASKS FOR THE REGION",,"0","2021-09-14 08:58:55","../specifications/1631602734FACE MASK SPECIFICATION.docx","ze247200","HR500",,,"ER24/2021"
"2358","RQ21091451","10216894","2021-09-14","5L HAND SANITISER FOR THE REGION",,"0","2021-09-14 09:06:22","../specifications/16316031765L HAND SANITISER SPECIFICATION.docx","ze247200","HR500",,,"ER24/2021"
"2359","RQ2109146","10216894","2021-09-14","5L HAND SANITISER FOR THE REGION",,"0","2021-09-14 09:17:01","../specifications/16316038205L HAND SANITISER SPECIFICATION.docx","ze247200","HR500",,,"ER24/2021"
"2360","RQ21091532","10217019","2021-09-15","245/70R16 TYRES For F/No2075 Mahindira Chiredzi",,"0","2021-09-15 10:32:17","../specifications/Mahindira Tyres.docx","ze44253","MSG",,,"ER16/2021"
"2361","RQ21091557","10217019","2021-09-15","245/70R16 TYRES For F/n ER2075 Mahindira Chiredzi CSC",,"0","2021-09-17 15:10:45","../specifications/1631694848Mahindira Tyres.docx","ze44253","MSG",,,"ER16/2021"
"2362","RQ21091589","10217070","2021-09-15","HP55A toner cartridge for Mutare District ",,"0","2021-09-15 15:38:54","../specifications/SPEC.docx","ze293598","MTD",,,"ER11/2021"
"2363","RQ21091674","10217118","2021-09-16","Purchase of 55A Toner Cartridge for Revenue Assurance Officer Manicaland",,"0","2021-09-16 14:10:44","../specifications/threeSixty toners.pdf","ze297232","IT100",,,"ER11/2021"
"2364","RQ21091760","10217166","2021-09-17","Supply and Erection of 27.5 x 23 x 1.6 meters 3 mm of Diamond mesh wire complete with barbed wire, 1 x 5.4 meter wide vehicle gate an one x 0.9 meter wide pedestrian gate. bidders to attend site visit",,"0","2021-09-17 10:47:11","../specifications/ZCDC_Fence.pdf","ze336912","END",,,"ER1/2021"
"2365","RQ21091728","10217191","2021-09-17","SERVICING OF FIRE EXTINGUISHERS FOR MASVINGO DISTRICT",,"0","2021-09-17 12:43:52","../specifications/MASVINGO DIST FIRE FIGHTING EQUIPMENT SERVICING SPECIFICATION.docx","ze247200","HR500",,,"ER24/2021"
"2366","RQ21091761","10217203","2021-09-17","Supply New 1000x20 Tyres ,Tubes With Flaps F/n ER1037- Mashava CSC",,"0","2021-09-17 15:11:52","../specifications/1037.pdf","ze44253","MSG",,,"ER16/2021"
"2367","RQ21092047","10216510","2021-09-20","Installation of water tank and booster pump to supply water to existing tanks on the third roof roof from the ground",,"0","2021-09-20 08:33:29","../specifications/","ze318833","HR500",,,"ER7/2021"
"2368","RQ21092021","10217279","2021-09-20","Supply  shackle pins and bushes for ER2127 Nissan UD95",,"0","2021-09-21 10:11:21","../specifications/RFQ shackle pins and bushes.docx","ze301698","GARAGE",,,"ER16/2021"
"2369","RQ2109208","10217281","2021-09-20","Supply shackle pins and bushes ER2194. Nissan UD95",,"0","2021-09-21 10:13:11","../specifications/1632145235RFQ shackle pins and bushes.docx","ze301698","GARAGE",,,"ER16/2021"
"2370","RQ21092060","10217285","2021-09-20","Supply shackle pins and bushes for ER2193, Nissan UD95",,"0","2021-09-21 10:12:17","../specifications/1632145419RFQ shackle pins and bushes.docx","ze301698","GARAGE",,,"ER16/2021"
"2371","RQ21092175","10217304","2021-09-21","Supply of 11KV Lightning Arrestors",,"0","2021-09-21 09:15:18","../specifications/1632208518Lightning arrestors.docx","ze226548","GUT",,,"ER20/2021"
"2372","RQ21092193","10217333","2021-09-21","Supply & Fit New 1000 x 20 Tyres ,Tubes And Flaps F/n ER1034-Mashava CSC",,"0","2021-09-22 16:22:45","../specifications/Tyres.pdf","ze44253","MSG",,,"ER16/2021"
"2373","RQ21092153","10217317","2021-09-21","SUPPLY OF 400 WOOD POLES 11M",,"0","2021-09-21 13:25:00","../specifications/","ze259373","CHM",,,"ER22/2021"
"2374","RQ21092157","10217317","2021-09-21","SUPPLY OF 400 WOOD POLES 11M",,"0","2021-09-21 13:25:53","../specifications/","ze259373","CHM",,,"ER22/2021"
"2375","RQ21092189","10217317","2021-09-21","SUPPLY OF 400 WOOD POLES 11M",,"0","2021-09-21 13:26:45","../specifications/","ze259373","CHM",,,"ER22/2021"
"2376","RQ21092124","10217317","2021-09-21","SUPPLY OF 400 WOOD POLES 11M",,"0","2021-09-21 13:31:29","../specifications/","ze259373","CHM",,,"ER22/2021"
"2377","RQ2109216","10217317","2021-09-21","SUPPLY OF 400 WOOD POLES 11M-CHIMANIMANI",,"0","2021-09-21 14:18:20","../specifications/","ze259373","CHM",,,"ER22/2021"
"2378","RQ21092125","10217320","2021-09-21","SUPPLY OF 100 WOOD POLES 12.6M",,"0","2021-09-21 14:20:20","../specifications/","ze259373","CHM",,,"ER22/2021"
"2379","RQ21092182","10217323","2021-09-21","SUPPLY OF 200 WOOD POLES 9M",,"0","2021-09-21 14:22:35","../specifications/","ze259373","CHM",,,"ER22/2021"
"2380","RQ21092149","10217336","2021-09-21","Fabrication & Installation Of Bull Bars ER2211-CRANE  Msv CSC",,"0","2021-09-22 16:20:46","../specifications/bull bars.pdf","ze44253","MSG",,,"ER16/2021"
"2381","RQ21092289","10216365","2021-09-22","woodpoles   11m ",,"0","2021-09-22 09:22:23","../specifications/","ze276839","ENV",,,"ER22/2021"
"2382","RQ21092298","10216365","2021-09-22","woodpoles   11m ",,"0","2021-09-22 09:22:27","../specifications/","ze276839","ENV",,,"ER22/2021"
"2383","RQ2109226","10216366","2021-09-22","woodpoles 11m",,"0","2021-09-22 09:24:14","../specifications/","ze276839","ENV",,,"ER22/2021"
"2384","RQ21092254","10216366","2021-09-22","woodpoles 11m",,"0","2021-09-22 09:24:37","../specifications/","ze276839","ENV",,,"ER22/2021"
"2385","RQ21092278","10216366","2021-09-22","woodpoles 11m",,"0","2021-09-22 09:24:42","../specifications/","ze276839","ENV",,,"ER22/2021"
"2386","RQ21092259","10216366","2021-09-22","woodpoles 11m",,"0","2021-09-22 09:24:46","../specifications/","ze276839","ENV",,,"ER22/2021"
"2387","RQ21092232","10216367","2021-09-22","wood poles11m",,"0","2021-09-22 09:25:57","../specifications/","ze276839","ENV",,,"ER22/2021"
"2388","RQ21092285","10216368","2021-09-22","woodpoles 11m",,"0","2021-09-22 09:27:16","../specifications/","ze276839","ENV",,,"ER22/2021"
"2389","RQ21092262","10216368","2021-09-22","woodpoles",,"0","2021-09-22 09:28:56","../specifications/","ze276839","ENV",,,"ER22/2021"
"2390","RQ21092233","10216370","2021-09-22","woodpoles 11m",,"0","2021-09-22 09:30:07","../specifications/","ze276839","ENV",,,"ER22/2021"
"2391","RQ21092214","10216371","2021-09-22","woodpoles 11m",,"0","2021-09-22 09:31:35","../specifications/","ze276839","ENV",,,"ER22/2021"
"2392","RQ21092219","10216372","2021-09-22","woodpoles 11m",,"0","2021-09-22 09:32:35","../specifications/","ze276839","ENV",,,"ER22/2021"
"2393","RQ21092269","10216375","2021-09-22","woodpoles 11m",,"0","2021-09-22 09:34:10","../specifications/","ze276839","ENV",,,"ER22/2021"
"2394","RQ21092299","10216375","2021-09-22","woodpoles 11m",,"0","2021-09-22 09:34:15","../specifications/","ze276839","ENV",,,"ER22/2021"
"2395","RQ21092212","10216375","2021-09-22","woodpoles 11m",,"0","2021-09-22 09:34:30","../specifications/","ze276839","ENV",,,"ER22/2021"
"2396","RQ21092250","10216375","2021-09-22","woodpoles 11m",,"0","2021-09-22 09:34:35","../specifications/","ze276839","ENV",,,"ER22/2021"
"2397","RQ21092288","10216375","2021-09-22","woodpoles 11m",,"0","2021-09-22 09:34:38","../specifications/","ze276839","ENV",,,"ER22/2021"
"2398","RQ21092223","10216375","2021-09-22","woodpoles 11m",,"0","2021-09-22 09:34:43","../specifications/","ze276839","ENV",,,"ER22/2021"
"2399","RQ21092280","10216375","2021-09-22","woodpoles 11m",,"0","2021-09-22 09:34:47","../specifications/","ze276839","ENV",,,"ER22/2021"
"2400","RQ21092293","10216375","2021-09-22","woodpoles 11m",,"0","2021-09-22 09:34:54","../specifications/","ze276839","ENV",,,"ER22/2021"
"2401","RQ21092249","10216375","2021-09-22","woodpoles 11m",,"0","2021-09-22 09:34:58","../specifications/","ze276839","ENV",,,"ER22/2021"
"2402","RQ21092228","10216375","2021-09-22","woodpoles 11m",,"0","2021-09-22 09:35:03","../specifications/","ze276839","ENV",,,"ER22/2021"
"2403","RQ21092248","10216375","2021-09-22","woodpoles 11m",,"0","2021-09-22 09:35:08","../specifications/","ze276839","ENV",,,"ER22/2021"
"2404","RQ21092297","10216375","2021-09-22","woodpoles 11m",,"0","2021-09-22 09:35:25","../specifications/","ze276839","ENV",,,"ER22/2021"
"2405","RQ21092252","10216375","2021-09-22","woodpoles 11m",,"0","2021-09-22 09:35:30","../specifications/","ze276839","ENV",,,"ER22/2021"
"2406","RQ21092265","10216375","2021-09-22","woodpoles 11m",,"0","2021-09-22 09:35:35","../specifications/","ze276839","ENV",,,"ER22/2021"
"2407","RQ21092237","10216375","2021-09-22","woodpoles 11m",,"0","2021-09-22 09:35:40","../specifications/","ze276839","ENV",,,"ER22/2021"
"2408","RQ21092274","10216375","2021-09-22","woodpoles 11m",,"0","2021-09-22 09:35:44","../specifications/","ze276839","ENV",,,"ER22/2021"
"2409","RQ21092210","10217440","2021-09-22","lightining arrestor  11kv arrestors",,"0","2021-09-22 11:33:21","../specifications/","ze276839","ENV",,,"ER20/2021"
"2410","RQ21092245","10217440","2021-09-22","lightining arrestor  11kv arrestors",,"0","2021-09-22 11:33:26","../specifications/","ze276839","ENV",,,"ER20/2021"
"2411","RQ21092211","10217440","2021-09-22","lightining arrestor  11kv arrestors",,"0","2021-09-22 11:33:31","../specifications/","ze276839","ENV",,,"ER20/2021"
"2412","RQ21092226","10217483","2021-09-22","Multgrade Engine Oil 15w-40 -Masvingo Garage",,"0","2021-09-22 16:23:53","../specifications/Multgrade Engine Oil 15w.docx","ze44253","MSG",,,"ER16/2021"
"2413","RQ21092724","10217694","2021-09-27","SUPPLY OF 2 X REAR BRAKE CHAMBERS FOR Nissan UD95 ER2192",,"0","2021-09-27 10:54:57","../specifications/SUPPLY OF 2 X REAR BRAKE CHAMBERS NSN UD95.docx","ze301698","GARAGE",,,"ER16/2021"
"2414","RQ21092816","10217757","2021-09-28","245/70R16 Tyres F/No2178",,"0","2021-09-28 08:55:39","../specifications/Tyres 245.docx","ze44253","MSG",,,"ER16/2021"
"2415","RQ21092841","10217758","2021-09-28","245/70R16 Tyres F/No2157 ",,"0","2021-09-28 08:57:19","../specifications/1632812239Tyres 245.docx","ze44253","MSG",,,"ER16/2021"
"2416","RQ21092889","10217759","2021-09-28","245/70R16 Tyres F/No2151",,"0","2021-09-28 08:58:55","../specifications/1632812335Tyres 245.docx","ze44253","MSG",,,"ER16/2021"
"2417","RQ21092864","10217759","2021-09-28","245/70R16 Tyres F/No2151",,"0","2021-09-28 08:59:01","../specifications/1632812341Tyres 245.docx","ze44253","MSG",,,"ER16/2021"
"2418","RQ21092868","10217760","2021-09-28","245/70R16 Tyres F/No 2158",,"0","2021-09-28 09:00:45","../specifications/1632812444Tyres 245.docx","ze44253","MSG",,,"ER16/2021"
"2419","RQ21092872","10217764","2021-09-28","245/70R16 Tyres F/No2106 ",,"0","2021-09-28 09:02:28","../specifications/1632812547Tyres 245.docx","ze44253","MSG",,,"ER16/2021"
"2420","RQ21092947","10217852","2021-09-29","purchase of new tyres size 11R 22.5 for UD95 er2127",,"0","2021-09-29 15:12:01","../specifications/11R 22.5 TYRES.xlsx","ze48941","MTG",,,"ER16/2021"
"2421","RQ21092963","10217904","2021-09-29","ER22/2021 PURCHASE REQUEST FOR 150 X 12.6 METRE WOOD POLES FOR 33KV MKWASINE EAST/WEST LINE MAINTENANCE AND POLE CHANGES [100 POLES TO BE DROPPED AT MKWASINE SUBSTATION AND 50 POLES TO BE DROPPED AT MASHOKO]",,"0","2021-09-29 16:49:09","../specifications/33KV MKWASINE EAST-WEST POLE REQUIREMENTS.jpeg","ze261920","CHR",,,"ER22/2021"
"2422","RQ21100449","10218100","2021-10-04","Purchase of reception desk for Switchboard Operator",,"0","2021-10-04 12:11:51","../specifications/DOCTOR'S SPEC.pdf","ze318833","HR500","ACE21092062","specifications/1632128027ace S Musarurwa DESK.xlsx","ER4/2021"
"2423","RQ21100438","10218111","2021-10-04","PROCUREMENT OF ACID PROOF WORKSUITS FOR MAINTENANCE STAFF GREY COLOUR WITH YELLOW OR LIME GREEN REFLECTORS",,"0","2021-10-04 14:49:00","../specifications/","ze289310","ERM",,,"ER24/2021"
"2424","RQ21100453","10218111","2021-10-04","PROCUREMENT OF ACID PROOF WORKSUITS FOR MAINTENANCE STAFF GREY COLOUR WITH YELLOW OR LIME GREEN REFLECTORS",,"0","2021-10-04 14:49:05","../specifications/","ze289310","ERM",,,"ER24/2021"
"2425","RQ21100463","10218113","2021-10-04","PROCUREMENT OF 2022 ANTI SLIP SAFETY SHOES FOR MAINTENANCE STAFF",,"0","2021-10-04 14:51:28","../specifications/","ze289310","ERM",,,"ER24/2021"
"2426","RQ21100699","10218211","2021-10-05","Purchase of Loss Control Office Desk",,"0","2021-10-06 11:26:19","../specifications/","ze222364","MSD",,,"ER4/2021"
"2427","RQ21100759","10218223","2021-10-05","To purchase office desk and office chair for Chiredzi Commercial Supervisor",,"0","2021-10-07 12:20:49","../specifications/","ze296562","CHR",,,"ER4/2021"
"2428","RQ2110073","10218223","2021-10-05","office desk Chiredzi Commercial supervisor",,"0","2021-10-07 12:26:20","../specifications/20210930_112124 (1).jpg","ze296562","CHR",,,"ER4/2021"
"2429","RQ21100743","10218353","2021-10-07","SUPPLY OF 5 X TYRES, SIZE 265/75R15 FOR ER2208(RUSAPE) TOYOTA VIGO",,"0","2021-10-07 14:36:05","../specifications/TOYOTA VIGO TYRES.docx","ze301698","GARAGE",,,"ER16/2021"
"2430","RQ21100717","10218351","2021-10-07","SUPPLY OF 5 X TYRES FOR ER2042, TOYOTA QUANTUM - SIZE 205/70R15",,"0","2021-10-07 14:38:38","../specifications/TOYOTA QNTM TYRES.docx","ze301698","GARAGE",,,"ER16/2021"
"2431","RQ21100798","10218255","2021-10-07","SUPPLY OF DRAGLINKS FOR NISSAN PK210 ER1037",,"0","2021-10-07 14:41:36","../specifications/DRAGLINKS ER1037.docx","ze301698","GARAGE",,,"ER16/2021"
"2432","RQ21100786","10218254","2021-10-07","SUPPLY OF DRAGLINKS FOR NISSAN PK210 ER1044",,"0","2021-10-07 14:43:01","../specifications/DRAGLINKS ER1044.docx","ze301698","GARAGE",,,"ER16/2021"
"2433","RQ21101383","10218624","2021-10-13","Hiring of 5 x1 Ton Trucks for Rutenga,Mashava,Masvingo and Gutu",,"0","2021-10-13 11:00:08","../specifications/Hiring of Vehicles Masvingo Dist.docx","ze301698","GARAGE",,,"ER16/2021"
"2434","RQ21101394","10218625","2021-10-13","Hiring of 3x i tone trucks for Chipinge, Chimanimani, M/Sabi",,"0","2021-10-13 10:39:20","../specifications/Hiring of Vehicles Chip, Chmni,MS.docx","ze301698","GARAGE",,,"ER16/2021"
"2435","RQ21101358","10218628","2021-10-13","Hiring of 12x 1 tone trucks for Mutare Urban and Mutare Environs",,"0","2021-10-13 10:57:07","../specifications/Hiring of Vehicles Mutare Dist.docx","ze301698","GARAGE",,,"ER16/2021"
"2436","RQ21101326","10218629","2021-10-13","Hiring of 2x 1 tone trucks for Rusape and Nyanga",,"0","2021-10-13 10:47:42","../specifications/Hiring of Vehicles Rspe, Nyanga.docx","ze301698","GARAGE",,,"ER16/2021"
"2437","RQ21101371","10218506","2021-10-11","High back swivel Chair for Commercial Officer - Manicaland",,"0","2021-10-13 13:04:55","../specifications/Swivel Chair for Commercial Officer.pdf","ze269859","MND","ACE21071296","specifications/1626095384SPECIFICATIONS FOR SWIVL CHAIR COMMERCIAL OFFICER.docx","ER4/2020"
"2438","RQ21101345","10218504","2021-10-11","Swivel Chairs for Revenue Assurance Assistant, Depot Clerk and Artisan Assistant Motor Mech - Rusape and Technical Clerk- Manicaland District Office",,"0","2021-10-13 13:06:59","../specifications/Swivel Chair - Commercial (ACE21071495)-Rusape.pdf","ze269859","MND","ACE21071495","specifications/1626266243SPECIFICATIONS FOR SWIVEL CHAIRS.docx","ER4/2021"
"2439","RQ2110137","10218675","2021-10-13","PROCUREMENT OF  Female contacts  for Reyrolle 11kv C-GEAR SWITHCH GEAR",,"0","2021-10-13 14:47:34","../specifications/","ze289310","ERM",,,"ER19/2021"
"2440","RQ21101349","10218677","2021-10-13","PROCUREMENT OF  MALE CONTACT TIPS  FOR REYROLLE 11kv C-GEAR SWITHCH GEAR",,"0","2021-10-13 14:48:58","../specifications/","ze289310","ERM",,,"ER19/2021"
"2441","RQ21101341","10218690","2021-10-13","PROCUREMENT OF TRANSFORMER OIL FOR TRANSFORMER MAINTENANCE 208 L DRUMS",,"0","2021-10-13 16:11:44","../specifications/","ze289310","ERM",,,"ER19/2021"
"2442","RQ21101519","10218849","2021-10-15","high back Swivel chair for Nyanga Clerk-stores",,"0","2021-10-15 12:42:53","../specifications/SPECIFICATIONS FOR SWIVEL CHAIRS.docx","ze243981","NYA","ACE21071258","specifications/1626084111swivel.docx","ER4/2021"
"2443","RQ21101847","10218979","2021-10-18","1 Tonner Truck Vehicle Hire for GIS Data Gathering for 92 days (3 Months) From 1 November 2021 to 31st January 2022",,"0","2021-10-18 15:49:23","../specifications/","ze232696","URB",,,"ER16/2021"
"2444","RQ21101877","10218980","2021-10-18","1 Tonner Truck Vehicle Hire for Mutare Urban Network  Fault Maintenance fro 92 days (3 months) from 1st November 2021 to 31st January 2022",,"0","2021-10-18 15:52:04","../specifications/","ze232696","URB",,,"ER16/2021"
"2445","RQ21101812","10218981","2021-10-18","1 Tonner Truck Vehicle Hire for Mutare Urban Projects for 92 days (3 months) from 1st November 2021 to 31st January 2022",,"0","2021-10-18 15:54:56","../specifications/","ze232696","URB",,,"ER16/2021"
"2446","RQ21101885","10218983","2021-10-18","1 Tonner Truck Vehicle Hire for Mutare Urban Overhead Line Maintenance for 92 days (3 months) from 1st November 2021 to 31st January 2022",,"0","2021-10-18 15:56:52","../specifications/","ze232696","URB",,,"ER16/2021"
"2447","RQ21101938","10218903","2021-10-19","ER16/2021 PURCHASE REQUEST FOR PROCUREMENT OF HIRE OF TRANSPORT SERVICES-3XPICK-UP TRUCKS FOR SDE, LOSS CONTROLLER AND OPERATORS AT CHIREDZI DEPOT FOR 92 DAYS [3-MONTHS FROM 01.11.2021 TO 31.01.2022]",,"0","2021-10-19 08:33:16","../specifications/HIRE OF TRANSPORT CHIREDZI.jpg","ze261920","CHR",,,"ER16/2021"
"2448","RQ21101965","10218903","2021-10-19","ER16/2021 PURCHASE REQUEST FOR PROCUREMENT OF HIRE OF TRANSPORT SERVICES OF 2XT-TONNE LORRIES FOR LINE CREW 1&2 AT CHIREDZI DEPOT FOR 92 DAYS [3-MONTHS FROM 01.11.2021 TO 31.01.2022]",,"0","2021-10-19 08:38:25","../specifications/1634625505HIRE OF TRANSPORT CHIREDZI.jpg","ze261920","CHR",,,"ER16/2021"
"2449","RQ21101971","10218995","2021-10-19","8 tonne lory hire for 30 days",,"0","2021-10-19 09:02:21","../specifications/","ze7013","RUT",,,"ER16/2021"
"2450","RQ21101937","10218998","2021-10-19","8 tonne lory hire for 90 days",,"0","2021-10-19 09:04:26","../specifications/","ze7013","RUT",,,"ER16/2021"
"2451","RQ21101995","10218921","2021-10-18","FIRST AID TRAINING FOR REGIONAL OFFICE AND MANICALAND EMPLOYEES",,"0","2021-10-19 10:15:36","../specifications/1634631336FIRST AID TRAINING SPECIFICATIONS.docx","ze247200","HR500",,,"ER24/2021"
"2452","RQ21101967","10218935","2021-10-18","Siting,Drilling,Caing and Installation of borehole at Nyanga Depot",,"0","2021-10-19 10:55:59","../specifications/ACE - Borehole - Nyanga.pdf","ze269859","MND","ACE21060446","specifications/1622810605Specications for Boreholes.docx","ER7/2021"
"2453","RQ21101958","10218933","2021-10-18","Siting,drilling,casing and installation of borehole at Chipinge depot",,"0","2021-10-19 10:57:19","../specifications/ACE - Borehole - Chipinge.pdf","ze269859","MND","ACE21060462","specifications/1622810808Specications for Boreholes.docx","ER7/2021"
"2454","RQ21101936","10218934","2021-10-18","Siting,Drilling ,Casing and Installation of borehole at Chimanimani Depot",,"0","2021-10-19 10:59:16","../specifications/ACE - Borehole - Chimanimani.pdf","ze269859","MND","ACE21060489","specifications/1622810703Specications for Boreholes.docx","ER7/2021"
"2455","RQ21101933","10219023","2021-10-19","FIRST AID TRAINING FOR MASVINGO DISTRICT EMPLOYEES",,"0","2021-10-19 11:03:37","../specifications/1634634217FIRST AID TRAINING SPECIFICATIONS.docx","ze247200","HR500",,,"ER24/2021"
"2456","RQ21101953","10219023","2021-10-19","FIRST AID TRAINING FOR MASVINGO DISTRICT EMPLOYEES",,"0","2021-10-19 11:31:12","../specifications/1634635856FIRST AID TRAINING SPECIFICATIONS.docx","ze247200","HR500",,,"ER24/2021"
"2457","RQ2110194","10218919","2021-10-18","AUTOMATIC HAND SANITISER DISPENSER ",,"0","2021-10-19 12:12:26","../specifications/1634638346AUTOMATIC HAND SANITISER DISPENSER SPECIFICATIONS.docx","ze247200","HR500",,,"ER24/2021"
"2458","RQ21102013","10219109","2021-10-20","upgrade of solar power system for Senior guest house",,"0","2021-10-20 09:47:17","../specifications/SPEC FOR SOLAR 20 MIILLER AND GUEST HOUSES.xlsx","ze318833","HR500","ACE21092193","specifications/1632231458SPEC FOR SOLAR 20 MIILLER AND GUEST HOUSES.xlsx","ER7/2020"
"2459","RQ21102035","10219111","2021-10-20","Upgrade of solar power system for Nyanga Executive guest house",,"0","2021-10-20 09:49:14","../specifications/1634716154SPEC FOR SOLAR 20 MIILLER AND GUEST HOUSES.xlsx","ze318833","HR500","ACE2109219","specifications/1632231345SPEC FOR SOLAR 20 MIILLER AND GUEST HOUSES.xlsx","ER7/2020"
"2460","RQ21102010","10219112","2021-10-20","Upgrade of solar power system for 20 Miller Morningside from the initial 3kva to 5kva",,"0","2021-10-20 09:50:56","../specifications/1634716256SPEC FOR SOLAR 20 MIILLER AND GUEST HOUSES.xlsx","ze318833","HR500","ACE21092178","specifications/1632231236SPEC FOR SOLAR 20 MIILLER AND GUEST HOUSES.xlsx","ER7/2020"
"2461","RQ21102093","10219210","2021-10-20","Purchase of a HPE 2TB SATA 7.2K LFF S MV HDD for Eastern Region Active Directory Server",,"0","2021-10-20 15:01:51","../specifications/HDD FOR EASTERN ACTIVE DIRECTORY SERVER.docx","ze297232","IT100",,,"ER6/2021"
"2462","RQ21102146","10219275","2021-10-21","ER16/2021 PURCHASE REQUEST FOR PROCUREMENT OF 3 PICK-UP TRUCKS FOR [SDE, LOSS CONTROLLER AND OPERATORS] FOR OPERATIONS AT CHIREDZI DEPOT",,"0","2021-10-21 11:59:40","../specifications/1634810380HIRE OF TRANSPORT CHIREDZI.jpg","ze261920","CHR",,,"ER16/2021"
"2463","RQ21102170","10219239","2021-10-21","Servicing for fire extinguishers for Manicaland District",,"0","2021-10-21 14:53:56","../specifications/MANICALAND DIST FIRE FIGHTING EQUIPMENT SERVICING SPECIFICATION.docx","ze247200","HR500",,,"ER24/2021"
"2464","RQ21102196","10219297","2021-10-21","SERVICING OF FIRE EXTINGUISHERS FOR MEGAWATT, NETWORK DEVELOPMENT, MAINTENANCE WORKSHOP AND MUTARE GARAGE",,"0","2021-10-21 15:17:46","../specifications/REGIONAL OFFICE FIRE FIGHTING EQUIPMENT SERVICING SPECIFICATION.docx","ze247200","HR500",,,"ER24/2021"
"2465","RQ2110216","10219305","2021-10-21","Cement for Masvingo csc",,"0","2021-10-21 16:21:49","../specifications/cement.jpg","ze350214","MSV",,,"ER7/2021"
"2466","RQ21102528","10219422","2021-10-25","purchase of water pump for np300 er2183",,"0","2021-10-25 11:42:58","../specifications/Amtec er2183.jpg","ze48941","MTG",,,"ER16/2021"
"2467","RQ21102750","10219536","2021-10-26","4 IN 1; MULTI-FUNCTIONAL PRINTER",,"0","2021-10-27 08:02:22","../specifications/Printer Hardware Specifications.docx","ze293598","MTD","ACE21100553","specifications/16334146041632383059Printer Hardware Specifications.docx","ER4/2021"
"2468","RQ21102769","10219593","2021-10-27","4*1 Tonne trucks to cover Masvingo depot on faults, connections, inspection, and maintenance ",,"0","2021-10-27 12:50:16","../specifications/HIRED VEHICLE.xlsx","ze350214","MSV",,,"ER5/2021"
"2469","RQ2110276","10219604","2021-10-27","Tyres for Honda Fit for Sales Executive Mutare ",,"0","2021-10-27 15:15:00","../specifications/Protyre.pdf","ze244635","MTD",,,"ER5/2021"
"2470","RQ21102897","10219640","2021-10-28","VEHICLE HIRE FOR 92 DAYS FOR MUTARE DISTRICT INSPECTIONS",,"0","2021-10-28 10:56:09","../specifications/","ze261297","MTD",,,"ER5/2021"
"2471","RQ21102820","10219686","2021-10-27","purchase of top and lower ball joint, track rod for np300 er2146",,"0","2021-10-28 14:36:15","../specifications/Amtec er2146.jpg","ze48941","MTG",,,"ER16/2021"
"2472","RQ21102812","10219700","2021-10-28","PURCHASE OF 10* SWIVEL CHAIRS (HRO,ADMIN OFFICER,ADMIN CLERK,ACCOUNTS CLERK*4,COMMERCIAL ENG&RISK OFFICER*2)",,"0","2021-10-28 15:08:30","../specifications/ACE 10 CHAIRS.docx","ze318833","HR500","ACE21101911","specifications/1634637255ace explanatory notes.xlsx","ER4/2020"
"2473","RQ21102830","10219695","2021-10-28"," Vehicle hire for Mutare Environs ",,"0","2021-10-28 16:08:20","../specifications/vihicle hire for 3 months.xlsx","ze276839","ENV",,,"ER16/2021"
"2474","RQ21102827","10219695","2021-10-28"," Vehicle hire for Mutare Environs ",,"0","2021-10-28 16:08:24","../specifications/1635430104vihicle hire for 3 months.xlsx","ze276839","ENV",,,"ER16/2021"
"2475","RQ21102850","10219684","2021-10-28","Vehicle hire for Mutare Environs ",,"0","2021-10-28 16:10:34","../specifications/1635430234vihicle hire for 3 months.xlsx","ze276839","ENV",,,"ER16/2021"
"2476","RQ21102865","10219685","2021-10-28","Vehicle hire for Mutare Environs, GIS",,"0","2021-10-28 16:13:10","../specifications/1635430389vihicle hire for 3 months.xlsx","ze276839","ENV",,,"ER16/2021"
"2477","RQ21102817","10219687","2021-10-28","Vehicle Hire for Mutare Environs ",,"0","2021-10-28 16:16:24","../specifications/1635430584vihicle hire for 3 months.xlsx","ze276839","ENV",,,"ER16/2021"
"2478","RQ21102884","10219687","2021-10-28","Vehicle Hire for Mutare Environs ",,"0","2021-10-28 16:16:28","../specifications/1635430588vihicle hire for 3 months.xlsx","ze276839","ENV",,,"ER16/2021"
"2479","RQ21102978","10219736","2021-10-29","NEW CCTV FOR MASVINGO BANKING HALL",,"0","2021-10-29 12:11:17","../specifications/IP CCTV quote 1.pdf","ze259128","MSD",,,"ER6/2021"
"2480","RQ21102961","10219767","2021-10-29","LAPTOPS FOR ACCOUNTING OFFICER REVENUE ASSURANCE & COSTS",,"0","2021-10-29 12:25:22","../specifications/Core i5 Specifications 2021-09-16.docx","ze259128","MSD","ACE21101313","specifications/1634120896ACE_AccountingOfficer_MSV.docx","ER6/2021"
"2481","RQ21102954","10219770","2021-10-29","Laptop for Masvingo Loss Control Officer",,"0","2021-10-29 12:31:55","../specifications/LossControlLaptop_ACE.docx","ze259128","MSD","ACE21101355","specifications/1634120298LossControlLaptop_ACE.docx","ER6/2021"
"2482","RQ21102997","10219772","2021-10-29","Laptop for Masvingo Secretary",,"0","2021-10-29 12:37:22","../specifications/1635503841Core i5 Specifications 2021-09-16.docx","ze259128","MSD","ACE21101323","specifications/1634132607Laptop_Secretary.docx","ER6/2021"
"2483","RQ21102970","10219772","2021-10-29","Laptop for Masvingo Secretary",,"0","2021-10-29 12:37:28","../specifications/1635503848Core i5 Specifications 2021-09-16.docx","ze259128","MSD","ACE21101323",,"ER6/2021"
"2488","RQ21110276","10219716","2021-11-02","Borehole Drilling, Siting, Equipment and Casing and capacity testing					
 (Electrical Pump Installation - includes submersible pump, control box, pressure tank, plumbing piping and connections, all electrical, fix and supply)					
NYANGA EXECUTIVE GUES",,"0","2021-11-02 15:14:16","../specifications/ACE NYANGA EXEC GUEST HOUSE.docx","ze318833","HR500","ACE21060476","specifications/1622802319NYANGA EXEC GUEST HOUSE BOREHOLE explanatory report.xlsx","ER7/2020"
"2489","RQ21110233","10219717","2021-11-02","Borehole Drilling, Siting, Equipment and Casing and capacity testing					
 (Electrical Pump Installation - includes submersible pump, control box, pressure tank, plumbing piping and connections, all electrical, fix and supply)					
snr guest house Nyanga",,"0","2021-11-02 15:42:03","../specifications/ACE NYANGA SENIOR GUEST HSE BOREHOLE.docx","ze318833","HR500","ACE21060443","specifications/1622802455NYANGA SNR GUEST HOUSE BOREHOLE explanatory report.xlsx","ER7/2020"
"2490","RQ21110265","10219717","2021-11-02","Borehole Drilling, Siting, Equipment and Casing and capacity testing					
 (Electrical Pump Installation - includes submersible pump, control box, pressure tank, plumbing piping and connections, all electrical, fix and supply)					
snr guest house Nyanga",,"0","2021-11-02 15:43:53","../specifications/1635860633ACE NYANGA SENIOR GUEST HSE BOREHOLE.docx","ze318833","HR500","ACE21060443",,"ER7/2020"
"2491","RQ21110284","10219717","2021-11-02","Borehole Drilling, Siting, Equipment and Casing and capacity testing					
 (Electrical Pump Installation - includes submersible pump, control box, pressure tank, plumbing piping and connections, all electrical, fix and supply)					
snr guest house Nyanga",,"0","2021-11-02 15:44:02","../specifications/1635860642ACE NYANGA SENIOR GUEST HSE BOREHOLE.docx","ze318833","HR500","ACE21060443",,"ER7/2020"
"2492","RQ21110288","10217892","2021-09-29","Purchase 4 x Cellphones for Engineers and Technicians - Network Development Section",,"0","2021-11-02 15:47:13","../specifications/","ze336912","MND",,,"ER3/2021"
"2493","RQ2111023","10217892","2021-09-29","Purchase 4 x Cellphones for Engineers and Technicians - Network Development Section",,"0","2021-11-02 15:57:46","../specifications/","ze336912","MND",,,"ER3/2021"
"2494","RQ21110248","10219918","2021-11-02","ER16/2021 PURCHASE REQUEST FOR PROCUREMENT OF HIRE OF TRANSPORT SERVICES [1XPICK-UP TRUCK] FOR COMMERCIAL AND ENGINEERING ACTIVITIES [METER INSPECTIONS, NEW POINTS OF SUPPLY/CONNECTIONS AND FAULT MAINTENANCE] FOR A PERIOD OF 3-MONTHS [92 DAYS] FROM 1 NOVEMBER 2021 TO 31 JANUARY 2022 AT CHIREDZI DEPOT",,"0","2021-11-02 22:08:12","../specifications/VEHICLE REQUIREMENTS FOR HIRE 02-Nov-2021 11-20-25.pdf","ze261920","CHR",,,"ER16/2021"
"2495","RQ21110246","10219918","2021-11-02","ER16/2021 PURCHASE REQUEST FOR PROCUREMENT OF HIRE OF TRANSPORT SERVICES [1XPICK-UP TRUCK] FOR COMMERCIAL AND ENGINEERING ACTIVITIES [METER INSPECTIONS, NEW POINTS OF SUPPLY/CONNECTIONS AND FAULT MAINTENANCE] FOR A PERIOD OF 3-MONTHS [92 DAYS] FROM 1 NOVEMBER 2021 TO 31 JANUARY 2022 AT CHIREDZI DEPOT",,"0","2021-11-02 22:08:37","../specifications/1635883717VEHICLE REQUIREMENTS FOR HIRE 02-Nov-2021 11-20-25.pdf","ze261920","CHR",,,"ER16/2021"
"2496","RQ21110299","10219918","2021-11-02","ER16/2021 PURCHASE REQUEST FOR PROCUREMENT OF HIRE OF TRANSPORT SERVICES [1XPICK-UP TRUCK] FOR COMMERCIAL AND ENGINEERING ACTIVITIES [METER INSPECTIONS, NEW POINTS OF SUPPLY/CONNECTIONS AND FAULT MAINTENANCE] FOR A PERIOD OF 3-MONTHS [92 DAYS] FROM 1 NOVEMBER 2021 TO 31 JANUARY 2022 AT CHIREDZI DEPOT",,"0","2021-11-02 22:08:56","../specifications/1635883736VEHICLE REQUIREMENTS FOR HIRE 02-Nov-2021 11-20-25.pdf","ze261920","CHR",,,"ER16/2021"
"2497","RQ21110210","10219918","2021-11-02","ER16/2021 PURCHASE REQUEST FOR PROCUREMENT OF HIRE OF TRANSPORT SERVICES [1XPICK-UP TRUCK] FOR COMMERCIAL AND ENGINEERING ACTIVITIES [METER INSPECTIONS, NEW POINTS OF SUPPLY/CONNECTIONS AND FAULT MAINTENANCE] FOR A PERIOD OF 3-MONTHS [92 DAYS] FROM 1 NOVEMBER 2021 TO 31 JANUARY 2022 AT CHIREDZI DEPOT",,"0","2021-11-02 22:09:30","../specifications/1635883770VEHICLE REQUIREMENTS FOR HIRE 02-Nov-2021 11-20-25.pdf","ze261920","CHR",,,"ER16/2021"
"2498","RQ21110214","10219918","2021-11-02","ER16/2021 PURCHASE REQUEST FOR PROCUREMENT OF HIRE OF TRANSPORT SERVICES [1XPICK-UP TRUCK] FOR COMMERCIAL AND ENGINEERING ACTIVITIES [METER INSPECTIONS, NEW POINTS OF SUPPLY/CONNECTIONS AND FAULT MAINTENANCE] FOR 3-MONTHS [92 DAYS FROM 1 NOVEMBER 2021 TO 31 JANUARY 2022] AT CHIREDZI DEPOT",,"0","2021-11-02 22:13:48","../specifications/1635884028VEHICLE REQUIREMENTS FOR HIRE 02-Nov-2021 11-20-25.pdf","ze261920","CHR",,,"ER16/2021"
"2499","RQ21110369","10219918","2021-11-02","ER16/2021 PURCHASE REQUEST FOR PROCUREMENT OF HIRE OF TRANSPORT [1XPICK-UP TRUCK] FOR COMMERCIAL AND ENGINEERING ACTIVITIES [METER INSPECTIONS, NEW POINTS OF SUPPLY/CONNECTIONS AND FAULT MAINTENANCE] FOR 92 DAYS [3-MONTHS FROM 1 NOVEMBER 2021 TO 31 JANUARY 2022] AT CHIREDZI DEPOT",,"0","2021-11-03 10:19:45","../specifications/1635927585VEHICLE REQUIREMENTS FOR HIRE 02-Nov-2021 11-20-25.pdf","ze261920","CHR",,,"ER16/2021"
"2500","RQ21110355","10219918","2021-11-02","ER16/2021 PURCHASE REQUEST FOR PROCUREMENT OF HIRE OF TRANSPORT [1XPICK-UP TRUCK] FOR COMMERCIAL AND ENGINEERING ACTIVITIES [METER INSPECTIONS, NEW POINTS OF SUPPLY/CONNECTIONS AND FAULT MAINTENANCE] FOR 92 DAYS [3-MONTHS FROM 1 NOVEMBER 2021 TO 31 JANUARY 2022] AT CHIREDZI DEPOT",,"0","2021-11-03 10:20:12","../specifications/1635927612VEHICLE REQUIREMENTS FOR HIRE 02-Nov-2021 11-20-25.pdf","ze261920","CHR",,,"ER16/2021"
"2501","RQ21110322","10219918","2021-11-02","ER16/2021 PURCHASE REQUEST FOR PROCUREMENT OF HIRE OF TRANSPORT [1XPICK-UP TRUCK] FOR COMMERCIAL AND ENGINEERING ACTIVITIES [METER INSPECTIONS, NEW POINTS OF SUPPLY/CONNECTIONS AND FAULT MAINTENANCE] FOR 92 DAYS [3-MONTHS FROM 1 NOVEMBER 2021 TO 31 JANUARY 2022] AT CHIREDZI DEPOT",,"0","2021-11-03 10:20:19","../specifications/1635927619VEHICLE REQUIREMENTS FOR HIRE 02-Nov-2021 11-20-25.pdf","ze261920","CHR",,,"ER16/2021"
"2502","RQ21110333","10219918","2021-11-02","ER16/2021 PURCHASE REQUEST FOR PROCUREMENT OF HIRE OF TRANSPORT SERVICES FOR COMMERCIAL AND ENGINEERING ACTIVITIES [METER INSPECTIONS, NEW POINTS OF SUPPLY/CONNECTIONS AND FAULT MAINTENANCE] FOR 92 DAYS [3-MONTHS FROM 1 NOVEMBER 2021 TO 31 JANUARY 2022] AT CHIREDZI DEPOT",,"0","2021-11-03 10:26:13","../specifications/1635927973VEHICLE REQUIREMENTS FOR HIRE 02-Nov-2021 11-20-25.pdf","ze261920","CHR",,,"ER16/2021"
"2503","RQ21110317","10220067","2021-11-03","FACE MASKS",,"0","2021-11-03 12:08:45","../specifications/1635934125FACE MASK SPECIFICATION.docx","ze247200","HR500",,,"ER24/2021"
"2504","RQ21110365","10220067","2021-11-03","FACE MASKS FOR THE REGION",,"0","2021-11-03 14:17:24","../specifications/1635941844FACE MASK SPECIFICATION.docx","ze247200","HR500",,,"ER24/2021"
"2505","RQ2111035","10220068","2021-11-03","5L HAND SANITISERS FOR THE REGION",,"0","2021-11-03 14:22:09","../specifications/16359421295L HAND SANITISER SPECIFICATION.docx","ze247200","HR500",,,"ER24/2021"
"2506","RQ21110357","10220104","2021-11-03","Purchase of a 4-in-one colour printer for the Accounting Officer Stores",,"0","2021-11-03 15:57:56","../specifications/Printer Spec for 4-in-1 Colour.docx","ze297232","IT100","ACE21102620","specifications/1635256774Printer Spec for 4-in-1 Colour.docx","ER6/2021"
"2507","RQ2111036","10220104","2021-11-03","Purchase of a 4-in-one colour printer for the Accounting Officer Stores",,"0","2021-11-03 15:58:38","../specifications/1635947918Printer Spec for 4-in-1 Colour.docx","ze297232","IT100","ACE21102620",,"ER6/2021"
"2508","RQ21110395","10220104","2021-11-03","Purchase of a 4-in-one colour printer for the Accounting Officer Stores",,"0","2021-11-03 15:59:28","../specifications/1635947968Printer Spec for 4-in-1 Colour.docx","ze297232","IT100","ACE21102620",,"ER6/2021"
"2509","RQ21110373","10220103","2021-11-03","Purchase of a Laptop for the Procurement Administrator Eastern",,"0","2021-11-03 16:04:27","../specifications/HP Envy  x360 specification.docx","ze297232","IT100","ACE21102120","specifications/1634814729HP Envy  x360 specification.docx","ER6/2021"
"2510","RQ21110374","10220108","2021-11-03","Purchase of four (4) laptops for Admin Officer, Risk Officer, Loss Controller & EM Secretary",,"0","2021-11-03 16:08:28","../specifications/1635948508HP 450 Laptop Specifications.docx","ze297232","IT100","ACE2110202","specifications/1634763191Laptops for Admin Off, EM Sec, Risk Off & Loss Controller 21-10-20.docx","ER6/2021"
"2511","RQ21110376","10220112","2021-11-03","Purchase three (3) laptops for the Accountant Manicaland, PO Manicaland and Commercial Manager's Secretary",,"0","2021-11-03 16:10:51","../specifications/1635948651HP 450 Laptop Specifications.docx","ze297232","IT100","ACE21102083","specifications/1634761644HP 450 Laptop Specifications.docx","ER6/2021"
"2512","RQ21110488","10219918","2021-11-02","ER16/2021 PURCHASE REQUEST FOR PROCUREMENT OF HIRE OF TRANSPORT SERVICES FOR COMMERCIAL AND ENGINEERING ACTIVITIES [METER INSPECTIONS, NEW POINTS OF SUPPLY/CONNECTIONS AND FAULT MAINTENANCE] FOR 92 DAYS [3-MONTHS FROM 1 NOVEMBER 2022 TO 31 JANUARY 2022] AT CHIREDZI DEPOT",,"0","2021-11-04 09:58:37","../specifications/1636012717VEHICLE REQUIREMENTS FOR HIRE 02-Nov-2021 11-20-25.pdf","ze261920","CHR",,,"ER16/2021"
"2513","RQ21110491","10219918","2021-11-02","ER16/2021 PURCHASE REQUEST FOR PROCUREMENT OF HIRE OF TRANSPORT SERVICES FOR COMMERCIAL AND ENGINEERING ACTIVITIES [METER INSPECTIONS, NEW POINTS OF SUPPLY/CONNECTIONS AND FAULT MAINTENANCE] FOR 92 DAYS [3-MONTHS FROM 1 NOVEMBER 2021 TO 31 JANUARY 2022] AT CHIREDZI DEPOT",,"0","2021-11-04 10:06:39","../specifications/1636013199VEHICLE REQUIREMENTS FOR HIRE 02-Nov-2021 11-20-25.pdf","ze261920","CHR",,,"ER16/2021"
"2514","RQ21110492",,"2021-11-02","Duplicate",,"0","2021-11-04 20:28:46","../specifications/Trucks hire4.docx","ze56120","RSP",,,"ER16/2021"
"2515","RQ21110441","10220043","2021-11-02","7 tonne truck for Rusape /Murambinda Depot ",,"0","2021-11-04 20:31:20","../specifications/1636049794Trucks hire4.docx","ze56120","RSP",,,"ER16/2021"
"2516","RQ21110458",,"2021-11-02","Duplicate",,"0","2021-11-04 20:27:32","../specifications/1636049800Trucks hire4.docx","ze56120","RSP",,,"ER16/2021"
"2517","RQ21110476",,"2021-11-02","Duplicate",,"0","2021-11-04 20:28:22","../specifications/1636049806Trucks hire4.docx","ze56120","RSP",,,"ER16/2021"
"2518","RQ21110462",,"2021-11-02","Duplicate",,"0","2021-11-04 20:27:54","../specifications/1636049810Trucks hire4.docx","ze56120","RSP",,,"ER16/2021"
"2519","RQ21110426","10220042","2021-11-02","Transport hire 1 Tonne for Rusape Loss Control",,"0","2021-11-04 20:19:53","../specifications/Trucks hire2.docx","ze56120","RSP",,,"ER16/2021"
"2520","RQ21110493",,"2021-11-02","Duplicate",,"0","2021-11-04 20:29:54","../specifications/1636050002Trucks hire2.docx","ze56120","RSP",,,"ER16/2021"
"2521","RQ21110436",,"2021-11-02","Duplicate",,"0","2021-11-04 20:27:03","../specifications/1636050015Trucks hire2.docx","ze56120","RSP",,,"ER16/2021"
"2522","RQ21110495",,"2021-11-02","Duplicate",,"0","2021-11-04 20:30:41","../specifications/Trucks hire1.docx","ze56120","RSP",,,"ER16/2021"
"2523","RQ2111049","10220041","2021-11-02","Transport hire 1 Tonne truck Rusape/Murambinda Depot Commercial",,"0","2021-11-04 20:22:40","../specifications/1636050160Trucks hire1.docx","ze56120","RSP",,,"ER16/2021"
"2524","RQ21110484","10220040","2021-11-02","Transport hire 1 Tonne truck Rusape/Murambinda Depot",,"0","2021-11-04 20:24:21","../specifications/Trucks hire3.docx","ze56120","RSP",,,"ER16/2021"
"2525","RQ21110438","10220039","2021-11-02","Transport hire 1 Tonne truck Rusape/Murambinda Depot ",,"0","2021-11-04 20:25:50","../specifications/Trucks hire.docx","ze56120","RSP",,,"ER16/2021"
"2526","RQ21110525","10220219","2021-11-05","Procurement of 2 x GIS tools for GIS data capture -Manicaland District",,"0","2021-11-05 10:55:53","../specifications/GIS DATA COLLECTION TOOL SPECIFICATION.docx","ze262706","MND",,,"ER8/2021"
"2527","RQ21110575","10220231","2021-11-05","BEING I TONNE TRUCK HIRE FOR OPERATIONS,FAULTS ,S/S MAINTANANCE ,TX WELDING",,"0","2021-11-05 12:35:21","../specifications/","ze262730","MSB",,,"ER16/2021"
"2528","RQ21110510","10220235","2021-11-05","BEING 1 TONNE TRUCK HIRE FOR OUTSTANDING ZERO PURCHASES POINTS {3MNTHS}",,"0","2021-11-05 12:39:50","../specifications/","ze262730","MSB",,,"ER16/2021"
"2529","RQ21110552","10219918","2021-11-02","ER16/2021 PURCHASE REQUEST FOR PROCUREMENT OF HIRE OF TRANSPORT SERVICES [1XPICK-UP TRUCK] FOR COMMERCIAL AND ENGINEERING ACTIVITIES [METER INSPECTIONS, NEW POINTS OF SUPPLY/CONNECTIONS AND FAULT MAINTENANCE FOR 92 DAYS [3-MONTHS FROM 1 NOVEMBER 2021 TO 31 JANUARY 2022] AT CHIREDZI DEPOT",,"0","2021-11-05 14:34:09","../specifications/1636115649VEHICLE REQUIREMENTS FOR HIRE 02-Nov-2021 11-20-25.pdf","ze261920","CHR",,,"ER16/2021"
"2530","RQ21110586","10220261","2021-11-05","SAFETY PERFORMANCE BOARD",,"0","2021-11-05 14:59:59","../specifications/SAFETY PERFORMANCE BOARD SPECIFICATIONS.docx","ze247200","HR500",,,"ER24/2021"
"2531","RQ21110898","10220088","2021-11-03","replace floor tiles at depot offices",,"0","2021-11-08 11:29:21","../specifications/Capture 2.PNG","ze7013","RUT",,,"ER19/2021"
"2532","RQ21110862","10219858","2021-11-03","Toilet pan and cistern for std 141 rutenga",,"0","2021-11-08 12:15:26","../specifications/1636366526Capture 2.PNG","ze7013","RUT",,,"ER19/2021"
"2533","RQ21110853","10219843","2021-11-03","Paint for centre durawall",,"0","2021-11-08 12:34:06","../specifications/Capture 3.PNG","ze333220","RUT",,,"ER7/2021"
"2534","RQ2111081","10219843","2021-11-03","Paint for centre durawall",,"0","2021-11-08 12:36:39","../specifications/1636367799Capture 3.PNG","ze333220","RUT",,,"ER7/2021"
"2535","RQ21110837","10219843","2021-11-03","Paint for centre durawall",,"0","2021-11-08 12:36:58","../specifications/1636367818Capture 3.PNG","ze333220","RUT",,,"ER7/2021"
"2536","RQ21110840","10219843","2021-11-03","Paint for centre durawall",,"0","2021-11-08 12:36:59","../specifications/1636367819Capture 3.PNG","ze333220","RUT",,,"ER7/2021"
"2537","RQ21110871","10220355","2021-11-08","P30 Lite Huawei Cellphone Handset for the Commercial Manager",,"0","2021-11-08 13:11:29","../specifications/","ze265276","COM700",,,"ER12/2021"
"2538","RQ21110811","10220345","2021-11-08","HEAVY VEHICLE HIRE FOR 3 MONTHS - NOVEMBER  2021 - JANUARY 2022",,"0","2021-11-08 13:16:41","../specifications/","ze276839","ENV",,,"ER16/2021"
"2539","RQ21110892","10220345","2021-11-08","HEAVY VEHICLE HIRE FOR 90 DAYS FOR OPERATIONS, MAINTENANCE AND CONSTRUCTION ACTIVITIES",,"0","2021-11-08 13:27:00","../specifications/HEAVY VEHICLE HIRE.xlsx","ze276839","ENV",,,"ER16/2021"
"2540","RQ21110829","10220347","2021-11-08","HEAVYB VEHICLE HIRE FOR 90 DAYS FOR OPERATIONS, MAINTENANCE AND CONSTRUCTION ACTIVITIES GANG 2",,"0","2021-11-08 13:30:17","../specifications/1636371017HEAVY VEHICLE HIRE.xlsx","ze276839","ENV",,,"ER16/2021"
"2541","RQ21110852","10219841","2021-11-02","Paint for centre durawall",,"0","2021-11-08 14:55:44","../specifications/Capture 10.PNG","ze7013","RUT",,,"ER7/2021"
"2542","RQ21110845","10219841","2021-11-02","Paint for centre durawall",,"0","2021-11-08 14:57:34","../specifications/1636376254Capture 10.PNG","ze7013","RUT",,,"ER7/2021"
"2543","RQ21110832","10219841","2021-11-02","Paint for centre durawall",,"0","2021-11-08 14:57:53","../specifications/1636376273Capture 10.PNG","ze7013","RUT",,,"ER7/2021"
"2544","RQ21110897","10219838","2021-11-03","Paint for centre durawall",,"0","2021-11-08 15:00:47","../specifications/Capture 11.PNG","ze7013","RUT",,,"ER7/2021"
"2545","RQ21110834","10219838","2021-11-03","Paint for centre durawall",,"0","2021-11-08 15:24:48","../specifications/1636377888Capture 11.PNG","ze7013","RUT",,,"ER7/2021"
"2546","RQ21110826","10219835","2021-11-02","paint for centre durawall",,"0","2021-11-08 15:28:54","../specifications/1636378134Capture 11.PNG","ze7013","RUT",,,"ER7/2021"
"2547","RQ21110880","10219833","2021-11-03","printer,scanner ,copy for rutenga  depot",,"0","2021-11-08 16:23:18","../specifications/Capture20.PNG","ze7013","RUT",,,"ER4/2021"
"2548","RQ21110971","10220475","2021-11-09","Purchase of linksticks for Rusape and Murambinda Artisans",,"0","2021-11-09 15:16:10","../specifications/Purchase of Linksticks.pdf","ze56120","RSP",,,"ER23/2021"
"2549","RQ21111029","10220501","2021-11-09","SUPPLY AND DELIVERY OF TELESCOPES LINK STICKS",,"0","2021-11-10 15:07:17","../specifications/RFQ-Telescopic link sticks for masvingo district.docx","ze350214","MSV",,,"ER23/2021"
"2550","RQ21111068","10219625","2021-11-01","FIX AND SUPPLY BLINDS FOR BUYING OFFICE",,"0","2021-11-10 16:29:39","../specifications/specifications blinds.docx","ze265261","FM300",,,"ER24/2021"
"2551","RQ21111093","10219536","2021-10-26","4 IN 1; MULTI-FUNCTIONAL PRINTER",,"0","2021-11-10 18:04:27","../specifications/SPEC AND ACE.pdf","ze293598","MTD","ACE21100553","specifications/16334146041632383059Printer Hardware Specifications.docx","ER11/2021"
"2552","RQ21111091","10219536","2021-10-26","4 IN 1; MULTI-FUNCTIONAL PRINTER",,"0","2021-11-10 18:04:52","../specifications/1636560292SPEC AND ACE.pdf","ze293598","MTD","ACE21100553",,"ER11/2021"
"2553","RQ21111535","10220759","2021-11-15","purchase of Linksticks for Nyanga csc",,"0","2021-11-15 10:43:58","../specifications/","ze243981","NYA",,,"ER23/2021"
"2554","RQ21111522","10220759","2021-11-15","purchase of Linksticks for Nyanga csc",,"0","2021-11-15 10:44:07","../specifications/","ze243981","NYA",,,"ER23/2021"
"2555","RQ21111597","10220759","2021-11-15","purchase of Linksticks for Nyanga csc",,"0","2021-11-15 10:44:12","../specifications/","ze243981","NYA",,,"ER23/2021"
"2556","RQ21111542","10220759","2021-11-15","purchase of Linksticks for Nyanga csc",,"0","2021-11-15 10:45:51","../specifications/","ze243981","NYA",,,"ER23/2021"
"2557","RQ21111595","10220715","2021-11-12","Photos (Camerma) LSA 2021 for RO, Mutare & Manicaland Ceremony ",,"0","2021-11-15 11:19:01","../specifications/","ze223670","HR500",,,"ER15/2021"
"2558","RQ21111534","10220715","2021-11-12","Photos (Camerma) LSA 2021 for RO, Mutare & Manicaland Ceremony ",,"0","2021-11-15 11:19:16","../specifications/","ze223670","HR500",,,"ER15/2021"
"2559","RQ2111159","10220715","2021-11-12","Photos (Camerma) LSA 2021 for RO, Mutare & Manicaland Ceremony ",,"0","2021-11-15 11:19:28","../specifications/","ze223670","HR500",,,"ER15/2021"
"2560","RQ21111524","10220715","2021-11-12","Photos for LSA 2021 for R/O, Mutare & Manicaland Ceremony to be held on 3 December 2021",,"0","2021-11-15 11:33:33","../specifications/","ze223670","HR500",,,"ER24/2021"
"2561","RQ21111544","10220715","2021-11-12","Photos for LSA 2021 for R/O, Mutare & Manicaland Ceremony to be held on 3 December 2021",,"0","2021-11-15 11:42:00","../specifications/","ze223670","HR500",,,"ER24/2021"
"2562","RQ21111519","10220759","2021-11-15","purchase of Linksticks for Nyanga csc",,"0","2021-11-15 12:22:45","../specifications/","ze243981","NYA",,,"ER23/2021"
"2563","RQ21111541","10220629","2021-11-12","Mineral water for LSA 2021 ceremonies for Masvingo & Mutare functions 19 November & 3 December 2021",,"0","2021-11-15 12:43:00","../specifications/","ze223670","HR500",,,"ER15/2021"
"2564","RQ21111589","10220629","2021-11-10","Mineral water (Tingamira) for LSA 2021 for Masvingo and Mutare Ceremonies ",,"0","2021-11-15 12:53:44","../specifications/MFS Group Quotation $29600.00  - Mineral Water (LSA 2021).pdf","ze223670","HR500",,,"ER15/2021"
"2565","RQ21111679","10220909","2021-11-16","Washing soap for Masvingo depot staff",,"0","2021-11-16 11:04:19","../specifications/IMG_20211116_104008.jpg","ze350214","MSV",,,"ER15/2021"
"2566","RQ21111665","10220909","2021-11-16","Washing soap for Masvingo depot staff",,"0","2021-11-16 11:04:41","../specifications/1637053481IMG_20211116_104008.jpg","ze350214","MSV",,,"ER15/2021"
"2567","RQ21111662","10220909","2021-11-16","Washing soap for Masvingo depot staff",,"0","2021-11-16 11:05:06","../specifications/1637053506IMG_20211116_104008.jpg","ze350214","MSV",,,"ER15/2021"
"2568","RQ21111697","10220909","2021-11-16","Washing soap for Masvingo depot staff",,"0","2021-11-16 11:05:43","../specifications/1637053543IMG_20211116_104008.jpg","ze350214","MSV",,,"ER15/2021"
"2569","RQ21111634","10220909","2021-11-16","Washing soap for Masvingo depot staff",,"0","2021-11-16 11:06:17","../specifications/1637053577IMG_20211116_104008.jpg","ze350214","MSV",,,"ER15/2021"
"2570","RQ2111167","10220909","2021-11-16","Washing soap for Masvingo depot staff",,"0","2021-11-16 11:06:32","../specifications/1637053592IMG_20211116_104008.jpg","ze350214","MSV",,,"ER15/2021"
"2571","RQ21111649","10220909","2021-11-16","Washing soap for Masvingo depot staff",,"0","2021-11-16 11:06:58","../specifications/1637053618IMG_20211116_104008.jpg","ze350214","MSV",,,"ER15/2021"
"2572","RQ21111687","10220909","2021-11-16","Washing soap for Masvingo depot staff",,"0","2021-11-16 11:07:14","../specifications/1637053634IMG_20211116_104008.jpg","ze350214","MSV",,,"ER15/2021"
"2573","RQ21111677","10220909","2021-11-16","Washing soap for Masvingo depot staff",,"0","2021-11-16 11:07:34","../specifications/1637053654IMG_20211116_104008.jpg","ze350214","MSV",,,"ER15/2021"
"2574","RQ21111672","10220909","2021-11-16","Washing soap for Masvingo depot staff",,"0","2021-11-16 11:07:55","../specifications/1637053675IMG_20211116_104008.jpg","ze350214","MSV",,,"ER15/2021"
"2575","RQ21111698","10220909","2021-11-16","Washing soap for Masvingo depot staff",,"0","2021-11-16 11:08:14","../specifications/1637053694IMG_20211116_104008.jpg","ze350214","MSV",,,"ER15/2021"
"2576","RQ21111674","10220943","2021-11-16","ties and scarfs for 2021 Long service awards",,"0","2021-11-16 12:38:11","../specifications/ties 2021.xlsx","ze318833","HR500",,,"ER24/2021"
"2577","RQ21111640","10220943","2021-11-16","ties and scarfs for 2021 Long service awards",,"0","2021-11-16 12:38:32","../specifications/1637059112ties 2021.xlsx","ze318833","HR500",,,"ER24/2021"
"2578","RQ21111625","10220998","2021-11-16","RUTENGA Borehole siting, Drilling, Equipment and Casing and capacity testing					
 (Electrical Pump Installation - includes submersible pump, control box, pressure tank, plumbing piping and connections, all electrical, fix and supply)					
",,"0","2021-11-16 14:55:34","../specifications/RUTENGA BOREHOLE ACE.docx","ze318833","HR500","ACE21102966","specifications/1635508061ace RUTENGA BOREHOLE DRILLING.xlsx","ER7/2020"
"2579","RQ21111691","10220994","2021-11-16","Mashava Borehole Siting, Drilling, Equipment and Casing and capacity testing					
(Electrical Pump Installation - includes submersible pump, control box, pressure tank, plumbing piping and connections, all electrical, fix and supply)					
",,"0","2021-11-16 14:59:30","../specifications/1637067570APPROVED ACE MASHAVA BOREHOLE.docx","ze318833","HR500","ACE21102932","specifications/1635510194ace MASHAVA BOREHOLE DRILLING.xlsx","ER7/2020"
"2580","RQ21111659","10221008","2021-11-16","ARTISANS LINK STICKS",,"0","2021-11-16 15:25:51","../specifications/","ze237299","MSB",,,"ER23/2021"
"2581","RQ2111162","10221024","2021-11-16","Supply of Operations Stationery for Mutare District",,"0","2021-11-16 16:46:00","../specifications/Operations stationery.docx","ze57673","MTD",,,"ER10/2021"
"2582","RQ21111689","10221024","2021-11-16","Supply of Operations Stationery for Mutare District",,"0","2021-11-16 16:46:17","../specifications/1637073977Operations stationery.docx","ze57673","MTD",,,"ER10/2021"
"2583","RQ21111630","10221024","2021-11-16","Supply of Operations Stationery for Mutare District",,"0","2021-11-16 16:46:21","../specifications/1637073981Operations stationery.docx","ze57673","MTD",,,"ER10/2021"
"2584","RQ21111692","10221024","2021-11-16","Supply of Operations stationery",,"0","2021-11-16 16:47:31","../specifications/1637074051Operations stationery.docx","ze57673","MTD",,,"ER10/2021"
"2585","RQ21111791","10221024","2021-11-16","Supply of Operations stationery",,"0","2021-11-17 09:01:54","../specifications/1637132514Operations stationery.docx","ze57673","MTD",,,"ER10/2021"
"2586","RQ2111177","10221024","2021-11-16","Supply of Operations stationery",,"0","2021-11-17 09:05:51","../specifications/1637132751Operations stationery.docx","ze57673","MTD",,,"ER10/2021"
"2587","RQ21111745","10221024","2021-11-16","Supply of Operations stationery",,"0","2021-11-17 09:06:03","../specifications/1637132763Operations stationery.docx","ze57673","MTD",,,"ER10/2021"
"2588","RQ21111747","10221024","2021-11-16","Supply of Operations stationery",,"0","2021-11-17 09:06:23","../specifications/1637132783Operations stationery.docx","ze57673","MTD",,,"ER10/2021"
"2589","RQ21111727","10221024","2021-11-16","Supply of Operations stationery",,"0","2021-11-17 09:08:28","../specifications/1637132908Operations stationery.docx","ze57673","MTD",,,"ER10/2021"
"2590","RQ21111737","10221059","2021-11-17","FACE MASKS - SUPPLIMENTARY FOR THE REGION",,"0","2021-11-17 11:11:34","../specifications/1637140294FACE MASK SPECIFICATION.docx","ze247200","HR500",,,"ER24/2021"
"2591","RQ21111713","10221059","2021-11-17","FACE MASKS (SUPPLEMENTARY FOR THE REGION)",,"0","2021-11-17 11:24:38","../specifications/1637141078FACE MASK SPECIFICATION.docx","ze247200","HR500",,,"ER24/2021"
"2592","RQ21111753","10221059","2021-11-17","FACE MASKS (SUPLEMENTARY FOR THE REGION)",,"0","2021-11-17 12:39:56","../specifications/1637145596FACE MASK SPECIFICATION.docx","ze247200","HR500",,,"ER24/2021"
"2593","RQ21111857","10221088","2021-11-18","purchase of new tyres 205/70 R15 new tyres for Toyota Hilux er2208",,"0","2021-11-18 12:33:40","../specifications/TYRES TRANSERVE AND A&N 205.70 R15.jpg","ze48941","MTG",,,"ER16/2021"
"2594","RQ2111187","10221088","2021-11-18","purchase of new tyres 205/70R15 for Toyota Hilux er2208",,"0","2021-11-18 12:36:05","../specifications/1637231765TYRES TRANSERVE AND A&N 205.70 R15.jpg","ze48941","MTG",,,"ER16/2021"
"2595","RQ21111873","10221088","2021-11-18","purchase of new tyres 205/70R15 for Toyota Hilux er2208",,"0","2021-11-18 12:37:18","../specifications/1637231838TYRES TRANSERVE AND A&N 205.70 R15.jpg","ze48941","MTG",,,"ER16/2021"
"2596","RQ21111869","10221088","2021-11-18","purchase of new tyres 205/70R15 for Toyota Hilux er2208",,"0","2021-11-18 12:37:36","../specifications/1637231856TYRES TRANSERVE AND A&N 205.70 R15.jpg","ze48941","MTG",,,"ER16/2021"
"2597","RQ2111181","10221088","2021-11-18","purchase of new tyres 205/70 R15 for Toyota Hilux f/n er2208",,"0","2021-11-18 12:42:07","../specifications/","ze48941","MTG",,,"ER16/2021"
"2598","RQ21111898","10221088","2021-11-18","purchase of new tyres 205/70 R15 for Toyota Hilux f/n er2208",,"0","2021-11-18 12:42:08","../specifications/1637232127TYRES TRANSERVE AND A&N 205.70 R15.jpg","ze48941","MTG",,,"ER16/2021"
"2599","RQ21111820","10221088","2021-11-18","purchase of new tyres 205/70 R15 for Toyota Hilux f/n er2208",,"0","2021-11-18 12:42:47","../specifications/1637232167TYRES TRANSERVE AND A&N 205.70 R15.jpg","ze48941","MTG",,,"ER16/2021"
"2600","RQ21111823","10221088","2021-11-18","purchase of new tyres size 205 70 R15 for Toyota Hilux er2208",,"0","2021-11-18 12:44:49","../specifications/1637232289TYRES TRANSERVE AND A&N 205.70 R15.jpg","ze48941","MTG",,,"ER16/2021"
"2601","RQ21111842","10221088","2021-11-18","purchase of new tyres 205/70 R15 for Toyota Hilux f/n er2208",,"0","2021-11-18 12:47:13","../specifications/1637232433TYRES TRANSERVE AND A&N 205.70 R15.jpg","ze48941","MTG",,,"ER16/2021"
"2602","RQ21111884","10221088","2021-11-18","new tyres  size 205/70 R15 for Land Cruiser f/n er2208",,"0","2021-11-18 12:51:23","../specifications/1637232683TYRES TRANSERVE AND A&N 205.70 R15.jpg","ze48941","MTG",,,"ER16/2021"
"2603","RQ2111183","10221088","2021-11-18","new tyres 205/70 R15 for Toyota Hilux er2208",,"0","2021-11-18 13:54:22","../specifications/1637236462TYRES TRANSERVE AND A&N 205.70 R15.jpg","ze48941","MTG",,,"ER16/2021"
"2604","RQ21111834","10221088","2021-11-18","purchase new tyres size 205/70R15 for Toyota Hilux er2208",,"0","2021-11-18 14:07:57","../specifications/1637237276TYRES TRANSERVE AND A&N 205.70 R15.jpg","ze48941","MTG",,,"ER16/2021"
"2605","RQ21111883","10221088","2021-11-17","new tyres size 205/70R15 for Toyota Hilux f/n er2208",,"0","2021-11-18 15:12:36","../specifications/1637241156TYRES TRANSERVE AND A&N 205.70 R15.jpg","ze48941","MTG",,,"ER16/2021"
"2606","RQ2111186","10220104","2021-11-18","Purchase of a 4-in-one colour printer for the Accounting Officer Stores",,"0","2021-11-18 15:46:29","../specifications/1637243189Printer Spec for 4-in-1 Colour.docx","ze292478","IT100","ACE21102620","specifications/1635256774Printer Spec for 4-in-1 Colour.docx","ER6/2021"
"2607","RQ21111836","10220103","2021-11-03","Purchase of a Laptop for the Procurement Administrator Eastern",,"0","2021-11-18 15:49:51","../specifications/1637243391HP Envy  x360 specification.docx","ze292478","IT100","ACE21102120","specifications/1634814729HP Envy  x360 specification.docx","ER6/2021"
"2608","RQ21111864","10220108","2021-11-03","Purchase of four (4) laptops for Admin Officer, Risk Officer, Loss Controller & EM Secretary",,"0","2021-11-18 15:51:48","../specifications/1637243508LAPTOP SPECIFICATIONS.docx","ze292478","IT100","ACE2110202","specifications/1634763191Laptops for Admin Off, EM Sec, Risk Off & Loss Controller 21-10-20.docx","ER6/2021"
"2609","RQ21111817","10220112","2021-11-03","Purchase three (3) laptops for the Accountant Manicaland, PO Manicaland and Commercial Manager's Secretary",,"0","2021-11-18 15:54:23","../specifications/1637243663LAPTOP SPECIFICATIONS.docx","ze292478","IT100","ACE21102083","specifications/1634761644HP 450 Laptop Specifications.docx","ER6/2021"
"2610","RQ2111184","10221118","2021-11-17","purchase clutch kit for np300 4x4 YD25 f/n er2150",,"0","2021-11-18 16:35:15","../specifications/CLUTCH KIT NP300.jpg","ze48941","MTG",,,"ER16/2021"
"2611","RQ21111920","10221014","2021-11-16","Purchase of four Artisans Cellphones",,"0","2021-11-19 13:51:36","../specifications/","ze226548","GUT",,,"ER12/2021"
"2612","RQ21111928","10221014","2021-11-16","Purchase of four Artisans Cellphones",,"0","2021-11-19 13:51:56","../specifications/","ze226548","GUT",,,"ER12/2021"
"2613","RQ21111959","10221014","2021-11-16","Purchase of four Artisans Cellphones",,"0","2021-11-19 13:52:08","../specifications/","ze226548","GUT",,,"ER12/2021"
"2614","RQ21111941","10221014","2021-11-16","Purchase of four Artisans Cellphones",,"0","2021-11-19 13:52:19","../specifications/","ze226548","GUT",,,"ER12/2021"
"2615","RQ21111950","10221014","2021-11-16","Purchase of four Artisans Cellphones",,"0","2021-11-19 13:52:30","../specifications/","ze226548","GUT",,,"ER12/2021"
"2616","RQ21111930","10221014","2021-11-16","Purchase of four cellphones for Gutu Artisans",,"0","2021-11-19 13:56:17","../specifications/Cellphones.jpg","ze226548","GUT",,,"ER12/2021"
"2617","RQ21111916","10221014","2021-11-16","Purchase of four cellphones for Gutu Artisans",,"0","2021-11-19 13:56:26","../specifications/1637322986Cellphones.jpg","ze226548","GUT",,,"ER12/2021"
"2618","RQ21111964","10221014","2021-11-16","Purchase of four cellphones for Gutu Artisans",,"0","2021-11-19 13:56:40","../specifications/1637323000Cellphones.jpg","ze226548","GUT",,,"ER12/2021"
"2619","RQ21111990","10221014","2021-11-16","Purchase of Cellphones for Gutu Artisans",,"0","2021-11-19 14:01:15","../specifications/1637323275Cellphones.jpg","ze226548","GUT",,,"ER12/2021"
"2620","RQ21111935","10221014","2021-11-16","Purchase of Cellphones for Gutu Artisans",,"0","2021-11-19 14:01:27","../specifications/1637323287Cellphones.jpg","ze226548","GUT",,,"ER12/2021"
"2621","RQ21111995","10221014","2021-11-16","Purchase of Cellphones for Gutu Artisans",,"0","2021-11-19 14:02:49","../specifications/1637323369Cellphones.jpg","ze226548","GUT",,,"ER12/2021"
"2622","RQ21112227","10221316","2021-11-22","Purchase of Laptop for Maintenance Engineer and Engineer Maintenance",,"0","2021-11-22 08:35:09","../specifications/1637218358Core i7 Laptop Specification.pdf","ze289310","ERM","ACE21111876","specifications/1637218358Core i7 Laptop Specification.docx","ER6/2021"
"2623","RQ2111229","10221316","2021-11-22","Purchase of Laptop for Maintenance Engineer and Engineer Maintenance",,"0","2021-11-22 08:36:17","../specifications/16375629771637218358Core i7 Laptop Specification.pdf","ze289310","ERM","ACE21111876",,"ER6/2021"
"2624","RQ2111225","10221343","2021-11-22","PROCUREMENT OF NEW TRANSFORMER OIL FOR TRANSFORMER MAINTENANCE",,"0","2021-11-22 10:49:38","../specifications/","ze289310","ERM",,,"ER20/2021"
"2625","RQ21112268","10221343","2021-11-22","PROCUREMENT OF NEW TRANSFORMER OIL FOR TRANSFORMER MAINTENANCE",,"0","2021-11-22 10:49:54","../specifications/","ze289310","ERM",,,"ER20/2021"
"2626","RQ21112238","10221345","2021-11-22","PROCUREMENT OF TRANSFORMER OIL FOR TRANSFORMER MAINTENANCE",,"0","2021-11-22 10:51:23","../specifications/","ze289310","ERM",,,"ER20/2021"
"2627","RQ21112380","10221510","2021-11-23","Borehole siting,Drilling,Casing and Installation at Rusape Depot",,"0","2021-11-23 15:52:05","../specifications/RUSAPE BOREHOLE ACE.docx","ze9057303","MND","ACE21110463","specifications/1636034853Specications for Boreholes.docx","ER7/2020"
"2628","RQ21112366","10221510","2021-11-23","RUSAPE Borehole Drilling, Siting, Equipment and Casing and capacity testing (Electrical Pump Installation - includes submersible pump, control box, pressure tank, plumbing piping and connections, all electrical, fix and supply)					
",,"0","2021-11-23 15:54:56","../specifications/1637675696RUSAPE BOREHOLE ACE.docx","ze9057303","MND","ACE21110463",,"ER7/2020"
"2629","RQ21112341","10221510","2021-11-23","RUSAPE Borehole Drilling, Siting, Equipment and Casing and capacity testing (Electrical Pump Installation - includes submersible pump, control box, pressure tank, plumbing piping and connections, all electrical, fix and supply)					
",,"0","2021-11-23 15:55:10","../specifications/1637675710RUSAPE BOREHOLE ACE.docx","ze9057303","MND","ACE21110463",,"ER7/2020"
"2630","RQ21112349","10221511","2021-11-23","Borehole ,Drilling ,Casing and Installation of Borehole at Middle Sabi Depot",,"0","2021-11-23 15:57:35","../specifications/MIDDLE SABI BOREHOLE ACE.docx","ze9057303","MND","ACE21110439","specifications/1636034779Specications for Boreholes.docx","ER7/2021"
"2631","RQ21112434","10221521","2021-11-24","1 tonne truck hire for Nyanga revenue assurance",,"0","2021-11-24 08:40:15","../specifications/","ze243981","NYA",,,"ER16/2021"
"2632","RQ21112449","10221521","2021-11-24","1 tonne truck hire for Nyanga revenue assurance",,"0","2021-11-24 08:41:18","../specifications/","ze243981","NYA",,,"ER16/2021"
"2633","RQ21112493","10221521","2021-11-24","1 tonne truck hire for Nyanga revenue assurance",,"0","2021-11-24 08:41:27","../specifications/","ze243981","NYA",,,"ER16/2021"
"2634","RQ21112498","10221521","2021-11-24","1 tonne truck hire for Nyanga revenue assurance",,"0","2021-11-24 08:41:31","../specifications/","ze243981","NYA",,,"ER16/2021"
"2635","RQ21112495","10221522","2021-11-24","4*4 1 ton truck hire for Nyanga faults and maintenance",,"0","2021-11-24 08:43:13","../specifications/","ze243981","NYA",,,"ER16/2021"
"2636","RQ21112473","10221523","2021-11-24","4*4 1 ton truck hire for Nyanga faults and maintenance",,"0","2021-11-24 08:46:41","../specifications/","ze243981","NYA",,,"ER16/2021"
"2637","RQ21112461","10221523","2021-11-24","4*4 1 ton truck hire for Nyanga faults and maintenance",,"0","2021-11-24 08:46:51","../specifications/","ze243981","NYA",,,"ER16/2021"
"2638","RQ21112410","10221524","2021-11-24","7ton truck hire for Nyanga network maintenance with canopy and seats",,"0","2021-11-24 08:48:10","../specifications/","ze243981","NYA",,,"ER16/2021"
"2639","RQ21112466","10221531","2021-11-24","Vehicle Hire, diesel pick-up truck(light)",,"0","2021-11-24 09:03:33","../specifications/","ze222364","MSD",,,"ER16/2021"
"2640","RQ21112454","10221569","2021-11-24","AIR CONDITIONER FOR MUTARE DISTRICT MANAGER'S OFFICE",,"0","2021-11-24 11:47:21","../specifications/SPEC AND ACE FOR DM AC.pdf","ze293598","MTD","ACE21111026","specifications/1636559828AIR CON SPEC.docx","ER4/2021"
"2647","RQ21112744","10221205","2021-11-19","ER22/2021 PURCHASE REQUEST FOR PROCUREMENT OF 240 12.6METRE WOOD POLES FOR 33KV MKWASINE EAST/WEST LINE MAINTENANCE [POLE CHANGES] CHIREDZI NETWORKS",,"0","2021-11-27 10:54:58","../specifications/12-6M WOOD POLES 24-Nov-2021 10-27-03(1).pdf","ze261920","CHR",,,"ER22/2021"
"2648","RQ21112923","10221781","2021-11-29","Erection of fencing of 25m perimeter x 2.4metershigh and 3 mm thick Diamond mesh wire complete with barbed wire, 1 x 5metre wide vehicle gate. To use attached design.",,"0","2021-11-29 15:03:00","../specifications/Fence Spec.pdf","ze336912","END",,,"ER1/2021"
"2649","RQ21120255","10221981","2021-12-02","19mm stones ",,"0","2021-12-02 12:46:23","../specifications/IMG_20211202_123835.jpg","ze350214","MSV",,,"ER19/2021"
"2650","RQ21120326","102222493","2021-12-01","Requisition for purchase of Toner Cartridges for Printers",,"0","2021-12-20 11:13:19","../specifications/Purchase requistion  of 05A Toner Cartridges from Mutare IT.pdf","ze292478","IT100",,,"ER11/2021"
"2651","RQ21120397","10222495","2021-12-01","Purchase Requisition for 80AToner Cartridges",,"0","2021-12-20 11:11:53","../specifications/Purchase requisition  of 80A Toner Cartridges from Mutare IT SUPPLIES.2.pdf","ze292478","IT100",,,"ER11/2021"
"2652","RQ21120373","10222499","2021-12-01","Purchase Requisition for Canon 737 Toner Cartridges",,"0","2021-12-20 11:12:50","../specifications/Purchase requisition  of Canon 737 Toner Cartridges from E.3.pdf","ze292478","IT100",,,"ER11/2021"
"2653","RQ21120365","10221732","2021-12-02","Hired Vehicles * 4 for Risk Management department ",,"0","2021-12-03 14:55:39","../specifications/Specification for Hired vehicle for Risk Management.docx","ze57746","RM600",,,"ER5/2021"
"2654","RQ21121459","10222472","2021-12-14","SURGICAL FACE MASKS",,"0","2021-12-14 11:35:24","../specifications/1639474524FACE MASK SPECIFICATION.docx","ze247200","HR500",,,"ER24/2021"
"2655","RQ21121493","10222471","2021-12-14","5L HAND SANITISER",,"0","2021-12-14 11:37:42","../specifications/16394746625L HAND SANITISER SPECIFICATION.docx","ze247200","HR500",,,"ER24/2021"
"2656","RQ21121479","10222479","2021-12-14","HYDROGEN PEROXIDE",,"0","2021-12-14 11:46:35","../specifications/1639475195HYDROGEN PEROXIDE SPECIFICATION.docx","ze247200","HR500",,,"ER24/2021"
"2657","RQ21121425","10222491","2021-12-14","Supply & Fit 195/65R16 Tyres For ER 2232 Reg AFN3549-Chiredzi CSC",,"0","2021-12-14 16:13:15","../specifications/ALPHARD.pdf","ze44253","MSG",,,"ER16/2021"
"2658","RQ21122167","10222673","2021-12-21","Square Cut A4 Flat File",,"0","2021-12-21 13:29:53","../specifications/","ze232696","URB",,,"ER10/2021"
"2659","RQ22010387","10222956","2022-01-03","11 kv Lightning arrestors for Nyanga network",,"0","2022-01-03 10:10:31","../specifications/","ze243981","NYA",,,"ER20/2022"
"2660","RQ22010311","10222953","2022-01-03","9 mtr wood poles for Nyanga Distribution network",,"0","2022-01-03 10:12:35","../specifications/","ze243981","NYA",,,"ER22/2022"
"2661","RQ22010341","10222954","2022-01-03","11mtr wood poles for Nyanga Distribution",,"0","2022-01-03 10:13:21","../specifications/","ze243981","NYA",,,"ER22/2022"
"2662","RQ22010325","10222955","2022-01-03","12.5 mtr Wood poles for nyanga distribution network",,"0","2022-01-03 10:14:14","../specifications/","ze243981","NYA",,,"ER22/2022"
"2663","RQ22010393","10222957","2022-01-03","Heavy duty Raincoats for Nyanga csc staff",,"0","2022-01-03 10:15:21","../specifications/","ze243981","NYA",,,"ER15/2022"
"2664","RQ22010323","10222979","2022-01-01","SUPPLY OF TREATED WOOD POLES",,"0","2022-01-03 12:45:30","../specifications/","ze47724","CHP",,,"ER22/2022"
"2665","RQ22010415","10222989","2022-01-04","purchase of 700l engine oil-
200l petrol engine oil
500l diesel engine oil , all for stock",,"0","2022-01-16 16:35:45","../specifications/1641278073engine oil.xlsx","ze48941","MTG",,,"ER16/2022"
"2666","RQ22010496","10222800","2021-12-28","12.6m wood poles",,"0","2022-01-04 10:49:27","../specifications/","ze7013","RUT",,,"ER22/2022"
"2667","RQ22010410","10222749","2021-12-23","11m wood poles",,"0","2022-01-04 10:52:51","../specifications/","ze7013","RUT",,,"ER22/2022"
"2668","RQ22010428","10222434","2021-12-13","9 m wood poles",,"0","2022-01-04 11:23:29","../specifications/","ze7013","RUT",,,"ER22/2022"
"2669","RQ2201057","10223121","2022-01-05","Purchase of 245/70R15 tyres for er2244 ( Rusape )",,"0","2022-01-06 16:44:36","../specifications/245.70.15 tyres.xlsx","ze48941","MTG",,,"ER16/2022"
"2670","RQ22010570","10223119","2022-01-05","purchase of tyres 185/65/15 new tyres for er2227",,"0","2022-01-05 15:53:09","../specifications/185.65.15 tyres.xlsx","ze48941","MTG",,,"ER16/2022"
"2671","RQ22010625","10223181","2022-01-06","Bush clearing and grass cutting at Maintenance department (Old Power Station) ",,"0","2022-01-06 12:53:19","../specifications/","ze318833","HR500",,,"ER19/2022"
"2672","RQ22010691","10223168","2022-01-06","12.6m 160-180mm TRANSMISSION POLES FOR ODZI MARANGE 33kV LINE SECTION MAINTENANCE",,"0","2022-01-06 15:00:17","../specifications/","ze261297","MTD",,,"ER22/2022"
"2673","RQ22010723","10223229","2022-01-07","ER22/22 ENGAGEMENT OF CONTRACTOR FOR POLE CHANGE ON ODZI-MARANGE 33kV FEEDER(16 ROTTEN POLES)",,"0","2022-01-07 10:29:49","../specifications/","ze261297","MTD",,,"ER22/2022"
"2674","RQ22011148","10223402","2022-01-11","ZETDC 2022 DIARIES",,"0","2022-01-11 12:45:17","../specifications/","ze318957","HR500",,,"ER10/2022"
"2675","RQ22011328","10223513","2022-01-13","Supply and fit new tyres 245/70R16 for Chipinge np300 4x4 er2246 ( Mutare)",,"0","2022-02-17 09:49:37","../specifications/1642071315245.70.15 tyres.xlsx","ze48941","MTG",,,"ER16/2022"
"2676","RQ22011367","10223515","2022-01-13","new tyres size 245/70R16 for er2247 np300 4x4 ( Chimanimani )",,"0","2022-01-17 11:43:21","../specifications/1642071405245.70.15 tyres.xlsx","ze48941","MTG",,,"ER16/2022"
"2677","RQ22011372","10223518","2022-01-13","new tyres size 245/70R16 for np300 4x4 er2183 (Rusape )",,"0","2022-01-17 11:45:51","../specifications/1642071563NEW TYRES 245.70R16.docx","ze48941","MTG",,,"ER16/2022"
"2678","RQ22011364","10223513","2022-01-13","Supply and fit new tyres  245/70R16 for np300 4x4 er2246 ( Chipinge )",,"0","2022-02-16 09:27:29","../specifications/1642071642NEW TYRES 245.70R16.docx","ze48941","MTG",,,"ER16/2022"
"2679","RQ22011356","10223515","2022-01-12","Supply and fit new tyres size 245/70R16 on Chimanimani np300 4x4 er2247 (Mutare)",,"0","2022-02-17 09:52:06","../specifications/1642071718NEW TYRES 245.70R16.docx","ze48941","MTG",,,"ER16/2022"
"2680","RQ2201139","10223519","2022-01-13","Supply and fit new tyres 245/70R16 Rusape truck NP300 4x4, ER2236  ( Mutare)",,"0","2022-02-17 10:15:38","../specifications/1642071839NEW TYRES 245.70R16.docx","ze48941","MTG",,,"ER16/2022"
"2681","RQ22011325","10223520","2022-01-13","purchase of new tyres size 245/70R16 for np300 er2244  ( Rusape Murambinda )",,"0","2022-01-17 10:50:31","../specifications/1642071927NEW TYRES 245.70R16.docx","ze48941","MTG",,,"ER16/2022"
"2682","RQ2201133","10223522","2022-01-13","purchase of new tyres size 245/70R16 for np300 er2238 ( Nyanga )",,"0","2022-01-17 11:30:55","../specifications/1642072010NEW TYRES 245.70R16.docx","ze48941","MTG",,,"ER16/2022"
"2683","RQ22011394","10223524","2022-01-13","purchase of new tyres 245/70R16 FOR NP300 4X4 ER2186 Nyanga-Hauna",,"0","2022-01-17 12:25:11","../specifications/1642072117NEW TYRES 245.70R16.docx","ze48941","MTG",,,"ER16/2022"
"2684","RQ22011310","10223526","2022-01-13","new tyres size 245/70R16 for np300 4x4 er2234 ( M/Sabi )",,"0","2022-01-17 12:34:42","../specifications/1642072210NEW TYRES 245.70R16.docx","ze48941","MTG",,,"ER16/2022"
"2685","RQ22011339","10223527","2022-01-13","purchase of new tyres size 245/70R16 FN ER2153 ( Urban )",,"0","2022-01-17 11:39:58","../specifications/1642072311NEW TYRES 245.70R16.docx","ze48941","MTG",,,"ER16/2022"
"2686","RQ22011344","10223528","2022-01-13","purchase of new tyre size 245/70R16 for np300 4x4 er2245 ( Urban )",,"0","2022-01-17 11:31:47","../specifications/1642072390NEW TYRES 245.70R16.docx","ze48941","MTG",,,"ER16/2022"
"2687","RQ22011353","10223533","2022-01-13","new tyres 245/70R16 for np300 4x4 er2149 ( L/Control )",,"0","2022-01-17 11:32:37","../specifications/1642072721NEW TYRES 245.70R16.docx","ze48941","MTG",,,"ER16/2022"
"2688","RQ22011389","10223534","2022-01-13","Supply and fit new tyres size 245/70R16 on NP300 4x4 er2159 ( Masvingo )",,"0","2022-02-17 10:06:53","../specifications/1642072802NEW TYRES 245.70R16.docx","ze48941","MTG",,,"ER16/2022"
"2689","RQ22011313","10223535","2022-01-13","purchase of 5  new tyres size245/70R16 for np300 4x4 FN ER2156 ( Maintenance )",,"0","2022-01-17 10:47:55","../specifications/1642073066NEW TYRES 245.70R16.docx","ze48941","MTG",,,"ER16/2022"
"2690","RQ22011362","10223536","2022-01-13","purchase of new tyres 245/70R16 for np300 4x4 FN ER2184 ( Maintenance )",,"0","2022-01-17 12:26:38","../specifications/1642074512NEW TYRES 245.70R16.docx","ze48941","MTG",,,"ER16/2022"
"2691","RQ2201137","10223581","2022-01-13","Supply and fit new tyres np300 4x4 er2185 245/70R16 ( Maintenance )",,"0","2022-02-16 09:29:05","../specifications/1642074605NEW TYRES 245.70R16.docx","ze48941","MTG",,,"ER16/2022"
"2692","RQ22011338","10223581","2022-01-13","purchase of new tyres 215R15 for  er2203 ( Urban )",,"0","2022-01-17 10:55:54","../specifications/1642074718NEW TYRES 215R15.docx","ze48941","MTG",,,"ER16/2022"
"2693","RQ22011337","10223583","2022-01-13","Supply and fit new tyres 215R15 on Mutare Urban truck ER2132 ( Mutare )",,"0","2022-02-17 09:54:04","../specifications/1642074784NEW TYRES 215R15.docx","ze48941","MTG",,,"ER16/2022"
"2694","RQ22011330","10223585","2022-01-13","purchase of new tyres 215R15 for er2204 ( M/Sabi )",,"0","2022-01-17 10:53:38","../specifications/1642074857NEW TYRES 215R15.docx","ze48941","MTG",,,"ER16/2022"
"2695","RQ22011317","10223586","2022-01-13","Supply and fit new tyres 215R15 for er2136 ( Environs )",,"0","2022-02-11 16:03:19","../specifications/1642074929NEW TYRES 215R15.docx","ze48941","MTG",,,"ER16/2022"
"2696","RQ22011314","10223587","2022-01-13","purchase of new tyres size 215R15 for er2131 ( Environs )",,"0","2022-01-17 12:33:33","../specifications/1642074991NEW TYRES 215R15.docx","ze48941","MTG",,,"ER16/2022"
"2697","RQ2201138","10223588","2022-01-13","Supply and fit new tyres size 215R15 for er2143 ( Environs ) - Mutare",,"0","2022-02-17 10:12:43","../specifications/1642075519NEW TYRES 245.70R16.docx","ze48941","MTG",,,"ER16/2022"
"2698","RQ22011320","10223589","2022-01-13","purchase of new tyres 215R15 for er2144 ( Environs )",,"0","2022-01-17 10:51:28","../specifications/1642075587NEW TYRES 215R15.docx","ze48941","MTG",,,"ER16/2022"
"2699","RQ22011322","10223590","2022-01-13","purchase of 5 new tyres size 215R15 for er2148 ( Environs )",,"0","2022-01-17 10:49:11","../specifications/1642075645NEW TYRES 215R15.docx","ze48941","MTG",,,"ER16/2022"
"2700","RQ22011363","10223591","2022-01-13","Supply and fit new tyres size 215 R15 for er2145 ( R/Office Commercial ) - Mutare",,"0","2022-02-17 10:08:59","../specifications/1642075716NEW TYRES 215R15.docx","ze48941","MTG",,,"ER16/2022"
"2701","RQ22011381","10223593","2022-01-13","Supply and fit new tyres size 215R15 for er2147 ( Risk ) - Mutare",,"0","2022-02-17 10:13:51","../specifications/1642075827NEW TYRES 215R15.docx","ze48941","MTG",,,"ER16/2022"
"2702","RQ22011358","10223510","2022-01-13","purchase of new tyres 11R 22.5 tyres for UD95 er2193 ( Environs )",,"0","2022-01-17 11:38:03","../specifications/164207590611R 22.5 TYRES.xlsx","ze48941","MTG",,,"ER16/2022"
"2703","RQ22011377","10223511","2022-01-13","purchase of new tyres 295/80R22.5 for UD Kroner er2222 ( Chipinge )",,"0","2022-01-17 12:17:05","../specifications/1642076190295.80 R22.5 tyres.xlsx","ze48941","MTG",,,"ER16/2022"
"2704","RQ22011319","10223634","2022-01-13","Supply and fit new tyres 9R 22.5 for Chimanimani UD70 for er2120  ( Mutare )",,"0","2022-02-17 09:48:02","../specifications/1642081551NEW TYRES 9R22.5.docx","ze48941","MTG",,,"ER16/2022"
"2705","RQ22011427","10222445","2021-12-12","Purchasing of 1 set Pool Table for Mutare Urban - Riat Award Prize Money Usage",,"0","2022-01-14 11:19:43","../specifications/SPECIFICATIONS FOR POOL TABLE.docx","ze232696","URB",,,"ER19/2022"
"2706","RQ22011758","10223175","2022-01-01","12.6 wood poles",,"0","2022-01-17 15:49:44","../specifications/","ze276839","ENV",,,"ER22/2022"
"2707","RQ22011741","10223180","2022-01-11","11M wood poles ",,"0","2022-01-17 15:52:34","../specifications/","ze276839","ENV",,,"ER22/2022"
"2708","RQ22011768","10223185","2022-01-11","9M ",,"0","2022-01-17 15:54:26","../specifications/","ze276839","ENV",,,"ER22/2022"
"2709","RQ22012193","10224171","2022-01-21","FIRST AID TRAINING FOR MASVINGO DISTRICT",,"0","2022-01-21 16:34:11","../specifications/1642775651FIRST AID TRAINING SPECIFICATIONS.docx","ze247200","HR500",,,"ER24/2022"
"2710","RQ2201218","10224172","2022-01-21","FIRST AID TRAINING FOR REGIONAL OFFICE, MANICALAND, AND MUTARE DISTRICT ",,"0","2022-01-21 16:37:00","../specifications/1642775820FIRST AID TRAINING SPECIFICATIONS.docx","ze247200","HR500",,,"ER24/2022"
"2711","RQ22012117","10224176","2022-01-21","FIRST AID BOX CONTENTS FOR THE REGION",,"0","2022-01-21 16:39:57","../specifications/1642775997FIRST AID CONTENTS SPECIFICATIONS.docx","ze247200","HR500",,,"ER24/2022"
"2712","RQ22012182","10224182","2022-01-21","FIRE FIGHTING EQUIPMENT SERVICING FOR MUTARE DISTRICT",,"0","2022-01-21 16:44:34","../specifications/Mutare District Fire Extinguisher Register Mutare District.xlsx","ze247200","HR500",,,"ER24/2022"
"2713","RQ22012158","10224183","2022-01-21","FIRE FIGHTING EQUIPMENT SERVICING FOR MASVINGO DISTRICT",,"0","2022-01-21 16:47:19","../specifications/1642776439MASVINGO DIST FIRE FIGHTING EQUIPMENT SERVICING SPECIFICATION.docx","ze247200","HR500",,,"ER24/2022"
"2714","RQ22012164","10224181","2022-01-21","FIRE FIGHTING EQUIPMENT SERVICING FOR REGIONAL OFFICE",,"0","2022-01-21 16:49:39","../specifications/1642776579REGIONAL OFFICE FIRE FIGHTING EQUIPMENT SERVICING SPECIFICATION.docx","ze247200","HR500",,,"ER24/2022"
"2715","RQ22012134","10224184","2022-01-21","FIRE FIGHTING EQUIPMENT SERVICING FOR MANICALAND DISTRICT",,"0","2022-01-21 16:54:12","../specifications/1642776852MANICALAND DIST FIRE FIGHTING EQUIPMENT SERVICING SPECIFICATION.docx","ze247200","HR500",,,"ER24/2022"
"2716","RQ22012183","10224184","2022-01-21","FIRE FIGHTING EQUIPMENT SERVICING FOR MANICALAND DISTRICT",,"0","2022-01-21 16:54:13","../specifications/1642776853MANICALAND DIST FIRE FIGHTING EQUIPMENT SERVICING SPECIFICATION.docx","ze247200","HR500",,,"ER24/2022"
"2717","RQ22012174","10224184","2022-01-21","FIRE FIGHTING EQUIPMENT SERVICING FOR MANICALAND DISTRICT",,"0","2022-01-21 16:54:14","../specifications/1642776854MANICALAND DIST FIRE FIGHTING EQUIPMENT SERVICING SPECIFICATION.docx","ze247200","HR500",,,"ER24/2022"
"2718","RQ2201213","10224184","2022-01-21","FIRE FIGHTING EQUIPMENT SERVICING FOR MANICALAND DISTRICT",,"0","2022-01-21 16:54:15","../specifications/1642776855MANICALAND DIST FIRE FIGHTING EQUIPMENT SERVICING SPECIFICATION.docx","ze247200","HR500",,,"ER24/2022"
"2719","RQ22012420","10223482","2022-01-12"," ER16/22 TYRES FOR NP200 FLEET ER2225 REG AFN 3280",,"0","2022-01-24 08:36:05","../specifications/Tyre quotations for ER2225.pdf","ze261297","MTD",,,"ER16/2022"
"2720","RQ22012425","10224214","2022-01-24","Linksticks for Nyanga csc",,"0","2022-01-24 12:03:38","../specifications/","ze243981","NYA",,,"ER8/2022"
"2721","RQ22012475","10224223","2022-01-24","ER8/22 LINK STICKS FOR MUTARE DISTRICT DEPOTS ",,"0","2022-01-24 13:05:31","../specifications/1643022330SPECIFICATIONS FOR LIVE LINE TELESCOPIC LINKS.pdf","ze261297","MTD",,,"ER8/2022"
"2722","RQ22012471","10224224","2022-01-24","ER8/22 SAFETY BELTS FOR MUTARE DISTRICT DEPOTS",,"0","2022-01-24 13:06:49","../specifications/","ze261297","MTD",,,"ER8/2022"
"2723","RQ2201249","10224225","2022-01-24","ER8/22 POLYSTEEL ROPE 20mm FOR MUTARE DISTRICT",,"0","2022-01-24 13:07:46","../specifications/","ze261297","MTD",,,"ER8/2022"
"2724","RQ22012419","10224226","2022-01-24","ER8/22 LINESMAN LADDER FOR MUTARE DISTRICT",,"0","2022-01-24 13:08:39","../specifications/","ze261297","MTD",,,"ER8/2022"
"2725","RQ22012546","10224288","2022-01-25","x1 Canon 712 Cartridge for Commercial Manager's Office",,"0","2022-01-25 10:34:09","../specifications/Three Sixty Distributors.pdf","ze265276","COM700",,,"ER11/2022"
"2726","RQ22012563","10224330","2022-01-25","5x286/70R17 new tyres for LandCruiser f/n er2210",,"0","2022-01-25 12:45:42","../specifications/TYRES 286.70R17.docx","ze48941","MTG",,,"ER16/2022"
"2727","RQ22012569","10224353","2022-01-25","Procurement of 3 x Battery Cubicles ( Farmer’s Hall, Glenlivet and Chiredzi East)

",,"0","2022-01-25 14:33:45","../specifications/New Battery Cubicle (Approved).pdf","ze289310","ERM",,,"ER19/2022"
"2728","RQ22012561","10224341","2022-01-25","PROCUREMENT OF  BROMACIL WEEDKILLER (GRANULATED) FOR S/S MAINTENANCE",,"0","2022-01-25 14:37:08","../specifications/","ze289310","ERM",,,"ER19/2022"
"2729","RQ22012683","10224347","2022-01-25","Purchase GIS Data Collection Tool",,"0","2022-01-26 11:48:30","../specifications/1643190509GIS DATA COLLECTION TOOL SPECIFICATION.docx","ze336912","END",,,"ER6/2022"
"2730","RQ22012646","10224294","2022-01-25","Supply and Erection of 27.5 x 23 x 1.6 meters 3 mm of Diamond mesh wire complete with barbed wire, 1 x 5.4 metre wide double gate vehicle gate one x 0.9 metre wide pedestrain gate. To use attached design.",,"0","2022-01-26 11:51:24","../specifications/1643190684ZCDC_Fence.pdf","ze336912","END",,,"ER1/2022"
"2731","RQ22012614","10224404","2022-01-26","HIRE OF 1 TONNE TRUCK FOR OPERATIONS FOR VUMBA, MARANGE, ODZI, BURMAVALLEY",,"0","2022-01-26 12:12:06","../specifications/","ze261297","MTD",,,"ER5/2022"
"2732","RQ22012773","10224300","2022-01-25","Request for quotation pre-fabricated roof for ZCDC VR Control room",,"0","2022-01-27 11:24:34","../specifications/1643275474ZCDC voltage regulator-control room.pdf","ze336912","END",,,"ER1/2022"
"2733","RQ22012786","10224298","2022-01-25","Purchase12ft 6mm Asbestos roofing sheets for ZCDC VR Control room",,"0","2022-01-27 11:27:29","../specifications/","ze336912","END",,,"ER1/2022"
"2734","RQ22012720","10224292","2022-01-25","Erect 2.4m high x 25m length x 3mm thick diamond mesh security perimeter fence at Feruka Switching Station, 5m double gate and 0.9m pedestrian gate with 3lines barbed wire on top. All to be as indicated on attached specification.",,"0","2022-01-27 12:22:32","../specifications/Feruka Fence.pdf","ze336912","END",,,"ER1/2022"
"2735","RQ22012785","10224327","2022-01-25","Purchase 52 x 11m Woodpoles for Chikanga - CBD 11kV Line Project",,"0","2022-01-27 12:46:57","../specifications/Wood pole specification.docx","ze336912","END",,,"ER2/2022"
"2736","RQ22012745","10224331","2022-01-25","Purchase 1650mm Creosote Treated wood X-arms for Chikanga - CBD 11kV line Project",,"0","2022-01-27 12:51:19","../specifications/1643280679Wood pole specification.docx","ze336912","END",,,"ER2/2022"
"2737","RQ22012795","10224333","2022-01-25","Purchase 12.6m creosote treated woodpoles for Renco-Zaka 33kV line Project",,"0","2022-01-27 15:24:43","../specifications/1643289883Wood pole specification.docx","ze336912","END",,,"ER2/2022"
"2738","RQ22012779","10224334","2022-01-25","Purchase 1850mm Creosote treated wood x-arms for Renco-Zaka 33kV line Project",,"0","2022-01-27 15:30:05","../specifications/1643290205Wood pole specification.docx","ze336912","END",,,"ER2/2022"
"2739","RQ22012751","10224335","2022-01-25","Purchase 3200x100x100 steel galvanised box x-arm for Renco-Zaka 33kV line Project",,"0","2022-01-27 15:50:54","../specifications/","ze336912","END",,,"ER2/2022"
"2740","RQ22012778","10224336","2022-01-25","Purchase 12.6m creosote treated Woodpoles for Gutu - Mashava 33kV line Project",,"0","2022-01-27 15:52:47","../specifications/1643291567Wood pole specification.docx","ze336912","END",,,"ER1/2022"
"2741","RQ22012728","10224337","2022-01-25","Purchase 1850mm Creosote treated wood x-arms  for Gutu - Mashava 33kV line Project",,"0","2022-01-27 15:54:59","../specifications/1643291699Wood pole specification.docx","ze336912","END",,,"ER1/2022"
"2742","RQ22012777","10224338","2022-01-25","Purchase 3200x100x100 Steel galvanised box x-arms for Gutu - Mashava 33kV line Project",,"0","2022-01-27 15:56:53","../specifications/","ze336912","END",,,"ER1/2022"
"2743","RQ2201288","10224620","2022-01-28","PURCHASE OF HP130A LASERJET PRINTER 3in1 FOR MUTARE ENVIRONS DEPOT",,"0","2022-01-28 13:26:26","../specifications/","ze262692","ENV",,,"ER4/2022"
"2744","RQ22012814","10224620","2022-01-28","PURCHASE OF HP130A LASERJET PRINTER 3in1 FOR MUTARE ENVIRONS DEPOT",,"0","2022-01-28 13:32:32","../specifications/Printer 3 in 1.xlsx","ze332291","ENV",,,"ER4/2022"
"2745","RQ2201287","10223559","2022-01-28","PURCHASE OF HP216A SET OF CARTRIDGES FOR SENIOR ACCOUNTANT (FM)",,"0","2022-01-28 17:07:30","../specifications/HP216A SET OF CARTRIDGES FOR SENIOR ACCOUNTANT.docx","ze265261","FM300",,,"ER10/2022"
"2746","RQ22020159","10224679","2022-02-01","Supply of 5 x 185/65/R14 tyre for ER2225",,"0","2022-02-01 11:02:22","../specifications/SUPPLY OF TYRES ER2225.docx","ze301698","GARAGE",,,"ER16/2022"
"2747","RQ22020142","10224627","2022-01-27","FIRE EXTINGUISHERS SERVICE & RECHARGE FOR MUTARE ENVIRONS DEPOT AND SUBSTATIONS",,"0","2022-02-01 15:45:21","../specifications/FIRE EXTINGUISHERS SPECIFICATIONS.xlsx","ze262692","ENV",,,"ER21/2022"
"2748","RQ22020748","10224911","2022-02-04","Purchase of  4 in 1 Printers for Commercial Manager Secretary,Accounting Officer Stores,Mutare DM Secretary,Personnel Officer Manicaland",,"0","2022-02-07 15:38:41","../specifications/HP LaserJet M428 printer.docx","ze9096977","IT100","ACE22012176","specifications/1642773795HP LaserJet M428 printer.docx","ER6/2022"
"2749","RQ22020738","10224962","2022-02-07","Purchase of laptops for District manager mutare,Disctrict Manager Masvingo,Systems Support R/O,Systems Support Masvingo,Commercial Engineer R/O,Hardware Technician R/O.Energy Technician Masvingo,Energy Technician Manicaland,Sales Analyst,Admin Officer,,Se",,"0","2022-02-07 15:57:24","../specifications/HP x360 core i5  and core i7 specification.docx","ze9096977","IT100","ACE22012149","specifications/1642773125HP ENVY x360  core i7.docx","ER6/2022"
"2750","RQ22020752","10225151","2022-02-07","SUSPENSION MATERIAL FOR NP300 4X2 F/N ER2131",,"0","2022-02-07 16:43:50","../specifications/SUSPENSION MATERIAL ER2131.xlsx","ze48941","MTG",,,"ER16/2022"
"2751","RQ22020830","10224401","2022-01-26","Four  in One  HP Laserjet Pro M428FDW- Printer",,"0","2022-02-08 15:00:12","../specifications/quotations for Costing Printer.pdf","ze246395","MSD","ACE22011746","specifications/1642426304quotations for Costing Printer.pdf","ER11/2022"
"2752","RQ22020894","10224893","2022-02-03","Office desks  for Gumindoga F;",,"0","2022-02-08 15:02:34","../specifications/Furniture quotations (1).pdf","ze246395","MSD","ACE22012632","specifications/1643201927furniture-costing.docx","ER4/2022"
"2753","RQ22020866","10224897","2022-02-03","Office Desk for Nhika E.",,"0","2022-02-08 15:04:09","../specifications/1644325449Furniture quotations (1).pdf","ze246395","MSD","ACE22012667","specifications/1643202142furniture-costing.docx","ER4/2022"
"2754","RQ22020882","10224897","2022-02-03","Office Desk for Magwenzi J",,"0","2022-02-08 15:06:08","../specifications/1644325568Furniture quotations (1).pdf","ze246395","MSD","ACE22012684","specifications/1643202031furniture-costing.docx","ER4/2022"
"2755","RQ22020854","10224600","2022-01-31","2 x All-in-one Desktop computers for Maintenance Section",,"0","2022-02-08 16:36:57","../specifications/All-in-one Desktop Specifications.pdf","ze289310","ERM","ACE22012580","specifications/1643114762All-in-one Desktop Specifications.docx","ER6/2020"
"2756","RQ22020872","10224597","2022-01-31","4 Laptops for Maintenance Technicians",,"0","2022-02-08 16:41:21","../specifications/16443312811637218358Core i7 Laptop Specification.pdf","ze289310","ERM","ACE22012546","specifications/1643113302Core i7 Laptop Specification...docx","ER6/2020"
"2757","RQ22020862","10224594","2022-01-31","Laptop for Maintenance Engineer and Engineer Maintenance",,"0","2022-02-08 16:46:45","../specifications/1643107907Core i7 Laptop Specification ME and ENG.pdf","ze289310","ERM","ACE22012528","specifications/1643107907Core i7 Laptop Specification.docx","ER6/2020"
"2758","RQ22020937","10225284","2022-02-09","purchase 7x750 R16 tyres for Foton truck f/n er2205 - Environs",,"0","2022-02-09 11:41:26","../specifications/TYRES 750R16.docx","ze48941","MTG",,,"ER16/2022"
"2759","RQ22021018","10225384","2022-02-10","PROCUREMENT OF TRANSFORMER OIL FOR TRANSFORMER MAINTENANCE (10 DRUMS)",,"0","2022-02-10 13:40:46","../specifications/","ze289310","ERM",,,"ER20/2022"
"2760","RQ22021094","10224432","2022-02-02","SUPPLY OF TYRES 245/70R16",,"0","2022-02-10 15:39:35","../specifications/245 70 R16.docx","ze301698","GARAGE",,,"ER16/2022"
"2761","RQ22021037","10224437","2022-02-02","SUPPLY OF TYRES 245/70R16",,"0","2022-02-10 15:40:51","../specifications/1644500451245 70 R16.docx","ze301698","GARAGE",,,"ER16/2022"
"2762","RQ22021030","10224438","2022-02-02","SUPPLY AND FIT 245/70R16 TYRES ON NISSAN NP300 REG ADI3587. F/N ER2157 (Masvingo)",,"0","2022-02-11 12:47:54","../specifications/1644500522245 70 R16.docx","ze301698","GARAGE",,,"ER16/2022"
"2763","RQ22021053","10224436","2022-02-02","SUPPLY AND FIT 245/70R16 TYRES (ISUZU KB 240 REG# ADY1795 - MASVINGO)",,"0","2022-02-11 13:00:25","../specifications/1644500587245 70 R16.docx","ze301698","GARAGE",,,"ER16/2022"
"2764","RQ22021016","10223535","2022-02-02","SUPPLY AND FIT 245/70R16 TYRES ON ER2156",,"0","2022-02-11 11:58:19","../specifications/1644500657245 70 R16.docx","ze301698","GARAGE",,,"ER16/2022"
"2765","RQ22021063","10223522","2022-02-02","SUPPLY OF TYRES 245/70R16",,"0","2022-02-10 15:45:36","../specifications/1644500736245 70 R16.docx","ze301698","GARAGE",,,"ER16/2022"
"2766","RQ22021088","10223528","2022-02-02","Supply and fit new 245/70R16 tyres on ER2245 (Masvingo)",,"0","2022-02-17 10:03:01","../specifications/1644500798245 70 R16.docx","ze301698","GARAGE",,,"ER16/2022"
"2767","RQ2202108","10224442","2022-02-02","SUPPLY AND FIT NEW TYRES 215R15 ON ER2201 - MASVINGO",,"0","2022-02-11 16:13:20","../specifications/245 70 R15.docx","ze301698","GARAGE",,,"ER16/2022"
"2768","RQ22021079","10224441","2022-02-02","Supply and fit new 245/70R16 Tyres on ER2146 ( Masvingo)",,"0","2022-02-17 10:04:40","../specifications/1644501132245 70 R15.docx","ze301698","GARAGE",,,"ER16/2022"
"2769","RQ22021196","10225425","2022-02-11","PURCHASE OF SUSPENSION MATERIAL FOR NP300 4X2 ER2144",,"0","2022-02-11 09:17:26","../specifications/SUSPENSION MATERIAL ER2144.xlsx","ze48941","MTG",,,"ER16/2022"
"2770","RQ22021156","10225439","2022-02-11","Purchase 10kw Diesel Generator for Network Development - Jotali",,"0","2022-02-11 09:24:31","../specifications/10KW DIESEL STANDBY GENERATOR SPECIFICATION.docx","ze336912","END",,,"ER9/2022"
"2771","RQ22021181","10225491","2022-02-11","FACE MASKS FOR THE REGION",,"0","2022-02-11 17:01:10","../specifications/1644591670FACE MASK SPECIFICATION.docx","ze247200","HR500",,,"ER24/2022"
"2772","RQ22021442","10225541","2022-02-14","Purchase and delivery of 80 x Large 8 Bolt Brass clamps for Chikanga, Dangamvura and Chipinge CB Installations.",,"0","2022-02-14 14:27:24","../specifications/","ze289310","ERM",,,"ER19/2022"
"2773","RQ22021424","10225284","2022-02-09","PURCHASE OF NEW TYRES 750R16 FOR FOTON TRUCK F/N ER2205",,"0","2022-02-14 16:07:57","../specifications/1644847677TYRES 750R16.docx","ze48941","MTG",,,"ER16/2022"
"2774","RQ22021467","10225540","2021-02-14","supply 100 x 9m wood poles",,"0","2022-02-14 16:35:34","../specifications/","ze7013","RUT",,,"ER22/2022"
"2775","RQ22021430","10225542","2022-02-14","supply 100 x11m wood poles ",,"0","2022-02-14 16:37:16","../specifications/","ze7013","RUT",,,"ER22/2022"
"2776","RQ22021451","10225539","2022-02-14","supply 100 x 12.6m wood poles",,"0","2022-02-14 16:38:37","../specifications/","ze7013","RUT",,,"ER22/2022"
"2777","RQ22021583","10224347","2022-01-25","Purchase GIS Data Collection Tools",,"0","2022-02-15 09:25:05","../specifications/1644909905GIS DATA COLLECTION TOOL SPECIFICATION.docx","ze336912","END",,,"ER1/2022"
"2778","RQ22021618","10225669","2022-02-15","PROCUREMENT OF GRANULATED  BROMACIL WEEDKILLER FOR SUB STATION WEEDING",,"0","2022-02-16 10:49:41","../specifications/","ze289310","ERM",,,"ER19/2022"
"2779","RQ22021635","10225755","2022-02-16","purchase of 4 in 1 colour  printers for for accounting officer creditors and accounting clerk costing",,"0","2022-02-16 14:44:52","../specifications/1645014176HP LaserJet M428 printer.docx","ze9096977","IT100","ACE22020369","specifications/1643892779HP LaserJet M428 printer.docx","ER6/2022"
"2780","RQ22021694","10225753","2022-02-16","purchase of black and white printer for Mutare Environs depot,Mutare urban depot,Rusape depot,Chipinge depot,IT office megawatt",,"0","2022-02-16 14:26:17","../specifications/4-IN-1 Black and White pinter.docx","ze9096977","IT100","ACE22020322","specifications/16438919584-IN-1 Black and White pinter.docx","ER6/2022"
"2781","RQ22021674","10225745","2022-02-16","Purchase of Laptops for the Commercial Manager, Systems Administrator",,"0","2022-02-17 10:59:04","../specifications/HP Envy x 360 core i7 Convertible 15 Touch Laptop Specifications (005).docx","ze9096977","IT100","ACE22012558","specifications/1643105461HP Envy Laptop Specs.docx","ER6/2022"
"2782","RQ22021647","10225756","2022-02-16","Purchase of routers for Jotali building and Maintenance offices regional offices network.",,"0","2022-02-16 15:37:45","../specifications/1645017149SPECIFICATIONS FOR ROUTERS.docx","ze9096961","IT100","ACE2202043","specifications/1643972004Mantainance_Jotali_justification.docx","ER6/2020"
"2783","RQ22021678","10225760","2022-02-16","Purchase of routers for Urban Depot and Environs Depot for Mutare District network.",,"0","2022-02-16 15:38:01","../specifications/1645017409SPECIFICATIONS FOR ROUTERS.docx","ze9096961","IT100","ACE22020413","specifications/1643971821SPECIFICATIONS FOR ROUTERS.docx","ER6/2022"
"2784","RQ22021620","10225766","2022-02-16","Purchase of Routers for Masvingo Depot, Chiredzi Depot, Rutenga Depot, Gutu Depot and Mashava Depot for Masvingo District network.",,"0","2022-02-16 15:37:12","../specifications/1645017472SPECIFICATIONS FOR ROUTERS.docx","ze9096961","IT100","ACE22020460","specifications/1643972480Masvingo_justification.docx","ER6/2022"
"2785","RQ22021637","10225763","2022-02-16","Purchase  of routers for Nyanga Depot, Chimanimani Depot, Hauna Offices, for Manicaland District network.",,"0","2022-02-16 15:37:24","../specifications/1645018015SPECIFICATIONS FOR ROUTERS.docx","ze9096961","IT100","ACE22020497","specifications/1643971561SPECIFICATIONS FOR ROUTERS.docx","ER6/2022"
"2786","RQ22021731","10224600","2022-01-31","2 x All-in-one Desktop computers for Maintenance Section",,"0","2022-02-17 09:42:35","../specifications/1645083755All-in-one Desktop Specifications.pdf","ze289310","ERM","ACE22012580","specifications/1643114762All-in-one Desktop Specifications.docx","ER6/2021"
"2787","RQ22021752","10224600","2022-01-31","2 x All-in-one Desktop computers for Maintenance Section",,"0","2022-02-17 09:43:31","../specifications/1645083811All-in-one Desktop Specifications.pdf","ze289310","ERM","ACE22012580",,"ER6/2021"
"2788","RQ22021721","10224600","2022-01-31","2 x All-in-one Desktop computers for Maintenance Section",,"0","2022-02-17 09:43:36","../specifications/1645083816All-in-one Desktop Specifications.pdf","ze289310","ERM","ACE22012580",,"ER6/2021"
"2789","RQ22021745","10224600","2022-01-31","2 x All-in-one Desktop computers for Maintenance Section",,"0","2022-02-17 09:43:41","../specifications/1645083821All-in-one Desktop Specifications.pdf","ze289310","ERM","ACE22012580",,"ER6/2021"
"2790","RQ22021790","10224600","2022-01-31","2 x All-in-one Desktop computers for Maintenance Section",,"0","2022-02-17 09:45:47","../specifications/1645083947All-in-one Desktop Specifications.pdf","ze289310","ERM","ACE22012580",,"ER6/2021"
"2791","RQ22021711","10224600","2022-01-31","2 x all in one Desktop computers",,"0","2022-02-17 09:46:29","../specifications/1645083989All-in-one Desktop Specifications.pdf","ze289310","ERM","ACE22012580",,"ER6/2021"
"2792","RQ22021733","10224600","2022-01-31","2 x all in one Desktop computers",,"0","2022-02-17 09:46:38","../specifications/1645083998All-in-one Desktop Specifications.pdf","ze289310","ERM","ACE22012580",,"ER6/2021"
"2793","RQ22021740","10224597","2022-01-31","4 Laptops for Maintenance Technicians",,"0","2022-02-17 09:48:14","../specifications/16450840931637218358Core i7 Laptop Specification.pdf","ze289310","ERM","ACE22012546","specifications/1643113302Core i7 Laptop Specification...docx","ER6/2022"
"2794","RQ22021723","10224594","2022-01-31","Laptop for Maintenance Engineer and Engineer Maintenance",,"0","2022-02-17 09:49:23","../specifications/16450841631643107907Core i7 Laptop Specification ME and ENG.pdf","ze289310","ERM","ACE22012528","specifications/1643107907Core i7 Laptop Specification.docx","ER6/2022"
"2795","RQ22021777","10225832","2022-02-17","TO SUPPLY AND FIT 20 NEW TYRES SIZE 215/80R15(4 each)NISSAN NP300
, ER2229-AFN3295,Chiredzi CSC:ER2230,AFN3296,Gutu CSC:ER2237,AFM7494,Msv CSC:ER2239,AFM8384,Rutenga CSC:ER2240,AFM8385,Mashava CSC.-  CIF Masvingo",,"0","2022-02-22 10:56:15","../specifications/1645086666215.docx","ze44253","MSG",,,"ER16/2022"
"2796","RQ22021719","10225747","2022-02-16","Purchase of core i7 laptops for the Chief Risk Officer and Planning Engineer",,"0","2022-02-17 11:03:12","../specifications/core i7  laptop specifications.pdf","ze9096977","IT100","ACE22012558","specifications/1643105461HP Envy Laptop Specs.docx","ER6/2022"
"2797","RQ22021797","10225806","2022-02-16","EB-X51 projector for mutare district",,"0","2022-02-17 11:19:42","../specifications/1644499869projector specs.pdf","ze9096967","IT100","ACE22021058","specifications/1644499869projector specs.pdf","ER6/2022"
"2798","RQ22021749","10225842","2022-02-17","COLOUR TV FOR MUTARE ENVIRONS DEPOT RECEPTION",,"0","2022-02-17 11:46:24","../specifications/COLOUR TV 43''.xlsx","ze262692","ENV",,,"ER4/2022"
"2799","RQ22021791","10225806","2022-02-16","EB-X51 projector for mutare district",,"0","2022-02-17 12:08:18","../specifications/16450924981644499869projector specs.pdf","ze9096967","IT100","ACE22021058",,"ER6/2022"
"2800","RQ2202178","10225806","2022-02-16","EB-X51 projector for mutare district",,"0","2022-02-17 12:08:30","../specifications/16450925101644499869projector specs.pdf","ze9096967","IT100","ACE22021058",,"ER6/2022"
"2801","RQ22021848","10225877","2022-02-18","Hiring of 1.5 Tonner Truck for Mufirapamwe 11kv Line Construction Project in Federation. Asset No. 130835",,"0","2022-02-18 10:33:43","../specifications/","ze232696","URB",,,"ER16/2022"
"2802","RQ22021832","10225919","2022-02-07","SUPPLY AND FIT TYRES -5 X 205/60R15 FOR ADI 9113 ER2163 - Mutare",,"0","2022-02-22 10:54:29","../specifications/ER2163.docx","ze301698","GARAGE",,,"ER16/2022"
"2803","RQ22021833","10225130","2022-02-07","SUPPLY AND FIT TYRES - 4 X 245/70R16 FOR ER2085 ABW2591 - Mutare",,"0","2022-02-22 10:52:36","../specifications/ER2085 TYRESX4.docx","ze301698","GARAGE",,,"ER16/2022"
"2804","RQ22022258","10225963","2022-02-22","Hire of 7 tone truck for Mashava, Gutu Project for six months",,"0","2022-02-22 10:49:42","../specifications/Vehicle hire for Mashava, Gutu Project.docx","ze301698","GARAGE",,,"ER16/2022"
"2805","RQ22022241","10225724","2022-02-22","blinds for office number 323",,"0","2022-02-22 12:08:28","../specifications/","ze318833","HR500",,,"ER19/2022"
"2806","RQ22022239","10225990","2022-02-22","Aluminium door for third floor reception (1120*2005mm)",,"0","2022-02-22 12:29:23","../specifications/","ze318833","HR500",,,"ER19/2022"
"2807","RQ22022266","10225992","2022-02-22","Carpet (Nature's harvest) for Third floor reception including underfelt (3.1m* 3.1m) 9.61 square metres",,"0","2022-02-22 12:34:29","../specifications/","ze318833","HR500",,,"ER19/2022"
"2808","RQ2202229","10226002","2022-02-22","Blinds for 3rd floor reception (2500*1300mm) (3100*1950mm) (3.25 square meters and 6.05 square meters
",,"0","2022-02-22 12:37:04","../specifications/","ze318833","HR500",,,"ER19/2022"
"2809","RQ22022366","10116122","2022-02-23","purchase of 05A toner black for stock",,"0","2022-02-23 13:32:36","../specifications/05A Toner specifications.pdf","ze9096961","IT100",,,"ER10/2022"
"2810","RQ22022367","10226129","2022-02-23","purchase of 80A toner black and 55A toner black for stock",,"0","2022-02-23 13:48:26","../specifications/55A and 80A Toner specifications.pdf","ze9096961","IT100",,,"ER10/2022"
"2811","RQ22022362","10226130","2022-02-23","purchase of canon737 l black toner for Mr Satiyi",,"0","2022-02-23 14:07:15","../specifications/conon 737 starter specs.pdf","ze9096961","IT100",,,"ER10/2022"
"2812","RQ22022399","10226151","2022-02-23","SUPPLY AND FIT TYRES FOR ADI9113 - ER2162 195/70R14 - CIF MUTARE",,"0","2022-03-01 09:00:00","../specifications/ER2163 tyres.docx","ze301698","GARAGE",,,"ER16/2022"
"2813","RQ22022421","10225688","2022-02-09","ER5/22 UD TRUCK TYRES SIZE - 11R 22.5 MUTARE DISTRICT ",,"0","2022-02-24 09:37:50","../specifications/Tyres for UD Environs.pdf","ze261297","MTD",,,"ER5/2022"
"2814","RQ22022493","10225672","2022-02-14","ER22/22  TREATED POLES 12.6m 140-160mm FOR MUTARE DISTRICT",,"0","2022-02-24 09:41:53","../specifications/Hotspeck Quotation 12.5m Poles.pdf","ze261297","MTD",,,"ER22/2022"
"2815","RQ22022446","10226193","2022-02-24","ER11/22 FAULT REPORT BOOKS E86 IN TRIPLICATE FOR MUTARE DISTRICT",,"0","2022-02-24 09:48:21","../specifications/","ze261297","MTD",,,"ER11/2022"
"2816","RQ22022480","10225670","2022-02-03","ER22/22 TREATED POLES 11m 140-160mm FOR MUTARE DISTRICT",,"0","2022-02-24 09:49:52","../specifications/Hotspeck Quotation 11m poles.pdf","ze261297","MTD",,,"ER22/2022"
"2817","RQ22022428","10225673","2022-02-04","ER22/22 TREATED POLES 11m 160-180mm TREATED POLES FOR MUTARE DISTRICT",,"0","2022-02-24 09:51:15","../specifications/Wattle Co Quotation 11m poles.pdf","ze261297","MTD",,,"ER22/2022"
"2818","RQ22022471","10225672","2022-02-04","ER22/22 TREATED POLES 12.6m 160-180mm FOR MUTARE DISTRICT",,"0","2022-02-24 09:52:30","../specifications/Wattle Co Quotation 12.6m poles.pdf","ze261297","MTD",,,"ER22/2022"
"2819","RQ22022423","10226194","2022-02-24","Cut and demolish 10m of 175mm concrete slab at Puma Service Station (To repair 11kv Cable Fault)",,"0","2022-02-24 10:13:12","../specifications/","ze232696","URB",,,"ER19/2022"
"2820","RQ22022411","10224908","2022-01-27","ER8/22 SAFETY BELTS WITH ROPE FOR MUTARE DISTRICT",,"0","2022-02-24 15:05:13","../specifications/","ze261297","MTD",,,"ER8/2022"
"2821","RQ22022448","10225206","2022-01-27","ER15/22 RAINSUITS FOR MUTARE DISTRICT",,"0","2022-02-24 15:06:54","../specifications/","ze261297","MTD",,,"ER15/2022"
"2822","RQ22022881","10226288","2022-02-25","ER4/2022 Wooden  Filing Cabinet for Mutare DM Office",,"0","2022-02-28 09:34:59","../specifications/Wooden Filing Cabinet DM's Office final Feb  2022.pdf","ze317632","MTD","ACE2202168","specifications/1645007333Wooden filing cabinet DMs office 22.pdf","ER4/2020"
"2823","RQ22022884","10226288","2022-02-25","ER4/2022 Wooden  Filing Cabinet for Mutare DM Office",,"0","2022-02-28 09:38:23","../specifications/1646033903Wooden Filing Cabinet DM's Office final Feb  2022.pdf","ze317632","MTD","ACE2202168",,"ER4/2020"
"2824","RQ22022879","10226288","2022-02-25","ER4/2022 Wooden  Filing Cabinet for Mutare DM Office",,"0","2022-02-28 09:40:31","../specifications/1646034031Wooden Filing Cabinet DM's Office final Feb  2022.pdf","ze317632","MTD","ACE2202168",,"ER4/2020"
"2825","RQ22022848","10226324","2022-02-28","Purchase of wood poles for Timbercare line project",,"0","2022-02-28 10:41:43","../specifications/","ze243981","NYA",,,"ER22/2022"
"2826","RQ22022838","10226325","2022-02-28","purchase of 3000m x50mm SCA
4pole platform
7mx Angle iron
1x4 Door cubicle
24mx185mm cable for Timbercare project
",,"0","2022-02-28 14:53:04","../specifications/","ze243981","NYA",,,"ER20/2022"
"2827","RQ22022875","10226355","2022-02-28","HIRING OF 7 TONNE TRUCK FOR MUTARE DISTRICT MAINTENANCE",,"0","2022-02-28 15:33:00","../specifications/7 TONNE TRUCK HIRE SPECS 2022.docx","ze261297","MTD",,,"ER5/2022"
"2828","RQ22022860","10226358","2022-02-28","ER15/22 MATRESSES FOR CAMPED TEAMS DOING FAULT MAINTENANCE",,"0","2022-02-28 15:45:09","../specifications/","ze261297","MTD",,,"ER5/2022"
"2829","RQ22030174","10226387","2022-03-01","70mm Cable Sleeve for Cable Faults Joints",,"0","2022-03-01 10:37:09","../specifications/","ze232696","URB",,,"ER19/2022"
"2830","RQ22030191","10226389","2022-03-01","95mm Crimp Sleeves for 11kv Cable Joints",,"0","2022-03-01 10:38:36","../specifications/","ze232696","URB",,,"ER19/2022"
"2831","RQ2203018","10226381","2022-02-28","Purchase of Transformer Oil for the Transformer and Repair Workshop",,"0","2022-03-01 11:26:02","../specifications/","ze265322","ENG800",,,"ER20/2022"
"2832","RQ22030163","10226415","2022-03-01","purchase of a projector  for district manager mutare secretary ",,"0","2022-03-01 13:22:12","../specifications/16461337321644499869projector specs.pdf","ze9096961","IT100","ACE22021058","specifications/1644499869projector specs.pdf","ER6/2022"
"2833","RQ22030197","10226414","2022-03-01","Purchase of Laptop for Risk Officer  ",,"0","2022-03-01 13:26:31","../specifications/Laptop Specifications.pdf","ze9096961","IT100","ACE22021022","specifications/1644499766Laptop Specifications.pdf","ER6/2022"
"2834","RQ22030188","10226417","2022-03-01","Purchase of Laptops for General Manager Secretary and Procurement Administrator R/O",,"0","2022-03-01 13:39:35","../specifications/HP Envy Laptop Specs.pdf","ze9096961","IT100","ACE22021055","specifications/1644499543HP Envy Laptop Specs.pdf","ER6/2022"
"2835","RQ2203019","10226421","2022-03-01","Supply of 5x185/65R15 for ER2225",,"0","2022-03-01 14:30:02","../specifications/ER2225 tyres.docx","ze301698","GARAGE",,,"ER16/2022"
"2836","RQ22030298","10226464","2022-03-02","Purchase of a laptop for Procurement Adminstrator R/O",,"0","2022-03-02 11:28:06","../specifications/Proc-admin-laptop.pdf","ze9096977","IT100","ACE22012149","specifications/1642773125HP ENVY x360  core i7.docx","ER6/2022"
"2837","RQ22030393","10226523","2022-03-03","Purchase of 3 x 33kV Current transformers for 33kV Masvingo 2 Fdr.",,"0","2022-03-03 11:19:16","../specifications/33kV CT.pdf","ze289310","ERM",,,"ER20/2022"
"2838","RQ22030327","10226525","2022-03-03","Procurement of Silvershine paint for sub station fence and structure painting",,"0","2022-03-03 11:22:09","../specifications/","ze289310","ERM",,,"ER19/2022"
"2839","RQ22030364","10226527","2022-03-03","Procurement of transformer grey paint for painting transformers and cubicles",,"0","2022-03-03 11:24:56","../specifications/","ze289310","ERM",,,"ER19/2022"
"2840","RQ22030372","10226533","2022-03-03","To purchase a portable generator",,"0","2022-03-03 11:29:20","../specifications/Portable Generator Specifications.pdf","ze289310","ERM","ACE22021790","specifications/1645089952Portable Generator Specifications.pdf","ER8/2020"
"2841","RQ22030351","10226535","2022-03-03","To purchase an INSULATING OIL TEST SET",,"0","2022-03-03 11:33:08","../specifications/Insulating oil test set specifications.pdf","ze289310","ERM","ACE22021714","specifications/1645084565Insulating oil test set specifications.pdf","ER8/2022"
"2842","RQ22030349","10226530","2022-03-03","2 Laptops for Maintenance Technicians",,"0","2022-03-03 11:52:12","../specifications/16463011321637218358Core i7 Laptop Specification.pdf","ze289310","ERM","ACE22012546","specifications/1643113302Core i7 Laptop Specification...docx","ER6/2022"
"2843","RQ22030310","10226560","2022-03-03","Purchase of laptop for General Manager Secretary",,"0","2022-03-03 15:09:51","../specifications/Laptop Specs.pdf","ze9096961","IT100","ACE22021055","specifications/1644499543HP Envy Laptop Specs.pdf","ER6/2022"
"2844","RQ22030383","10225962","2022-03-03","Rain suits for Nyanga csc staff",,"0","2022-03-03 14:31:11","../specifications/","ze243981","NYA",,,"ER15/2022"
"2845","RQ22030830","10226812","2022-03-08","ER15/22 FOUR MEN TENT FOR CAMPED TEAMS - MAINTENANCE MUTARE DISTRICT",,"0","2022-03-08 12:19:53","../specifications/","ze261297","MTD",,,"ER15/2022"
"2846","RQ22030847","10226868","2022-03-08","Purchase of 12.6M Wood Poles",,"0","2022-03-08 17:00:09","../specifications/","ze226548","GUT",,,"ER22/2022"
"2847","RQ22030865","10226870","2022-03-08","Purchase of 11M Wood Poles",,"0","2022-03-08 17:02:56","../specifications/","ze226548","GUT",,,"ER22/2022"
"2848","RQ22030871","10226871","2022-03-08","Purchase of 9M Wood Poles",,"0","2022-03-08 17:05:37","../specifications/","ze226548","GUT",,,"ER22/2022"
"2849","RQ22030932","10226947","2022-03-09","supply 100 x11m wood poles",,"0","2022-03-09 11:17:08","../specifications/","ze7013","RUT",,,"ER22/2022"
"2850","RQ22030983","10227013","2022-03-09","Purchase of 12.6M Wood Poles",,"0","2022-03-09 16:33:56","../specifications/","ze226548","GUT",,,"ER22/2022"
"2851","RQ22030966","10227014","2022-03-09","Purchase of 12.6M Wood Poles",,"0","2022-03-09 16:35:07","../specifications/","ze226548","GUT",,,"ER22/2022"
"2852","RQ22031415","10227245","2022-03-14","Purchasing of 1 set Chequer Plate Pool Table for Mutare Urban- Riat Awards Money",,"0","2022-03-14 15:29:11","../specifications/1647264551SPECIFICATIONS FOR POOL TABLE.docx","ze232696","URB",,,"ER4/2022"
"2853","RQ22031490","22020893","2022-03-14","INDUSTRIAL STOVE FOR MASVINGO CSC",,"0","2022-03-14 15:57:28","../specifications/MASVINGO INDUSTRIAL STOVE ACE.html","ze335088","MSD","ACE22020893","specifications/164432248316437105551637567985Industrial Stove-Masvingo CSC-Kainotap.pdf","ER4/2021"
"2854","RQ22031732","10227446","2022-03-17","5 ton Chain block for Nyanga csc",,"0","2022-03-17 08:44:02","../specifications/chainsaw mfs.pdf","ze243981","NYA","ACE2203159","specifications/16473413255 tonnne chain block manual operation.docx","ER8/2020"
"2855","RQ22031753","10227446","2022-03-17","5 ton Chain block for Nyanga csc",,"0","2022-03-17 08:44:14","../specifications/1647499454chainsaw mfs.pdf","ze243981","NYA","ACE2203159",,"ER8/2020"
"2856","RQ22031751","10227447","2022-03-17","husqvarna 365 chainsaws for nyanga line gang",,"0","2022-03-17 08:47:11","../specifications/chains mfs.pdf","ze243981","NYA","ACE22031041","specifications/1646918994chains mfs.pdf","ER8/2020"
"2857","RQ22031712","10227447","2022-03-17","husqvarna 365 chainsaws for nyanga line gang",,"0","2022-03-17 08:47:18","../specifications/1647499638chains mfs.pdf","ze243981","NYA","ACE22031041",,"ER8/2020"
"2858","RQ22031717","10227448","2022-03-17","Swivel chair for clerk stores , Nyanga",,"0","2022-03-17 08:48:37","../specifications/swivel.docx","ze243981","NYA","ACE22031041",,"ER4/2020"
"2859","RQ22031777","10227448","2022-03-17","high back swivel chair for clerk stores, Nyanga",,"0","2022-03-17 08:50:01","../specifications/1647499801swivel.docx","ze243981","NYA","ACE22031077","specifications/1646918690swivel.docx","ER4/2022"
"2860","RQ22031720","10226974","2022-03-17","Supply Service Materials for UD 70 ; Z296 x 20; z94 x 20; G98 x 20; ADG 990R x 20; ADG991R x 20",,"0","2022-03-17 12:28:58","../specifications/1647512938SUPPLY SERVICE KITS AS FOLLOWS FOR NISSAN UD 70   CIF MASVINGO GARAGE.docx","ze44253","MSG",,,"ER16/2022"
"2861","RQ22031779","10226974","2022-03-17","SUPPLY REAR SHOCKS FOR NISSAN NP300 4 X 4 CIF MASVINGO GARAGE",,"0","2022-03-17 12:38:51","../specifications/SUPPLY REAR SHOCKS  CIF MASVINGO GARAGE.docx","ze44253","MSG",,,"ER16/2022"
"2862","RQ22031738","10227091","2022-03-17","SUPPLY  FRONT SHOCKS  FOR NISSAN NP300 4 X4 , CIF Masvingo Garage",,"0","2022-03-18 09:29:46","../specifications/SUPPLY FRONT SHOCKS  CIF MASVINGO GARAGE.docx","ze44253","MSG",,,"ER16/2022"
"2863","RQ22031776","10227503","2022-03-17","new tyres 5x 185/65R70 for np200 er2224",,"0","2022-03-17 15:57:23","../specifications/tyres 185.65R70.docx","ze48941","MTG",,,"ER16/2022"
"2864","RQ22031729","10227513","2022-03-17","Transportation of 320 x 9 mtre wood poles to Chimanimani",,"0","2022-03-17 17:01:14","../specifications/CHMNI WD PLS.docx","ze301698","GARAGE",,,"ER16/2022"
"2865","RQ22031757","10227514","2022-03-17","Transportation of 160 x 9mtre wood poles to chipinge",,"0","2022-03-17 17:02:58","../specifications/CHIP WD PLS.docx","ze301698","GARAGE",,,"ER16/2022"
"2866","RQ22031865","10227414","2022-03-18","PRINT SCAN COPY PRINTER FOR RECORDS CLERK",,"0","2022-03-18 10:01:24","../specifications/APPROVED ACE PRINTER SCANNER.html","ze318833","HR500","ACE22012532","specifications/1643106697ace explanatory notes.xlsx","ER4/2022"
"2867","RQ22031836","10227414","2022-03-18","Printer scanner copier copy fax for Records office",,"0","2022-03-18 10:03:44","../specifications/1647590624APPROVED ACE PRINTER SCANNER.html","ze318833","HR500","ACE22012532",,"ER4/2022"
"2868","RQ22031897","10227354","2022-03-18","L Shaped desk for Commercial Manager",,"0","2022-03-18 10:07:06","../specifications/APPROVED ACE CM DESK ASSET NUMBER 1700010371.html","ze318833","HR500","ACE22022450","specifications/1645712050EXPLANATORY REPORT L SHAPED DESK FOR COMMERCIAL MANAGER.xlsx","ER4/2022"
"2869","RQ22031854","10227356","2022-03-18","L-Shaped desk for Sales Executive Manicaland District",,"0","2022-03-18 10:08:28","../specifications/APPROVED ACE SE DESK ASSET # 1700010372.html","ze318833","HR500","ACE22022448","specifications/1645711857EXPLANATORY REPORT DESKS FOR LSHAPED DESK FOR SALES EXEC MANICALAND.xlsx","ER4/2022"
"2870","RQ2203189","10227554","2022-03-18","Purchase of sulphur hexafluoride(SF6)gas for use in circuit breaker maintenance",,"0","2022-03-18 10:11:39","../specifications/sulfur-hexafluoride-sf6-spec-sheet-.pdf","ze289310","ERM",,,"ER19/2022"
"2871","RQ22031852","10227593","2022-03-18","purchase of a laptop for Network manager Manicaland",,"0","2022-03-18 14:16:51","../specifications/core i7 specifications.docx","ze9096961","IT100","ACE2203103","specifications/1646908339Laptop Specs.pdf","ER6/2022"
"2872","RQ22031824","10227590","2022-03-18","purchase of UPS apparatus for Jotali building Mutare consisting of a battery and invertor",,"0","2022-03-18 14:20:21","../specifications/UPS SPECIFICATIONS jotali.docx","ze9096961","IT100","ACE2203118","specifications/1646987439UPS SPECIFICATIONS.docx","ER6/2022"
"2873","RQ22031871","10227592","2022-03-18","Purchase of UPS apparatus for Megawatt Server Room consisting of battery and invertor",,"0","2022-03-18 14:22:11","../specifications/UPS SPECIFICATIONS Megawatt.docx","ze9096961","IT100","ACE22031138","specifications/1646987018UPS SPECIFICATIONS.docx","ER6/2022"
"2874","RQ22031870","10227515","2022-03-17","Transportation of 320 x 9mtre woodpoies from mutare to Rusape",,"0","2022-03-18 15:35:25","../specifications/1647610525RSPE WD PLS.docx","ze301698","GARAGE",,,"ER16/2022"
"2875","RQ22031830","10227516","2022-03-17","Transportation of 320 x 9mtre wood poles from mutare to Middle sabi(Chipangai)",,"0","2022-03-18 15:37:50","../specifications/MSABI WD PLS.docx","ze301698","GARAGE",,,"ER16/2022"
"2876","RQ22031893","10227618","2022-03-18","Purchase of a 4-in-one color printer for the procurement officer",,"0","2022-03-18 15:53:17","../specifications/16476115974-in-1 Printer specifications.docx","ze297232","IT100","ACE22031091","specifications/16469085004-in-1 Printer specifications.docx","ER6/2022"
"2877","RQ22031821","10227618","2022-03-18","Purchase of a 4-in-one color printer for the procurement officer",,"0","2022-03-18 15:53:18","../specifications/16476115984-in-1 Printer specifications.docx","ze297232","IT100","ACE22031091",,"ER6/2022"
"2878","RQ22032193","10227646","2022-03-21","Contravision of Nyanga csc banking hall main door",,"0","2022-03-21 11:03:40","../specifications/Front door stickers.pdf","ze243981","NYA",,,"ER19/2022"
"2879","RQ22032183","10227647","2022-03-21","4*4 1ton truck hire for Nyanga csc maintenance",,"0","2022-03-21 11:13:39","../specifications/","ze243981","NYA",,,"ER16/2022"
"2880","RQ22032189","10227650","2022-03-21","4*4 1ton truck hire for Nyanga csc maintenance",,"0","2022-03-21 11:16:16","../specifications/","ze243981","NYA",,,"ER16/2022"
"2881","RQ22032194","10227649","2022-03-21","1 tonne truck hire for meter reading",,"0","2022-03-21 11:17:15","../specifications/","ze243981","NYA",,,"ER16/2022"
"2882","RQ22032162","10227652","2022-03-21","ER15/22 PURCHASE OF FOUR MEN TENT FOR MUTARE DISTRICT",,"0","2022-03-21 11:20:32","../specifications/Tent for faults quotation.pdf","ze261297","MTD",,,"ER15/2022"
"2883","RQ22032238","10227734","2022-03-22","Supply and Fit 5 New Tyres size 195/65R15 ER2223/Reg AFK2097-Msv Sales Exec",,"0","2022-03-22 11:22:52","../specifications/195.docx","ze44253","MSG",,,"ER16/2022"
"2884","RQ22032278","10227735","2022-03-22","Supply And Fit 5 New Tyres Size 245/70R16 for ER2230,REG :AFN3296 -Gutu CSC",,"0","2022-03-22 11:26:13","../specifications/1647940432195.docx","ze44253","MSG",,,"ER16/2022"
"2885","RQ22032226","10227735","2022-03-22","Supply and Fit 5 New Tyres Size245/70R15 for F/No 2237/Reg AFN3296-Msv CSC",,"0","2022-03-22 11:29:58","../specifications/1647941210195.docx","ze44253","MSG",,,"ER16/2022"
"2886","RQ22032250","10227740","2022-03-22","Supply And Fit  5 New Tyres Size 245/70R16 ER2161/Reg:ADI 3614-Chiredzi CSC",,"0","2022-03-22 11:44:02","../specifications/1647941677195.docx","ze44253","MSG",,,"ER16/2022"
"2887","RQ22032265","10227741","2022-03-22","Supply And Fit 5 New Tyres Size 245/70R16 for ER 2075/Reg:AEX0646-Chiredzi CSC",,"0","2022-03-22 11:42:12","../specifications/1647941839195.docx","ze44253","MSG",,,"ER16/2022"
"2888","RQ22032294","10227775","2022-03-22","ER16/22 HIRING OF 7 TONNE TRUCK FOR 60 DAYS FOR MUTARE DISTRICT FAULT MAINTENANCE",,"0","2022-03-22 11:57:26","../specifications/16479430467 TONNE TRUCK HIRE SPECS 2022.docx","ze261297","MTD",,,"ER16/2022"
"2889","RQ22032243","10227749","2022-03-22","Supply and Fit 5 New Tyres size 215/80R15 To ER2239/ Reg AFM 3484-Rutenga CSC",,"0","2022-03-22 15:51:19","../specifications/5 x New Tyres Size 215.docx","ze44253","MSG",,,"ER16/2022"
"2890","RQ22032270","1022775","2022-03-22","Supply And Fit 5 New Tyres size 215/80R15 Tyres For ER2240/Reg AFM8385-Mashava CSC",,"0","2022-03-22 15:54:53","../specifications/16479439805 x New Tyres Size 215.docx","ze44253","MSG",,,"ER16/2022"
"2891","RQ22032234","10227752","2022-03-22","Supply And fit 5 New  Tyres Size 215/80R15 to ER2201/Reg No AES4689-Msv CSC",,"0","2022-03-22 15:50:25","../specifications/16479456075 x New Tyres Size 215.docx","ze44253","MSG",,,"ER16/2022"
"2892","RQ22032214","10227753","2022-03-22","Supply And Fit 5 New Tyres Size 215/80R15 To F/No2200/Reg AES4688",,"0","2022-03-22 12:42:03","../specifications/16479457235 x New Tyres Size 215.docx","ze44253","MSG",,,"ER16/2022"
"2893","RQ22032230","10227754","2022-03-22","Supply And Fit New Tyres & Tubes size 1000 x 20 on ER1037 Reg ACO2355-",,"0","2022-03-22 15:49:21","../specifications/1000 x 20 New Tyres To Supply And fit to.docx","ze44253","MSG",,,"ER16/2022"
"2894","RQ22032252","10227755","2022-03-22","Supply And Fit 6 New Tyres Size 9R22,5 To F/No2109/Reg ACO 02355- Chiredzi CSC",,"0","2022-03-22 15:53:55","../specifications/To Supply And Fit 6 New Tyres Size 9R22.docx","ze44253","MSG",,,"ER16/2022"
"2895","RQ22032247","10227734","2022-03-22","Supply And Fit 5 New Tyres size 195/65R15 F/no2223/Reg AFK 2097",,"0","2022-03-22 14:07:50","../specifications/Supply and Fit New Tyres Size 195.docx","ze44253","MSG",,,"ER16/2022"
"2896","RQ22032216","10227780","2022-03-22","Purchase of 20 chairs for Masvingo Environs control room",,"0","2022-03-22 14:41:20","../specifications/approved ace 20 chairs.html","ze318833","HR500","ACE22030894","specifications/1646735881EXPLANATORY REPORT CHAIRS MASVINGO ENVIRONS CONTROL ROOM.xlsx","ER4/2022"
"2897","RQ22032285","10227771","2022-03-22","Purchase of visitors chairs for Masvingo environs offices",,"0","2022-03-22 14:47:01","../specifications/approved ace visitors chairs masvingo environs.html","ze318833","HR500","ACE22030865","specifications/1646735698EXPLANATORY REPORT VISITORS CHAIRS MASVINGO ENVIRONS OFFICES.xlsx","ER4/2022"
"2898","RQ22032389","10227764","2022-03-23","4* High back swivel chairs for Masvingo Environs offices",,"0","2022-03-23 08:01:42","../specifications/approved ace swivel chairs masvingo environs.html","ze318833","HR500","ACE22030836","specifications/1646735137EXPLANATORY REPORT HIGH BACK SWIVEL CHAIRS MASVINGO ENVIRONS DEPOT.xlsx","ER4/2022"
"2899","RQ22032374","10227757","2022-03-23","Purchase of 1* 3 drawer L Shaped desk for Masvingo environs offices (Foreperson) ",,"0","2022-03-23 08:04:48","../specifications/approved ace l shaped desk masvingo foreperson.html","ze318833","HR500","ACE22030869","specifications/1646734525EXPLANATORY REPORT L SHAPED DESK FOR MASVINGO ENVIRONS DEPOT FOREPERSON.xlsx","ER4/2022"
"2900","RQ22032315","10227760","2022-03-23","Purchase of 3*6 drawer desks for Masvingo Environs offices",,"0","2022-03-23 08:12:06","../specifications/approved ace 3 6 drawer desks.html","ze318833","HR500","ACE22030864","specifications/1646733561EXPLANATORY REPORT DESKS FOR MASVINGO ENVIRONS DEPOT.xlsx","ER4/2022"
"2901","RQ2203235","10227747","2022-03-23","Supply and Fit 5 New 750 x 16 Tyres 14/16 Ply Ratings For ER 2215/AEY8184-TOYOTA L/CRUISER-RUTENGA CSC",,"0","2022-03-25 14:48:39","../specifications/Supply and Fit Of 5 New Tyres Size 750 x 16.docx","ze44253","MSG",,,"ER16/2022"
"2902","RQ22032351","10227824","2022-03-23","sumsang A12 for Transport Controller",,"0","2022-03-23 11:31:35","../specifications/Samsung A12 Chidhiza Invest.jpg","ze48941","MTG",,,"ER12/2022"
"2903","RQ22032451","10227981","2022-03-24","Purchase and delivery of 45 x Large 8 Bolt Brass clamps for Chikanga and Chipinge CB Installations.",,"0","2022-03-28 16:29:58","../specifications/","ze289310","ERM",,,"ER19/2022"
"2904","RQ22032557","10228012","2022-03-25","purchase of 7x9R 22.5 tyres for UD f/n er2120  Chimanimani to fit in own workshop in Mutare",,"0","2022-03-25 13:46:15","../specifications/TYRES 9R 22.5.docx","ze48941","MTG",,,"ER16/2022"
"2905","RQ22032522","10228049","2022-03-25","200W  LED Flood Lights for use at State Functions",,"0","2022-03-25 12:35:45","../specifications/","ze232696","URB",,,"ER19/2022"
"2906","RQ22032528","10228050","2022-03-25","16mm x 4 core armoured cable for use at state functions",,"0","2022-03-25 12:40:05","../specifications/","ze232696","URB",,,"ER19/2022"
"2907","RQ22032561","10228051","2022-03-25","2.5mmx3 core flex cable for use at State Functions",,"0","2022-03-25 12:44:35","../specifications/","ze232696","URB",,,"ER19/2022"
"2908","RQ2203291","10228281","2022-03-29","Hp 415ABlack and Color Original Multipack Toner Cartridge for Clerk Risk Office",,"0","2022-03-29 16:03:16","../specifications/415A color toner catridge multipack specs.docx","ze9096961","IT100",,,"ER6/2022"
"2909","RQ22032964","10228236","2022-03-29","10KM OF LITE BUSH AND 30KM OF THICK BUSH WHICH REQUIRE WAYLEAVE CLEARING ON LOCAL FDR 11KV LINE",,"0","2022-03-29 16:47:36","../specifications/","ze259373","CHM",,,"ER25/2022"
"2910","RQ22033043","10228297","2022-03-29","16KM OF LITE BUSH AND 40KM OF THICK BUSH CLEARINGON BIRIRI 11KV LINE",,"0","2022-03-30 07:15:25","../specifications/11kv lines which needs wayleave.pdf","ze259373","CHM",,,"ER25/2022"
"2911","RQ22033094","10228298","2022-03-29","13.4KM OF LITE BUSH AND  50KM OF THICK BUSH CLEARING ON RUSITU 11KV LINE",,"0","2022-03-30 07:19:35","../specifications/164861757511kv lines which needs wayleave.pdf","ze259373","CHM",,,"ER25/2022"
"2912","RQ22033081","10228299","2022-03-29","4KM OF THICK BUSH AND 3KM OF LITE BUSH CLEARING ON HEATHFIELD 11KV LINE",,"0","2022-03-30 07:22:33","../specifications/164861775311kv lines which needs wayleave.pdf","ze259373","CHM",,,"ER25/2022"
"2913","RQ22033034","10228300","2022-03-29","2KM LITE BUSH AND 5KM THICK BUSH CLEARING ON MERYWATERS 11KV LINE",,"0","2022-03-30 07:24:13","../specifications/164861785311kv lines which needs wayleave.pdf","ze259373","CHM",,,"ER25/2022"
"2914","RQ22033015","10228305","2022-03-29","49KM THICK BUSH AND 10KM LITE BUSH CLEARING ON NYANYADZI 33KV LINE",,"0","2022-03-30 07:33:43","../specifications/164861842333kv lines which needs wayleave clearing.pdf","ze259373","CHM",,,"ER25/2022"
"2915","RQ22033014","10228307","2022-03-29","20KM OF THICK BUSH AND 10KM OF LITE BUSH CLEARING ON CHIMANIMANI 33KV LINE",,"0","2022-03-30 07:42:06","../specifications/164861892633kv lines which needs wayleave clearing.pdf","ze259373","CHM",,,"ER25/2022"
"2916","RQ22033038","10228308","2022-03-29","12KM LITE BUSH AND 20KM THICK BUSH CLEARING ON TILBURY T-OFF 33KV LINE",,"0","2022-03-30 07:52:55","../specifications/164861957533kv lines which needs wayleave clearing.pdf","ze259373","CHM",,,"ER25/2022"
"2917","RQ22033078","10228309","2022-03-29","30KM THICK BUSH AND 1KM LITE BUSH CLEARING ONGWINDINGWI T-OFF 33KV LINE",,"0","2022-03-30 08:01:19","../specifications/164862007933kv lines which needs wayleave clearing.pdf","ze259373","CHM",,,"ER25/2022"
"2918","RQ2203309","10228310","2022-03-29","10KM THICK BUSH AND 10KM LITE BUSH CLEARING ON CHISENGU T-OFF 33KV LINE",,"0","2022-03-30 08:07:38","../specifications/164862045833kv lines which needs wayleave clearing.pdf","ze259373","CHM",,,"ER25/2022"
"2919","RQ22033079","10228314","2022-03-30","980A Multipack toner Cartridge for HRM's Secretary Office",,"0","2022-03-30 08:33:04","../specifications/980A color toner catridge multipack specs.docx","ze9096961","IT100",,,"ER6/2022"
"2920","RQ22033027","10228322","2022-03-30","Staff ID Cards for Masvingo District Office",,"0","2022-03-30 09:55:44","../specifications/","ze318833","HR500",,,"ER24/2022"
"2921","RQ22033084","10228321","2022-03-30","Staff ID Cards for Manicaland District ",,"0","2022-03-30 09:58:28","../specifications/1648627108Outstanding staff IDS - 2021.xlsx","ze318833","HR500",,,"ER24/2022"
"2922","RQ22033089","10228340","2022-03-30","SUPPLY REAR AND FRONT SHOCKS FOR MISTUBISHI GALANT ER2162 ( Regional Office Finance Pool )",,"0","2022-03-30 15:36:22","../specifications/MISTUBISHI GALANT.docx","ze48941","MTG",,,"ER16/2022"
"2923","RQ22033088","10228341","2022-03-30","original starter for Benz Artego f/n 1062 engine number 90491100195395",,"0","2022-03-30 12:59:24","../specifications/1648637964BENZ ARTEGO TRUCK.docx","ze48941","MTG",,,"ER16/2022"
"2924","RQ22033077","10228356","2022-03-30","purchase of an internal hdd for Engineer Unworried Laptop",,"0","2022-03-30 15:38:24","../specifications/1648647504hdd specs.docx","ze9096961","IT100",,,"ER6/2022"
"2925","RQ22040599","10228595","2022-04-05","Double knit jerseys for Nyanga staff",,"0","2022-04-05 09:23:08","../specifications/","ze243981","NYA",,,"ER15/2022"
"2926","RQ22040530","10228604","2022-04-05","Purchase of a 4 in one printer for Commercial Clerk Manicaland ",,"0","2022-04-05 10:34:27","../specifications/16486356524-IN-1 Black and White pinter.docx","ze9096961","IT100","ACE22033073","specifications/16486356524-IN-1 Black and White pinter.docx","ER6/2022"
"2927","RQ22040662","10228693","2022-04-06","Purchase of a 59A Black toner for Personnel Clerk Mutare ",,"0","2022-04-06 08:42:38","../specifications/59A toner.docx","ze9096961","IT100",,,"ER6/2022"
"2928","RQ2204068","10228677","2022-04-04","Mineral Water for 3E upgrade IPMP training for Manicaland, Mutare and Regional Office - 5 - 7 April 2022 and disciplinary hearing for Andrew Chidzemwe ",,"0","2022-04-06 09:30:12","../specifications/","ze223670","HR500",,,"ER15/2022"
"2929","RQ2204062","10228081","2022-03-31","Vehicle hire for revenue collection - Nyanga",,"0","2022-04-06 10:08:40","../specifications/REVENUE COLLECTION.docx","ze301698","GARAGE",,,"ER16/2022"
"2930","RQ2204067","10228083","2022-03-31","Vehicle hire for revenue collection - Rusape",,"0","2022-04-06 10:10:21","../specifications/1649232621REVENUE COLLECTION.docx","ze301698","GARAGE",,,"ER16/2022"
"2931","RQ22040616","10228086","2022-03-31","Vehicle hire for revenue collection - Mtre Urban",,"0","2022-04-06 10:11:46","../specifications/1649232706REVENUE COLLECTION.docx","ze301698","GARAGE",,,"ER16/2022"
"2932","RQ22040624","10228086","2022-03-31","Vehicle hire for revenue collection - Mtre Environs",,"0","2022-04-06 10:13:15","../specifications/1649232795REVENUE COLLECTION.docx","ze301698","GARAGE",,,"ER16/2022"
"2933","RQ2204064","10228087","2022-03-31","Vehicle hire for revenue collection - Chimanimani",,"0","2022-04-06 10:15:31","../specifications/1649232931REVENUE COLLECTION.docx","ze301698","GARAGE",,,"ER16/2022"
"2934","RQ22040659","10228088","2022-03-31","Vehicle hire for revenue collection - Chipinge",,"0","2022-04-06 10:21:26","../specifications/1649233286REVENUE COLLECTION.docx","ze301698","GARAGE",,,"ER16/2022"
"2935","RQ22040652","10228089","2022-03-31","Vehicle hire for revenue collection - Middle sabi",,"0","2022-04-06 10:22:43","../specifications/1649233363REVENUE COLLECTION.docx","ze301698","GARAGE",,,"ER16/2022"
"2936","RQ22040691","10228090","2022-03-31","Vehicle hire for revenue collection - Chiredzi",,"0","2022-04-06 10:24:00","../specifications/1649233440REVENUE COLLECTION.docx","ze301698","GARAGE",,,"ER16/2022"
"2937","RQ22040671","10228091","2022-03-31","Vehicle hire for revenue collection - Rutenga",,"0","2022-04-06 10:25:17","../specifications/1649233517REVENUE COLLECTION.docx","ze301698","GARAGE",,,"ER16/2022"
"2938","RQ22040669","10228092","2022-03-31","Vehicle hire for Masvingo revenue collection",,"0","2022-04-06 10:26:35","../specifications/1649233595REVENUE COLLECTION.docx","ze301698","GARAGE",,,"ER16/2022"
"2939","RQ22040641","10228093","2022-03-31","Vehicle hire for Mashava revenue collection",,"0","2022-04-06 10:27:48","../specifications/1649233668REVENUE COLLECTION.docx","ze301698","GARAGE",,,"ER16/2022"
"2940","RQ22040679","10228094","2022-03-31","Vehicle hire for Gutu revenue collection ",,"0","2022-04-06 10:29:08","../specifications/1649233748REVENUE COLLECTION.docx","ze301698","GARAGE",,,"ER16/2022"
"2941","RQ22040832","1022801","2022-04-08","purchase of 970xl black and 971xl cartridge multipack",,"0","2022-04-08 10:01:07","../specifications/Specifications for 970 XL 971xl.docx","ze9096961","IT100",,,"ER6/2022"
"2942","RQ22040837","10228824","2022-04-08","SUPPLY AND DELIVER SUSPENSION MATERIALS FOR TOYOTA QUANTUM ER2042 - ABZ6903",,"0","2022-04-08 11:14:55","../specifications/QUANTUM SUSPENSION.docx","ze301698","GARAGE",,,"ER16/2022"
"2943","RQ22040898","10228824","2022-04-08","SUPPLY AND DELIVER SUSPENSION MATERIALS FOR ER2042 - ABZ6903",,"0","2022-04-08 11:17:16","../specifications/1649409436QUANTUM SUSPENSION.docx","ze301698","GARAGE",,,"ER16/2022"
"2944","RQ22041155","10228952","2022-04-08","Photocopying of Employee Survey Questionnaire for the Region for 550 employees (12 page document)",,"0","2022-04-11 16:08:15","../specifications/","ze223670","HR500",,,"ER10/2022"
"2945","RQ22041261","10228993","2022-04-12","Tyres for Honda Fit 185/65R14",,"0","2022-04-12 11:25:50","../specifications/trentyre.pdf","ze244635","MTD",,,"ER16/2022"
"2946","RQ22041343","10229107","2022-04-13","SURGICAL FACE MASK",,"0","2022-04-13 14:25:43","../specifications/1649852743FACE MASK SPECIFICATION.docx","ze247200","HR500",,,"ER24/2022"
"2947","RQ22041377","10229108","2022-04-13","5L HAND SANITISER",,"0","2022-04-13 14:28:06","../specifications/16498528865L HAND SANITISER SPECIFICATION.docx","ze247200","HR500",,,"ER24/2022"
"2948","RQ22041392","10229109","2022-04-13","HYDROGEN PEROXIDE",,"0","2022-04-13 14:30:40","../specifications/1649853040HYDROGEN PEROXIDE SPECIFICATION.docx","ze247200","HR500",,,"ER24/2022"
"2949","RQ22042286","10229400","2022-04-22","NETWORKING CABINETS FOR GUTU, RUTENGA  AND CHIREDZI",,"0","2022-04-22 10:33:54","../specifications/6U Network Cabinet with Back Panel Specifications.docx","ze259128","MSD","ACE2202079","specifications/1644236478Networking cabinets Explanatory.docx","ER6/2022"
"2950","RQ22042285","10229400","2022-04-22","NETWORKING CABINETS FOR GUTU, RUTENGA  AND CHIREDZI",,"0","2022-04-22 10:37:27","../specifications/16506166476U Network Cabinet with Back Panel Specifications.docx","ze259128","MSD","ACE2202079",,"ER6/2022"
"2951","RQ2204223","10229400","2022-04-22","6U Network Cabinet with Back Panel for Chiredzi, Rutenga and Gutu Depots",,"0","2022-04-22 10:38:39","../specifications/16506167196U Network Cabinet with Back Panel Specifications.docx","ze259128","MSD","ACE2202079",,"ER6/2022"
"2952","RQ22042276","10229400","2022-04-22","6U Network Cabinet with Back Panel for Chiredzi, Rutenga and Gutu Depots",,"0","2022-04-22 10:39:24","../specifications/16506167646U Network Cabinet with Back Panel Specifications.docx","ze259128","MSD","ACE2202079",,"ER6/2022"
"2953","RQ22042561","10224080","2022-04-18","Supply 200AMP Welding Machine",,"0","2022-04-25 09:31:27","../specifications/Welding Machine (00000002).docx","ze301698","GARAGE",,,"ER16/2022"
"2954","RQ22042594","10224081","2022-04-18","Supply 10Ton Porta Power",,"0","2022-04-25 09:33:08","../specifications/Porta Power.docx","ze301698","GARAGE",,,"ER16/2022"
"2955","RQ22042517","10229546","2022-04-25","Borehole Drilling,Casing, fitting 2 Horse Power water pump at Middle Sabi Customer Service Centre",,"0","2022-04-25 22:17:10","../specifications/","ze237299","MSB",,,"ER17/2022"
"2956","RQ22042780","10229656","2022-04-27","Supply and install a commercial fuel pump at Mutare Environs Depot",,"0","2022-04-27 12:13:44","../specifications/Commercial Pump Mtre stores.docx","ze301698","GARAGE",,,"ER16/2022"
"2957","RQ2204271","10229662","2022-04-27","Calibration of 2x2000ltr overhead Tanks at Rutenga Depot",,"0","2022-04-27 12:18:22","../specifications/Rutenga calib 2022.docx","ze301698","GARAGE",,,"ER16/2022"
"2958","RQ22042712","10229661","2022-04-27","Calibration of 1 2000ltre tank at Mashava Depot",,"0","2022-04-27 12:53:12","../specifications/Mashava Calib 2022.docx","ze301698","GARAGE",,,"ER16/2022"
"2959","RQ22042715","10229660","2022-04-27","Calibration of 2xtanks at Chipinge depot",,"0","2022-04-27 12:54:39","../specifications/Chipinge Calin.docx","ze301698","GARAGE",,,"ER16/2022"
"2960","RQ22042789","10229658","2022-04-27","Calibration of2xfuel tank at Mutare environs",,"0","2022-04-27 12:56:43","../specifications/Mtrew stores Calib 2022.docx","ze301698","GARAGE",,,"ER16/2022"
"2961","RQ22042762","10229657","2022-04-27","Calibration of fuel tanks x 2 at Masvingo dpt",,"0","2022-04-27 12:58:26","../specifications/Masvingo Calib 2022.docx","ze301698","GARAGE",,,"ER16/2022"
"2962","RQ22042989","10229791","2022-04-29","FIX AND SUPPLY OF NEW TENDER NOTICE BOARD",,"0","2022-04-29 14:46:52","../specifications/","ze318957","HR500",,,"ER12/2022"
"2963","RQ22050385","10229791","2022-05-03","ALUMINIUM NOTICE BOARD FOR TENDER ADVERTS",,"0","2022-05-03 09:30:30","../specifications/","ze318957","HR500",,,"ER12/2022"
"2964","RQ2205054","10230017","2022-05-05","Purchase of Upright refridgerator for Nyanga offices
CAPRI C350 WD",,"0","2022-05-05 16:20:11","../specifications/1649319311CAPRI C350 WD.docx","ze243981","NYA","ACE22040718","specifications/1649319311CAPRI C350 WD.docx","ER4/2020"
"2965","RQ22050555","10230017","2022-05-05","Purchase of Upright refridgerator for Nyanga offices
CAPRI C350 WD",,"0","2022-05-05 16:20:41","../specifications/16517604411649319311CAPRI C350 WD.docx","ze243981","NYA","ACE22040718",,"ER4/2020"
"2966","RQ22050930","10230089","2022-05-09","HIGH BACK SWIVEL CHAIRS FOR R/O (LEATHER)",,"0","2022-05-09 09:22:42","../specifications/","ze318957","HR500",,,"ER24/2022"
"2967","RQ22050986","10230090","2022-05-09","VISITORS CHAIR FOR R/O (FABRIC)",,"0","2022-05-09 09:23:34","../specifications/","ze318957","HR500",,,"ER24/2022"
"2968","RQ22050926","10230112","2022-05-09","REQUEST FOR WAYLEAVE CLEARING ON LOCAL 11KV FDR",,"0","2022-05-09 12:00:09","../specifications/","ze259373","CHM",,,"ER25/2022"
"2969","RQ22050945","10230114","2022-05-09","REQUEST FOR WAYLEAVE CLEARING ON BIRIRI 11KV LINE",,"0","2022-05-09 12:01:18","../specifications/","ze259373","CHM",,,"ER25/2022"
"2970","RQ22050947","10230115","2022-05-09","REQUEST FOR WAYLEAVE CLEARING ON RUSITU 11KV LINE",,"0","2022-05-09 12:02:33","../specifications/","ze259373","CHM",,,"ER3/2022"
"2971","RQ22050940","10230116","2022-05-09","REQUEST FOR WAYLEAVE CLEARING ON HEATHFIELD 11KV LINE",,"0","2022-05-09 12:03:42","../specifications/","ze259373","CHM",,,"ER25/2022"
"2972","RQ22050956","10230118","2022-05-09","REQUEST FOR WAYLEAVE CLEARING ON MERYWATERS 11KV LINE",,"0","2022-05-09 12:06:34","../specifications/","ze259373","CHM",,,"ER25/2022"
"2973","RQ22050952","10230119","2022-05-09","REQUEST FOR WAYLEAVE CLEARING ON NYANYADZI 33KV LINE",,"0","2022-05-09 12:11:35","../specifications/","ze259373","CHM",,,"ER25/2022"
"2974","RQ22050910","10230122","2022-05-09","REQUEST FOR WAYLEAVE CLEARING ON CHIMANIMANI 33KV LINE",,"0","2022-05-09 12:13:40","../specifications/","ze259373","CHM",,,"ER25/2022"
"2975","RQ22050946","10230124","2022-05-09","REQUEST FOR WAYLEAVE CLEARING ON TILBURY 33KV LINE-T-OFF",,"0","2022-05-09 12:15:03","../specifications/","ze259373","CHM",,,"ER25/2022"
"2976","RQ22050967","10230125","2022-05-09","REQUEST FOR WAYLEAVE CLEARING ON GWINDINGWI 33KV LINE -T-OFF",,"0","2022-05-09 12:17:03","../specifications/","ze259373","CHM",,,"ER25/2022"
"2977","RQ2205098","10230127","2022-05-09","REQUEST FOR WAYLEAVE CLEARING ON CHISENGU 33KV LINE-T-OFF",,"0","2022-05-09 12:18:51","../specifications/","ze259373","CHM",,,"ER25/2022"
"2978","RQ22051239","10229747","2022-04-05","inspect tools and equipment for rutenga centre",,"0","2022-05-12 11:56:56","../specifications/","ze226572","ERM",,,"ER8/2022"
"2979","RQ22051349","10230393","2022-05-13","250 Till rolls for Masvingo",,"0","2022-05-13 10:54:38","../specifications/TILL ROLLS. MASVINGO.pdf","ze43702","MSD",,,"ER10/2022"
"2980","RQ22051692","10230453","2022-05-16","Supply and install Fuel pumps @ Masvingo Depot (x2)",,"0","2022-05-16 09:36:55","../specifications/Commercial Pumps 2022.docx","ze301698","GARAGE",,,"ER9/2022"
"2981","RQ22051694","10230457","2022-05-16","Supply and install/Mount fuel pumps at Chipinge CSC (x2)",,"0","2022-08-01 16:25:56","../specifications/1652686753Commercial Pumps 2022.docx","ze301698","GARAGE",,,"ER9/2022"
"2982","RQ22051632","10230462","2022-05-16","Supply and mount fuel pump x 1 at Chipinge CSC",,"0","2022-05-16 09:40:51","../specifications/1652686851Commercial Pumps 2022.docx","ze301698","GARAGE",,,"ER9/2022"
"2983","RQ22051629","10230464","2022-05-16","Supply and mount fuel pump x 1 at Rusape CSC",,"0","2022-05-16 09:42:16","../specifications/1652686936Commercial Pumps 2022.docx","ze301698","GARAGE",,,"ER9/2022"
"2984","RQ22051619","10230458","2022-05-16","Supply and install fuel pump at Rutenga",,"0","2022-05-16 10:09:56","../specifications/1652688596Commercial Pumps 2022.docx","ze301698","GARAGE",,,"ER9/2022"
"2985","RQ22051660","10230460","2022-05-16","Supply and install fuel pump x 1 at Mashava",,"0","2022-05-16 10:14:40","../specifications/1652688880Commercial Pumps 2022.docx","ze301698","GARAGE",,,"ER9/2022"
"2986","RQ22051686","10230461","2022-05-16","Supply and mount fuel pump x 1 at Gutu",,"0","2022-05-16 10:25:28","../specifications/1652689527Commercial Pumps 2022.docx","ze301698","GARAGE",,,"ER9/2022"
"2987","RQ22051697","10230465","2022-05-16","Supply and mount fuel pump at Nyanga",,"0","2022-05-16 11:01:52","../specifications/1652691712Commercial Pumps 2022.docx","ze301698","GARAGE",,,"ER9/2022"
"2988","RQ22051636","10230466","2022-05-16","Supply and mount/Install fuel pump at Middle Sabi",,"0","2022-05-16 11:03:21","../specifications/1652691801Commercial Pumps 2022.docx","ze301698","GARAGE",,,"ER9/2022"
"2989","RQ22051633","10230467","2022-05-16","Supply and mount/install fuel pump at Chimanimani",,"0","2022-05-16 11:04:31","../specifications/1652691871Commercial Pumps 2022.docx","ze301698","GARAGE",,,"ER9/2022"
"2990","RQ2205167","10230482","2022-05-16","Laptop for Masvingo Banking Hall Supervisor",,"0","2022-05-16 11:41:13","../specifications/1652694073Laptop 15 Inch Specifications.docx","ze259128","MSD","ACE22042814","specifications/1651153551Laptop 15 Inch Specifications.docx","ER6/2022"
"2991","RQ2205166","10230482","2022-05-16","Laptop for Masvingo Banking Hall Supervisor",,"0","2022-05-16 11:58:02","../specifications/1652695082Laptop 15 Inch Specifications.docx","ze259128","MSD","ACE22042814",,"ER6/2022"
"2992","RQ22051655","10230482","2022-05-16","Laptop for Masvingo Banking hall Supervisor",,"0","2022-05-16 11:58:42","../specifications/1652695122Laptop 15 Inch Specifications.docx","ze259128","MSD","ACE22042814",,"ER6/2022"
"2993","RQ22051640","10230482","2022-05-16","Laptop for Masvingo Banking hall Supervisor",,"0","2022-05-16 12:16:09","../specifications/1652696169Laptop 15 Inch Specifications.docx","ze259128","MSD","ACE22042814",,"ER6/2022"
"2994","RQ22051637","10230494","2022-05-16","AIR-CONDITIONER SERVICING FOR COMMERCIAL OFFICE MASVINGO",,"0","2022-05-18 15:46:19","../specifications/AIRCON QUOTE.pdf","ze237124","MSD",,,"ER4/2022"
"2995","RQ22051798","10230568","2022-05-17","Airconditioner for Masvingo District Secretary's office",,"0","2022-05-17 15:20:50","../specifications/1651153450Airconditioner for Masvingo DM Secretary Specificaions.docx","ze247642","MSD","ACE22042863","specifications/1651153450Airconditioner for Masvingo DM Secretary Specificaions.docx","ER4/2022"
"2996","RQ22051767","10230568","2022-05-17","Air conditioner for DM Secretary Masvingo",,"0","2022-05-17 15:21:43","../specifications/16527937031651153450Airconditioner for Masvingo DM Secretary Specificaions.docx","ze247642","MSD","ACE22042863",,"ER4/2022"
"2997","RQ22051738","10229387","2022-05-17","GRASS CUTTING SERVICES AT MAINTENANCE DEPOT",,"0","2022-05-17 15:22:07","../specifications/","ze318957","HR500",,,"ER19/2022"
"2998","RQ22051742","10230568","2022-05-17","Air conditioner for DM Secretary Masvingo",,"0","2022-05-17 15:23:47","../specifications/16527938261651153450Airconditioner for Masvingo DM Secretary Specificaions.docx","ze247642","MSD","ACE22042863",,"ER4/2022"
"2999","RQ22051730","10230568","2022-05-17","Air conditioner for DM Secretary Masvingo",,"0","2022-05-17 15:24:01","../specifications/16527938411651153450Airconditioner for Masvingo DM Secretary Specificaions.docx","ze247642","MSD","ACE22042863",,"ER4/2022"
"3000","RQ22051725","10230568","2022-05-17","Air conditioner for DM Secretary Masvingo",,"0","2022-05-17 15:24:41","../specifications/16527938811651153450Airconditioner for Masvingo DM Secretary Specificaions.docx","ze247642","MSD","ACE22042863",,"ER4/2022"
"3001","RQ22051790","10230568","2022-05-17","Air conditioner for DM Secretary Masvingo",,"0","2022-05-17 15:25:30","../specifications/16527939301651153450Airconditioner for Masvingo DM Secretary Specificaions.docx","ze247642","MSD","ACE22042863",,"ER4/2022"
"3002","RQ2205246","10230089","2022-05-24","HIGH BACK SWIVEL CHAIR FOR R/O",,"0","2022-05-24 09:08:48","../specifications/","ze318957","HR500",,,"ER4/2022"
"3003","RQ22052473","10230090","2022-05-24","VISITORS CHAIRS FOR R/O",,"0","2022-05-24 09:09:33","../specifications/","ze318957","HR500",,,"ER4/2022"
"3004","RQ22052612","10231032","2022-05-26","DECOMMISSIONING OF MASVINGO COMPUTER ROOM FIRE SUPPRESSION SYSTEM",,"0","2022-05-26 15:05:16","../specifications/Decommisioning of Fire suppression system.docx","ze259128","MSD",,,"ER6/2022"
"3005","RQ22052659","10231036","2022-05-26","Fabrication and installation of half canopy, seats and loading gantries on Nissan PKE250, ER2241",,"0","2022-05-26 16:25:00","../specifications/Canopy Specifications.docx","ze301698","GARAGE",,,"ER16/2022"
"3006","RQ22053011","10231123","2022-05-30","PAINTING SERVICES AT JOTALI BUILDING-STAKEHOLDER RELATIONS OFFICE",,"0","2022-05-30 09:16:00","../specifications/","ze318957","HR500",,,"ER19/2022"
"3007","RQ22060258","10231354","2022-06-02","200 AH LITHIUM ION  48 VOLTS WITH BMS for Masvingo Computer Room UPS",,"0","2022-06-02 15:11:05","../specifications/200 AH LITHIUM ION Batteries.docx","ze259128","MSD",,,"ER4/2022"
"3008","RQ22060230","10231361","2022-06-02","ELECTRICIAN ALUMINIUM LADDDERS",,"0","2022-06-02 15:48:48","../specifications/Artisan Aluminium ladders spec.doc","ze315184","MSV",,,"ER8/2022"
"3009","RQ22060224","10231362","2022-06-02","LINESMAN ALUMINIUM LADDERS",,"0","2022-06-02 15:50:12","../specifications/Linesman Aluminium ladders spec.doc","ze315184","MSV",,,"ER8/2022"
"3010","RQ22060250","10231363","2022-06-02","ELECTRICIAN LADDERS FOR MASVINGO DISTRICT",,"0","2022-06-02 15:55:06","../specifications/1654178106Artisan Aluminium ladders spec.doc","ze315184","MSV",,,"ER8/2022"
"3011","RQ22060239","10231364","2022-06-02","LINESMAN LADDERS FOR MASVINGO DISTRICT",,"0","2022-06-02 15:56:19","../specifications/1654178179Linesman Aluminium ladders spec.doc","ze315184","MSV",,,"ER8/2022"
"3012","RQ22060654","10231381","2022-06-03","ER8/22 LINESMAN ALUMINIUM LADDERS FOR MUTARE DISTRICT",,"0","2022-06-06 14:24:15","../specifications/","ze261297","MTD",,,"ER8/2022"
"3013","RQ22060648","40020581","2022-06-03","ER8/22 ARTISAN ELECTRICAL ALMINIUM LADDERS FOR MUTARE DISTRICT",,"0","2022-06-06 14:25:11","../specifications/","ze261297","MTD",,,"ER8/2022"
"3014","RQ2206064","10231474","2022-06-06","PAINTING SERVICES AT JOTALI- STAKEHOLDER RELATIONS OFFICE",,"0","2022-06-06 15:01:38","../specifications/","ze318957","HR500",,,"ER19/2022"
"3015","RQ22060688","10231488","2022-06-06","Purchase of accessories for the Transformer and S/Gear Workshop",,"0","2022-06-06 16:48:01","../specifications/Electrosales June.jpg","ze265322","ENG800",,,"ER20/2022"
"3016","RQ22060762","10231531","2022-06-07","WINDOW TINTYING- DM MUTARE OFFICE",,"0","2022-06-07 15:03:55","../specifications/","ze318957","HR500",,,"ER19/2022"
"3017","RQ22060947","10231646","2022-06-09","FACE MASKS",,"0","2022-06-09 12:54:21","../specifications/1654772061FACE MASK SPECIFICATION.docx","ze247200","HR500",,,"ER24/2022"
"3018","RQ2206095","10231656","2022-06-09","PURCHASE OF 4X INJECTORS, ENGINE NUMBER YD2559074T  (YD25 ) ENGINE f/n er2149 Loss Control  Vehicle",,"0","2022-06-09 15:36:24","../specifications/INJECTORS.docx","ze48941","MTG",,,"ER16/2022"
"3019","RQ22061032","10231716","2022-06-10","Procurement of 3x Note Counters for Nyanga,Rusape and Chipinge banking halls",,"0","2022-06-10 13:36:28","../specifications/NOTE COUNTER SPECIFICATION.docx","ze262706","MND",,,"ER6/2022"
"3020","RQ22061315","10231746","2022-06-13","INCINERATORS FOR MEGAWATT BUILDING",,"0","2022-06-13 09:54:28","../specifications/","ze318957","HR500",,,"ER19/2022"
"3021","RQ22061393","10231756","2022-06-13","ER11/22 INSPECTION REPORT BOOKS E117",,"0","2022-06-13 11:27:55","../specifications/E117 Inspection Report.pdf","ze261297","MTD",,,"ER11/2022"
"3022","RQ2206144","10231823","2022-06-14","Purchase of UTP CABLE Cat 6 ",,"0","2022-06-14 10:44:55","../specifications/utp cable cat6 specs.docx","ze9096961","IT100",,,"ER6/2022"
"3023","RQ22061497","10231823","2022-06-14","Purchase of UTP CABLE Cat 6 ",,"0","2022-06-14 10:45:18","../specifications/1655196318utp cable cat6 specs.docx","ze9096961","IT100",,,"ER6/2022"
"3024","RQ22061475","10231856","2022-06-14","Purchase of 4 in one color printer for Network Manager's Secretary Manicaland",,"0","2022-06-14 12:19:28","../specifications/Color printer specifications.docx","ze9096961","IT100","ACE22042948","specifications/1651224911Color printer specifications.docx","ER6/2022"
"3025","RQ22061495","10231868","2022-06-14","FIRE EXTINGUISHERS FOR REGIONAL OFFICE",,"0","2022-06-14 13:57:51","../specifications/REGONAL OFFICE FIRE EXTINGUISHERS SUPPLY SPECIFICATIONS.docx","ze247200","HR500",,,"ER24/2022"
"3026","RQ22061534","10231943","2022-06-15","HAND SANITISERS 200ML",,"0","2022-06-15 16:04:58","../specifications/1655301898200mL HAND SANITISER SPECIFICATION.docx","ze247200","HR500",,,"ER24/2022"
"3027","RQ22061683","10231960","2022-06-16","PURCHASE OF VISITORS CHAIRS",,"0","2022-06-16 09:12:07","../specifications/","ze318957","HR500",,,"ER4/2022"
"3028","RQ2206169","10232000","2022-06-16","Fabrication and Instalation of half canopy, seats and loading gantries on Nissan UD PKE250 as per attached drawing and specifications on ER2242 - Masvingo",,"0","2022-06-16 12:51:54","../specifications/Canopy Specifications ER2242.docx","ze301698","GARAGE",,,"ER16/2022"
"3029","RQ22061636","10232001","2022-06-16","Fabrication and instalation of half canopy, seats and loading gantries on Nissan UD PKE250 as per attached drawing and specifications on ER2221 - Mutare",,"0","2022-06-16 12:55:05","../specifications/Canopy Specifications ER2221.docx","ze301698","GARAGE",,,"ER16/2022"
"3030","RQ2206168","10232016","2022-06-16","MALE CONDOMS FOR THE REGION",,"0","2022-06-16 14:25:10","../specifications/1655382310MALE CONDOMS SPECIFICATIONS.docx","ze247200","HR500",,,"ER24/2022"
"3031","RQ22062381","10232383","2022-06-23","Deep cleaning of windows at Megawatt building (inside and outside)",,"0","2022-06-23 09:57:13","../specifications/1655971033WINDOW CLEANING SPECIFICATION-MEGAWATT 2021.docx","ze318833","HR500",,,"ER24/2022"
"3032","RQ22062413","10232473","2022-06-24","supply and fix of diamond mesh wire perimeter fencing service for Nyanga staff houses",,"0","2022-06-24 09:23:47","../specifications/","ze243981","NYA",,,"ER17/2022"
"3033","RQ22062446","10232474","2022-06-24","supply and fix of sliding gates at Nyanga csc",,"0","2022-06-24 09:25:57","../specifications/","ze243981","NYA",,,"ER19/2022"
"3034","RQ22062424","10231960","2022-06-24","VISITORS CHAIRS (LEATHER ) FOR SALES EXEC",,"0","2022-06-24 11:18:35","../specifications/","ze318833","HR500",,,"ER4/2022"
"3035","RQ22062480","10232498","2022-06-24","BAR FRIDGE FOR E/R SALES EXECUTIVES",,"0","2022-06-24 11:22:35","../specifications/","ze318833","HR500",,,"ER4/2022"
"3036","RQ22062419","10232523","2022-06-24","ER14/22 TO PURCHASE A POOL TABLE FOR MUTARE URBAN DEPOT",,"0","2022-06-24 13:16:14","../specifications/1656069374Pool table-dimensions.png","ze261297","MTD",,,"ER14/2022"
"3037","RQ22062778","10232498","2022-06-27","BAR FRIDGES FOR E/R SALES EXECUTIVES",,"0","2022-06-27 10:29:37","../specifications/","ze318833","HR500",,,"ER4/2022"
"3038","RQ22062721","10232189","2022-06-27","FRONLINE UNIFORMS; LADIES BLUE SKIRTS",,"0","2022-06-27 10:38:53","../specifications/","ze318833","HR500",,,"ER24/2022"
"3039","RQ22062761","10232193","2022-06-27","FRONTLINE UNIFORMS; WHITE BLOUSES",,"0","2022-06-27 10:43:00","../specifications/","ze318833","HR500",,,"ER24/2022"
"3040","RQ22062739","10232194","2022-06-27","FRONLINE UNIFORMS; BLUE JERSEY",,"0","2022-06-27 10:47:17","../specifications/","ze318833","HR500",,,"ER24/2022"
"3041","RQ2206279","10232574","2022-06-27","FRONTLINE UNIFORMS; MENS SHOES (BLACK)",,"0","2022-06-27 10:49:31","../specifications/","ze318833","HR500",,,"ER24/2022"
"3042","RQ22062773","10232505","2022-06-27","FRONTLINE UNIFORMS; LADIES BLACK SHOES",,"0","2022-06-27 10:51:13","../specifications/","ze318833","HR500",,,"ER24/2022"
"3043","RQ22062747","10232575","2022-06-27","FRONTLINE UNIFORMS; MENS BLUE TROUSERS",,"0","2022-06-27 10:56:07","../specifications/","ze318833","HR500",,,"ER24/2022"
"3044","RQ22062765","10232576","2022-06-27","FRONTLINE UNIFORMS; MENS WHITE SHIRTS",,"0","2022-06-27 10:58:07","../specifications/","ze318833","HR500",,,"ER24/2022"
"3045","RQ22070754","10232988","2022-07-06","purchase 30 bags of  cement",,"0","2022-07-07 08:12:27","../specifications/","ze7013","RUT",,,"ER7/2022"
"3046","RQ22071466","10233395","2022-07-14","Supply 652 Battery F/No2174",,"0","2022-07-14 09:51:39","../specifications/652 BATTERIES JULY.pdf","ze44253","MSG",,,"ER16/2022"
"3047","RQ22071514","10233528","2022-07-15","purchase 9m wood poles",,"0","2022-07-15 14:26:43","../specifications/","ze7013","RUT",,,"ER22/2022"
"3048","RQ22071591","10233529","2022-07-15","11m wood poles",,"0","2022-07-15 14:37:57","../specifications/","ze7013","RUT",,,"ER22/2022"
"3049","RQ22071589","10233530","2022-07-15","Purchase 12.6m wood poles",,"0","2022-07-15 14:39:35","../specifications/","ze7013","RUT",,,"ER22/2022"
"3050","RQ22071968","10233672","2022-07-19","Printing of 200 copies (E10) Controllers Instruction forms for Manicaland
1.	 A4 size
2.	Complete in duplicate
3.	Perforated top copy
4.	Serialized 
5.	Top copy is Bank paper
6.	Bottom copy – News print
7.	Book to carry 50 pages
8.	Self-carbonated

",,"0","2022-07-19 15:53:29","../specifications/E10 Controller's instruction.pdf","ze262706","MND",,,"ER11/2022"
"3051","RQ22071976","10233673","2022-07-19","Printing of 100 books of Permit to work E18 for Manicaland
1.	Book to carry 50 pages
2.	Form to be completed in duplicate
3.	Top copy to be bank paper
4.	Bottom copy to be hard bank paper
5.	Serialised
6.	Self carbonated
",,"0","2022-07-20 10:26:10","../specifications/E18 Permit to work.pdf","ze262706","MND",,,"ER11/2022"
"3052","RQ22072071","10233726","2022-07-20","PERMIT TO WORK BOOKS FOR MUTARE DISTRICT 
1.	Book to carry 50 pages
2.	Form to be completed in duplicate
3.	Top copy to be bank paper
4.	Bottom copy to be hard bank paper
5.	Serialised
6.	Self carbonated
",,"0","2022-07-20 11:45:43","../specifications/1658310343E18 Permit to work.pdf","ze261297","MTD",,,"ER11/2022"
"3053","RQ22072055","10233727","2022-07-20","CONTROLLERS INSTRUCTION FORM BOOKS -CIF FOR MUTARE DISTRICT
1.	 A4 size
2.	Complete in duplicate
3.	Perforated top copy
4.	Serialized 
5.	Top copy is Bank paper
6.	Bottom copy – News print
7.	Book to carry 50 pages
8.	Self-carbonated

",,"0","2022-07-20 11:47:23","../specifications/E10 Controller's instruction-CIF.pdf","ze261297","MTD",,,"ER11/2022"
"3054","RQ22072067","10233776","2022-07-20","Radio Licencingx36 vehicles",,"0","2022-07-20 17:30:47","../specifications/IMG_20220720_171859.jpg","ze301698","GARAGE",,,"ER16/2022"
"3055","RQ22072192","10233784","2022-07-21","E86 FAULT REPORT BOOKS FOR MUTARE DISTRICT
1.	Book to carry 50 pages
2.	Form to be completed in triplicate
3.	Top copy to be bank paper
4.	Bottom copies to be bank paper
5.	Serialised
6.	Self carbonated
",,"0","2022-07-21 09:43:32","../specifications/E86a Fault Report.pdf","ze261297","MTD",,,"ER11/2022"
"3056","RQ22072286","10233885","2022-07-22","30 x hand sanitizers spray bottles for retirement party for Thomas Matambo (Technician Assistant - Maintenance) on 29 July 2022",,"0","2022-07-22 12:43:35","../specifications/Feldom Chemicals $72000.00 - Spray bottles (T. Matambo - retire.pdf","ze223670","HR500",,,"ER15/2022"
"3057","RQ22072264","10233887","2022-07-22","Venue decoration, backdrop, hightable and stage for podium for retirement party for Thomas Matambo (Technician Assistant - Maintenance) on 29 July 2022",,"0","2022-07-22 12:48:56","../specifications/Flexview Bridal Boutique $350000.00 - Deco (T. Matambo Retireme.pdf","ze223670","HR500",,,"ER15/2022"
"3058","RQ22072655","10233978","2022-07-26","Swivel Chairs for Manicaland District(Revenue Assurance Assistant - Rusape,Depot Clerk,Artisan Motor Mech Rusape,Technical Clerk Rusape and Commercial Officer - DO",,"0","2022-07-26 10:17:01","../specifications/SPECIFICATIONS FOR SWIVEL CHAIRS 2022.docx","ze269859","MND","ACE22062030","specifications/1655726293Explanatory Note Swivel Chairs 2022.xlsx","ER4/2022"
"3059","RQ22072659","10234018","2022-07-26","Oval inlay 26 Seater Boardroom Table and chairs for Masvingo Boardroom",,"0","2022-07-26 12:22:18","../specifications/Specs for Boardroom table and chairs.docx","ze343927","MSD","ACE22071826","specifications/1658136550ACE Masvingo Boardroom Table and chairs.xlsx","ER4/2022"
"3060","RQ22072668","10234018","2022-07-26","Oval inlay 26 Seater Boardroom Table and chairs for Masvingo Boardroom",,"0","2022-07-26 12:23:48","../specifications/1658831028Specs for Boardroom table and chairs.docx","ze343927","MSD","ACE22071826",,"ER4/2022"
"3061","RQ22072663","10234018","2022-07-26","Oval inlay 26 Seater Boardroom Table and chairs for Masvingo Boardroom",,"0","2022-07-26 12:25:02","../specifications/1658831102Specs for Boardroom table and chairs.docx","ze343927","MSD","ACE22071826",,"ER4/2022"
"3062","RQ22072652","10234018","2022-07-26","Oval inlay 26 Seater Boardroom Table and chairs for Masvingo Boardroom",,"0","2022-07-26 12:25:45","../specifications/1658831145Specs for Boardroom table and chairs.docx","ze343927","MSD","ACE22071826",,"ER4/2022"
"3063","RQ22072674","10234018","2022-07-26","Oval inlay 26 Seater Boardroom Table and chairs for Masvingo Boardroom",,"0","2022-07-26 12:33:49","../specifications/1658831629Specs for Boardroom table and chairs.docx","ze343927","MSD","ACE22071826",,"ER4/2022"
"3064","RQ22072776","10234157","2022-07-27","SUPPLY OF NEW ENGINE OF TOYOTA ALPHARD, ER2219",,"0","2022-08-01 16:21:46","../specifications/Engine Toyota Alphard.docx","ze301698","GARAGE",,,"ER16/2022"
"3065","RQ22072780","10234156","2022-07-27","SUPPLY AND FIX 1.8M PERIMETER  FENCE AT  CHIMANIMANI JUNOIR STAFF HOUSES",,"0","2022-07-27 16:57:24","../specifications/PERIMETER FENCE AND QUOTATION.pdf","ze259373","CHM",,,"ER24/2022"
"3066","RQ22072933","10234135","2022-07-27","Purchase 415A - Black, Yellow, Cyan and Magenta Cartridges for GMs Office",,"0","2022-07-29 10:53:07","../specifications/","ze260932","GM400",,,"ER11/2022"
"3067","RQ22080128","10228910","2022-04-11","9 Visitors Chairs (4 for SCSO 2 for Lead Artisan 2 for Depot Clerk and 1 for Customer Care Desk",,"0","2022-08-01 08:57:36","../specifications/SPECIFICATIONS FOR FOR VISITORS CHAIRS.docx","ze232696","URB","ACE22042679","specifications/1650966936Explanatory Notes for Visitors Chairs.docx","ER4/2020"
"3068","RQ22080168","10228912","2022-04-11","420l Capri Chest Freezer for Mutare Urban Canteen",,"0","2022-08-01 09:02:11","../specifications/1659337331SPECIFICATIONS FOR CHEST FREEZER FOR MUTARE URBAN (3).docx","ze232696","URB","ACE22042632","specifications/1650964159Deep Freezer.docx","ER4/2022"
"3069","RQ22080153","10228908","2022-04-11","PURCHASING OF 14 BOARDROOM CHAIRS FOR MUTARE URBAN",,"0","2022-08-01 09:04:12","../specifications/1659337452SPECIFICATIONS FOR FOR OFFICE CHAIRS.docx","ze232696","URB","ACE2204111","specifications/1649672914SPECIFICATIONS FOR FOR OFFICE CHAIRS.docx","ER4/2022"
"3070","RQ22080158","10225809","2022-02-16","Purchasing of Office Tables, for SCSO, Lead Artisan and Depot Clerk",,"0","2022-08-01 13:12:03","../specifications/SPECIFICATIONS FOR OFFICE DESKS FOR MUTARE URBAN (3).docx","ze232696","URB","ACE22021845","specifications/1645173003SPECIFICATIONS FOR OFFICE DESKS FOR MUTARE URBAN (3).docx","ER4/2022"
"3071","RQ22080142","10225808","2022-02-16","Purchasing of 2 x 12 Seater Tables for Mutare Urban Boardroom",,"0","2022-08-01 13:14:26","../specifications/SPECIFICATIONS FOR BOARDROOM TABLES FOR MUTARE URBAN (3).docx","ze232696","URB","ACE22021848","specifications/1645168695SPECIFICATIONS FOR BOARDROOM TABLES FOR MUTARE URBAN (3).docx","ER4/2022"
"3072","RQ22080292","10234421","2022-08-02","Borehole Drilling for Gutu CSC",,"0","2022-08-02 10:38:55","../specifications/Specs for Gutu CSC- Electrical Borehole.docx","ze343927","MSD","ACE22062769","specifications/1656338167Borehole Gutu CSC ACE.xls","ER17/2022"
"3073","RQ22080218","10234421","2022-08-02","Borehole Drilling for Gutu CSC (Sitting, Drilling and Casting 60 meters, 5000 liters tank, 4 meters stand and electrical installation  ",,"0","2022-08-02 15:32:03","../specifications/Approved ACE- Gutu Borehole.jpg","ze343927","MSD","ACE22062769","specifications/1656338167Borehole Gutu CSC ACE.xls","ER17/2022"
"3074","RQ22080379","10234506","2022-08-03","PURCHASE OF COMPLETE SOCCER JERSEY KITS FOR DEPOTS ()",,"0","2022-08-03 10:52:02","../specifications/","ze318957","HR500",,,"ER24/2022"
"3075","RQ22080448","10234561","2022-08-03","Purchase of full set toner cartridges for EM Secretary's Printer",,"0","2022-08-04 09:15:57","../specifications/1659597357EM Sec cartridges.docx","ze265322","ENG800",,,"ER11/2022"
"3076","RQ22080481","10234609","2022-08-04","Purchase of ipdad pro for Eastern Region Managers",,"0","2022-08-04 13:01:05","../specifications/Specification - iPad Pro - Feb 2022 (1) (004).pdf","ze9096961","IT100",,,"ER6/2022"
"3077","RQ22080483","10234","2022-08-04","Purchase of ipads for Eastern Region Managers",,"0","2022-08-04 13:51:29","../specifications/Specifications  ipad pro.docx","ze9096961","IT100",,,"ER6/2022"
"3078","RQ22081263","10234888","2022-08-12","FACE MASKS",,"0","2022-08-12 14:02:46","../specifications/1660305766FACE MASK SPECIFICATION.docx","ze247200","HR500",,,"ER24/2022"
"3079","RQ22081660","10235054","2022-08-16","PURCHASE  OF TONER CATRIDGES FOR MODEL HP LASERJET PRO mfp M428 dn",,"0","2022-09-13 10:19:27","../specifications/59A toner cartridge for HP laserjet Pro M428dn.docx","ze9096977","ER",,,"ER6/2022"
"3080","RQ22081676","10235056","2022-08-16","purchase of toner cartridge for maintainance Engineer",,"0","2022-08-16 10:01:54","../specifications/HP 971 toner cartridge  for HP Officejet Pro X476dw MFP.docx","ze9096977","ER",,,"ER6/2022"
"3081","RQ22081744","10235186","2022-08-17","Purchase of (3) R510 Access points for Manicaland District, (3) R510  Access points for Mutare District, (3) R510 Access points for Masvingo District",,"0","2022-08-17 10:08:49","../specifications/Ruckus r510 Specifications.docx","ze9096961","IT100","ACE22070570","specifications/1657029097ruckus r510.docx","ER6/2022"
"3082","RQ22082512","10235678","2022-08-25","Purchase of  A Laptop for SNR accountant management",,"0","2022-08-25 10:38:54","../specifications/Laptop specification1.docx","ze9096977","IT100","ACE22082374","specifications/1661246842Laptop specification1.docx","ER6/2022"
"3083","RQ22082590","10235678","2022-08-25","Purchase of a laptop for SNR Accountant management",,"0","2022-08-25 10:39:44","../specifications/1661416784Laptop specification1.docx","ze9096977","IT100","ACE22082374",,"ER6/2022"
"3084","RQ22082565","10235678","2022-08-25","Purchase of a laptop for SNR Accountant management",,"0","2022-08-25 10:39:55","../specifications/1661416795Laptop specification1.docx","ze9096977","IT100","ACE22082374",,"ER6/2022"
"3085","RQ22082517","10235689","2022-08-25","Purchase of a laptop for Masvingo Energy Technician",,"0","2022-08-25 10:52:25","../specifications/1661417545Laptop specification1.docx","ze9096977","IT100","ACE22080415","specifications/1659616267Laptop specification new.docx","ER6/2022"
"3086","RQ22090818","10236492","2022-09-08","Fabrication of substation switch labels for Mutare substations",,"0","2022-09-08 11:31:10","../specifications/SPECIFICATION FOR ALUMINIUM SWITCH LABELS.pdf","ze289310","ERM",,,"ER19/2022"
"3087","RQ22090824","10236163","2022-09-06","Transport 12.6m wood poles from mutare to rutenga",,"0","2022-09-08 12:04:28","../specifications/","ze7013","RUT",,,"ER16/2022"
"3088","RQ22090844","10236485","2022-09-08","Transport 9 m wood poles from mutare to rutenga",,"0","2022-09-08 12:09:01","../specifications/","ze7013","RUT",,,"ER16/2022"
"3089","RQ22090823","10236482","2022-09-08","Transport 11 m wood poles from mutare to rutenga",,"0","2022-09-08 12:12:19","../specifications/","ze7013","RUT",,,"ER16/2022"
"3090","RQ22090822","10236377","2022-09-08","Transportaion of 100 x 9m wood poles (Mutare - Mashava)
",,"0","2022-09-08 14:33:44","../specifications/Transport - Wood pole.PNG","ze264075","MAS",,,"ER16/2022"
"3091","RQ2209081","10236387","2022-09-08","Transportaion of 80 x 12.6m wood poles (Mutare - Mashava)",,"0","2022-09-08 14:47:11","../specifications/Transport - Wood poles 2.PNG","ze264075","MAS",,,"ER16/2022"
"3092","RQ22090883","10236519","2022-09-08","Purchase of First aid box contents for Manicaland District ",,"0","2022-09-08 14:50:35","../specifications/First Aid Kit Contents.jpeg","ze269859","MND",,,"ER24/2022"
"3093","RQ22090859","10236380","2022-09-08","Transportaion of 80 x 11m wood poles (Mutare - Mashava)",,"0","2022-09-08 14:51:00","../specifications/Transport - Wood poles 3.PNG","ze264075","MAS",,,"ER16/2022"
"3094","RQ22091350","10236424","2022-09-09","Transportation of 1 load of 80x 9m wood poles from Border Timber Mutare to Rusape Depot (95km)",,"0","2022-09-13 12:49:01","../specifications/Distance Table.pdf","ze262706","MND",,,"ER16/2022"
"3095","RQ22091377","10235056","2022-08-16","Purchase of HP 971 colour set Toner Cartridges for Maintenance Engineer",,"0","2022-09-13 15:03:01","../specifications/HP 971 toner cartridge  for HP Officejet Pro X476dw MFP.docx","ze9096977","IT100",,,"ER6/2022"
"3096","RQ22091340","10236426","2022-09-07","Transportation of 1 load of  80X11m wood poles from Border timbers Mutare to Rusape Depot (95km)",,"0","2022-09-13 14:59:53","../specifications/Distance Table.pdf","ze262706","MND",,,"ER16/2022"
"3097","RQ22091314","10236432","2022-09-07","Transportation of 1 Load of 80X 12.6m of wood poles from Border Timbers Mutare to Rusape Depot (95km)",,"0","2022-09-13 15:00:06","../specifications/Distance Table.pdf","ze262706","MND",,,"ER16/2022"
"3098","RQ22091319","10235054","2022-08-16","The purchase of 59A toner cartridges for Procurement office, Personnel Officer Manicaland, Personnel clerk Mutare, IT Office Region, Commercial Office Mutare/Manicaland; Accounting Officer Stores and Accounting Officer Creditors",,"0","2022-09-13 15:00:09","../specifications/59A toner cartridge for HP laserjet Pro M428dn.docx","ze9096977","IT100",,,"ER6/2022"
"3099","RQ22091395","10236443","2022-09-07","Transportation of 1 load of 80x9m wood poles from Border Timbers Muatre to Chipinge depot",,"0","2022-09-13 15:02:07","../specifications/","ze262706","MND",,,"ER16/2022"
"3100","RQ22091347","10236445","2022-09-07","Transportation of 1 load of 80X11m wood poles from Border Timbers Mutare to Chipinge Depot",,"0","2022-09-13 15:04:21","../specifications/Distance Table.pdf","ze262706","MND",,,"ER16/2022"
"3101","RQ22091398","10236447","2022-09-07","Transportation of 1 Load of 80X12.6m wood poles from  Border Timbers Mutare to Chipinge Depot",,"0","2022-09-13 15:06:05","../specifications/Distance Table.pdf","ze262706","MND",,,"ER16/2022"
"3102","RQ22091360","10236419","2022-09-07","Transportation of 1 load of 80X 9m wood poles from Border Timbers Mutare to Chimanimani Depot (151km) ",,"0","2022-09-13 15:09:07","../specifications/Distance Table.pdf","ze262706","MND",,,"ER16/2022"
"3103","RQ22091358","10236420","2022-09-07","Transportation of 1 load of 80x11m wood poles from Border Timbers Mutare to Chimanimani Depot (151km)",,"0","2022-09-13 15:11:28","../specifications/Distance Table.pdf","ze262706","MND",,,"ER16/2022"
"3104","RQ22091372","10236422","2022-09-07","Transportation of 1 load of 80x 12.6m wood poles from Border Timbers Mutare to Chimanimani Depot (151km)",,"0","2022-09-13 15:13:40","../specifications/Distance Table.pdf","ze262706","MND",,,"ER16/2022"
"3105","RQ22091334","10236438","2022-09-07","Transportation of 1 Load of 80x9m wood poles from Border timbers Mutare to Nyanga Depot (107km)",,"0","2022-09-13 15:21:47","../specifications/Distance Table.pdf","ze262706","MND",,,"ER16/2022"
"3106","RQ2209139","10236440","2022-09-07","Transportation of 1 load of 80x11m wood poles from Border Timbers to Nyanga Depot  (107km)",,"0","2022-09-13 15:20:44","../specifications/Distance Table.pdf","ze262706","MND",,,"ER16/2022"
"3107","RQ22091370","10236440","2022-09-07","Transportation of 1 load of 80x 11m wood poles from Border Timbers mutare to Nyanga Depot (107km) ",,"0","2022-09-13 15:52:36","../specifications/Distance Table.pdf","ze262706","MND",,,"ER16/2022"
"3108","RQ22091364","10236441","2022-09-07","Transportation of 1 load of 80x 12.6m wood poles from Boder Timbers Mutare to Nyanga Depot (107km)",,"0","2022-09-13 15:54:21","../specifications/1663077261Distance Table.pdf","ze262706","MND",,,"ER16/2022"
"3109","RQ22091392","10236433","2022-09-07","TRansportation of 1 load of 80x9m wood poles from Border Timbers to Middle Sabi ",,"0","2022-09-13 16:02:31","../specifications/1663077751Distance Table.pdf","ze262706","MND",,,"ER16/2022"
"3110","RQ22091336","1023634","2022-09-07","Transportation of 1 load of 80x11m wood poles from Border timbers mutare to Middle sabi Depot",,"0","2022-09-13 16:07:20","../specifications/1663077888Distance Table.pdf","ze262706","MND",,,"ER16/2022"
"3111","RQ22091332","10236435","2022-09-07","Transportation of 1 load of 80x12.6m from Border Timbers Mutare to Middle sabi depot ",,"0","2022-09-13 16:06:33","../specifications/1663077993Distance Table.pdf","ze262706","MND",,,"ER16/2022"
"3112","RQ22091593","10237067","2022-09-15","Purchase 38ft Aluminium extension Linesman ladders as per provided spec",,"0","2022-09-15 14:36:58","../specifications/Alluminium ladders ladders.doc","ze336912","END","ACE22030486","specifications/1646379680Alluminium ladders ladders.doc","ER8/2022"
"3113","RQ2209156","10237067","2022-09-15","Purchase 38ft Aluminium extension Linesman ladders as per provided spec",,"0","2022-09-15 14:38:01","../specifications/1663245481Alluminium ladders ladders.doc","ze336912","END","ACE22030486",,"ER8/2022"
"3114","RQ22091527","10237069","2022-09-15","Purchase 9 x 1.5Tonne Pulleys for Projects as per attached spec",,"0","2022-09-15 14:40:31","../specifications/COME ALONG Clamps.docx","ze336912","END","ACE22030434","specifications/1646379916COME ALONG.cyclone.docx","ER8/2022"
"3115","RQ22091549","10237069","2022-09-15","Purchase 9 x 1.5Tonne Pulleys for Projects as per attached spec",,"0","2022-09-15 14:42:49","../specifications/1663245769COME ALONG Clamps.docx","ze336912","END","ACE22030434",,"ER8/2022"
"3116","RQ22091565","10237070","2022-09-15","Purchase 50-100mm Come along clamps for Projects",,"0","2022-09-15 14:44:59","../specifications/1663245899COME ALONG Clamps.docx","ze336912","END","ACE22030431","specifications/1646380169COME ALONG Clamps.docx","ER8/2022"
"3117","RQ22091586","10237080","2022-05-15","Purchase 15 x 1.5T pulleys for TE Lines Crews",,"0","2022-09-15 14:50:39","../specifications/1663246239COME ALONG Clamps.docx","ze336912","END","ACE22090677","specifications/1662455810COME ALONG Clamps.docx","ER8/2022"
"3118","RQ22091550","10237087","2022-09-15","Purchase 15 x 0.75Tonne Pulley TE Lines Crew",,"0","2022-09-15 14:59:07","../specifications/1663246747COME ALONG Clamps.docx","ze336912","END","ACE22090616","specifications/1662456461COME ALONG Clamps.docx","ER8/2022"
"3119","RQ22091511","10237095","2022-09-15","Purchase 30 x 50-100mm Al Come-along clamps for TE Lines crews",,"0","2022-09-15 15:00:13","../specifications/1663246813COME ALONG Clamps.docx","ze336912","END","ACE22090611","specifications/1662456790COME ALONG Clamps.docx","ER8/2022"
"3120","RQ22091542","10237103","2022-09-15","Purchase 30 x Conductor Stringing Roller Blocks for TE lines crew",,"0","2022-09-15 15:10:58","../specifications/Roller block.JPG","ze336912","END","ACE22090647","specifications/1662457873COME ALONG Clamps.docx","ER8/2022"
"3121","RQ22091520","10237106","2022-09-15","Purchase 10 x 38ft Ext Aluminium Linesman Ladders for TE Lines Crews",,"0","2022-09-15 15:12:52","../specifications/1663247571Alluminium ladders ladders.doc","ze336912","END","ACE22090614","specifications/1662460536Alluminium ladders ladders.doc","ER8/2022"
"3122","RQ22091592","10237108","2022-09-15","Purchase 10 x Petrol Wood Augers inclusive of bits",,"0","2022-09-15 15:14:48","../specifications/Wood Auger.docx","ze336912","END","ACE22090657","specifications/1662467239Wood Auger.docx","ER8/2022"
"3123","RQ22091518","10237108","2022-09-15","purchase 25 x Leather Padded Safety Belts for TE Lines Crew",,"0","2022-09-15 15:16:26","../specifications/Safety Belts.docx","ze336912","END","ACE22090681","specifications/1662468947Safety Belts.docx","ER8/2022"
"3124","RQ22091633","10237216","2022-09-16","purchase of 106A toner cartridges",,"0","2022-09-16 13:20:23","../specifications/106 A TONER.docx","ze9096977","ER",,,"ER6/2022"
"3125","RQ22091691","10237203","2022-09-16","Purchase of Visitor's chairs for Manicaland District ( D/O, Rusape, Nyanga, Chimanimani and Chipinge)",,"0","2022-09-16 13:21:57","../specifications/SPECS- Visitor's Chairs.docx","ze269859","MND",,,"ER4/2022"
"3126","RQ22091669","10237210","2022-09-16","Purchase of 6-drawer desks for Manicaland District (Rusape, Chimanimani, Chipinge, Nyanga and Middle Sabi)",,"0","2022-09-16 13:25:20","../specifications/SPECS- 6- Drawer desks.docx","ze269859","MND",,,"ER4/2022"
"3127","RQ22091927","10236485","2022-09-14","Transport 9 metre wood poles",,"0","2022-09-19 09:35:31","../specifications/","ze7013","RUT",,,"ER16/2022"
"3128","RQ22091952","10236482","2022-09-14","Transport 11m wood poles from mutare to rutenga",,"0","2022-09-19 09:38:03","../specifications/","ze7013","RUT",,,"ER16/2022"
"3129","RQ22091989","10236163","2022-09-14","Transport 12.6m wood poles from mutare to rutenga",,"0","2022-09-19 09:41:46","../specifications/","ze7013","RUT",,,"ER16/2022"
"3130","RQ22092058","10236392","2022-09-20","Transportation of 5 loads of 11m wood poles and 2 loads of 12.8m wood poles",,"0","2022-09-20 12:26:25","../specifications/","ze272027","MSV",,,"ER16/2022"
"3131","RQ22092295","10237633","2022-09-22","4-IN-1 PRINTER FOR MASVINGO COMMERCIAL SECTION",,"0","2022-09-22 15:28:50","../specifications/4-IN-1 Black and White printer.docx","ze259128","MSD","ACE22061711","specifications/16554504904-IN-1 Printer Justifications Commercial printer.docx","ER6/2022"
"3132","RQ22092272","10237633","2022-09-22","4-IN-1 PRINTER FOR MASVINGO COMMERCIAL SECTION",,"0","2022-09-22 15:30:27","../specifications/16638534274-IN-1 Black and White printer.docx","ze259128","MSD","ACE22061711",,"ER6/2022"
"3133","RQ22092239","10237633","2022-09-22","4-IN-1 PRINTER FOR MASVINGO COMMERCIAL SECTION",,"0","2022-09-22 15:32:10","../specifications/16638535304-IN-1 Black and White printer.docx","ze259128","MSD","ACE22061711",,"ER6/2022"
"3134","RQ22092221","10237633","2022-09-22","4-IN-1 PRINTER FOR MASVINGO COMMERCIAL SECTION",,"0","2022-09-22 15:33:20","../specifications/16638536004-IN-1 Black and White printer.docx","ze259128","MSD","ACE22061711",,"ER6/2022"
"3135","RQ2209223","10237633","2022-09-22","4-IN-1 PRINTER FOR MASVINGO COMMERCIAL SECTION",,"0","2022-09-22 15:34:07","../specifications/16638536474-IN-1 Black and White printer.docx","ze259128","MSD","ACE22061711",,"ER6/2022"
"3136","RQ22092262","10237633","2022-09-22","4-in-1 printer for Masvingo Commercial Office",,"0","2022-09-22 15:34:45","../specifications/16638536854-IN-1 Black and White printer.docx","ze259128","MSD","ACE22061711",,"ER6/2022"
"3137","RQ22092243","10237633","2022-09-22","4-in-1 printer for Masvingo Commercial Office",,"0","2022-09-22 15:38:01","../specifications/16638538814-IN-1 Black and White printer.docx","ze259128","MSD","ACE22061711",,"ER6/2022"
"3138","RQ22092287","10237633","2022-09-22","4-in-1 printer for Masvingo Commercial Office",,"0","2022-09-22 15:38:52","../specifications/16638539324-IN-1 Black and White printer.docx","ze259128","MSD","ACE22061711",,"ER6/2022"
"3139","RQ22092248","10237633","2022-09-22","4-in-1 printer for Masvingo Commercial Office",,"0","2022-09-22 15:39:17","../specifications/16638539574-IN-1 Black and White printer.docx","ze259128","MSD","ACE22061711",,"ER6/2022"
"3140","RQ22092289","10237633","2022-09-22","4-in-1 printer for Masvingo Commercial Office",,"0","2022-09-22 15:42:08","../specifications/16638541284-IN-1 Black and White printer.docx","ze259128","MSD","ACE22061711",,"ER6/2022"
"3141","RQ22092217","10237633","2022-09-22","4-in-1 printer for Masvingo Commercial Office",,"0","2022-09-22 15:46:02","../specifications/16638543624-IN-1 Black and White printer.docx","ze259128","MSD","ACE22061711",,"ER6/2022"
"3142","RQ22092292","00102376","2022-09-22","4-IN-1 Printers FOR Masvingo, Chiredzi, Rutenga, Mashava, Garage and Gutu Depots",,"0","2022-09-22 15:58:45","../specifications/16638551254-IN-1 Black and White printer.docx","ze259128","MSD","ACE22061714","specifications/16554501974-IN-1 Printer Justifications.docx","ER6/2022"
"3143","RQ22092666","10237775","2022-09-26","SERVICING OF FIRE EXTINGUISHERS FOR MUTARE DISTRICT",,"0","2022-09-26 11:32:21","../specifications/Mutare District Fire Extinguisher Register Mutare District.xlsx","ze247200","HR500",,,"ER24/2022"
"3144","RQ22092636","10237778","2022-09-26","SERVICING OF FIRE EXTINGUISHERS FOR MANICALAND DISTRICT",,"0","2022-09-26 11:47:06","../specifications/1664185626MANICALAND DIST FIRE FIGHTING EQUIPMENT SERVICING SPECIFICATION.docx","ze247200","HR500",,,"ER24/2022"
"3145","RQ22092623","10237782","2022-09-26","SERVICING OF FIRE EXTINGUISHERS FOR MASVINGO",,"0","2022-09-26 12:02:28","../specifications/1664186548MASVINGO DIST FIRE FIGHTING EQUIPMENT SERVICING SPECIFICATION.docx","ze247200","HR500",,,"ER24/2022"
"3146","RQ2209268","10237778","2022-09-26","SERVICING OF FIRE EXTINGIUSHERS FOR MANICALAND DISTRICT",,"0","2022-09-26 12:04:49","../specifications/1664186689MANICALAND DIST FIRE FIGHTING EQUIPMENT SERVICING SPECIFICATION.docx","ze247200","HR500",,,"ER24/2022"
"3147","RQ22092676","10237789","2022-09-26","FIRST AID CONTENTS",,"0","2022-09-26 12:16:48","../specifications/1664187408FIRST AID CONTENTS SPECIFICATIONS.docx","ze247200","HR500",,,"ER24/2022"
"3148","RQ22100759","10238379","2022-10-07","TRANSPORTATION OF 80X 9M WOOD POLES TO CHIMANIMANI",,"0","2022-10-07 09:16:47","../specifications/","ze259373","CHM",,,"ER16/2022"
"3149","RQ22100765","10238380","2022-10-07","TRANSPORTATION OF 80 X 11M WOOD POLES TO CHIMANIMANI",,"0","2022-10-07 09:17:56","../specifications/","ze259373","CHM",,,"ER16/2022"
"3150","RQ22100771","10238384","2022-10-07","TRANSPORTATION OF 80X 12.6M WOOD POLES TO CHIMANIMANI",,"0","2022-10-07 09:19:12","../specifications/","ze259373","CHM",,,"ER16/2022"
"3151","RQ22100779","10238408","2022-10-07","PRINT/SCAN/COPY PRINTER FOR ADMIN & PC OFFICES",,"0","2022-10-07 11:34:46","../specifications/","ze318957","HR500",,,"ER11/2022"
"3152","RQ22100735","10238409","2022-10-07","WINDOW TINTING- GROUND FLOOR B/HALL & BILLING OFFICES",,"0","2022-10-07 11:36:14","../specifications/","ze318957","HR500",,,"ER19/2022"
"3153","RQ22100744","10238411","2022-10-07","Purchase of one load 9m wood poles for Rusape Depot",,"0","2022-10-07 12:07:32","../specifications/","ze56120","RSP",,,"ER19/2022"
"3154","RQ22100714","10238412","2022-10-07","Purchase of 11m wood poles for Rusape Depot",,"0","2022-10-07 12:10:32","../specifications/","ze56120","RSP",,,"ER19/2022"
"3155","RQ22100790","10238413","2022-10-07","Purchase of 12.5m wood poles for Rusape Depot",,"0","2022-10-07 12:13:23","../specifications/","ze56120","RSP",,,"ER19/2022"
"3156","RQ22101094","10238475","2022-10-10","T SHIRTS FOR BREAST CANCER AWARENESS CAMPAIGN ",,"0","2022-10-10 11:35:59","../specifications/T Shirts for breast cancer awareness campaing specification.docx","ze247200","HR500",,,"ER24/2022"
"3157","RQ2210103","10238477","2022-10-10","PRINTING OF T SHIRTS FOR BREAST CANCER AWARENESS CAMPAIGN",,"0","2022-10-10 11:39:46","../specifications/PRINTING OF T SHIRTS SPECIFICATION.docx","ze247200","HR500",,,"ER24/2022"
"3158","RQ22101024","10238478","2022-10-10","PINK RIBBON FOR BREAST CANCER AWARENESS",,"0","2022-10-10 11:43:30","../specifications/PINK RIBBON.docx","ze247200","HR500",,,"ER24/2022"
"3159","RQ22101170","10238549","2022-10-11","Off Road Motor Bikes",,"0","2022-10-11 10:43:00","../specifications/OFF ROAD MOTOR BIKES FOR OPPARATIONS.docx","ze44253","MSG",,,"ER16/2022"
"3160","RQ22101168","10238440","2022-10-11","PROCUREMENT OF BROMACIL GRANULATED WEED KILLER FOR MUTARE DISTRICT",,"0","2022-10-11 11:03:58","../specifications/","ze289310","ERM",,,"ER19/2022"
"3161","RQ22101143","10238439","2022-10-11","PROCUREMENT OF BROMACIL GRANULATED WEED KILLER FOR MASVINGO DISTRICT",,"0","2022-10-11 11:06:41","../specifications/","ze289310","ERM",,,"ER19/2022"
"3162","RQ22101169","10238441","2022-10-11","PROCUREMENT OF TRANSFORMER OIL FOR SUBSTATION MAINTENANCE",,"0","2022-10-11 11:13:52","../specifications/","ze289310","ERM",,,"ER19/2022"
"3163","RQ22101161","10238542","2022-10-11","PROCUREMENT OF 3MM FINE RUBBERISED GASKETS FOR SS MAINTENANCE",,"0","2022-10-11 11:31:00","../specifications/","ze289310","ERM",,,"ER19/2022"
"3164","RQ22101137","10238542","2022-10-11","PROCUREMENT OF 6MM FINE RUBBERISED GASKETS FOR SS MAINTENANCE",,"0","2022-10-11 11:32:43","../specifications/","ze289310","ERM",,,"ER19/2022"
"3165","RQ22101147","10238542","2022-10-11","PROCUREMENT OF 10MM FINE RUBBERISED GASKETS FOR SS MAINTENANCE",,"0","2022-10-11 11:33:48","../specifications/","ze289310","ERM",,,"ER19/2022"
"3166","RQ22101845","10239004","2022-10-18"," airconditioners for depot clerk""s  office and artisan s office",,"0","2022-10-18 16:05:38","../specifications/","ze7013","RUT",,,"ER4/2022"
"3167","RQ2210187","10239004","2022-10-18","Airconditioners for depot clerks office and artisans office",,"0","2022-10-18 16:13:54","../specifications/Aircon quotation.pdf","ze7013","RUT",,,"ER4/2022"
"3168","RQ22102041","10238874","2022-10-17","purchase of 10 wired mouse for the Eastern region",,"0","2022-10-20 11:27:13","../specifications/EXPLANATORY and SPECS for mouse.docx","ze9096977","IT100",,,"ER6/2022"
"3169","RQ22102068","10238897","2022-10-17","purchase of 20 cartridges 106A for Manicaland, Mutare, Masvingo districts and the Regional office",,"0","2022-10-20 11:31:57","../specifications/EXPLANATORY and SPECS for 106Atoner.docx","ze9096977","IT100",,,"ER6/2022"
"3170","RQ22102037","10238896","2022-10-17","purchase of  10 cartridges 80A for Manicaland accounts office, sales analyst office, DM Mutare secretary, Chimanimani Depo clerk, and Midusabi Depo clerk.",,"0","2022-10-20 11:39:16","../specifications/EXPLANATORY and SPECS for 80Atoner.docx","ze9096977","IT100",,,"ER6/2022"
"3171","RQ22102033","10238900","2022-10-17","purchase of 5 wireless adapters for the eastern region users",,"0","2022-10-20 11:48:28","../specifications/1666259308EXPLANATORY and SPECS for wireless adapters.docx","ze9096977","IT100",,,"ER6/2022"
"3172","RQ22102054","10238899","2022-10-17","purchase of 5 USB 3.0 to ethernet adapters for the Eastern region users",,"0","2022-10-20 11:54:21","../specifications/EXPLANATORY and SPECS for USB to ethernet adapters.docx","ze9096977","IT100",,,"ER6/2022"
"3173","RQ22102465","10239378","2022-10-24","Purchase of Banking Hall Chairs",,"0","2022-10-24 10:08:52","../specifications/SPECS- Banking Hall Chairs.docx","ze361065","MND",,,"ER4/2022"
"3174","RQ2210253","10234878","2022-08-11","PURCHASING OF L-SHAPED RECEPTION DESK FOR CUSTOMER CARE",,"0","2022-10-25 11:34:09","../specifications/SPECIFICATIONS FOR OFFICE DESKS FOR MUTARE URBAN (3).docx","ze232696","URB","ACE2208114","specifications/1660228285Explanatory Notes for Reception Desk.docx","ER4/2020"
"3175","RQ22102513","10234878","2022-08-11","PURCHASING OF L-SHAPED DESK FOR MUTARE URBAN CUSTOMER CARE DESK",,"0","2022-10-25 11:35:50","../specifications/1666690550SPECIFICATIONS FOR OFFICE DESKS FOR MUTARE URBAN (3).docx","ze232696","URB","ACE2208114",,"ER4/2020"
"3176","RQ22102586","10234878","2022-08-11","PURCHASING OF L-SHAPED DESK FOR MUTARE URBAN CUSTOMER CARE DESK",,"0","2022-10-25 11:42:32","../specifications/1666690952SPECIFICATIONS FOR OFFICE DESKS FOR MUTARE URBAN (3).docx","ze232696","URB","ACE2208114",,"ER4/2020"
"3177","RQ22102533","10234878","2022-08-11","PURCHASING OF L-SHAPED DESK FOR MUTARE URBAN CUSTOMER CARE DESK",,"0","2022-10-25 11:43:04","../specifications/1666690984SPECIFICATIONS FOR OFFICE DESKS FOR MUTARE URBAN (3).docx","ze232696","URB","ACE2208114",,"ER4/2020"
"3178","RQ22102596","10234878","2022-08-11","PURCHASING OF L-SHAPED DESK FOR MUTARE URBAN CUSTOMER CARE DESK",,"0","2022-10-25 11:43:35","../specifications/1666691015SPECIFICATIONS FOR OFFICE DESKS FOR MUTARE URBAN (3).docx","ze232696","URB","ACE2208114",,"ER4/2020"
"3179","RQ22102571","10234878","2022-08-11","PURCHASING OF L-SHAPED DESK FOR MUTARE URBAN CUSTOMER CARE DESK",,"0","2022-10-25 11:43:36","../specifications/1666691016SPECIFICATIONS FOR OFFICE DESKS FOR MUTARE URBAN (3).docx","ze232696","URB","ACE2208114",,"ER4/2020"
"3180","RQ22102590","10234878","2022-08-11","PURCHASING OF L-SHAPED DESK FOR MUTARE URBAN CUSTOMER CARE DESK",,"0","2022-10-25 11:45:51","../specifications/1666691151SPECIFICATIONS FOR OFFICE DESKS FOR MUTARE URBAN (3).docx","ze232696","URB","ACE2208114",,"ER4/2020"
"3181","RQ22102527","10234878","2022-08-11","PURCHASING OF L-SHAPED DESK FOR MUTARE URBAN CUSTOMER CARE DESK",,"0","2022-10-25 11:46:21","../specifications/1666691181SPECIFICATIONS FOR OFFICE DESKS FOR MUTARE URBAN (3).docx","ze232696","URB","ACE2208114",,"ER4/2020"
"3182","RQ22102587","10234878","2022-08-11","PURCHASING OF L-SHAPED DESK FOR MUTARE URBAN CUSTOMER CARE DESK",,"0","2022-10-25 11:48:09","../specifications/1666691289SPECIFICATIONS FOR OFFICE DESKS FOR MUTARE URBAN (3).docx","ze232696","URB","ACE2208114",,"ER4/2020"
"3183","RQ22102515","10234878","2022-08-11","PURCHASING OF L-SHAPED DESK FOR MUTARE URBAN CUSTOMER CARE DESK",,"0","2022-10-25 11:48:21","../specifications/1666691301SPECIFICATIONS FOR OFFICE DESKS FOR MUTARE URBAN (3).docx","ze232696","URB","ACE2208114",,"ER4/2020"
"3184","RQ22102597","10234878","2022-08-11","PURCHASING OF L-SHAPED DESK FOR MUTARE URBAN CUSTOMER CARE DESK",,"0","2022-10-25 11:52:55","../specifications/1666691575SPECIFICATIONS FOR OFFICE DESKS FOR MUTARE URBAN (3).docx","ze232696","URB","ACE2208114",,"ER4/2020"
"3185","RQ22102593","10234878","2022-08-11","PURCHASING OF L-SHAPED DESK FOR MUTARE URBAN CUSTOMER CARE DESK",,"0","2022-10-25 11:53:07","../specifications/1666691587SPECIFICATIONS FOR OFFICE DESKS FOR MUTARE URBAN (3).docx","ze232696","URB","ACE2208114",,"ER4/2020"
"3186","RQ22102781","10239670","2022-10-27","Printing of 100x Limitation of Access Books for Manicaland",,"0","2022-10-27 16:18:21","../specifications/LIMITATION OF ACCESS.docx","ze262706","MND",,,"ER11/2022"
"3187","RQ2211013","10239838","2022-11-01","Supply New Isuzu KB240 complete engine ER2189",,"0","2022-11-01 11:16:45","../specifications/ER2189 Isuzu Engine.docx","ze301698","GARAGE",,,"ER16/2022"
"3188","RQ22110261","10239898","2022-11-02","Hire of 3x1 tonne trucks for Rusape csc",,"0","2022-11-02 09:45:52","../specifications/HIRE OF I TONNE TRUCKS.docx","ze301698","GARAGE",,,"ER16/2022"
"3189","RQ22110244","10239902","2022-11-02","Hire of 2x1 tonne trucks for Nyanga CSC",,"0","2022-11-02 09:47:51","../specifications/1667375271HIRE OF I TONNE TRUCKS.docx","ze301698","GARAGE",,,"ER16/2022"
"3190","RQ22110221","10239901","2022-11-02","Hire of 1x1 tonne truck for Chipinge CSC",,"0","2022-11-02 09:49:08","../specifications/1667375348HIRE OF I TONNE TRUCKS.docx","ze301698","GARAGE",,,"ER16/2022"
"3191","RQ2211029","10239900","2022-11-02","Hire of 1x1 tonne truck for M/Sabi CSC",,"0","2022-11-02 12:55:11","../specifications/1667375428HIRE OF I TONNE TRUCKS.docx","ze301698","GARAGE",,,"ER16/2022"
"3192","RQ22110236","10239711","2022-11-02","Safety Books",,"0","2022-11-02 10:07:16","../specifications/Safety Documents - SPECIFICATIONS.doc","ze350214","MSV",,,"ER10/2022"
"3193","RQ22110288","10239712","2022-11-02"," Safety Books",,"0","2022-11-02 10:08:46","../specifications/1667376526Safety Documents - SPECIFICATIONS.doc","ze350214","MSV",,,"ER10/2022"
"3194","RQ22110279","10239713","2022-11-02","Safety Books",,"0","2022-11-02 10:10:55","../specifications/1667376655Safety Documents - SPECIFICATIONS.doc","ze350214","MSV",,,"ER10/2022"
"3195","RQ22110257","10239717","2022-11-02","Safety Books",,"0","2022-11-02 10:12:28","../specifications/1667376748Safety Documents - SPECIFICATIONS.doc","ze350214","MSV",,,"ER10/2022"
"3196","RQ22110283","10239718","2022-11-02","Safety Books",,"0","2022-11-02 10:15:49","../specifications/1667376949Safety Documents - SPECIFICATIONS.doc","ze350214","MSV",,,"ER10/2022"
"3197","RQ22110250","10239719","2022-11-02","Safety Books",,"0","2022-11-02 10:18:27","../specifications/1667377107Safety Documents - SPECIFICATIONS.doc","ze350214","MSV",,,"ER10/2022"
"3198","RQ22110293","10239721","2022-11-02","Safety Books",,"0","2022-11-02 10:20:21","../specifications/1667377221Safety Documents - SPECIFICATIONS.doc","ze350214","MSV",,,"ER10/2022"
"3199","RQ22110210","10239722","2022-11-02","Safety Books",,"0","2022-11-02 10:21:46","../specifications/1667377306Safety Documents - SPECIFICATIONS.doc","ze350214","MSV",,,"ER10/2022"
"3200","RQ22110256","10239723","2022-11-02","Safety Books",,"0","2022-11-02 10:23:27","../specifications/1667377407Safety Documents - SPECIFICATIONS.doc","ze350214","MSV",,,"ER10/2022"
"3201","RQ22110272","10239725","2022-11-02","SAfety Books",,"0","2022-11-02 10:24:52","../specifications/1667377492Safety Documents - SPECIFICATIONS.doc","ze350214","MSV",,,"ER10/2022"
"3202","RQ22110269","10239726","2022-11-02","Safety book",,"0","2022-11-02 10:26:02","../specifications/1667377562Safety Documents - SPECIFICATIONS.doc","ze350214","MSV",,,"ER10/2022"
"3203","RQ22110233","10239727","2022-11-02","Safety Books",,"0","2022-11-02 10:27:20","../specifications/1667377640Safety Documents - SPECIFICATIONS.doc","ze350214","MSV",,,"ER10/2022"
"3204","RQ22110290","10239925","2022-11-02","Supply of Isuzu KB240 complete engine ER2166",,"0","2022-11-02 11:45:58","../specifications/ER2166 Isuzu Engine.docx","ze301698","GARAGE",,,"ER16/2022"
"3205","RQ2211027","10239926","2022-11-02","Supply of a Nissan YD25 New Gearbox ER2204",,"0","2022-11-02 11:51:07","../specifications/ER2204 Gear Box.docx","ze301698","GARAGE",,,"ER16/2022"
"3206","RQ22110713","10240134","2022-11-07","Purchase Aluminium 2m long sighting rods (comprising of 2 x 1m long segments)",,"0","2022-11-07 10:06:11","../specifications/Sighting Rods.docx","ze336912","END",,,"ER2/2022"
"3207","RQ22110741","10240154","2022-11-07","Printing of 100 books of Pretask Risk Assessment form ",,"0","2022-11-07 12:43:18","../specifications/PRETASK RISK ASSESSMENT FORM.docx","ze262706","MND",,,"ER10/2022"
"3208","RQ22110958","10240285","2022-11-09","FACE MASKS",,"0","2022-11-09 10:22:19","../specifications/1667982139FACE MASK SPECIFICATION.docx","ze247200","HR500",,,"ER24/2022"
"3209","RQ22111045","10240288","2022-11-09","purchase of all in one desktops for manicaland contract commercial clerks",,"0","2022-11-10 08:36:00","../specifications/EXPLANATORY for all in one desktops.docx","ze9121419","IT100","ACE22101760","specifications/1665995287All-In-One HARDWARE SPECIFICATIONS.docx","ER6/2022"
"3210","RQ2211102","10240288","2022-11-09","purchase of all in one desktops for manicaland contract commercial clerks",,"0","2022-11-10 08:39:59","../specifications/1668062399EXPLANATORY for all in one desktops.docx","ze9121419","IT100","ACE22101760",,"ER6/2022"
"3211","RQ22111051","10240375","2022-11-10","PROCUREMENT OF 30 DRUMS OF TRANSFORMER OIL FOR TRANSFORMER AND CB MAINTENANCE AT MAINTENANCE DEPOT",,"0","2022-11-10 11:53:31","../specifications/","ze289310","ERM",,,"ER19/2022"
"3212","RQ22111742","10240765","2022-11-17","PROCUREMENT OF ACID PROOF WORKSUITS FOR MAINTENANCE DEPOT STAFF",,"0","2022-11-17 13:58:26","../specifications/SPECIFICATIONS FOR ACID PROOF WORK SUITS FOR   OPERATIONS AND MAINTENANCE.docx","ze289310","ERM",,,"ER24/2022"
"3213","RQ2211171","10240766","2022-11-17","PROCUREMENT OF ANTISLIP SAFEY SHOES FOR MAINTENANCE DEPOT STAFF 2023 ALLOCATION",,"0","2022-11-17 14:00:24","../specifications/","ze289310","ERM",,,"ER24/2022"
"3214","RQ22111718","10240771","2022-11-17","Cartridge for Masvingo Canon Image Runner 2525",,"0","2022-11-17 14:57:21","../specifications/","ze259128","MSD",,,"ER11/2022"
"3215","RQ22112124","10238099","2022-11-21","Purchase 50 x 50kg 32.5 PPC Cement for ZCDC VR Control Room Construction.",,"0","2022-11-21 11:44:57","../specifications/","ze336912","END",,,"ER1/2022"
"3216","RQ22112225","10240943","2022-11-22","PURCHASE 1XTURBO CHARGER FOR UD95 ER2193
ENGINE NUMBER FE6005822H 
CHASSIS NUMBER ADDH1400000007597",,"0","2022-11-22 11:43:57","../specifications/TURBO CHARGER ER2193.docx","ze48941","MTG",,,"ER16/2022"
"3217","RQ22112329","10240970","2022-11-23","tyres 175/70r13 and valve",,"0","2022-11-23 09:27:48","../specifications/QUOTES TYRES 13 INCH 2088....zhaks1.pdf","ze344907","MSV",,,"ER16/2022"
"3218","RQ22112518","10241122","2022-11-25","Siting, drilling, installation and casing of a 40 Metres borehole at Nyanga depot",,"0","2022-11-25 09:04:35","../specifications/Specifications for Borehole- Nyanga.docx","ze361065","MND","ACE22111742","specifications/1668683202Specications for Boreholes.docx","ER8/2020"
"3219","RQ22112935","10241151","2022-11-25","Purchase 52 x Creososte Treated Wood Pole 12.6m and 36 x 1850mm Creosote Treated Wood Xarm- gum for Mudzamiri Electrification Project
",,"0","2022-11-29 15:52:54","../specifications/","ze336912","END",,,"ER2/2022"
"3220","RQ22112986","10241152","2022-11-25","Purchase 72 x Bracing Strap-Fibre Glass, 108 x Insulator Pin -Long Shank, 36 x Insulator Pin Spacer, 168 x Strain disc insulator 10"" and 108 x 33kv Pin Insulator For Mudzamiri Electrification Project
",,"0","2022-11-29 15:55:56","../specifications/","ze336912","END",,,"ER2/2022"
"3221","RQ22112975","10241158","2022-11-29","Purchase 52 x Pole cap- galvanized, 190 x Pole Washer M22, 36 x Pole Top Bracket, 36 x Twisted Shackle Strap 5/8, 36 x Clevis-adaptor 90deg, 90 x Arcing Horn, 9 x Suspension Clamp-wide angle, 36 x Gun Clamp 100mm, 72 x PG clamp universal 100mm and 49 x Crosby clip 3/8 for Mudzamiri Electrification Project
",,"0","2022-11-29 16:06:05","../specifications/","ze336912","END",,,"ER2/2022"
"3222","RQ22112965","10241260","2022-11-29","Purchase 18 x Eye Bolt and nut 20 x 230mm, 72 x Bolt and Nut 20 x 115mm, 10 x Bolt and Nut 20 x 200mm, 144 x Bolt & Nut 20 x 240mm and 70 x Spindles 3/4 For Mudzamiri Electrification Project
",,"0","2022-11-29 16:08:48","../specifications/","ze336912","END",,,"ER2/2022"
"3223","RQ2211297","10241263","2022-11-29","Purchase 33 x Stay rod 3/4, 33 x Stay bow, 33 x Stay plate, 33 x Stay Washer and  33 x Stay insulator for Mudzamiri Electrification Project
",,"0","2022-11-29 16:11:04","../specifications/","ze336912","END",,,"ER2/2022"
"3224","RQ22112932","10241264","2022-11-29","Purchase 585m x Stay wire 7/8 and 240m x Stay wire 7/14 (earthing)  for Mudzamiri Electrification Project
",,"0","2022-11-29 16:13:24","../specifications/","ze336912","END",,,"ER2/2022"
"3225","RQ22112917","10241266","2022-11-29","Purchase 12600m x SCA Conductor 100mm2 bare dog for Mudzamiri Electrification Project",,"0","2022-11-29 16:15:43","../specifications/","ze336912","END",,,"ER2/2022"
"3226","RQ22112921","10241267","2022-11-29","Purchase 5 x Box channel Xarm 100x100x3200 for Mudzamiri Electrification Project
",,"0","2022-11-29 16:17:20","../specifications/","ze336912","END",,,"ER2/2022"
"3227","RQ22113023","10241315","2022-11-30","Procurement of 7x Satchel bags for Nyanga Operators. The satchels are for carrying stuff for operators",,"0","2022-11-30 09:25:04","../specifications/Specification For Stachel Bags for Operators.docx","ze262706","MND",,,"ER10/2022"
"3228","RQ22113053","10241319","2022-11-30","Procurement of 11 Diaries for Nyanga staff for year 2023. The Diaries are for : Foreperson, 6x Artisans, Depot Clerk, Revenue Assurance Assistance, Storekeeper and Loss Control ass.",,"0","2022-11-30 10:03:05","../specifications/SPECIFICATION FOR DIARIES.docx","ze262706","MND",,,"ER10/2022"
"3229","RQ22120531","10241509","2022-12-05","Grasscutting and bush clearing at maintenance depot",,"0","2022-12-05 11:15:21","../specifications/","ze289310","ERM",,,"ER19/2022"
"3230","RQ22120861","10241634","2022-12-08"," Male contacts with tinned arcing lip for Reyrolle 11kv C-GEAR SWITHCH GEAR AT MUTARE URBAN",,"0","2022-12-08 09:01:28","../specifications/","ze289310","ERM",,,"ER19/2022"
"3231","RQ22120810","10241635","2022-12-08"," Female contacts  for Reyrolle 11kv C-GEAR SWITHCH GEAR AT MUTARE URBAN",,"0","2022-12-08 09:03:37","../specifications/","ze289310","ERM",,,"ER19/2022"
"3232","RQ22120975","10241690","2022-12-08","Purchase of 1.22m meterbox x-arm",,"0","2022-12-09 11:29:02","../specifications/Munhende  Electricity  reticulation.docx","ze335037","GUT",,,"ER20/2022"
"3233","RQ22120988","10241692","2022-12-08","11kv wood x-arm",,"0","2022-12-09 11:33:03","../specifications/1670578383Munhende  Electricity  reticulation.docx","ze335037","GUT",,,"ER22/2022"
"3234","RQ22120974","10241693","2022-12-08","11kv Bracings",,"0","2022-12-09 11:35:19","../specifications/1670578519Munhende  Electricity  reticulation.docx","ze335037","GUT",,,"ER22/2022"
"3235","RQ22120923","10241695","2022-12-08","Purchase of insulator pins",,"0","2022-12-09 14:43:47","../specifications/1670589826Munhende  Electricity  reticulation.docx","ze335037","GUT",,,"ER22/2022"
"3236","RQ2212094","10241696","2022-12-08","Purchase of conductor 50mm2 SCA",,"0","2022-12-09 14:46:56","../specifications/1670590016Munhende  Electricity  reticulation.docx","ze335037","GUT",,,"ER22/2022"
"3237","RQ22122080","10248083","2022-12-20","PURCHASING OF 50-95MM2 PILC JOINTING KITS FOR 11KV CABLE JOINTS",,"0","2022-12-20 11:22:24","../specifications/","ze232696","URB",,,"ER19/2022"
"3238","RQ22122093","10242083","2022-12-20","PURCHASING OF 50-95MM2 XLPE JOINTING KITS FOR 11KV CABLE FAUTS",,"0","2022-12-20 11:24:36","../specifications/","ze232696","URB",,,"ER19/2022"
"3239","RQ22122078","10242085","2022-12-20","70MM2 FERRULES FOR 11KV CABLE JOINTS",,"0","2022-12-20 11:27:11","../specifications/","ze232696","URB",,,"ER19/2022"
"3240","RQ22122099","10242085","2022-12-20","PURCHASING OF 95MM2 FERRULES FOR 11KV CABLE JOINTS",,"0","2022-12-20 11:29:33","../specifications/","ze232696","URB",,,"ER19/2022"
"3241","RQ22122084","10242103","2022-12-20","Purchasing of 50-95mm2 PILC Cable Jointing kits for 11kv Cable Faults",,"0","2022-12-20 15:07:05","../specifications/","ze232696","URB",,,"ER19/2022"
"3242","RQ22122016","10242104","2022-12-20","50-95mm2 XLPE 11kv Jointing Kits for Cable faults",,"0","2022-12-20 15:09:19","../specifications/","ze232696","URB",,,"ER19/2022"
"3243","RQ22122055","10242107","2022-12-20","Purchasing of 70mm Ferrules for 11kv Joints",,"0","2022-12-20 15:36:30","../specifications/","ze232696","URB",,,"ER19/2022"
"3244","RQ22122018","1024108","2022-12-20","95mm2 Ferrules for 11kv Cable Faults",,"0","2022-12-20 15:57:05","../specifications/","ze232696","URB",,,"ER19/2022"
"3245","RQ22122367","10242191","2022-12-23","Purchasing of 95mm Ferrules for aakv Cable Joints",,"0","2022-12-23 15:30:21","../specifications/","ze232696","URB",,,"ER19/2022"
"3246","RQ22122375","10242192","2022-12-23","Purchasing of 70mm Ferrules for 11kv Cable Joints",,"0","2022-12-23 15:31:50","../specifications/","ze232696","URB",,,"ER19/2022"
"3247","RQ22122383","10242194","2022-12-23","Purchasing of 120mm Ferrules for 11kv Cable Joints",,"0","2022-12-23 15:33:21","../specifications/","ze232696","URB",,,"ER19/2022"
"3248","RQ22122363","10242195","2022-12-23","Purchasing of 185mm2 Ferrules for 11kv Cable Fault Jooints",,"0","2022-12-23 15:34:42","../specifications/","ze232696","URB",,,"ER19/2022"
"3249","RQ22122355","10242196","2022-12-23","Purchasing of 50-95 Transitional Joint Kits for Cable Faults",,"0","2022-12-23 15:37:20","../specifications/","ze232696","URB",,,"ER19/2022"
"3250","RQ22122372","10242197","2022-12-23","Purchasing of 120-185mm Transitional Jointing Kits for 11kv Cable Faults",,"0","2022-12-23 15:39:52","../specifications/","ze232696","URB",,,"ER19/2022"
"3251","RQ23010467","10228035","2022-03-25","1XLAMP HOLDER BC BRASS, 6XLAMP LED 6w BC 220v COOLWHITE, 8XCONDUIT PVC BOX LID 20mm, 1XBOARD DISTRIBUTION SURFACE 4 way, 3XBOARD LABEL PLUGS, 2XCHASING HAMMER, 30XSADDLE 20mm AND 4X FITTING WELLGLASS 6inch 100w CLEAR COMPLETE WITH GALLERY",,"0","2023-01-04 14:12:38","../specifications/","ze336912","END",,,"ER1/2023"
"3252","RQ23010474","10236935","2022-02-14","Brandering 38x38x4.2m x16 lengths, Cornice 76x19 4.78m	x 8 lengths, Yale Lockset 3 lever x 2 and Rhino tape x 1 for ZCDC VR Control room
",,"0","2023-01-04 14:16:19","../specifications/","ze336912","END",,,"ER1/2023"
"3253","RQ23010432","10236937","2022-09-14","Purchase Hardboard std 3.2x2440x1220 x 2, Brandering 38x38x6m x 	30, Wire Nails 75mm/kg x 1kg, Wire Nails 100mm/kg x 	4, Glue Devil Wood glue 500ml x 1, Scrimpaper 45mm x 30m x 1, Endurite Ridges Pair Asbestos x 5, Roofing Screws 115x4.5mm c/w washer set of 50 x 3, Impermo Waterproofing Cement /kg x 2 and Flash Harry one shot grey x 1 for ZCDC VR Control Room.
",,"0","2023-01-04 14:21:14","../specifications/","ze336912","END",,,"ER1/2023"
"3254","RQ23010461","10242413","2023-01-04","Purchase 5l universal undercoat x 	5, 5l pinkwood primer x 1, 2x20l ceiling white	x 2, 50kg rhinoset x 3, 20l pva ivory x 5, 5l gloss midnight blue	x 1, 5l turpentine x 1 and 2 x 3 levered lockest x 2 for ZCDC VR Control Room
",,"0","2023-01-04 14:29:50","../specifications/","ze336912","END",,,"ER1/2023"
"3255","RQ23010415","10228039","2022-03-25","Purchase 2,5mm Cable Red x 100m and 2,5mm Cable Black x 100m for ZCDC VR Control Room
",,"0","2023-01-04 14:36:52","../specifications/","ze336912","END",,,"ER1/2023"
"3256","RQ2301041","10228040","2022-03-25","Purchase 1,5mm Earth Wire 	m x 100, 1,5mm Cable Red m x 100 and 1,5mm Cable Black m x 100 for ZCDC VR Control Room
",,"0","2023-01-04 14:39:45","../specifications/","ze336912","END",,,"ER1/2023"
"3257","RQ23010487","10228044","2022-03-25","Purchase Brass Lamp Holders x 15, Bulbs x 18, Distribution Board 4way x 1, DB Labels x 3, Saddles x 30 and Wall Glass x 4 for ZCDC VR Control Room
",,"0","2023-01-04 14:45:08","../specifications/","ze336912","END",,,"ER1/2023"
"3258","RQ23010482","10228047","2022-03-25","Purchase Cable 16mm2 4core pvc swa pvc	x 35m for ZCDC VR Control Room
",,"0","2023-01-04 14:47:01","../specifications/","ze336912","END",,,"ER1/2023"
"3259","RQ23010437","10228048","2022-03-25","Purchase Round Boxes x 5, 3*6 Flash Boxes x 2, 3*6 Flash Boxes metal x 4, 3 *3 Flash Boxes x 2, Wood Screws x	4boxes, 2 Gang Oneway x 3, Florescent Fittings LED x	3, Florescent Tubes LED x 6, Couplings x 50, Nipples x 80, Double Sockets metal 15A round x 3, Double Sockets 13A pvc square x 3, MCB 60A T/P x 1, MCB 15A S/P	x 1, MCB 5A S/P x 1, Cutting discs Masonary/Concrete x 3, Chassing hammers 	x 2 and Steel Nails (clout)  x 1kg for ZCDC VR Control Room
",,"0","2023-01-04 14:55:07","../specifications/","ze336912","END",,,"ER1/2023"
"3260","RQ23010523","10242397","2023-01-04","2023 DIARIES FOR E/R",,"0","2023-01-05 09:40:29","../specifications/","ze318957","HR500",,,"ER10/2023"
"3261","RQ23010539","10242497","2023-01-05","Cellphone for Mutare Environs call centre",,"0","2023-01-05 12:25:14","../specifications/","ze276839","ENV",,,"ER12/2023"
"3262","RQ23011362","10242940","2023-01-13","purchase of new oil sump for np300 4x4 er2233 Chipinge",,"0","2023-01-13 10:58:15","../specifications/Oil sump ER2233.docx","ze48941","MTG",,,"ER16/2023"
"3263","RQ23011391","10242944","2023-01-13","PURCHASE OF NEW OIL SUMP FOR NP200 ER2225",,"0","2023-01-13 10:59:44","../specifications/Oil sump ER2225.docx","ze48941","MTG",,,"ER16/2023"
"3264","RQ23012030","10243310","2023-01-19","PROCUREMENT OF BROMACIL GRANULATED WEED KILLER FOR MUTARE DISTRICT",,"0","2023-01-20 10:14:11","../specifications/","ze289310","ERM",,,"ER19/2023"
"3265","RQ23012061","10243334","2023-01-20","FIX AND SUPPLY OF MEGAWATT BUILDING FINANCE SECTION 3RD FLOOR BLINDS",,"0","2023-01-20 10:26:57","../specifications/","ze318957","HR500",,,"ER19/2023"
"3266","RQ23012090","10242497","2023-01-20","SAMSUNG AO3 CORE (128G+4G RAM) FOR ENVIRONS DEPOT",,"0","2023-01-20 12:03:08","../specifications/TICHBIZA INVESTMENTS.tiff","ze262692","ENV",,,"ER8/2023"
"3267","RQ23012311","10243436","2023-01-23","LIMITATION FOR ACCESS BOOKS FOR MUTARE DISTRICT",,"0","2023-01-23 10:48:32","../specifications/1674463712LIMITATION OF ACCESS.docx","ze262692","MTD",,,"ER10/2023"
"3268","RQ23012374","10243437","2023-01-23","PRE-TASK BOOKS RISK ASSESSMENT BOOKS FOR MUTARE DISTRICT",,"0","2023-01-23 10:50:14","../specifications/1674463814PRETASK RISK ASSESSMENT FORM.docx","ze262692","MTD",,,"ER10/2023"
"3269","RQ23012316","10243438","2023-01-23","CONTROLLER'S INSTRUCTION BOOKS FOR MUTARE DISTRICT",,"0","2023-01-23 10:55:35","../specifications/Controllers Instruction work form books.docx","ze262692","MTD",,,"ER10/2023"
"3270","RQ23012382","10243439","2023-01-23","PERMIT TO WORK BOOKS FOR MUTARE DISTRICT",,"0","2023-01-23 10:57:03","../specifications/Permit to work form books.docx","ze262692","MTD",,,"ER10/2023"
"3271","RQ23012517","10243561","2023-01-24","PROCUREMENT OF SF6 GAS FOR CB MAINTENANCE ",,"0","2023-01-25 08:58:39","../specifications/","ze289310","ERM",,,"ER19/2023"
"3272","RQ23012525","10243562","2023-01-24","PROCUREMENT OF TRANSFORMER GREY PAINT FOR SUB STATION PAINTING",,"0","2023-01-25 09:08:42","../specifications/","ze289310","ERM",,,"ER19/2023"
"3273","RQ23012565","10243562","2023-01-24","PROCUREMENT OF SILVER SHINE PAINT FOR SUB STATION PAINTING",,"0","2023-01-25 09:11:47","../specifications/","ze289310","ERM",,,"ER19/2023"
"3274","RQ23012542","10243676","2023-01-25","underground fuel tanks calibration at Mutare Environs
2x4500ltrs
1x8800ltrs",,"0","2023-01-29 11:24:00","../specifications/calibration of fuel tanks.pdf","ze48941","MTG",,,"ER16/2023"
"3275","RQ23012527","10243681","2023-01-25","underground fuel tanks calibration at Rusape Depot
1x4500ltrs
1x4500ltrs",,"0","2023-01-25 10:24:19","../specifications/1674635059calibration of fuel tanks.pdf","ze48941","MTG",,,"ER16/2023"
"3276","RQ23012589","10243586","2023-01-24","undergroung fuel tank calibration at Nyanga Depot 1x10000ltrs
1x4500ltrs",,"0","2023-01-25 10:26:28","../specifications/1674635188calibration of fuel tanks.pdf","ze48941","MTG",,,"ER16/2023"
"3277","RQ23012520","10243587","2023-01-24","underground fuel tanks calibration at Masvingo Depot
1x8600ltrs
1x4500ltrs",,"0","2023-01-25 10:28:44","../specifications/1674635324calibration of fuel tanks.pdf","ze48941","MTG",,,"ER16/2023"
"3278","RQ23012549","10243588","2023-01-24","underground fuel tank calibration at Chimanimani Depot
1x4500ltrs",,"0","2023-01-25 10:43:12","../specifications/1674636192calibration of fuel tanks.pdf","ze48941","MTG",,,"ER16/2023"
"3279","RQ23012512","10243588","2023-01-24","underground fuel tank calibration at Chimanimani Depot
1x4500ltrs",,"0","2023-01-25 10:43:13","../specifications/1674636193calibration of fuel tanks.pdf","ze48941","MTG",,,"ER16/2023"
"3280","RQ23012567","10243589","2023-01-24","underground tank calibration at Middle Sabi Depot
1x4500ltrs",,"0","2023-01-25 10:51:06","../specifications/1674636666calibration of fuel tanks.pdf","ze48941","MTG",,,"ER16/2023"
"3281","RQ23012553","10243592","2023-01-24","underground fuel tank calibration at Chiredzi Depot 1x8600ltrs",,"0","2023-01-25 10:52:55","../specifications/1674636775calibration of fuel tanks.pdf","ze48941","MTG",,,"ER16/2023"
"3282","RQ23012595","10243594","2023-01-24","overhead fuel tank calibration at Mashava depot 1x2000litrs",,"0","2023-01-25 10:54:49","../specifications/1674636889calibration of fuel tanks.pdf","ze48941","MTG",,,"ER16/2023"
"3283","RQ23012559","10243598","2023-01-24","overhead fuel tank calibration at Rutenga depot 2x2000litrs",,"0","2023-01-25 10:56:30","../specifications/1674636989calibration of fuel tanks.pdf","ze48941","MTG",,,"ER16/2023"
"3284","RQ23012534","10243604","2023-01-24","overhead fuel tank calibration at Gutu depot  2x2000ltrs",,"0","2023-01-29 11:20:18","../specifications/1674637099calibration of fuel tanks.pdf","ze48941","MTG",,,"ER16/2023"
"3285","RQ23012541","10243608","2023-01-24","fuel tank pressure test at Chiredzi Depot
1x8600ltrs",,"0","2023-01-25 10:59:47","../specifications/1674637187calibration of fuel tanks.pdf","ze48941","MTG",,,"ER16/2023"
"3286","RQ23012596","10243612","2023-01-24","fuel tank pressure test at Chipinge Depot 1x8600ltrs",,"0","2023-01-25 11:00:56","../specifications/1674637256calibration of fuel tanks.pdf","ze48941","MTG",,,"ER16/2023"
"3287","RQ23012660","10243734","2023-01-25","Complete toilet system overhaul for Chipinge Depot (FIX AND SUPPLY)",,"0","2023-01-26 09:02:25","../specifications/","ze361065","MND",,,"ER24/2023"
"3288","RQ23020346","10244236","2023-02-03","SUPPLY OF 84 X 5 LITRES OF SAE40 ENGINE OIL",,"0","2023-02-03 12:37:57","../specifications/ENGINE OIL.docx","ze301698","GARAGE",,,"ER5/2023"
"3289","RQ23020789","10244394","2023-02-07","Painting of Chipinge Depot and Top offices (Fix and Supply)",,"0","2023-02-07 15:52:20","../specifications/","ze361065","MND",,,"ER7/2023"
"3290","RQ23020793","10244395","2023-02-07","Ceiling repairs at Rusape depot offices and stores",,"0","2023-02-07 15:59:20","../specifications/","ze361065","MND",,,"ER7/2023"
"3291","RQ2302079","10244399","2023-02-07","First aid box contents for Manicaland District ",,"0","2023-02-07 16:12:00","../specifications/SPECS- First Aid Contents Manicaland.docx","ze361065","MND",,,"ER24/2023"
"3292","RQ23020824","10244437","2023-02-08","tissues needed for chipinge depot",,"0","2023-02-08 15:13:37","../specifications/","ze261475","CHP",,,"ER15/2023"
"3293","RQ23021034","10244585","2023-02-10","House renovations for CSO Middle Sabi",,"0","2023-02-10 14:16:13","../specifications/SCOPE OF WORK- Mavingire Middle Sabi.docx","ze361065","MND",,,"ER7/2023"
"3294","RQ23021096","10244588","2023-02-10","House Renovations- No. 128 Nyamaka crescent, Nyanga for Artisan Nyanga- C. Mpala",,"0","2023-02-10 14:37:56","../specifications/SCOPE OF WORK- Mpala Nyanga.docx","ze361065","MND",,,"ER7/2023"
"3295","RQ23021559","10244884","2023-02-15","High back Swivel chair for Nyanga csc Clerk-Stores (Black)",,"0","2023-04-20 10:58:06","../specifications/swivel.docx","ze243981","NYA","ACE23013084","specifications/1675083976swivel.docx","ER4/2023"
"3296","RQ23021665","10244050","2023-02-03","Repair of an HP Laserjet P2055d printer for the Banking Hall Office",,"0","2023-02-16 09:03:27","../specifications/scan_20230210135359.pdf","ze9121419","IT100",,,"ER6/2023"
"3297","RQ23021691","10244057","2023-02-03","Repair of an HP Laserjet P2055d printer for the Environs depot",,"0","2023-02-16 09:07:32","../specifications/1676531252scan.pdf","ze9121419","IT100",,,"ER6/2023"
"3298","RQ23021679","10244060","2023-02-03","Repair of an HP Laserjet P2055d printer for the Maintenance Depot",,"0","2023-02-16 09:10:24","../specifications/scan_20230210135532.pdf","ze9121419","IT100",,,"ER6/2023"
"3299","RQ23021630","10244570","2023-02-06","Repair of an HP Laserjet P2055d printer for the HR Office",,"0","2023-02-16 09:12:24","../specifications/scan_20230210135232.pdf","ze9121419","IT100",,,"ER6/2023"
"3300","RQ23021622","10244889","2023-02-16","9m Wood Poles for Mutare District",,"0","2023-02-16 14:45:40","../specifications/Specifications for poles.docx","ze262692","MTD",,,"ER19/2023"
"3301","RQ23021646","10244890","2023-02-16","11m Wood Poles for Mutare District",,"0","2023-02-16 14:47:40","../specifications/1676551660Specifications for poles.docx","ze262692","MTD",,,"ER19/2023"
"3302","RQ23021689","10244891","2023-02-16","11m Wood Poles for Mutare District",,"0","2023-02-16 14:52:15","../specifications/1676551935Specifications for poles.docx","ze262692","MTD",,,"ER19/2023"
"3303","RQ23021683","10244891","2023-02-16","11m Wood Poles for Mutare District",,"0","2023-02-16 14:53:47","../specifications/1676552027Specifications for poles.docx","ze262692","MTD",,,"ER19/2023"
"3304","RQ23021657","10244892","2023-02-16","12.6 Wood Poles for Mutare District",,"0","2023-02-16 14:56:30","../specifications/1676552190Specifications for poles.docx","ze262692","MTD",,,"ER19/2023"
"3305","RQ23021647","10244895","2023-02-16","12.6 Wood Poles for Mutare District",,"0","2023-02-16 14:58:01","../specifications/1676552281Specifications for poles.docx","ze262692","MTD",,,"ER19/2023"
"3306","RQ23021616","10244896","2023-02-16","12.6 Wood Poles for  Mutare District",,"0","2023-02-16 15:00:34","../specifications/1676552434Specifications for poles.docx","ze262692","MTD",,,"ER19/2023"
"3307","RQ23022282","10244987","2023-02-17","Cleaning and clearing of gutters at Jotali building",,"0","2023-02-22 08:42:36","../specifications/","ze318833","HR500",,,"ER19/2023"
"3308","RQ23022497","10245262","2023-02-24","30 Visitors chairs for Manicaland District(Nyanga, Rusape, DO, Middle Sabi, Chipinge and Chimanimani)",,"0","2023-02-24 15:15:57","../specifications/1677244557SPECS- Visitor's Chairs.docx","ze361065","MND","ACE23021060","specifications/1676032931Explanatory Note Visitor Chairs 202 - Manicaland.xlsx","ER4/2020"
"3309","RQ23022464","10245263","2023-02-24","5 Drawer Desks for S/CSO - Manicaland District",,"0","2023-02-24 15:17:49","../specifications/1677244669SPECS- 6- Drawer desks.docx","ze361065","MND","ACE2302072","specifications/1675764470SPECS- 6- Drawer desks.docx","ER4/2020"
"3310","RQ23022499","10245264","2023-02-24","3x 3 seater Banking Hall Chairs for Chipinge Depot",,"0","2023-02-24 15:19:07","../specifications/1677244746SPECS- Banking Hall Chairs.docx","ze361065","MND","ACE23021022","specifications/1676033423Explanatory Note Banking Hall Chairs - Chipinge Depot.xlsx","ER4/2020"
"3311","RQ2302278","10245334","2023-02-27","ZESA FLAGS FOR E/R",,"0","2023-02-27 10:53:29","../specifications/","ze318957","HR500",,,"ER24/2023"
"3312","RQ23022778","10245336","2023-02-27","L- SHAPED EXECUTIVE DESK FOR COMMERCIAL MANAGER",,"0","2023-02-27 10:54:52","../specifications/","ze318957","HR500",,,"ER24/2023"
"3313","RQ23022716","10245344","2023-02-27","TINTING SERVICES- BANKING HALL AND BILLING WINDOWS",,"0","2023-02-27 11:46:37","../specifications/","ze318957","HR500",,,"ER24/2023"
"3314","RQ23030794","10245814","2023-03-07","1 x (set of 4 - black, yellow, cyan & magenta) -  HP980XL (X555)  for the HRAM' Secretary's Office ",,"0","2023-03-07 16:05:47","../specifications/Mutare IT Supplies $936400.00 - HR Cartridges (Quotation).pdf","ze223670","HR500",,,"ER6/2023"
"3315","RQ23030847","10245862","2023-03-08","Purchase of HP980XL Ink Cartridge for HR Manager's Secretary.",,"0","2023-03-08 12:28:02","../specifications/EXPLANATORY and SPECS for HP980XL toner.pdf","ze9121419","IT100",,,"ER6/2023"
"3316","RQ23030837","10242808","2023-01-10","Till rolls fro Masvingo District",,"0","2023-03-08 12:40:46","../specifications/Till rolls.pdf","ze43702","MSD",,,"ER10/2023"
"3317","RQ23030873","10245887","2023-03-07","Printing of 32 copies of A1 system diagrams for Manicaland Distribution Network
(To provide samples)",,"0","2023-03-08 13:57:52","../specifications/240 -7 middle sabi 132kV substation-Model.pdf","ze262706","MND",,,"ER11/2023"
"3318","RQ23030975","10245938","2023-03-09","Staff IDs for Masvingo District employees",,"0","2023-03-09 11:59:49","../specifications/Outstanding staff IDS - 2022.xlsx","ze318833","HR500",,,"ER24/2023"
"3319","RQ23031342","10246163","2023-03-13","Service level agreement for servicing Eastern Region Printers",,"0","2023-03-13 15:49:58","../specifications/PRINTER REPORT.docx","ze9121419","IT100",,,"ER6/2023"
"3320","RQ23032258","10246669","2023-03-22","Repair of air conditioner for The Maintenance Engineer at Maintenance department",,"0","2023-03-22 12:48:41","../specifications/ME.xlsx","ze318833","HR500",,,"ER19/2023"
"3321","RQ23032898","10246955","2023-03-28","REPAIR OF MEGAWATT BUILDING ROLLER DOORS",,"0","2023-03-28 09:21:51","../specifications/","ze318957","HR500",,,"ER24/2023"
"3322","RQ23032896","10246940","2023-03-27","Purchase of 05A toner cartridges for the Eastern Region printers ",,"0","2023-03-28 12:10:17","../specifications/EXPLANATORY and SPECS for 05Atoner.docx","ze9121419","IT100",,,"ER6/2023"
"3323","RQ23032885","10246983","2023-03-28","Purchase of twenty(20) 80A toner cartridges for the Eastern Region",,"0","2023-03-28 12:13:18","../specifications/1679998398EXPLANATORY and SPECS for 80Atoner.docx","ze9121419","IT100",,,"ER6/2023"
"3324","RQ23032842","10246972","2023-03-28","Purchase of six(6 sets of 4) 415A toner cartridges for the Eastern Region",,"0","2023-03-28 12:15:39","../specifications/EXPLANATORY and SPECS for 415A toner.docx","ze9121419","IT100",,,"ER6/2023"
"3325","RQ23032832","10246973","2023-03-28","Purchase of forty(40) 59A toner cartridges for the Eastern Region",,"0","2023-03-28 12:17:39","../specifications/EXPLANATORY and SPECS for 59Atoner.docx","ze9121419","IT100",,,"ER6/2023"
"3326","RQ23032865","10244698","2023-03-28","Purchase of six (6 sets of 4) 970XL toner cartridges for the Eastern Region",,"0","2023-03-28 12:19:31","../specifications/EXPLANATORY and SPECS for 970XL toner.docx","ze9121419","IT100",,,"ER6/2023"
"3327","RQ23032814","10246948","2023-03-28","Purchase of twenty(20) mouse for the Eastern Region",,"0","2023-03-28 12:21:25","../specifications/1679998885EXPLANATORY and SPECS for mouse.docx","ze9121419","IT100",,,"ER6/2023"
"3328","RQ23032864","10246951","2023-03-28","Purchase of five(5) headphones for the Eastern Region",,"0","2023-03-28 12:23:44","../specifications/EXPLANATORY and SPECS for headphones.docx","ze9121419","IT100",,,"ER6/2023"
"3329","RQ2303287","10246956","2023-03-28","Purchase of ten(10) USB to ethernet for the Eastern Region",,"0","2023-03-28 12:26:35","../specifications/1679999195EXPLANATORY and SPECS for USB to ethernet adapters.docx","ze9121419","IT100",,,"ER6/2023"
"3330","RQ2303288","10246958","2023-03-28","Purchase of ten(10) wireless adapters for the Eastern Region",,"0","2023-03-28 12:29:32","../specifications/1679999372EXPLANATORY and SPECS for wireless adapters.docx","ze9121419","IT100",,,"ER6/2023"
"3331","RQ23041224","10247466","2023-04-12","Overhaul of the plumbing system at 20 Miller Morningside, incl changing of old pipes with new ones",,"0","2023-04-12 10:38:00","../specifications/PLUMBING AT 20 MILLER ROAD MORNINGSIDE MUTARE.docx","ze318833","HR500",,,"ER19/2023"
"3332","RQ23041992","10247767","2023-04-19","Supply and Install  fuel pump at Mutare Environs.",,"0","2023-04-26 16:17:45","../specifications/FUEL PUMP.docx","ze301698","GARAGE",,,"ER9/2023"
"3333","RQ23041950","10247768","2023-04-19","Supply and install fuel pump at Rusape Depot",,"0","2023-04-26 16:10:11","../specifications/1681908086FUEL PUMP.docx","ze301698","GARAGE",,,"ER9/2023"
"3334","RQ23041934","10247769","2023-04-19","Supply and install fuel pump at  Nyanga depot",,"0","2023-04-26 16:07:32","../specifications/1681908189FUEL PUMP.docx","ze301698","GARAGE",,,"ER9/2023"
"3335","RQ23041955","10247770","2023-04-19","Procurement and installation of fuel pump at Masvingo Depot",,"0","2023-04-26 16:11:21","../specifications/1681908448FUEL PUMP.docx","ze301698","GARAGE",,,"ER9/2023"
"3336","RQ23041983","10247771","2023-04-19","Procurement and Installation of fuel pump at chipinge Depot",,"0","2023-04-26 16:16:10","../specifications/1681908929FUEL PUMP.docx","ze301698","GARAGE",,,"ER9/2023"
"3337","RQ23041995","10247772","2023-04-19","Procurement and Installation of fuel pump at Chiredzi Depot",,"0","2023-04-26 16:19:53","../specifications/1681909014FUEL PUMP.docx","ze301698","GARAGE",,,"ER9/2023"
"3338","RQ23041971","10247773","2023-04-19","Procurement and Installation of fuel pump at  M/Sabi Depot",,"0","2023-04-26 16:14:17","../specifications/1681909115FUEL PUMP.docx","ze301698","GARAGE",,,"ER9/2023"
"3339","RQ23041927","10247773","2023-04-19","Supply and install fuel pump @ M/Sabi CSC",,"0","2023-04-26 16:05:20","../specifications/1681909330FUEL PUMP.docx","ze301698","GARAGE",,,"ER9/2023"
"3340","RQ23041960","10247774","2023-04-19","Procurement and Installation of fuel pump at Chimanimani Depot",,"0","2023-04-26 16:13:11","../specifications/1681909402FUEL PUMP.docx","ze301698","GARAGE",,,"ER9/2023"
"3341","RQ23042526","10248084","2023-04-25","Provide labour for fencing a (10 x 5)m substation at Allied Timbers - Cashel",,"0","2023-04-25 10:07:45","../specifications/Allied Timbers Fence Spec and Design.pdf","ze336912","END",,,"ER1/2023"
"3342","RQ23042660","10248238","2023-04-26","SUPPLY NEW GEAR BOX NP300 ER2204-MIDDLE SABI",,"0","2023-04-26 14:36:16","../specifications/NEW GEAR BOX ER2204.docx","ze48941","MTG",,,"ER16/2023"
"3343","RQ23042632","10248247","2023-04-26","supply and fit Nudge bar DG6, Tow hitch GD6, Ant Roll bar, lock nuts for er2265 Toyota Hilux ",,"0","2023-04-26 14:56:29","../specifications/FITTINGS FOR ER2265.docx","ze48941","MTG",,,"ER16/2023"
"3344","RQ23050321","10248397","2023-05-02","purchase of branded t-shirts and stationary for educational awareness campaigns",,"0","2023-05-03 09:17:15","../specifications/","ze9132907","COM700",,,"ER14/2023"
"3345","RQ23050536","10248433","2023-05-03","Supply and fit commercial canopy for ER2238",,"0","2023-05-05 09:45:18","../specifications/CANOPY SPEC.docx","ze301698","GARAGE",,,"ER5/2023"
"3346","RQ23050584","10248438","2023-05-03","Supply and fit commercial canopy for ER2236",,"0","2023-05-05 09:46:57","../specifications/1683272817CANOPY SPEC.docx","ze301698","GARAGE",,,"ER5/2023"
"3347","RQ23050595","10248435","2023-05-03","Supply and fit commercial canopy for ER2244",,"0","2023-05-05 09:48:45","../specifications/1683272925CANOPY SPEC.docx","ze301698","GARAGE",,,"ER5/2023"
"3348","RQ23050589","10248436","2023-05-03","Supply and fit commercial canopy for ER2239",,"0","2023-05-05 09:50:08","../specifications/1683273008CANOPY SPEC.docx","ze301698","GARAGE",,,"ER5/2023"
"3349","RQ23050576","10248438","2023-05-03","Supply and fit commercial canopy for ER2240",,"0","2023-05-05 09:51:29","../specifications/1683273089CANOPY SPEC.docx","ze301698","GARAGE",,,"ER5/2023"
"3350","RQ23050560","10248439","2023-05-03","Supply and fit commercial canopy for ER2234",,"0","2023-05-05 09:52:55","../specifications/1683273175CANOPY SPEC.docx","ze301698","GARAGE",,,"ER5/2023"
"3351","RQ23050556","10248440","2023-05-03","Supply and fit commercial canopy for ER2258 - Isuzu D Max",,"0","2023-05-05 09:54:31","../specifications/1683273271CANOPY SPEC.docx","ze301698","GARAGE",,,"ER5/2023"
"3352","RQ2305059","10248441","2023-05-03","Supply and fit commercial canopy for ER2229",,"0","2023-05-05 09:55:52","../specifications/1683273352CANOPY SPEC.docx","ze301698","GARAGE",,,"ER5/2023"
"3353","RQ23050541","10248442","2023-05-03","Supply and fit commercial canopy for ER2237",,"0","2023-05-05 09:57:12","../specifications/1683273432CANOPY SPEC.docx","ze301698","GARAGE",,,"ER5/2023"
"3354","RQ23050592","10248443","2023-05-03","Supply and fit commercial canopy for ER2184",,"0","2023-05-05 09:58:45","../specifications/1683273525CANOPY SPEC.docx","ze301698","GARAGE",,,"ER5/2023"
"3355","RQ23050583","10248444","2023-05-03","Supply and fit commercial canopy for ER2230",,"0","2023-05-05 09:59:58","../specifications/1683273598CANOPY SPEC.docx","ze301698","GARAGE",,,"ER5/2023"
"3356","RQ23050526","10248445","2023-05-03","Supply and fit commercial canopy for ER2235",,"0","2023-05-05 10:01:12","../specifications/1683273672CANOPY SPEC.docx","ze301698","GARAGE",,,"ER5/2023"
"3357","RQ23050514","10248394","2023-05-02","Supply and Fit Vertical Blinds for Office Windows at Mutare Urban Depot",,"0","2023-05-05 12:09:17","../specifications/1683281357BLINDS.xlsx","ze232696","URB",,,"ER19/2023"
"3358","RQ23050864","10245813","2023-04-03","Procurement of 250 Standard locks For Manicaland District",,"0","2023-05-08 09:09:37","../specifications/ZETDC BRASS PADLOCKS.docx","ze262706","MND",,,"ER8/2023"
"3359","RQ23050942","10248563","2023-05-08","PURCHASING OF 6 BOARDROOM CHAIRS",,"0","2023-05-09 14:54:25","../specifications/SPECIFICATIONS FOR FOR BOARDROOM CHAIRS.docx","ze232696","URB","ACE23030679","specifications/1678105871Explanatory Notes for Office Chairs.docx","ER4/2022"
"3360","RQ23050940","10248563","2023-05-08","Boardroom Chairs for Mutare Urban Depot",,"0","2023-05-09 14:57:13","../specifications/1683637033SPECIFICATIONS FOR FOR BOARDROOM CHAIRS.docx","ze232696","URB","ACE23030679",,"ER4/2022"
"3361","RQ23050936","10248561","2023-05-08","PURCHASING OF 3 VISITORS/OFFICE CHAIRS FOR 2 FOR SCSO'S CONFERENCE TABLE AND 1 FOR CUSTOMER CARE DESK",,"0","2023-05-09 15:01:36","../specifications/SPECIFICATIONS FOR FOR VISITORS CHAIRS.docx","ze232696","URB","ACE23022811","specifications/1677576987Explanatory Notes for Visitors Chairs.docx","ER4/2022"
"3362","RQ23050971","10248559","2023-05-08","PURCHASING OF HIGH BACL SWIVEL CHAIR FOR CUSTOMER CARE DESK",,"0","2023-05-09 15:03:48","../specifications/1683637428SPECIFICATIONS FOR FOR SWIVEL CHAIRS.docx","ze232696","URB","ACE23022845","specifications/1677566390Swivel Chairs.docx","ER4/2022"
"3363","RQ23050975","10248558","2023-05-08","PURCHASING OF TWO 4 DRAWER FILING CABINETS FOR SCSO AMD LEAD ARTISAN'S OFFICE",,"0","2023-05-09 15:06:11","../specifications/1683637571SPECIFICATIONS FOR 4 DRAWER FILING CABINETS FOR MUTARE URBAN (3).docx","ze232696","URB","ACE23022788","specifications/1677509580SPECIFICATIONS FOR 4 DRAWER FILING CABINETS FOR MUTARE URBAN (3).docx","ER4/2023"
"3364","RQ23050970","10248557","2023-05-08","PURCHASING OF VASE TABLE FOR SCSO'S OFFICE",,"0","2023-05-09 15:07:50","../specifications/SPECIFICATIONS FOR VASE TABLE.docx","ze232696","URB","ACE23022741","specifications/1677506797Vase Table.docx","ER4/2022"
"3365","RQ2305095","10248550","2023-05-08","PURCHASING OF CONFERENCE TABLE FOR SCSO'S OFFICE",,"0","2023-05-09 15:09:38","../specifications/SPECIFICATIONS FOR CONFERENCE TABLE FOR SCSO'S OFFICE.docx","ze232696","URB","ACE23022754","specifications/1677506115Explanatory Notes for Conference Table.docx","ER4/2022"
"3366","RQ23050958","10248553","2023-05-08","PURCHASING OF L-SHAPED DESK FOR MUTARE URBAN CUSTOMER CARE DESK",,"0","2023-05-09 15:11:59","../specifications/1683637919SPECIFICATIONS FOR OFFICE DESKS FOR MUTARE URBAN (3).docx","ze232696","URB","ACE23022762","specifications/1677505134Explanatory Notes for Reception Desk.docx","ER4/2022"
"3367","RQ23051072","10248698","2023-05-10","Window and louvre cleaning for Megawatt offices from basement to Third floor as per attached spec ",,"0","2023-05-10 10:48:08","../specifications/WINDOW CLEANING SPECIFICATION-MEGAWATT 2023.docx","ze318833","HR500",,,"ER24/2023"
"3368","RQ23051097","10248707","2023-05-10","Offices to let at Jotali (attached spec)",,"0","2023-05-10 11:39:59","../specifications/JOTALI OFFICES TO RENT.xlsx","ze318833","HR500",,,"ER24/2023"
"3369","RQ23051695","10249055","2023-05-16","50-95mm XLPE Jointing Kits for Cable Faults",,"0","2023-05-16 12:02:50","../specifications/","ze232696","URB",,,"ER19/2023"
"3370","RQ23051685","10249056","2023-05-16","50-95mm2 PILC Jointing Kits for Cable Faults",,"0","2023-05-16 12:04:46","../specifications/","ze232696","URB",,,"ER19/2023"
"3371","RQ2305163","10249056","2023-05-16","50-95mm2 PILC Jointing Kits for Cable Faults",,"0","2023-05-16 12:04:46","../specifications/","ze232696","URB",,,"ER19/2023"
"3372","RQ23051613","10249057","2023-05-16","50-95mm Transition Jointing Kits for 11kv Faults",,"0","2023-05-16 12:10:07","../specifications/","ze232696","URB",,,"ER19/2023"
"3373","RQ23051646","10249058","2023-05-16","120-185mm2 XLPE Jointing Kits for Cable Faults",,"0","2023-05-16 12:12:53","../specifications/","ze232696","URB",,,"ER19/2023"
"3374","RQ23051675","10249059","2023-05-16","120-185mm2 PILC Jointing Kits for Cable Faults",,"0","2023-05-16 12:14:54","../specifications/","ze232696","URB",,,"ER19/2023"
"3375","RQ23051627","10249060","2023-05-16","120-185mm2 Transitional Jointing Kits for Cable Faults",,"0","2023-05-16 12:16:19","../specifications/","ze232696","URB",,,"ER19/2023"
"3376","RQ23051681","10248719","2023-05-10","50mm Cable Sleeves Ferrules for Cable faults",,"0","2023-05-16 12:39:32","../specifications/","ze232696","URB",,,"ER19/2023"
"3377","RQ23051620","10248719","2023-05-10","50mm Cable Sleeves (Ferrules) for Cable Faults",,"0","2023-05-16 12:45:58","../specifications/","ze232696","URB",,,"ER19/2023"
"3378","RQ23051645","10248724","2023-05-10","95mm Cable Sleeves (Ferrules) for cable faults",,"0","2023-05-16 12:48:24","../specifications/","ze232696","URB",,,"ER19/2023"
"3379","RQ23051641","10248726","2023-05-10","185mm Cable Sleeves (Ferrules) for Cable faults",,"0","2023-05-16 12:54:05","../specifications/","ze232696","URB",,,"ER19/2023"
"3380","RQ23051651","10248721","2023-05-10","70mm Cable Sleeves (Ferrules) for cable Faults",,"0","2023-05-16 13:05:34","../specifications/","ze232696","URB",,,"ER19/2023"
"3381","RQ23051631","10249046","2023-05-16","supply and fit new gear box, np300, Chassis number ADNAPGD22Z0117940, f/n er2204 M.Sabi",,"0","2023-05-16 14:13:19","../specifications/","ze48941","MTG",,,"ER16/2023"
"3382","RQ2305167","10249080","2023-05-16","BOARDROOM TABLES FOR MUTARE ENVIRONS DEPOT",,"0","2023-05-16 14:37:16","../specifications/SPECIFICATIONS FOR BOARDROOM TABLES FOR MUTARE ENVIRONS.docx","ze262692","MTD","ACE23030836","specifications/1678283301SPECIFICATIONS FOR BOARDROOM TABLES FOR MUTARE ENVIRONS.docx","ER4/2023"
"3383","RQ23051610","10249085","2023-05-16","VISITORS CHAIRS FOR MUTARE ENVIRONS CUSTOMER SERVICE CENTRE ",,"0","2023-05-16 14:40:43","../specifications/Explanatory Notes for Visitors Chairs.docx","ze262692","MTD","ACE23030872","specifications/1678282915SPECIFICATIONS FOR VISITORS  CHAIRS.docx","ER4/2021"
"3384","RQ23051652","10249088","2023-05-16","OFFICE DESK FOR MUTARE ENVIRONS DEPOT -  S.C.S.O. , LEAD ARTISAN , DEPOT CLERK",,"0","2023-05-16 14:50:44","../specifications/Explanatory Notes for Office Desk.docx","ze262692","MTD","ACE23030866","specifications/1678282688SPECIFICATIONS FOR OFFICE DESK FOR MUTARE ENVIRONS.docx","ER4/2021"
"3385","RQ23051614","10249090","2023-05-16","Boardroom Chairs for Mutare Environs Depot Boardroom",,"0","2023-05-16 14:57:05","../specifications/SPECIFICATIONS FOR BOARDROOM CHAIRS.docx","ze262692","MTD","ACE23030828","specifications/1678282431SPECIFICATIONS FOR BOARDROOM CHAIRS.docx","ER4/2023"
"3386","RQ23053011","10249636","2023-05-30","Transportation of 80 x 9m  Woodpoles from Harare to Emerald Hill Primary School ",,"0","2023-05-30 11:22:45","../specifications/Lomagundi.docx","ze301698","GARAGE",,,"ER16/2023"
"3387","RQ23053010","10249639","2023-05-30","Transportation of 286 x 9m woodpoles from Capital Timbers Mutare to Emerald Hill Primary School.",,"0","2023-05-30 11:25:30","../specifications/L CAPITAL TIMBERS.docx","ze301698","GARAGE",,,"ER16/2023"
"3388","RQ23053056","10249580","2023-05-30","FIRST AID CONTENTS",,"0","2023-05-30 12:09:57","../specifications/1685441397FIRST AID CONTENTS SPECIFICATIONS.docx","ze247200","HR500",,,"ER24/2023"
"3389","RQ23053046","10249585","2023-05-30","FIRE FIGHTING EQUIPMENT SERVICING FOR REGIONAL OFFICE",,"0","2023-05-30 12:13:13","../specifications/1685441593REGIONAL OFFICE FIRE FIGHTING EQUIPMENT SERVICING SPECIFICATION.docx","ze247200","HR500",,,"ER24/2023"
"3390","RQ23053022","10249592","2023-05-30","FIRE EXTINGUISHERS SERVICING FOR MANICALAND DISTRICT ",,"0","2023-05-30 12:19:18","../specifications/1685441958MANICALAND DIST FIRE FIGHTING EQUIPMENT SERVICING SPECIFICATION.docx","ze247200","HR500",,,"ER24/2023"
"3391","RQ2305304","10249592","2023-05-30","FIRE EXTINGUISHERS SERVICING FOR MANICALAND DISTRICT ",,"0","2023-05-30 12:19:19","../specifications/1685441959MANICALAND DIST FIRE FIGHTING EQUIPMENT SERVICING SPECIFICATION.docx","ze247200","HR500",,,"ER24/2023"
"3392","RQ23053075","10249592","2023-05-30","FIRE EXTINGUISHERS SERVICING FOR MANICALAND DISTRICT ",,"0","2023-05-30 12:19:20","../specifications/1685441960MANICALAND DIST FIRE FIGHTING EQUIPMENT SERVICING SPECIFICATION.docx","ze247200","HR500",,,"ER24/2023"
"3393","RQ23053074","10249667","2023-05-30","Supply New Gear Box for Nissan NP300 - ER2204 REG # AFC6227
Middle Sabi Depot",,"0","2023-05-30 12:23:12","../specifications/er2204.docx","ze301698","GARAGE",,,"ER16/2023"
"3394","RQ23053020","10249592","2023-05-30","FIRE EXTINGUISHERS SERVICING FOR MANICALAND DISTRICT ",,"0","2023-05-30 12:21:33","../specifications/1685442092MANICALAND DIST FIRE FIGHTING EQUIPMENT SERVICING SPECIFICATION.docx","ze247200","HR500",,,"ER24/2023"
"3395","RQ23053094","10249592","2023-05-30","FIRE EXTINGUISHERS SERVICING FOR MANICALAND DISTRICT ",,"0","2023-05-30 12:21:33","../specifications/1685442093MANICALAND DIST FIRE FIGHTING EQUIPMENT SERVICING SPECIFICATION.docx","ze247200","HR500",,,"ER24/2023"
"3396","RQ23053029","10249592","2023-05-30","FIRE EXTINGUISHERS SERVICING FOR MANICALAND DISTRICT ",,"0","2023-05-30 12:25:47","../specifications/1685442347MANICALAND DIST FIRE FIGHTING EQUIPMENT SERVICING SPECIFICATION.docx","ze247200","HR500",,,"ER24/2023"
"3397","RQ23053064","10249592","2023-05-30","FIRE EXTINGUISHERS SERVICING FOR MANICALAND DISTRICT ",,"0","2023-05-30 12:25:48","../specifications/1685442348MANICALAND DIST FIRE FIGHTING EQUIPMENT SERVICING SPECIFICATION.docx","ze247200","HR500",,,"ER24/2023"
"3398","RQ23053035","10249592","2023-05-30","FIRE EXTINGUISHERS SERVICING FOR MANICALAND DISTRICT ",,"0","2023-05-30 12:25:49","../specifications/1685442349MANICALAND DIST FIRE FIGHTING EQUIPMENT SERVICING SPECIFICATION.docx","ze247200","HR500",,,"ER24/2023"
"3399","RQ2305305","10249598","2023-05-30","FIRE EXTINGUISHERS SERVICING FOR MUTARE DISTRICT",,"0","2023-05-30 12:33:04","../specifications/1685442784Mutare District Fire Extinguisher Register Mutare District.xlsx","ze247200","HR500",,,"ER24/2023"
"3400","RQ23053077","10249602","2023-05-30","FIRE EXTINGUISHER SERVICING FOR MASVINGO DISTRICT",,"0","2023-05-30 12:35:33","../specifications/1685442932MASVINGO DIST FIRE FIGHTING EQUIPMENT SERVICING SPECIFICATION.docx","ze247200","HR500",,,"ER24/2023"
"3401","RQ23061267","10250162","2023-06-12","Borehole drilling and Survey for Rusape Depot",,"0","2023-06-12 10:52:58","../specifications/Borehole Drilling.docx","ze56120","RSP",,,"ER7/2023"
"3402","RQ23061253","10250165","2023-06-12","Purchase of small office fridge for SCSO Rusape Depot",,"0","2023-06-12 10:58:37","../specifications/Fridge Foreman.docx","ze56120","RSP",,,"ER4/2023"
"3403","RQ23061389","10250266","2023-06-13","Printing of 100 books of Form E84 for line inspections- manicaland District",,"0","2023-06-13 16:13:14","../specifications/FORM E84 SPECIFICATION.docx","ze262706","MND",,,"ER11/2023"
"3404","RQ23061454","10250266","2023-06-13","Printing of 100 books of Form E84 for Manicaland District",,"0","2023-06-14 09:24:21","../specifications/1686727461FORM E84 SPECIFICATION.docx","ze262706","MND",,,"ER11/2023"
"3405","RQ23061472","10250267","2023-06-13","Printing of 100x  books of Pretask Risk Assessment Form",,"0","2023-06-14 09:25:50","../specifications/1686727550PRETASK RISK ASSESSMENT FORM.docx","ze262706","MND",,,"ER11/2023"
"3406","RQ23062076","10250475","2023-06-20","6 framed banners measuring 2meters by 1meter  for Agric show and 3000 fliers -3 categories for the Agric show",,"0","2023-06-20 11:56:49","../specifications/","ze9132907","COM700",,,"ER14/2023"
"3407","RQ23062349","10250471","2023-06-20","Purchase of 106A Toner cartridges for Mutare, Masvingo, Nyanga, Manicaland Districts and Regional Office.",,"0","2023-06-23 12:12:21","../specifications/1687515141EXPLANATORY and SPECS for 106Atoner.docx","ze9121419","IT100",,,"ER6/2023"
"3408","RQ23062664","10250727","2023-06-26","Purchase of five(5)  Access Points for the Manicaland District",,"0","2023-06-26 10:57:28","../specifications/access points Specifications 2021-09-16.docx","ze9121419","IT100","ACE23032898","specifications/1680000501Ruckus AP Specifications.docx","ER6/2022"
"3409","RQ23062635","10250728","2023-06-26","Purchase of five(5)  Access Points for the Mutare District",,"0","2023-06-26 11:00:25","../specifications/1687770025access points Specifications 2021-09-16.docx","ze9121419","IT100","ACE23032819","specifications/1680000380Ruckus AP Specifications.docx","ER6/2023"
"3410","RQ23062678","10250728","2023-06-26","Purchase of five(5)  Access Points for the Mutare District",,"0","2023-06-26 11:00:41","../specifications/1687770041access points Specifications 2021-09-16.docx","ze9121419","IT100","ACE23032819",,"ER6/2023"
"3411","RQ23062880","10250887","2023-06-28","FIX & SUPPLY OF WINDOW BLINDS FOR MANICALAND DM'S OFFICE",,"0","2023-06-28 16:02:28","../specifications/WINDOW BLINDS SPECIFICATIONS.docx","ze258156","MND",,,"ER19/2023"
"3412","RQ23062918","10250913","2023-06-29","10x First aid boxes and contents for Manicaland District (Rusape, Nyanga, Chipinge, Chimanimani and Middle Sabi)",,"0","2023-06-29 11:33:18","../specifications/1688031198First Aid Box Contents.docx","ze361065","MND",,,"ER24/2023"
"3413","RQ23070376","10251005","2023-07-03","Purchase of Cane knives for Nyanga csc",,"0","2023-07-03 11:38:20","../specifications/","ze243981","NYA",,,"ER19/2023"
"3414","RQ23070350","10251003","2023-07-03","Purchase of 1,5 ton CM Pullers and Come Alongs (50-100mm) For Nyanga csc",,"0","2023-07-03 11:40:06","../specifications/","ze243981","NYA",,,"ER19/2023"
"3415","RQ23070326","10250998","2023-07-03","Purchase of 18' Husquarvana Chainsaws for Nyanga csc maintenance ",,"0","2023-07-03 11:41:44","../specifications/","ze243981","NYA",,,"ER19/2023"
"3416","RQ23070328","1025100","2023-07-03","Purchase of Plates, pots and cups for Nyanga csc line gang",,"0","2023-07-03 11:42:44","../specifications/","ze243981","NYA",,,"ER4/2023"
"3417","RQ23070323","10251001","2023-07-03","25mm Nylon Rope",,"0","2023-07-03 11:43:29","../specifications/","ze243981","NYA",,,"ER19/2023"
"3418","RQ23070332","10251002","2023-07-03","Linesman ladder for Nyanga csc",,"0","2023-07-03 11:44:18","../specifications/","ze243981","NYA",,,"ER19/2023"
"3419","RQ23070449","10251078","2023-07-04","Fix and supply of Megawatt Building Finance section roller blinds ",,"0","2023-07-04 14:55:49","../specifications/","ze318957","HR500",,,"ER19/2023"
"3420","RQ23070518","10251106","2023-07-05","Purchase of 400/5A Cts for Rukotso VHF transmitter station, Nyanga

",,"0","2023-07-05 09:38:31","../specifications/","ze243981","NYA",,,"ER19/2023"
"3421","RQ23070522","10251163","2023-07-05","Till rolls for Masvingo District",,"0","2023-07-05 16:29:16","../specifications/TILLROLLS  JULY 2023.pdf","ze43702","MSD",,,"ER10/2023"
"3422","RQ23072687","10252223","2023-07-26","AIR CONDITIONER FOR HRAM & EM (ACE 23072677)",,"0","2023-07-26 12:52:05","../specifications/","ze318957","HR500",,,"ER24/2023"
"3423","RQ23072873","10252331","2023-07-28","Purchase Sitting or Pegging Rods",,"0","2023-07-28 12:04:41","../specifications/1690538681Sighting Rods.docx","ze336912","END",,,"ER1/2023"
"3424","RQ23080295","10252537","2023-08-02","Purchase 2 x Voltage transformers 33000/110V, 50VA as per spec attached",,"0","2023-08-02 16:20:27","../specifications/1690986027voltage transformers.specification.docx","ze336912","END",,,"ER1/2023"
"3425","RQ23080271","10252541","2023-08-02","Purchase 7 x Current Transformers 800/400/1 for ZCDC VR Station as per spec attached.",,"0","2023-08-02 16:23:13","../specifications/1690986193Current Transformers.doc","ze336912","END",,,"ER1/2023"
"3426","RQ23080211","10252542","2023-08-02","Purchase 16mm2 x 4c copper pvc swa pvc mv cable ",,"0","2023-08-02 16:28:29","../specifications/","ze336912","END",,,"ER1/2023"
"3427","RQ23080374","10252556","2023-08-03","Purchase machine Till Rolls 80mm x 80mm for Manicaland District Banking Halls",,"0","2023-08-03 09:39:42","../specifications/","ze49638","MND",,,"ER10/2023"
"3428","RQ23080912","10252715","2023-08-08","BP MACHINE",,"0","2023-08-09 15:04:51","../specifications/BP MACHINE SPECIFICATIONS.docx","ze247200","HR500",,,"ER24/2023"
"3429","RQ23080931","10252716","2023-08-08","BODY WEIGHT SCALE",,"0","2023-08-09 15:08:22","../specifications/SCALE SPECIFICATIONS.docx","ze247200","HR500",,,"ER24/2023"
"3430","RQ23081876","10253281","2023-08-18","Sewer reticulation at Mutare Environs (see attached spec)",,"0","2023-08-18 14:56:40","../specifications/Environs Sewer Reticulation 10253281.xlsx","ze318833","HR500",,,"ER19/2023"
"3431","RQ2309042","10253547","2023-08-18","Purchase of a swivwel leather chair for District Manager (Mutare)",,"0","2023-09-04 10:28:00","../specifications/LEATHER EXECUTIVE CIVIL CHAIR FOR D.M.xls","ze9058441","MTD",,,"ER4/2023"
"3432","RQ23090443","10233554","2023-08-18","Purchase of an Executive Leather Swivel Chair for District Engineer (MUTARE)",,"0","2023-09-04 10:32:34","../specifications/LEATHER EXECUTIVE SWIVEL CHAIR FOR D.E.xls","ze9058441","MTD",,,"ER4/2023"
"3433","RQ23090567","10254429","2023-09-05","PROCUREMENT OF SF6 GAS FOR MUTARE MANICALAND AND MASVINGO DISTRICTS CBS",,"0","2023-09-05 12:06:39","../specifications/","ze289310","ERM",,,"ER19/2023"
"3434","RQ23090564","10254466","2023-05-08","Erect (27.5 x 23)m 2.5m high diamond mesh Fence cw 1m wide pedestrian gate and 5m wide double gate as per attached spec for Allied Timbers VR Station Wengezi",,"0","2023-09-05 15:58:32","../specifications/Fence Spec.pdf","ze336912","END",,,"ER1/2023"
"3435","RQ23090653","10254531","2023-09-06","Plumbing services labour for staff house 123 Nyamaka cres, Nyanga
(URGENT)",,"0","2023-09-06 15:14:15","../specifications/","ze243981","NYA",,,"ER7/2023"
"3436","RQ23091145","10254777","2023-09-11","Ties and scarfs for 2023 Long service recipients (Spec attached)",,"0","2023-09-11 13:18:35","../specifications/ties and scarfs 2023.xlsx","ze318833","HR500",,,"ER24/2023"
"3437","RQ23091221","10245365","2023-02-23","Purchase of laptops for District Manager Masvingo, System Support Officer Masvingo",,"0","2023-09-12 10:05:59","../specifications/Core i7 Laptop Specifications and Justification.docx","ze366828","IT100","ACE23022425","specifications/1677244686ZETDC EASTERN REGION HP ENVY X360 i7 LAPTOP CONVERTIBLE  23FEB 2023 NYASHA I.T.xlsx","ER6/2023"
"3438","RQ23091211","10245365","2023-02-23","Purchase of laptops for District Manager Masvingo, System Support Officer Masvingo",,"0","2023-09-12 10:06:38","../specifications/1694505998Core i7 Laptop Specifications and Justification.docx","ze366828","IT100","ACE23022425",,"ER6/2023"
"3439","RQ23091230","10245364","2023-02-24","Purchase of laptops for Energy Technicians (2) Mutare & Manicaland",,"0","2023-09-12 10:35:29","../specifications/1694507729Core i7 Laptop Specifications and Justification.docx","ze366828","IT100","ACE23022490","specifications/1677244475ZETDC EASTERN REGION HP ENVY X360 i7 LAPTOP CONVERTIBLE  23FEB 2023 NYASHA I.T.xlsx","ER6/2023"
"3440","RQ2309127","10245360","2023-02-24","Purchase of laptops (3) for HRAM, HRO and Risk Officer.",,"0","2023-09-12 10:41:16","../specifications/1694508076Core i7 Laptop Specifications and Justification.docx","ze366828","IT100","ACE23022438","specifications/1677244274ZETDC EASTERN REGION HP ENVY X360 i7 LAPTOP CONVERTIBLE  23FEB 2023 NYASHA I.T.xlsx","ER6/2023"
"3441","RQ23091271","10245358","2023-02-24","Purchase of laptops (3) Sales Analyst, Hardware Technician, Senior Accountant Finance",,"0","2023-09-12 10:48:20","../specifications/1694508500Core i7 Laptop Specifications and Justification.docx","ze366828","IT100","ACE23022416","specifications/1677244003ZETDC EASTERN REGION HP ENVY X360 i7 LAPTOP CONVERTIBLE  23FEB 2023 NYASHA I.T.xlsx","ER6/2023"
"3442","RQ23091532","10255119","2023-09-15","Uniforms For Costing Clerks",,"0","2023-09-15 11:17:22","../specifications/Quotation.pdf","ze230553","MSD",,,"ER15/2023"
"3443","RQ23091514","10255121","2023-09-15","URGENT PURCHASE OF MALE CONTACTS FOR RELROLLE SWITCHGEAR TYPE NB WE HAVE RUN OUT OF SPARES AND THERE IS DANGER THAT WE MIGHT LOOSE POWER TO SOME OF OUR IMPORTANT CUSTOMERS",,"0","2023-09-15 12:22:44","../specifications/REYROLE CONTACTS SPECIFICATION.jpg","ze289310","ERM",,,"ER19/2023"
"3444","RQ23091538","10255121","2023-09-15","URGENT PURCHASE OF FEMALE CONTACTS FOR RELROLLE SWITCHGEAR  NB WE HAVE RUN OUT OF SPARES AND THERE IS DANGER THAT WE MIGHT LOOSE POWER TO SOME OF OUR IMPORTANT CUSTOMERS",,"0","2023-09-15 12:24:32","../specifications/1694773472REYROLE CONTACTS SPECIFICATION.jpg","ze289310","ERM",,,"ER19/2023"
"3445","RQ23091515","10255116","2023-09-15","PROCUREMENT OF TRANSFORMER OIL FOR  TRANSFORMER MAINTENANCE",,"0","2023-09-15 12:36:09","../specifications/","ze289310","ERM",,,"ER19/2023"
"3446","RQ23092676","10247728","2023-04-13","Purchase of two (2)  Core i7 Laptop for Commercial Engineer (Regional Office) and  Senior Engineer Masvingo District ",,"0","2023-09-26 14:38:28","../specifications/1695731908Core i7 Laptop Specifications and Justification.docx","ze366828","IT100",,,"ER6/2023"
"3447","RQ23092698","10247727","2023-04-13","Purchase of  13  Core i5 Laptops.  1. Administration Officer R/O,  2.Depot Foreperson Mutare Urban, 3.Depot Foreperson Mutare Environs,  4.Depot Foreperson Rusape, 5.Depot Foreperson Nyanga, 6. Depot Foreperson Chimanimani 7. Depot Foreperson Chipinge, 8.Depot Foreperson Middle Sabi 9. Depot Foreperson Chiredzi, 10.Depot Foreperson Rutenga Gutu, 11.Depot Foreperson Mashava, 12.Depot Foreperson Masvingo Urban, 13.Depot Foreperson Masvingo Environs ",,"0","2023-09-26 14:51:10","../specifications/Core i5 Laptop Specifications and Justification.docx","ze366828","IT100",,,"ER6/2023"
"3448","RQ23100372","10256111","2023-10-03","ROLLER BLINDS FOR OFFICE 321; SNR ACCOUNTANT MGNT",,"0","2023-10-03 09:55:16","../specifications/","ze318957","HR500",,,"ER19/2023"
"3449","RQ23100516","10256267","2023-10-04","Borehole Surveying and Drilling at Rusape Depot",,"0","2023-10-05 08:22:30","../specifications/Borehole drilling and Surveying Rusape.docx","ze56120","RSP",,,"ER7/2023"
"3450","RQ23100785","10256418","2023-10-07","Purchasing of 300mx70mm2x4core cable",,"0","2023-10-07 14:41:34","../specifications/","ze232696","URB",,,"ER19/2023"
"3451","RQ23100755","10256419","2023-10-07","25-150mm Shear Bolts",,"0","2023-10-11 11:15:21","../specifications/","ze232696","URB",,,"ER19/2023"
"3452","RQ23101192","10256646","2023-10-11","Purchasing of Pedal Sanitary Bins for ",,"0","2023-10-11 11:29:07","../specifications/","ze232696","URB",,,"ER4/2023"
"3453","RQ23101220","10256585","2023-10-10","PROCUREMENT OF ACID PROOF WORKSUITS FOR MAINTENANCE  STAFF 2024 ALLOCATION",,"0","2023-10-12 13:08:10","../specifications/WORKSUIT SPEC.docx","ze289310","ERM",,,"ER24/2023"
"3454","RQ23101261","10256589","2023-10-10","PROCUREMENT OF ANTISLIP SAFETY SHOES FOR MAINTENANCE  STAFF 2024 ALLOCATION",,"0","2023-10-12 13:09:51","../specifications/","ze289310","ERM",,,"ER24/2023"
"3455","RQ23101744","10256958","2023-10-17","FIX AND SUPPLY OF ROLLER BLINDS AT MEGAWATT GROUND FLOOR OFFICES",,"0","2023-10-17 08:57:34","../specifications/","ze318957","HR500",,,"ER19/2023"
"3456","RQ23101776","10256895","2023-10-16","Procurement of connection materials for USD Quotations",,"0","2023-10-17 17:44:41","../specifications/USD connection Materials- 1.PNG","ze262706","MND",,,"ER22/2023"
"3457","RQ23101821","10257133","2023-10-18","SUPPLY 10 ACID PROOF WORKSUITS FOR TRANSPORT SECTION",,"0","2023-10-18 16:18:09","../specifications/WORKSUITS SPACIFICATIONS.docx","ze301698","GARAGE",,,"ER21/2023"
"3458","RQ23102065","10256997","2023-10-20","Replace 2* roller shutters at Megawatt
Basement and bin area (spec attached)",,"0","2023-10-20 12:35:06","../specifications/Oct 20, Doc 1_1.pdf","ze318833","HR500",,,"ER19/2023"
"3459","RQ23102533","10257525","2023-10-25","CCTV FOR CHIREDZI",,"0","2023-10-25 08:04:35","../specifications/4 cam IP CCTV quote.pdf","ze259128","MSD",,,"ER3/2023"
"3460","RQ2311013","10257997","2023-11-01","FIX AND SUPPLY OF ROLLER BLINDS IN CM & CM SECRETARY'S ",,"0","2023-11-01 09:00:55","../specifications/","ze318957","HR500",,,"ER19/2023"
"3461","RQ23110123","10257998","2023-11-01","FIX AND SUPPLY OF FITTED CARPET- CM SECRETARY OFFICE",,"0","2023-11-01 09:04:44","../specifications/","ze318957","HR500",,,"ER19/2023"
"3462","RQ23110250","10258170","2023-11-02","Remove old earthenware pipes and replace with PVC pipes for 20 Miller Morningside",,"0","2023-11-02 15:43:23","../specifications/RECOMMENDATION FOR 20 MILLER MORNINGSIDE.docx","ze318833","HR500",,,"ER19/2023"
"3463","RQ23110673","10258296","2023-11-06","Open market valuation of a house to buy",,"0","2023-11-06 11:40:29","../specifications/valuation.doc","ze318833","HR500",,,"ER13/2023"
"3464","RQ23110692","10258312","2023-11-06","ROLLER BLINDS FOR DM MUTARE & DM MUTARE SECRETARY'S OFFICE",,"0","2023-11-06 14:48:40","../specifications/","ze318957","HR500",,,"ER24/2023"
"3465","RQ23112040","10259136","2023-11-20","Blinds for Procurement office as per attached spec",,"0","2023-11-20 12:35:21","../specifications/PR 10259136 blinds procurement.docx","ze318833","HR500",,,"ER19/2023"
"3466","RQ23112292","10258365","2023-11-16","REMOVING OLD TILES AND REPLACING WITH NEW PORCELAIN TILES (LABOUR ONLY) ",,"0","2023-11-22 08:41:31","../specifications/","ze318957","HR500",,,"ER19/2023"
"3467","RQ23112360","10259447","2023-11-23","LEVELING MEGAWATT BUILDING PAVERS AND PAINTING THEM (SITE VISIT A MUST)",,"0","2023-11-23 09:30:45","../specifications/","ze318957","HR500",,,"ER19/2023"
"3468","RQ23112314","10259449","2023-11-23","REMOVING AND FITTING 2*NEW BATHROOM CUBICLES AT 20 MILLER MORNINGSIDE- GM RESIDENCE",,"0","2023-11-23 09:33:10","../specifications/","ze318957","HR500",,,"ER19/2023"
"3469","RQ23112369","10259448","2023-11-23","REFURBISHMENT OF WATER TANK STAND AND CONNECTIONS AT 20 MILLER MORNINGSIDE-GM RESIDENCE ",,"0","2023-11-23 09:35:30","../specifications/","ze318957","HR500",,,"ER19/2023"
"3470","RQ23112374","10259467","2023-11-23","PROCUREMENT OF 200 X E18 PERMIT TO WORK BOOKS FOR MUTARE DISTRICT",,"0","2023-11-23 11:05:24","../specifications/E18 Permit to work.pdf","ze9058441","MTD",,,"ER10/2023"
"3471","RQ23112375","10259472","2023-11-23","Procurement of E117 INSPECTION REPORT BOOKS",,"0","2023-11-23 11:08:09","../specifications/E117 Inspection Report.pdf","ze9058441","MTD",,,"ER10/2023"
"3472","RQ23112356","10259476","2023-11-23","PROCUREMENT OF E22 APPLICATION FOR CONNECTION OR DISCONNECTION BOOKS",,"0","2023-11-23 11:13:42","../specifications/FORM E22.doc","ze9058441","MTD",,,"ER10/2023"
"3473","RQ23112771","10258838","2023-11-16","40 spans of Wayleave Clearance - From Marenga to Buhera ",,"0","2023-11-27 07:45:47","../specifications/10258838.PNG","ze262706","MND",,,"ER19/2023"
"3474","RQ23112764","10258950","2023-11-16","6 spans of Wayleave Clearance on 33kV Dorowa feeder - Matemera T/off ",,"0","2023-11-27 07:49:41","../specifications/10258950.PNG","ze262706","MND",,,"ER19/2023"
"3475","RQ23112786","10258948","2023-11-16","107 spans of Wayleance clearence on 11kV Marovanyati line",,"0","2023-11-27 07:53:40","../specifications/10258948.PNG","ze262706","MND",,,"ER19/2023"
"3476","RQ23112774","10258949","2023-11-17","260 spans of Wayleave Clearence on 33kv Dorowa line - Nyashanu T/off",,"0","2023-11-27 07:56:51","../specifications/10258949.PNG","ze262706","MND",,,"ER19/2023"
"3477","RQ2311277","10258951","2023-11-17","80 Spans of Wayleave Clearence on 33kV Dorowa Feeder- From Marenga to Buhera ",,"0","2023-11-27 08:01:41","../specifications/10258951.PNG","ze262706","MND",,,"ER19/2023"
"3478","RQ23112868","10258952","2023-11-15","60 Spans of Wayleave Cleareance on 33kV Dorowa Feeder - Nyashanu T/off",,"0","2023-11-28 08:31:50","../specifications/10258952.PNG","ze262706","MND",,,"ER19/2023"
"3479","RQ23112843","10258953","2023-11-16","60 Spans of Wayleave Clearance on 33kV Dorowa Feeder- Nyashanu T/off ",,"0","2023-11-28 08:35:34","../specifications/10258953.PNG","ze262706","MND",,,"ER19/2023"
"3480","RQ23112820","10258955","2023-11-16","70 Spans of Wayleave Clearence on 33kV Dorowa Feeder- Nyashanu T/off",,"0","2023-11-28 08:38:07","../specifications/10258955.PNG","ze262706","MND",,,"ER19/2023"
"3481","RQ23112890","10258956","2023-11-16","98 Spans of Wayleave clearence on 33kV Dorowa feeder- Dorowa1 To Nyashanu",,"0","2023-11-28 08:41:12","../specifications/10258956.PNG","ze262706","MND",,,"ER19/2023"
"3482","RQ23112842","10258957","2023-11-16","49 Spans of Wayleave Clearence on 33kV Dorowa Feeder - From Nyashanu To St Albans",,"0","2023-11-28 09:14:39","../specifications/10258957.PNG","ze262706","MND",,,"ER19/2023"
"3483","RQ2311286","10258958","2023-11-16","45 Spans of Wayleave clearance on 11kV Sabi village",,"0","2023-11-28 09:20:48","../specifications/10258958.PNG","ze262706","MND",,,"ER19/2023"
"3484","RQ23112848","10258960","2023-11-16","60 Spans of Wayleave Clearance on 33kV Dorowa Feeder - Chitenderano to Dorowa",,"0","2023-11-28 09:24:08","../specifications/10258960.PNG","ze262706","MND",,,"ER19/2023"
"3485","RQ23112815","10258961","2023-11-16","70 Spans of Wayleave Clearance on 33kV Dorowa feeder - Chitenderano to Dorowa",,"0","2023-11-28 09:26:42","../specifications/10258961.PNG","ze262706","MND",,,"ER19/2023"
"3486","RQ23112810","10258962","2023-11-16","90 Spans of Wayleave clearence on 33kV Dorowa feeder - Chitenderano to Dorowa",,"0","2023-11-28 09:30:06","../specifications/","ze262706","MND",,,"ER19/2023"
"3487","RQ23112875","10258963","2023-11-16","70 Spans of Wayleave Clearance on 33kV Dorowa Feeder - Chitenderano to Dorowa",,"0","2023-11-28 09:33:31","../specifications/10258963.PNG","ze262706","MND",,,"ER19/2023"
"3488","RQ23112867","10258964","2023-11-16","80 Spans of Wayleave Clearance on 33kV Dorowa feeder- From Chitenderano to Dorowa",,"0","2023-11-28 09:37:12","../specifications/10258964.PNG","ze262706","MND",,,"ER19/2023"
"3489","RQ23112844","10258965","2023-11-16","55 Spans of Wayleave Clearance on 11kV Bedza T/off",,"0","2023-11-28 09:39:54","../specifications/10258965.PNG","ze262706","MND",,,"ER19/2023"
"3490","RQ23112836","10258966","2023-11-16","5 Spans of Wayleave Clearance on 11kV Bedza T/off",,"0","2023-11-28 09:42:40","../specifications/10258966.PNG","ze262706","MND",,,"ER19/2023"
"3491","RQ23112897","10258554","2023-11-16","Pole Change - 35 Intermediate poles on 33kV Dorowa feeder - Marenga to Buhera",,"0","2023-11-28 09:48:34","../specifications/10258554.PNG","ze262706","MND",,,"ER19/2023"
"3492","RQ23112838","10258555","2023-11-16","5 HPS pole change on 33kV Dorowa Feeder - Marenga to Buhera",,"0","2023-11-28 09:53:39","../specifications/10258555.PNG","ze262706","MND",,,"ER19/2023"
"3493","RQ23112852","10258556","2023-11-16","4 Verical Strain - Pole Change on 33kV Dorowa Feeder - Marenga to Buhera",,"0","2023-11-28 09:59:11","../specifications/10258556.PNG","ze262706","MND",,,"ER19/2023"
"3494","RQ23112865","10258921","2023-11-16","1 SPS - Pole change on 33kV Dorowa Feeder- ",,"0","2023-11-28 10:10:34","../specifications/10258921.PNG","ze262706","MND",,,"ER19/2023"
"3495","RQ23112876","10258557","2023-11-14","Change of 11 Intermediate Poles on 33kV Dorowa Feeder - Buhera to Nerutanga",,"0","2023-11-28 12:59:21","../specifications/170116916110258557.PNG","ze262706","MND",,,"ER19/2023"
"3496","RQ23112937","10258557","2023-11-14","Pole Change -11 Intermediate poles on 33kV Dorowa feeder- Buhera to Marenga",,"0","2023-11-29 07:30:29","../specifications/170123582910258557.PNG","ze262706","MND",,,"ER19/2023"
"3497","RQ23112984","10258558","2023-11-14","Pole Change - 11 wood poles on Marovanyati T/off",,"0","2023-11-29 07:36:31","../specifications/10258558.PNG","ze262706","MND",,,"ER19/2023"
"3498","RQ23112917","10258559","2023-11-14","Pole change - 28 Intermediate poles on 33kV Dorowa Feeder - Nyashanu T/off",,"0","2023-11-29 07:38:55","../specifications/10258559.PNG","ze262706","MND",,,"ER19/2023"
"3499","RQ23112939","10258561","2023-11-14","Pole change- 4 VSA poles on 33kV Dorowa feeder - Nyashanu T/off",,"0","2023-11-29 07:41:44","../specifications/10258561.PNG","ze262706","MND",,,"ER19/2023"
"3500","RQ23112967","10258562","2023-11-14","POle Change - 12 Intermediate Poles on 33kV Dorowa Feeder - Mukwasi T/off",,"0","2023-11-29 07:44:51","../specifications/10258562.PNG","ze262706","MND",,,"ER19/2023"
"3501","RQ23112947","10258563","2023-11-14","Pole Change - 1 SPS on 33kV Dorowa Feeder - Mukwasi T/off",,"0","2023-11-29 07:47:23","../specifications/10258563.PNG","ze262706","MND",,,"ER19/2023"
"3502","RQ23112959","10258564","2023-11-14","Pole Change- 1 SPS on 33kV Dorowa Feeder Mukwasi T/off",,"0","2023-11-29 07:54:26","../specifications/170123726610258564.PNG","ze262706","MND",,,"ER19/2023"
"3503","RQ23112931","10258564","2023-11-14","Pole Change- 1 SPS on 33kV Dorowa Feeder Mukwasi T/off",,"0","2023-11-29 07:54:27","../specifications/170123726710258564.PNG","ze262706","MND",,,"ER19/2023"
"3504","RQ23112969","10258564","2023-11-14","Pole Change- 1 SPS on 33kV Dorowa Feeder Mukwasi T/off",,"0","2023-11-29 07:54:28","../specifications/170123726810258564.PNG","ze262706","MND",,,"ER19/2023"
"3505","RQ23112963","10258564","2023-11-16","Pole Change - 1 HPS on 33kV Dorowa Feeder- Mukwasi T/Off",,"0","2023-11-29 07:56:16","../specifications/170123737610258564.PNG","ze262706","MND",,,"ER19/2023"
"3506","RQ23112982","10258813","2023-11-14","Pole Change- 5 Intermediate poles on 33kV Dorowa Feeder - Nyashanu to St Albans ",,"0","2023-11-29 08:02:56","../specifications/10258813.PNG","ze262706","MND",,,"ER19/2023"
"3507","RQ23112951","10258814","2023-11-14","Pole change - 3X HPS on 33kV Dorowa Feeder- Nyashangu to St Albans",,"0","2023-11-29 08:05:21","../specifications/10258814.PNG","ze262706","MND",,,"ER19/2023"
"3508","RQ23112996","10258824","2023-11-15","Pole Change- 17 Intermediate Poles on 11kV Sabi village feeder ",,"0","2023-11-29 08:08:34","../specifications/10258824.PNG","ze262706","MND",,,"ER19/2023"
"3509","RQ2311293","10258825","2023-11-14","Pole change- 24 Intermediate Poles on 33kV Dorowa feeder- Chtenderano to Dorowa",,"0","2023-11-29 08:11:56","../specifications/10258825.PNG","ze262706","MND",,,"ER19/2023"
"3510","RQ23112985","10258829","2023-11-14","Pole change- 1Hpole on 33kV Dorowa feeder - Chitenderano to Dorowa",,"0","2023-11-29 08:14:51","../specifications/10258829.PNG","ze262706","MND",,,"ER19/2023"
"3511","RQ23112986","10258831","2023-11-16","Pole Change- 17 Intermediate poles on 33kV Dorowa - Bedza T/off",,"0","2023-11-29 08:18:03","../specifications/","ze262706","MND",,,"ER19/2023"
"3512","RQ23112934","10258833","2023-11-16","Pole Change- 2 HPS on 33kV Dorowa feeder - Bedza T/off",,"0","2023-11-29 12:19:03","../specifications/170125314310258833.PNG","ze262706","MND",,,"ER19/2023"
"3513","RQ23112998","10258836","2023-11-16","Pole Change- VSA pole change on 33kV Dorowa feeder - Bedza T/off",,"0","2023-11-29 12:32:08","../specifications/10258836.PNG","ze262706","MND",,,"ER19/2023"
"3514","RQ23112946","10258835","2023-11-16","Pole Change- 23 Intermediate poles on 33kV Dorowa feeder - Makumbe T/off",,"0","2023-11-29 12:35:39","../specifications/10258835.PNG","ze262706","MND",,,"ER19/2023"
"3515","RQ23112978","10258834","2023-11-16","Pole change- 3 H-poles on 33kV Dorowa - Makumbe T/off ",,"0","2023-11-29 12:49:42","../specifications/170125498210258834.PNG","ze262706","MND",,,"ER19/2023"
"3516","RQ23112958","10258834","2023-11-29","Pole change - 3 H-poles on 33kV Dorowa Feeder- makumbe T/off",,"0","2023-11-29 12:55:57","../specifications/170125535710258834.PNG","ze262706","MND",,,"ER19/2023"
"3517","RQ23112941","10258941","2023-11-16","Pole change - 1x SA pole on 33kV Dorowa T/off - Makumbe T/off",,"0","2023-11-29 13:02:27","../specifications/10258941.PNG","ze262706","MND",,,"ER19/2023"
"3518","RQ23112910","10258942","2023-11-16","Pole Change - 16 Intermediate Poles on 33kV Dorowa feeder - Chitenderano to Dorowa",,"0","2023-11-29 13:05:45","../specifications/10258942.PNG","ze262706","MND",,,"ER19/2023"
"3519","RQ23112938","10258943","2023-11-16","Pole Change- 1 Int. Short leg on 33kV Dorowa feeder - Chitenderano to Dorowa",,"0","2023-11-29 13:11:31","../specifications/10258943.PNG","ze262706","MND",,,"ER19/2023"
"3520","RQ23112936","10258944","2023-11-16","Pole change - 17 Intermediate Pole On 33kV Inyati feeder",,"0","2023-11-29 13:14:17","../specifications/10258944.PNG","ze262706","MND",,,"ER19/2023"
"3521","RQ23120687","10260219","2023-12-06","URGENT PURCHASE OF MALE CONTACTS FOR RELROLLE SWITCHGEAR  NB WE HAVE RUN OUT OF SPARES AND THERE IS DANGER THAT WE MIGHT LOOSE POWER TO SOME OF OUR IMPORTANT CUSTOMERS",,"0","2023-12-06 09:20:33","../specifications/","ze289310","ERM",,,"ER19/2023"
"3522","RQ23120686","10260220","2023-12-06","URGENT PURCHASE OF FEMALE CONTACTS FOR RELROLLE SWITCHGEAR  NB WE HAVE RUN OUT OF SPARES AND THERE IS DANGER THAT WE MIGHT LOOSE POWER TO SOME OF OUR IMPORTANT CUSTOMERS",,"0","2023-12-06 09:21:48","../specifications/","ze289310","ERM",,,"ER19/2023"
"3523","RQ23120877","10260423","2023-12-08","Purchase of one (1) Computer Storage (SSD) for Network Development Engineer to replace harddrive which crushed",,"0","2023-12-11 11:22:57","../specifications/Specifications.docx","ze366828","IT100",,,"ER6/2023"
"3524","RQ23121368",,"0000-00-00",,,"0","2023-12-19 15:20:53","../specifications/","ze265276","COM700",,,"ER11/2023"
"3525","RQ23121310","10260460","2023-12-11","Supply of Branded Diaries A4 and A5 with ZETDC Logo and 2 pages inserts (back to back)",,"0","2023-12-19 15:17:20","../specifications/","ze265276","COM700",,,"ER11/2023"
"3526","RQ23121316","10260460","2023-12-11","Printing of A2 Branded Wall Calendars and Branded A2 Desk Calendars",,"0","2023-12-13 15:49:53","../specifications/","ze265276","COM700",,,"ER11/2023"
"3527","RQ23121985","10260877","2023-12-18","Pole change on 33kV Nyanyadzi Feeder- 40 poles",,"0","2023-12-19 11:11:55","../specifications/10260877.PNG","ze262706","MND",,,"ER19/2023"
"3528","RQ2312199","10260878","2023-12-18","Pole Change on 11kV Rimbi Feeder- 20 Poles",,"0","2023-12-19 11:14:14","../specifications/10260878.PNG","ze262706","MND",,,"ER19/2023"
"3529","RQ23121958","10260879","2023-12-18","Pole change on 33kV South East Feeder- 25 Poles",,"0","2023-12-19 11:17:38","../specifications/10260879.PNG","ze262706","MND",,,"ER19/2023"
"3530","RQ23121991","10260880","2023-12-18","Pole Change on 33kV Bamboo creek feeder- 20 Poles",,"0","2023-12-19 11:20:59","../specifications/10260880.PNG","ze262706","MND",,,"ER19/2023"
"3531","RQ23121949","10261011","2023-12-19","x50 Branded Round neck T.Shirts (Front with printed Logo and statement saying - Upgrade your prepaid meter today) then (BACK printed - Chaya 704 for further assistance)

x50 Sunhats with Logo (Embroidery) Left side of hat to be printed - TID Rollover.  The right side printed - Chaya 704",,"0","2023-12-19 15:44:42","../specifications/","ze265276","COM700",,,"ER14/2023"
"3532","RQ23122020","10261031","2023-12-20","Line Repairs and Maintenance at Mutare Environs Depot",,"0","2023-12-20 10:23:16","../specifications/Specifications for Line Repaire and Maintenance at Mutare Environs Depot.docx","ze262692","ENV",,,"ER25/2023"
"3533","RQ23122825","10260458","2023-12-28","High Back Swivel Chair for Mrs Musa Recommended by Doc",,"0","2023-12-28 14:17:33","../specifications/Swivel Chair - Musa (2) (1).pdf","ze9108977","MSD","ACE23022720","specifications/1677500477ACE- SWIVEL LEATHER CHAIRS- MASVINGO DISTRICT.xlsx","ER4/2024"
"3534","RQ24010421","10261354","2024-01-04","Pole change on 33kV Dorowa 2 - Denzva T-off - 3 Intermediate poles ( Fault Maintenance) ",,"0","2024-01-04 13:48:36","../specifications/10261354.PNG","ze262706","MND",,,"ER19/2024"
"3535","RQ24010466","10261356","2024-01-04","Pole change on 33kV Dorowa 2 Feeder Makuwe Homestead U20b15 - 1x Int pole & 1x short leg",,"0","2024-01-04 14:42:18","../specifications/10261356.PNG","ze262706","MND",,,"ER19/2024"
"3536","RQ24010467","10261358","2024-01-04","POle Change on 33kV Dorowa 2 - Jackneedam T/off- 2x Intermediate poles",,"0","2024-01-04 14:48:46","../specifications/10261358.PNG","ze262706","MND",,,"ER19/2024"
"3537","RQ24010429","10261359","2024-01-04","Pole change on 33kV Dorowa 1 feeder - Sharara T/off- 1xIntermediate pole",,"0","2024-01-04 14:54:21","../specifications/10261359.PNG","ze262706","MND",,,"ER19/2024"
"3538","RQ24010476","10261360","2024-01-04","POle change on 33kV Dorowa 1 feeder- Dorowa mine- 3x intermediate poles",,"0","2024-01-04 14:58:41","../specifications/10261360.PNG","ze262706","MND",,,"ER19/2024"
"3539","RQ2401049","10261361","2024-01-04","Pole change on 33kV Dorowa 1 Feeder- Nechawawa/Bedza T/off- 6x int. poles & 1 H-pole",,"0","2024-01-04 15:01:56","../specifications/10261361.PNG","ze262706","MND",,,"ER19/2024"
"3540","RQ24010411","10261364","2024-01-04","POle change on 33kV Dorowa 1 mutauto T/off- 1x intermediate pole",,"0","2024-01-04 15:04:42","../specifications/10261364.PNG","ze262706","MND",,,"ER19/2024"
"3541","RQ24010423","10261366","2024-01-04","Ole change on 33kV Dorowa 1 feeder St Albans T/off - 2x Int. Poles ",,"0","2024-01-04 15:08:42","../specifications/10261366.PNG","ze262706","MND",,,"ER19/2024"
"3542","RQ24010496","10261368","2024-01-04","POle Chanage on 33kV Dorowa 1 Feeder Gunde T/off- 3x Intermediate poles",,"0","2024-01-04 15:12:06","../specifications/10261368.PNG","ze262706","MND",,,"ER19/2024"
"3543","RQ24010495","10261372","2024-01-04","Pole Change on 33kV Dorowa 1 Feeder Matsveru T/off- 3x Intermediate Poles & 1 span conductor Stringing ",,"0","2024-01-04 15:23:19","../specifications/170437459910261372.PNG","ze262706","MND",,,"ER19/2024"
"3544","RQ24010485","10261375","2024-01-04","POle change on 33kV Rusape West Chironga Primary T/off- 2x Int Poles",,"0","2024-01-04 15:28:42","../specifications/10261375.PNG","ze262706","MND",,,"ER19/2024"
"3545","RQ24010479","10261376","2024-01-04","11kV Rukweza Feeder - Vashco Farm - 2x Intermediate Poles ",,"0","2024-01-04 15:31:53","../specifications/10261376.PNG","ze262706","MND",,,"ER19/2024"
"3546","RQ24010446","10261377","2024-01-04","Pole Change on 11kV Wakefield Feeder- Emerald West Plots - 3x Int Poles (Fault Maintenance) ",,"0","2024-01-04 15:35:02","../specifications/10261377.PNG","ze262706","MND",,,"ER19/2024"
"3547","RQ24010438","10261380","2024-01-04","11kV Wakefield Feeder Madhubure Plots U16a10 - 1x Int Pole",,"0","2024-01-04 15:39:32","../specifications/10261380.PNG","ze262706","MND",,,"ER19/2024"
"3548","RQ24010465","10261381","2024-01-04","11kV Chikobvore Feeder Sherwood T/off(Collins)U7a5 -3x Int poles",,"0","2024-01-04 15:42:15","../specifications/10261381.PNG","ze262706","MND",,,"ER19/2024"
"3549","RQ24010478","10261382","2024-01-04","11kV Chimbi Feeder Fault Zowa Farm T/off- 2x Int poles & one Span Restringing",,"0","2024-01-04 15:45:36","../specifications/10261382.PNG","ze262706","MND",,,"ER19/2024"
"3550","RQ24010436","10261383","2024-01-04","11kV Chimbi Feeder Fault - Manadon Farm u28a9 - 1x Int Pole",,"0","2024-01-04 15:49:14","../specifications/10261383.PNG","ze262706","MND",,,"ER19/2024"
"3551","RQ24010499","10261384","2024-01-04","11kV Quaggakloof Fault - Takunda Village -2x Int poles",,"0","2024-01-04 15:52:54","../specifications/10261384.PNG","ze262706","MND",,,"ER19/2024"
"3552","RQ24010461","10260604","2023-12-13","Executive Filofax Branded A5 Personalised Diaries with ZETDC Logo.  2 Pages insert (back to back).",,"0","2024-01-04 15:54:12","../specifications/","ze265276","COM700",,,"ER14/2024"
"3553","RQ24010452","10261385","2024-01-04","11kV Dorowa feeder fault- Boston U20a9- x Int Pole",,"0","2024-01-04 15:55:24","../specifications/10261385.PNG","ze262706","MND",,,"ER19/2024"
"3554","RQ2401052","10261386","2024-01-04","11kV Quaggakloof feeder fault - Stringing of 3 spans of broken conductors",,"0","2024-01-05 09:02:56","../specifications/10261386.PNG","ze262706","MND",,,"ER19/2024"
"3555","RQ24010565","10261387","2024-01-04","LT line fault at Tsoka village Masvosva- To Change 2x Int poles ",,"0","2024-01-05 09:05:16","../specifications/10261387.PNG","ze262706","MND",,,"ER19/2024"
"3556","RQ24010569","10261389","2024-01-04","LT line fault at Chief Makoni Rusape offices- To change 1 Terminal pole",,"0","2024-01-05 09:08:01","../specifications/10261389.PNG","ze262706","MND",,,"ER19/2024"
"3557","RQ2401051","10261390","2024-01-04","LT Line fault at Chiduku BC- TO Change 2x Terminal poles",,"0","2024-01-05 09:09:43","../specifications/10261390.PNG","ze262706","MND",,,"ER19/2024"
"3558","RQ24010546","10261391","2024-01-04","LT line fault - Intermediate pole change Buhera Bere Village",,"0","2024-01-05 09:13:19","../specifications/10261391.PNG","ze262706","MND",,,"ER19/2024"
"3559","RQ24010554","10261392","2024-01-04","LT line fault-2x intermediate pole change Buhera Mudzamiri village",,"0","2024-01-05 09:16:07","../specifications/10261392.PNG","ze262706","MND",,,"ER19/2024"
"3560","RQ24010536","10261393","2024-01-04","LT line fault - 3x Intermediate pole change Buhera Zvembira Village",,"0","2024-01-05 09:18:43","../specifications/10261393.PNG","ze262706","MND",,,"ER19/2024"
"3561","RQ24010531","10261394","2024-01-04","LT line fault - 10x Intermediate pole change Murambinda location",,"0","2024-01-05 09:21:52","../specifications/10261394.PNG","ze262706","MND",,,"ER19/2024"
"3562","RQ24010579","10261395","2024-01-04","LT line fault - 6x Intermediate pole change Dorowa location",,"0","2024-01-05 09:24:10","../specifications/10261395.PNG","ze262706","MND",,,"ER19/2024"
"3563","RQ2401058","10261396","2024-01-04","LT line fault - 1x intermediate pole change Gaza BC Buhera",,"0","2024-01-05 09:26:41","../specifications/10261396.PNG","ze262706","MND",,,"ER19/2024"
"3564","RQ24010588","10261397","2024-01-04","LT 3PH line fault - 4x intermediate pole change Hande Sec Sch Dorowa",,"0","2024-01-05 09:38:01","../specifications/170444028110261397.PNG","ze262706","MND",,,"ER19/2024"
"3565","RQ24010537","10261398","2024-01-04","LT 3PH line fault - 3x Intermediate pole change Makumbe BC Buhera",,"0","2024-01-05 09:53:38","../specifications/10261398.PNG","ze262706","MND",,,"ER19/2024"
"3566","RQ24010513","10261399","2024-01-04","LT 3PH line fault - 2x intermediate pole change Chitsunge village Buhera",,"0","2024-01-05 09:56:14","../specifications/10261399.PNG","ze262706","MND",,,"ER19/2024"
"3567","RQ24010556","10261400","2024-01-04","LT 3PH line fault - 1x intermediate pole change Masocha Sch Buhera",,"0","2024-01-05 09:59:47","../specifications/10261400.PNG","ze262706","MND",,,"ER19/2024"
"3568","RQ24010591","10261401","2024-01-04","LT 3PH line fault - 2x intermediate pole change Mutyamiri plots",,"0","2024-01-05 10:01:56","../specifications/10261401.PNG","ze262706","MND",,,"ER19/2024"
"3569","RQ24011277","10261918","2024-01-12","3 intermediate 33kv pole change",,"0","2024-01-12 13:10:15","../specifications/Chiromo.PNG","ze350214","MSD",,,"ER22/2024"
"3570","RQ24011263","10261920","2024-01-12","MV Intermediate pole change",,"0","2024-01-12 13:13:26","../specifications/panganai.PNG","ze350214","MSD",,,"ER22/2024"
"3571","RQ24011249","10261922","2024-01-12","Intermediate pole change 11kv netone booster chivamba",,"0","2024-01-12 13:16:14","../specifications/chivamba.PNG","ze350214","MSD",,,"ER22/2024"
"3572","RQ24011216","10261927","2024-01-12","Pole change s/s with short leg",,"0","2024-01-12 13:20:40","../specifications/chivamba 2.PNG","ze350214","MSD",,,"ER22/2024"
"3573","RQ24011232","10261928","2024-01-12","2*2 11kv pole change Ushe village",,"0","2024-01-12 13:23:01","../specifications/Ushe village.PNG","ze350214","MSD",,,"ER22/2024"
"3574","RQ24011273","10261930","2024-01-12","MV pole change Ushe village",,"0","2024-01-12 13:25:12","../specifications/Ushe mv.PNG","ze350214","MSD",,,"ER22/2024"
"3575","RQ24011261","10261932","2024-01-12","Chipezezeze intermediate Pole change",,"0","2024-01-12 13:27:44","../specifications/chipezeze1.PNG","ze350214","MSD",,,"ER22/2024"
"3576","RQ24011242","10261933","2024-01-12","Chipezeze terminal mv pole change",,"0","2024-01-12 13:29:08","../specifications/chipezeze 2.PNG","ze350214","MSD",,,"ER22/2024"
"3577","RQ24011589","10261945","2024-01-12","2* mv intermediate pole change jerera central",,"0","2024-01-15 09:15:39","../specifications/jerera central.PNG","ze350214","MSD",,,"ER22/2024"
"3578","RQ2401156","10261949","2024-01-12","2* terminal pole change Jerera",,"0","2024-01-15 09:19:35","../specifications/jerera t.PNG","ze350214","MSD",,,"ER22/2024"
"3579","RQ24011585","10261956","2024-01-12","X-arm and conductor",,"0","2024-01-15 09:23:04","../specifications/chief nhe.PNG","ze350214","MSD",,,"ER22/2024"
"3580","RQ24011543","10261958","2024-01-12","2 * 11kv pole Intermediate ",,"0","2024-01-15 09:26:53","../specifications/tazvida.PNG","ze350214","MSD",,,"ER22/2024"
"3581","RQ24011523","10261960","2024-01-12","Terminal pole change",,"0","2024-01-15 09:29:36","../specifications/svuure 1.PNG","ze350214","MSD",,,"ER22/2024"
"3582","RQ24011580","10261961","2024-01-12","2 intermediate pole change",,"0","2024-01-15 09:32:35","../specifications/svuure inter.PNG","ze350214","MSD",,,"ER22/2024"
"3583","RQ24011561","10261962","2024-01-12","intermediate mv pole change",,"0","2024-01-15 09:34:13","../specifications/4 miles.PNG","ze350214","MSD",,,"ER22/2024"
"3584","RQ24011549","10261963","2024-01-12","Terminal mv pole change 4 miles",,"0","2024-01-15 09:35:38","../specifications/4 miles 2.PNG","ze350214","MSD",,,"ER22/2024"
"3585","RQ24011597","10262044","2024-01-15","Fumigation services at Megawatt building (spec attached)",,"0","2024-01-15 11:50:12","../specifications/FUMIGATION SPECIFICATION-MEGAWATT 2023.docx","ze318833","HR500",,,"ER24/2024"
"3586","RQ24011530","10262068","2024-01-15","Transportation of 160x12.6m wood poles to CHIREDZI",,"0","2024-01-15 15:24:37","../specifications/Chiredzi Wpoles.docx","ze301698","GARAGE",,,"ER16/2024"
"3587","RQ24011593","10262069","2024-01-15","Transportation of 410x12.6 wood poles to Masvingo",,"0","2024-01-15 15:26:43","../specifications/MASVINGO Wpoles (1).docx","ze301698","GARAGE",,,"ER16/2024"
"3588","RQ2401166","10262124","2024-01-16","Tiling Services for tiling Middle Sabi Bwerudza house (Labour Only)",,"0","2024-01-16 13:08:33","../specifications/TILING SERVICES SPEC.xlsx","ze361065","MND",,,"ER19/2024"
"3589","RQ24011763","10262186","2024-01-17","GRASS CUTTING AT OLD POWER STATION",,"0","2024-01-17 10:20:14","../specifications/","ze318957","HR500",,,"ER24/2024"
"3590","RQ24011890","10262340","2024-01-18","Repair of 11kv substation H-Pole at Sese business center- Chivi",,"0","2024-01-18 14:03:58","../specifications/Sese.PNG","ze350214","MSD",,,"ER22/2024"
"3591","RQ24011897","10262341","2024-01-18","Repair of 11kv H-Pole substation at Masunda south -Chivi",,"0","2024-01-18 14:05:39","../specifications/Masunda south.PNG","ze350214","MSD",,,"ER22/2024"
"3592","RQ24011881","10262343","2024-01-18","Repair of terminal mv pole at Siyawareva clinic- Zaka",,"0","2024-01-18 14:07:49","../specifications/MV siyawareva.PNG","ze350214","MSD",,,"ER22/2024"
"3593","RQ24011833","10262347","2024-01-18","Repair of mv intermediate poles at Siyawareva clinic Zaka",,"0","2024-01-18 14:09:46","../specifications/siyawareva.PNG","ze350214","MSD",,,"ER22/2024"
"3594","RQ24011894","10262348","2024-01-18","Repair of H pole Mukanga business center Zaka",,"0","2024-01-18 14:12:04","../specifications/mukanga.PNG","ze350214","MSD",,,"ER22/2024"
"3595","RQ24011849","10262349","2024-01-18","Repair of intermediate poles at Nhema- Zaka",,"0","2024-01-18 14:13:39","../specifications/Nhema intermediate.PNG","ze350214","MSD",,,"ER22/2024"
"3596","RQ24011930","10262433","2024-01-19","Repair of 1*11kv intermediate pole at Mukaro-Gutu",,"0","2024-01-19 15:00:40","../specifications/mukaro.PNG","ze350214","MSD",,,"ER22/2024"
"3597","RQ24011962","10262434","2024-01-19","Repair of 5* 33kv intermediate poles at zvavahera -Gutu North",,"0","2024-01-19 15:04:18","../specifications/zvavahera.PNG","ze350214","MSD",,,"ER22/2024"
"3598","RQ24011941","10262438","2024-01-19","Repair of 2*33kv intermediate poles atGonye- Gonye",,"0","2024-01-19 15:06:19","../specifications/gonye.PNG","ze350214","MSD",,,"ER22/2024"
"3599","RQ24011975","10262442","2024-01-19","Repair of H-Pole 33kv at Chimombe-Gonye",,"0","2024-01-19 15:08:29","../specifications/Chimombe h pole.PNG","ze350214","MSD",,,"ER22/2024"
"3600","RQ24011944","10262451","2024-01-19","Repair of 4*33kv intermediate pole at Munyikwa- Gonye",,"0","2024-01-19 15:10:06","../specifications/Munyikwa.PNG","ze350214","MSD",,,"ER22/2024"
"3601","RQ24011933","10262451","2024-01-19","Repair of 2*Intermediate MV poles at Makanda-Gutu",,"0","2024-01-19 15:11:46","../specifications/Makanda.PNG","ze350214","MSD",,,"ER22/2024"
"3602","RQ24011950","10262455","2024-01-19","Repair of 2* 11kv intermediate pole at Chitimira -Chatsworth",,"0","2024-01-19 15:13:37","../specifications/chitimira.PNG","ze350214","MSD",,,"ER22/2024"
"3603","RQ24011983","10262465","2024-01-19","Repair of broken conductor at chitimira Chatsworth",,"0","2024-01-19 15:14:57","../specifications/Chitimira conductor.PNG","ze350214","MSD",,,"ER22/2024"
"3604","RQ24011968","10262467","2024-01-19","Repair of 4*33kv intermediate poles at Mukoroverwa- Gutu",,"0","2024-01-19 15:18:23","../specifications/Mukoroverwa.PNG","ze350214","MSD",,,"ER22/2024"
"3605","RQ2401225","10262469","2024-01-19","Repair of 1kv Bhasera intermediate Pole",,"0","2024-01-22 09:59:14","../specifications/Basera.PNG","ze350214","MSD",,,"ER22/2024"
"3606","RQ24012256","10262470","2024-01-19","Repair of Broken conductor at Bhasera 11kv line",,"0","2024-01-22 10:01:25","../specifications/basera conductor.PNG","ze350214","MSD",,,"ER22/2024"
"3607","RQ24012271","10262473","2024-01-19","Repair ofMv Intermediate poles at Jaravaza school -Gutu",,"0","2024-01-22 10:02:38","../specifications/Jaravaza.PNG","ze350214","MSD",,,"ER22/2024"
"3608","RQ24012293","10262555","2024-01-22","Trenching, Laying and backfilling 11kv cable pick n pay town 3-Masvingo CBD",,"0","2024-01-22 14:48:05","../specifications/Town 3.PNG","ze350214","MSD",,,"ER22/2024"
"3609","RQ24012220","10262563","2024-01-22","Repair 11kv Intermediate pole Bhasera feeder Gutu",,"0","2024-01-22 14:53:52","../specifications/bhasera gutu 4.PNG","ze350214","MSD",,,"ER22/2024"
"3610","RQ24012556","10262636","2024-01-23","Procurement of 11kv auto reclouser for Vumba feeder",,"0","2024-01-25 08:43:05","../specifications/","ze367167","MTD",,,"ER20/2024"
"3611","RQ24012591","10262637","2024-01-23","Procurement of 11kv Auto reclouser for Nyamheni 11kv feeder",,"0","2024-01-25 08:48:45","../specifications/","ze367167","MTD",,,"ER20/2024"
"3612","RQ24012568","10226281","2024-01-25","Repair of 45 H-Pole structures on Renco 3 feeder-Nyikavanhu -Chiredzi",,"0","2024-01-25 11:38:46","../specifications/Renco 3 h poles.PNG","ze350214","MSD",,,"ER22/2024"
"3613","RQ24012563","10262820","2024-01-25","Repair of 1*33kv H-Pole Cingeya-West East feeder- Chiredzi",,"0","2024-01-25 11:46:48","../specifications/Chingeya.PNG","ze350214","MSD",,,"ER22/2024"
"3614","RQ2401259","10262821","2024-01-25","Repair of 33kv H Pole at chief Gudo Chisumbanje 1- Chiredzi",,"0","2024-01-25 11:49:11","../specifications/Chief Gudo H pole.PNG","ze350214","MSD",,,"ER22/2024"
"3615","RQ24012528","10262823","2024-01-25","Repair of 33kv* 7 intermediate poles chief Gudo chisumbanje 1- chiredzi",,"0","2024-01-25 11:51:10","../specifications/Chief gudo poles.PNG","ze350214","MSD",,,"ER22/2024"
"3616","RQ24012549","10262824","2024-01-25","Repair of 33kv*2 intermediate poles Renco 2 chiredzi",,"0","2024-01-25 11:53:37","../specifications/Renco 2 poles.PNG","ze350214","MSD",,,"ER22/2024"
"3617","RQ24012553","10262825","2024-01-25","Repair of 33kv * 2 CrossarmsRenco 2 Chiredzi",,"0","2024-01-25 11:55:26","../specifications/Renco 2 Xarm.PNG","ze350214","MSD",,,"ER22/2024"
"3618","RQ24012934","10261886","2024-01-15","  PROCUREMENT OF ACIDPROOF WORKSUITS FOR MAINTENANCE STAFF NB THE ONES THAT WERE PAID FOR DID NOT THE FIT THE REQUIRED NUMBER DUE TO PRICE INCREASES 
QUOTATION IS IN USD",,"0","2024-01-29 10:04:02","../specifications/1706515442WORKSUIT SPEC.docx","ze289310","ERM",,,"ER15/2024"
"3619","RQ24012941","10263021","2024-01-29","Repair of 33kv intermediate poles at Munyaradzi t/off Gonye feeder- Gutu",,"0","2024-01-29 10:16:13","../specifications/Munyaradzi.PNG","ze350214","MSD",,,"ER22/2024"
"3620","RQ24012991","10263022","2024-01-29","Repair of 33kv intermediate poles Makumbe T/off -Gonye feeder- Gutu",,"0","2024-01-29 10:18:07","../specifications/Makumbe.PNG","ze350214","MSD",,,"ER22/2024"
"3621","RQ24012966","10263025","2024-01-29","Repair of 33kv intermediate poles at Nyamandi T/off In Gutu North",,"0","2024-01-29 10:20:43","../specifications/Nyamandi.PNG","ze350214","MSD",,,"ER22/2024"
"3622","RQ24012915","10263026","2024-01-29","Repair of 33kv intermediate poles at Mutanda T/off -Gutu North-Gutu",,"0","2024-01-29 10:29:15","../specifications/1706516955Mutanda gutu.PNG","ze350214","MSD",,,"ER22/2024"
"3623","RQ24012945","10263026","2024-01-29","Repair of 33kv intermediate poles at Mutanda T/off -Gutu North-Gutu",,"0","2024-01-29 10:29:16","../specifications/1706516956Mutanda gutu.PNG","ze350214","MSD",,,"ER22/2024"
"3624","RQ24012949","10263027","2024-01-29","Repair of 33kv intermediate poles at shumbairerwa  t/off gutu north-Gutu",,"0","2024-01-29 10:33:31","../specifications/shumba irerwa.PNG","ze350214","MSD",,,"ER22/2024"
"3625","RQ24020161","10263295","2024-02-01","Purchase of Toner Cartridge 106A for Eastern Region ",,"0","2024-02-01 13:55:26","../specifications/","ze366828","IT100",,,"ER11/2024"
"3626","RQ24020116","10263327","2024-02-01","Purchase of Toner Cartridge 05A type for Eastern Region",,"0","2024-02-01 13:59:25","../specifications/","ze366828","IT100",,,"ER11/2024"
"3627","RQ24020283","13345666","2024-02-02","test",,"0","2024-02-02 14:08:51","../specifications/","ze366831","IT100",,,"ER6/2024"
"3628","RQ24020254","10263195","2024-02-01","Procurement of materials for Emerald Hill Project ",,"0","2024-02-02 15:50:38","../specifications/10263915.PNG","ze262706","MND",,,"ER22/2024"
"3629","RQ24020231","10263916","2024-02-01","Procurement of materials for Emerald Hill Project ",,"0","2024-02-02 15:51:58","../specifications/10263916.PNG","ze262706","MND",,,"ER22/2024"
"3630","RQ24020221","10263917","2024-02-01","Prurement of Materials for Emerald Hill Project",,"0","2024-02-02 15:53:02","../specifications/10263917.PNG","ze262706","MND",,,"ER22/2024"
"3631","RQ24020544","10263461","2024-02-05","Hiring of External Contractors for 11xNew Service connections at Buhera - Rusape Depot",,"0","2024-02-05 10:21:53","../specifications/PBNC as at 31 DEC 2021 CLUSTER DOC FINAL.xlsx","ze262706","MND",,,"ER24/2024"
"3632","RQ24020529","10263471","2024-02-05","TRANSPORTATION OF WOODPOLES TO MASVINGO",,"0","2024-02-05 10:39:26","../specifications/Wood poles Transportation.docx","ze301698","GARAGE",,,"ER16/2024"
"3633","RQ24020596","10263472","2024-02-05","TRANSPORTATION OF 80 x 12.6m WOODPOLES TO GUTU",,"0","2024-02-05 11:23:34","../specifications/1707122531Wood poles Transportation.docx","ze301698","GARAGE",,,"ER16/2024"
"3634","RQ24020531","10263474","2024-02-05","TRASNPORTATION OF 80 x 12.6m WOODPOLES TO MASHAVA DEPOT",,"0","2024-02-05 11:22:34","../specifications/1707122633Wood poles Transportation.docx","ze301698","GARAGE",,,"ER16/2024"
"3635","RQ24020518","10263476","2024-02-05","TRANSPORTATION OF 80 x 12.6m WOODPOLES TO CHIREDZI DEPOT",,"0","2024-02-05 11:04:27","../specifications/1707122809Wood poles Transportation.docx","ze301698","GARAGE",,,"ER16/2024"
"3636","RQ24020592","10263536","2024-02-05","Labour for Pole dressing, Erection and Staying of 70x9m wood poles at Emerald Hill- Chipinge ",,"0","2024-02-05 16:15:26","../specifications/EMERALD HILL PROJECT MATERIALS FOR THE 14KM MV LINES.xlsx","ze262706","MND",,,"ER24/2024"
"3637","RQ24020546","10263463","2024-02-05","Hiring of Labour for 22xNew Service connections at Dorowa - Rusape Depot",,"0","2024-02-05 16:22:33","../specifications/1707142953PBNC as at 31 DEC 2021 CLUSTER DOC FINAL.xlsx","ze262706","MND",,,"ER19/2024"
"3638","RQ2402054","10263465","2024-02-05","Hiring of Labour for 15xNew Service connections at Headlands - Rusape Depot",,"0","2024-02-05 16:25:00","../specifications/1707143100PBNC as at 31 DEC 2021 CLUSTER DOC FINAL.xlsx","ze262706","MND",,,"ER24/2024"
"3639","RQ24020555","10263466","2024-02-05","Hiring of Labour for 3xNew Service connections at Inyati mine - Rusape Depot",,"0","2024-02-05 16:27:15","../specifications/1707143235PBNC as at 31 DEC 2021 CLUSTER DOC FINAL.xlsx","ze262706","MND",,,"ER24/2024"
"3640","RQ24020581","10263466","2024-02-05","Hiring of Labour for 3xNew Service connections at Buhera - Rusape Depot",,"0","2024-02-05 16:30:20","../specifications/1707143420PBNC as at 31 DEC 2021 CLUSTER DOC FINAL.xlsx","ze262706","MND",,,"ER24/2024"
"3641","RQ24020526","10263468","2024-02-05","Hiring of Labour for 5xNew Service connections at Mabvazuwa - Rusape Depot",,"0","2024-02-05 16:33:11","../specifications/1707143591PBNC as at 31 DEC 2021 CLUSTER DOC FINAL.xlsx","ze262706","MND",,,"ER24/2024"
"3642","RQ24020679","1026373","2024-02-05","Hiring of Labour for 10xNew Service connections at Buhera - Rusape Depot",,"0","2024-02-06 07:32:54","../specifications/1707197574PBNC as at 31 DEC 2021 CLUSTER DOC FINAL.xlsx","ze262706","MND",,,"ER24/2024"
"3643","RQ24020682","10263447","2024-02-05","Hiring of Labour for 2xNew Service connections at Masomera - Rusape Depot",,"0","2024-02-06 07:42:06","../specifications/1707198126PBNC as at 31 DEC 2021 CLUSTER DOC FINAL.xlsx","ze262706","MND",,,"ER24/2024"
"3644","RQ24020635","10263473","2024-02-05","Hiring of Labour for 10xNew Service connections at Magamba - Rusape Depot",,"0","2024-02-06 07:44:51","../specifications/1707198291PBNC as at 31 DEC 2021 CLUSTER DOC FINAL.xlsx","ze262706","MND",,,"ER24/2024"
"3645","RQ24020658","10263479","2024-02-05","Hiring of Labour for 2 xNew Service connections at Masvosva - Rusape Depot",,"0","2024-02-06 07:52:20","../specifications/1707198740PBNC as at 31 DEC 2021 CLUSTER DOC FINAL.xlsx","ze262706","MND",,,"ER24/2024"
"3646","RQ24020685","10263479","2024-02-05","Hiring of Labour for 2xNew Service connections at Masvosva - Rusape Depot",,"0","2024-02-06 07:54:37","../specifications/1707198877PBNC as at 31 DEC 2021 CLUSTER DOC FINAL.xlsx","ze262706","MND",,,"ER24/2024"
"3647","RQ24020646","10263480","2024-02-05","Hiring of Labour for 26xNew Service connections at Murambinda - Rusape Depot",,"0","2024-02-06 07:55:52","../specifications/1707198952PBNC as at 31 DEC 2021 CLUSTER DOC FINAL.xlsx","ze262706","MND",,,"ER24/2024"
"3648","RQ24020657","10263480","2024-02-05","Hiring of Labour for 18xNew Service connections at Nyabadza - Rusape Depot",,"0","2024-02-06 07:57:12","../specifications/1707199032PBNC as at 31 DEC 2021 CLUSTER DOC FINAL.xlsx","ze262706","MND",,,"ER24/2024"
"3649","RQ24020649","10263485","2024-02-05","Hiring of Labour for 16xNew Service connections at Nyazura - Rusape Depot",,"0","2024-02-06 08:00:21","../specifications/1707199221PBNC as at 31 DEC 2021 CLUSTER DOC FINAL.xlsx","ze262706","MND",,,"ER24/2024"
"3650","RQ24020687","10263484","2024-02-05","Hiring of Labour for 7xNew Service connections at Silverbow - Rusape Depot",,"0","2024-02-06 08:02:22","../specifications/1707199342PBNC as at 31 DEC 2021 CLUSTER DOC FINAL.xlsx","ze262706","MND",,,"ER24/2024"
"3651","RQ24020642","10263486","2024-02-05","Hiring of Labour for 4xNew Service connections at Tsanzaguru - Rusape Depot",,"0","2024-02-06 08:03:42","../specifications/1707199422PBNC as at 31 DEC 2021 CLUSTER DOC FINAL.xlsx","ze262706","MND",,,"ER24/2024"
"3652","RQ24020647","10263490","2024-02-05","Hiring of Labour for 6xNew Service connections at Vengere - Rusape Depot",,"0","2024-02-06 08:05:11","../specifications/1707199511PBNC as at 31 DEC 2021 CLUSTER DOC FINAL.xlsx","ze262706","MND",,,"ER24/2024"
"3653","RQ24020764","10263658","2024-02-07","ROLLER BLINDS FOR CREDITORS OFFICES",,"0","2024-02-07 10:12:12","../specifications/","ze318957","HR500",,,"ER19/2024"
"3654","RQ24020775","10263659","2024-02-07","ROLLER BLINDS FOR IT AND RISK OFFICES",,"0","2024-02-07 10:14:22","../specifications/","ze318957","HR500",,,"ER19/2024"
"3655","RQ2402079","10263661","2024-02-07","ROLLER BLINDS FOR MUTARE SE, ADMIN & TECHNICAL CLERK OFFICES",,"0","2024-02-07 10:15:50","../specifications/","ze318957","HR500",,,"ER19/2024"
"3656","RQ24020849","10263796","2024-02-08","Procurement of a 70mm2 4 core cable x 40 meters for Vumba substation",,"0","2024-02-08 12:32:05","../specifications/","ze367167","MTD",,,"ER22/2024"
"3657","RQ24020998","10263616","2024-02-06","Procurement of 240x 9m wood polesfor Emerald Hill Project",,"0","2024-02-09 08:21:13","../specifications/10263616.PNG","ze262706","MND",,,"ER22/2024"
"3658","RQ24020982","10263617","2024-02-06","Procurement of 18000m of (New Bare/Anti ) 50mm2 HDA conductor for Emerald Hill project",,"0","2024-02-09 08:27:38","../specifications/10263617.PNG","ze262706","MND",,,"ER22/2024"
"3659","RQ24020943","10263620","2024-02-06","Procurement of 800 insulator shackles for Emerald Hill Project",,"0","2024-02-09 08:31:57","../specifications/10263620.PNG","ze262706","MND",,,"ER22/2024"
"3660","RQ24020937","10263621","2024-02-06","Procurement of Bolts & Nuts Galvanised M16x240 ",,"0","2024-02-09 08:35:58","../specifications/10263621.PNG","ze262706","MND",,,"ER22/2024"
"3661","RQ24020954","10263623","2024-02-06","Procurement of 300 spacer spindles 5/8x13 dgw",,"0","2024-02-09 08:44:11","../specifications/10263623.PNG","ze262706","MND",,,"ER22/2024"
"3662","RQ24020917","10263624","2024-02-06","Procurement of 100 insulator stay SA/Porcelain 1015A HT 11/33kV",,"0","2024-02-09 08:48:33","../specifications/10263624.PNG","ze262706","MND",,,"ER22/2024"
"3663","RQ24020967","10263625","2024-02-06","Procurement of 40kg of staple fencing  40mm for Emerald Hill Project",,"0","2024-02-09 08:54:06","../specifications/10263625.PNG","ze262706","MND",,,"ER22/2024"
"3664","RQ24020994","10263621","2024-02-06","Procurement of 400 Bolts & Nuts Galvernised M16x200' for Emerald Hill Project",,"0","2024-02-09 08:58:53","../specifications/","ze262706","MND",,,"ER22/2024"
"3665","RQ24020996","10263197","2024-02-06","Proucurent of 20kgs of spiral & 20kgs of amour tape for Emerald hill project",,"0","2024-02-09 09:10:58","../specifications/170746265810263917.PNG","ze262706","MND",,,"ER22/2024"
"3666","RQ24020969","10263197","2024-02-06","Procurement of 20kgs of spiral nails & 20kgs of amour tape for Emerald hill project",,"0","2024-02-09 09:11:07","../specifications/10263197.PNG","ze262706","MND",,,"ER22/2024"
"3667","RQ24020938","10263243","2024-02-06","Procurement of 207x5/8x6mm 5/8'/16mm stay plates, 123x5/8x16mm stay washer & 51x5/8x16mm stay bow for Emerald hill  ",,"0","2024-02-09 09:19:16","../specifications/10263243.PNG","ze262706","MND",,,"ER22/2024"
"3668","RQ24021221","10263961","2024-02-12","400mtrs 3phase LtLine construction for Tadyanemhandu, Juliasdale
P63012024019551",,"0","2024-02-12 10:15:05","../specifications/","ze243981","NYA",,,"ER2/2024"
"3669","RQ24021214","10263963","2024-02-12","Uprate of Lt line construction, Tadyanemhandu J, Juliasdale
P63012024019551",,"0","2024-02-12 10:16:49","../specifications/","ze243981","NYA",,,"ER2/2024"
"3670","RQ24021263","10263961","2024-02-12","400mtrs lt line extension and 125mtrs uprate of sinlge phase line to 3Phase for Tadyanemhandu J, Juliasdale
P63012024019551",,"0","2024-02-12 10:21:11","../specifications/","ze243981","NYA",,,"ER2/2024"
"3671","RQ24021252","10263971","2024-02-12","1500mtrs Lt line construction for Nyangani park, Nyanga",,"0","2024-02-12 10:35:27","../specifications/","ze243981","NYA",,,"ER2/2024"
"3672","RQ2402127","10263990","2024-02-12","33kv wayleave Clearance - Industrial Feeder - 12.6km",,"0","2024-02-12 11:57:33","../specifications/SPECIFICATIONS FOR 33KV WAYLEAVE CLEARANCE.docx","ze232696","URB",,,"ER25/2024"
"3673","RQ24021217","10263982","2024-02-12","Vumba fdr 33kv wayleave clearance",,"0","2024-02-12 14:03:26","../specifications/1707739406Specifications for Line Repaire and Maintenance at Mutare Environs Depot.docx","ze262692","ENV",,,"ER25/2024"
"3674","RQ24021227","10263989","2024-02-12","Vumba fdr 11kv Wayleave Clearance ",,"0","2024-02-12 14:10:41","../specifications/Specifications for Vumba fdr Wayleave clearance at Mutare Environs Depot -.docx","ze262692","ENV",,,"ER25/2024"
"3675","RQ24021274","10263992","2024-02-12","Borderstreams fdr 11kv wayleave clearance",,"0","2024-02-12 14:13:09","../specifications/Specifications for Borderstreams fdr Wayleave clearance at Mutare Environs Depot.docx","ze262692","ENV",,,"ER25/2024"
"3676","RQ24021210","10263994","2024-02-12","Nyamheni fdr wayleave clearance",,"0","2024-02-12 14:15:26","../specifications/Specifications for Nyamheni fdr Wayleave clearance at Mutare Environs Depot.docx","ze262692","ENV",,,"ER25/2024"
"3677","RQ2402125","10263999","2024-02-12","Maintenance of Mashoko 33kv line intermediate poles-Masvingo",,"0","2024-02-12 14:41:35","../specifications/Mashoko inter.PNG","ze350214","MSD",,,"ER22/2024"
"3678","RQ24021225","10264000","2024-02-12","Maintenance of 33kv Mashoko line vertical strain",,"0","2024-02-12 14:43:16","../specifications/Mashoko vertical.PNG","ze350214","MSD",,,"ER22/2024"
"3679","RQ24021258","10264001","2024-02-12","Maintenance of 33kv H-Poles Mashoko line- Masvingo",,"0","2024-02-12 14:44:54","../specifications/Mashoko Hpole.PNG","ze350214","MSD",,,"ER22/2024"
"3680","RQ24021224","10264002","2024-02-12","Maintenance of 33kv single pole strain Mashoko line-Masvingo",,"0","2024-02-12 14:46:24","../specifications/Mashoko single.PNG","ze350214","MSD",,,"ER22/2024"
"3681","RQ24021288","10264003","2024-02-12","Maintenance of 33kv swing angles Mashoko line- Masvingo",,"0","2024-02-12 14:48:06","../specifications/Mashoko swing.PNG","ze350214","MSD",,,"ER22/2024"
"3682","RQ24021256","10264004","2024-02-12","Maintenance of 11kv intermediate poles Gokomere line-Masvingo",,"0","2024-02-12 14:49:57","../specifications/Gokomere Inter.PNG","ze350214","MSD",,,"ER22/2024"
"3683","RQ24021223","10264006","2024-02-12","Maintenance of 11kv vertical strain Gokomere line Masvingo",,"0","2024-02-12 14:53:32","../specifications/Gokomere Vertical.PNG","ze350214","MSD",,,"ER22/2024"
"3684","RQ24021273","10264007","2024-02-12","Maintenance of 11kv H-Pole Gokomere line Masvingo",,"0","2024-02-12 14:55:09","../specifications/Gokomere H pole.PNG","ze350214","MSD",,,"ER22/2024"
"3685","RQ24021276","10264009","2024-02-12","Maintenance of 11kv Single Pole strain Gokomere line Masvingo",,"0","2024-02-12 14:57:23","../specifications/Gokomere strain.PNG","ze350214","MSD",,,"ER22/2024"
"3686","RQ24021272","10264010","2024-02-12","Maintenance of 11kv swing angles Gokomere line Masvingo",,"0","2024-02-12 14:58:57","../specifications/Gokomere swing.PNG","ze350214","MSD",,,"ER22/2024"
"3687","RQ24021211","10264012","2024-02-12","Maintenance of 11kv intermediate poles Ngomahuru line - Masvingo",,"0","2024-02-12 15:06:36","../specifications/Ngomahuru Inter.PNG","ze350214","MSD",,,"ER22/2024"
"3688","RQ24021232","10264013","2024-02-12","Maintenance of 11kv vertical starin Ngomahuru line Masvingo",,"0","2024-02-12 15:08:16","../specifications/Ngomahuru vertical.PNG","ze350214","MSD",,,"ER22/2024"
"3689","RQ24021212","10264014","2024-02-12","Maintenance of 11kv H-Poles Ngomahuru line Masvingo",,"0","2024-02-12 15:16:02","../specifications/1707743762ngomahuru h pole.PNG","ze350214","MSD",,,"ER22/2024"
"3690","RQ24021249","10264037","2024-02-12","Odzani fdr stringing of conductors",,"0","2024-02-12 15:17:16","../specifications/Specifications for Odzani Line Repaire and Maintenance at Mutare Environs Depot.docx","ze262692","ENV",,,"ER25/2024"
"3691","RQ2402126","10264016","2024-02-12","Maintenance of 11kv single pole strain Ngomahuru line Masvingo",,"0","2024-02-12 15:18:48","../specifications/ngomahuru strain.PNG","ze350214","MSD",,,"ER22/2024"
"3692","RQ24021242","10264018","2024-02-12","Maintenance of 11kv swing strain Ngomahuru line Masvingo",,"0","2024-02-12 15:23:19","../specifications/ngomahuru swing.PNG","ze350214","MSD",,,"ER22/2024"
"3693","RQ24021324","10264064","2024-02-13","PURCHASE OF L-SHAPED EXECUTIVE DESKS FOR ME, CM & NDE",,"0","2024-02-13 09:21:46","../specifications/","ze318957","HR500",,,"ER4/2024"
"3694","RQ24021396","10264064","2024-02-13","FIX AND SUPPLY CARPET- MUTARE TECHNICAL CLERK OFFICE",,"0","2024-02-13 09:24:18","../specifications/","ze318957","HR500",,,"ER4/2024"
"3695","RQ24021351","10264055","2024-02-13","Maintenance of Mashoko 33kv line-78 intermediate poles
3 vertical strain structure
5 H-Pole structure
3 Single pole structure
1 Swing angle",,"0","2024-02-13 11:18:10","../specifications/Mashoko fdr.PNG","ze350214","MSD",,,"ER22/2024"
"3696","RQ24021377","10264056","2024-02-13","Maintenance of 11kv Gokomere line
40 intermediate Poles
6 Vertical strain structure
5 H-Pole structure
3 single Pole strain
4 Swing angle  structure",,"0","2024-02-13 11:22:33","../specifications/Gokomere fdr.PNG","ze350214","MSD",,,"ER22/2024"
"3697","RQ24021313","10264058","2024-02-13","Maintenance of 11kv Ngomahuru line",,"0","2024-02-13 11:23:46","../specifications/Ngomahuru fdr.PNG","ze350214","MSD",,,"ER22/2024"
"3698","RQ24021394","10264093","2024-02-13","Replacement and maintenance of Chikombedzi 33kv line phase 1
28 intermediate poles
2 H-Pole structures
2*2 pin angle structure
2 vertical angle structure",,"0","2024-02-13 12:10:19","../specifications/1707819019Rutenga chikombedzi 33kv.PNG","ze350214","MSD",,,"ER22/2024"
"3699","RQ24021337","10264093","2024-02-13","Replacement and maintenance of Chikombedzi 33kv line phase 1
28 intermediate poles
2 H-Pole structures
2*2 pin angle structure
2 vertical angle structure",,"0","2024-02-13 12:10:20","../specifications/1707819020Rutenga chikombedzi 33kv.PNG","ze350214","MSD",,,"ER22/2024"
"3700","RQ24021312","10264093","2024-02-13","Replacement and maintenance of Chikombedzi 33kv line phase 1
28 intermediate poles
2 H-Pole structures
2*2 pin angle structure
2 vertical angle structure",,"0","2024-02-13 12:10:21","../specifications/1707819021Rutenga chikombedzi 33kv.PNG","ze350214","MSD",,,"ER22/2024"
"3701","RQ24021358","10264093","2024-02-13","Replacement and maintenance of Chikombedzi 33kv line phase 1
28 intermediate poles
2 H-Pole structures
2*2 pin angle structure
2 vertical angle structure",,"0","2024-02-13 12:10:22","../specifications/1707819022Rutenga chikombedzi 33kv.PNG","ze350214","MSD",,,"ER22/2024"
"3702","RQ24021390","10264093","2024-02-13","Replacement and maintenance of Chikombedzi 33kv line phase 1
28 intermediate poles
2 H-Pole structures
2*2 pin angle structure
2 vertical angle structure",,"0","2024-02-13 12:10:23","../specifications/1707819023Rutenga chikombedzi 33kv.PNG","ze350214","MSD",,,"ER22/2024"
"3703","RQ24021327","10264093","2024-02-13","Replacement and maintenance of Chikombedzi 33kv line phase 1
28 intermediate poles
2 H-Pole structures
2*2 pin angle structure
2 vertical angle structure",,"0","2024-02-13 12:10:24","../specifications/1707819024Rutenga chikombedzi 33kv.PNG","ze350214","MSD",,,"ER22/2024"
"3704","RQ24021341","10264093","2024-02-13","Replacement and maintenance of Chikombedzi 33kv line phase 1
28 intermediate poles
2 H-Pole structures
2*2 pin angle structure
2 vertical angle structure",,"0","2024-02-13 12:10:25","../specifications/1707819025Rutenga chikombedzi 33kv.PNG","ze350214","MSD",,,"ER22/2024"
"3705","RQ24021477","10263994","2024-02-08","Wayleave Clearance for Nyamheni 11kv feeder with a total of 25 Spans",,"0","2024-02-14 12:41:06","../specifications/","ze367167","MTD",,,"ER25/2024"
"3706","RQ24021599","10264230","2024-02-15","Changing of 26 11meter poles on the Vumba 11 kv feeder, 4 x VS,2 X HPS,2 X SPS AND 18X INTERMEDIATES",,"0","2024-02-15 11:52:16","../specifications/","ze367167","MTD",,,"ER25/2024"
"3707","RQ24021588","10264233","2024-02-15","Wayleave Clearance of dense vegetation 25km on the Vumba 11kv feeder ",,"0","2024-02-15 14:22:31","../specifications/","ze367167","MTD",,,"ER25/2024"
"3708","RQ24021554","10264236","2024-02-15","Wayleave Clearance 85km of Dense Vegetation on the Borderstreams 11kv feeder",,"0","2024-02-15 14:26:56","../specifications/","ze367167","MTD",,,"ER25/2024"
"3709","RQ24021598","10264238","2024-02-15","Pole Changing for Borderstreams 11kv feeder a total of 131 poles, 101 intermediates,8 Vertical strains,10 H- Pole strains,12 single Pole strains",,"0","2024-02-15 15:24:38","../specifications/","ze367167","MTD",,,"ER25/2024"
"3710","RQ24021532","10264240","2024-02-15","Pole Changing on Nyamheni 11kv feeder, a total of 31 spans,21 intermediates,6 H- Pole strains,1 single pole strain and 3 Vertical strains.",,"0","2024-02-15 15:42:38","../specifications/","ze367167","MTD",,,"ER25/2024"
"3711","RQ24021577","10264240","2024-02-15","Pole Changing on Nyamheni 11kv feeder ,a total of 31 spans,21 intermediates,6 H- Poles,2 Single Pole Strains, 2 Vertical Strains",,"0","2024-02-15 15:53:22","../specifications/","ze367167","MTD",,,"ER25/2024"
"3712","RQ24021530","10264242","2024-02-15","Wayleave Clearing 30km of dense bush on the Nyamheni 11kv feeder",,"0","2024-02-15 16:01:21","../specifications/","ze367167","MTD",,,"ER25/2024"
"3713","RQ24021544","10264247","2024-02-15","Wayleave clearance of dense bush 30km for Vumba 33kv fdr,",,"0","2024-02-15 16:09:43","../specifications/","ze367167","MTD",,,"ER25/2024"
"3714","RQ24021537","10264249","2024-02-15","Changing of 27 poles on Vumba 33kv fdr,18 intermediates,4 single pole strains,3 H- Poles strains,2 Vertical Strains",,"0","2024-02-15 16:18:17","../specifications/","ze367167","MTD",,,"ER25/2024"
"3715","RQ24021510","10264252","2024-02-15","Wayleave Clearance 20km for Odzani Fdr",,"0","2024-02-15 16:31:57","../specifications/","ze367167","MTD",,,"ER25/2024"
"3716","RQ24021514","10264265","2024-02-15","Change of Transformer platform for Mutororiro Group Scheme",,"0","2024-02-15 16:35:22","../specifications/","ze367167","MTD",,,"ER25/2024"
"3717","RQ24021682","10264373","2024-02-16","33kv Wayleave Clearance Odzani Feeder 16.5km - 85% Dense Forest",,"0","2024-02-16 10:48:54","../specifications/SPECIFICATIONS FOR 33KV WAYLEAVE CLEARANCE - ODZANI FDR.docx","ze232696","URB",,,"ER25/2024"
"3718","RQ24021994","10264492","2024-02-19","PRINTING OF E22 (APPLICATION FOR CONNECTION/DISCONNECTION) BOOKS FOR MUTARE DISTRICT",,"0","2024-02-19 16:23:59","../specifications/E22 APPLICATION FOR CONNECTION.xlsx","ze367167","MTD",,,"ER10/2024"
"3719","RQ24021992","10264493","2024-02-19","PRINTING OF E25(NOTIFICATION OF COMPLETION OF WIRING)BOOKS FOR MUTARE DISTRICT",,"0","2024-02-19 16:28:15","../specifications/E25 NOTIFICATION OF COMPLETION OF WIRING.xlsx","ze367167","MTD",,,"ER10/2024"
"3720","RQ24021981","10264494","2024-02-19","PRINTING OF E24(NOTIFICATION FOR COMMERNCEMENT OF WIRING) BOOKS FOR MUTARE DISTRICT",,"0","2024-02-19 16:31:07","../specifications/E24 NOTIFICATION OF COMMERNCEMENT OF WIRING.xlsx","ze367167","MTD",,,"ER10/2024"
"3721","RQ24021967","10264526","2024-02-19","PRINTING OF E21(APPLICATION IN RESPECT OF ELECTRICITY SERVICES)BOOKS FOR MUTARE DISTRICT",,"0","2024-02-19 16:34:05","../specifications/E21 APPLICATION IN RESPECT OF ELECTRICITY SERVICES.xlsx","ze367167","MTD",,,"ER10/2024"
"3722","RQ2402194","10264530","2024-02-19","PRINTING OF E117(NEW LINE INSPECTION REPORT) BOOKS FOR MUTARE DISTRICT",,"0","2024-02-19 16:36:49","../specifications/E117 LINE INSPECTION REPORT BOOK.xlsx","ze367167","MTD",,,"ER10/2024"
"3723","RQ24021960","10264532","2024-02-19","PRINTING OF E84 (11 KV LINE INSPECTION REPORT) BOOKS FOR MUTARE DISTRICT",,"0","2024-02-19 16:39:27","../specifications/E84 11KV LINE INSPECTION BOOK.xlsx","ze367167","MTD",,,"ER10/2024"
"3724","RQ24021946","10264534","2024-02-19","PRINTING OF E60 (INSPECTION AND OVERHAUL OF CONSUMER'S SUBSTATION)BOOKS FOR MUTARE DISTRICT",,"0","2024-02-19 16:41:58","../specifications/E60 INSPECTION AND OVERHAUL OF CONSUMER'S SUBSTATION.xlsx","ze367167","MTD",,,"ER10/2024"
"3725","RQ24021988","10264536","2024-02-19","PRINTING OF E86 (FAULT REPORT ) BOOKS FOR MUTARE DISTRICT",,"0","2024-02-19 16:44:16","../specifications/E86 FAULT REPORT  BOOK.xlsx","ze367167","MTD",,,"ER10/2024"
"3726","RQ24022048","10264580","2024-02-20","CHIWERE 11KV (10000)m LINE RECONSTRUCTION FROM ODZI TO CHIWERE ",,"0","2024-02-20 12:24:29","../specifications/","ze367167","MTD",,,"ER25/2024"
"3727","RQ24022096","10264585","2024-02-20","WAYLEAVE CLEARANCE FOR CHRISTMAS PASS 11KV FEEDER, A TOTAL OF 208 SPANS OF NORMAL VEGETATION",,"0","2024-02-20 15:47:21","../specifications/","ze367167","MTD",,,"ER25/2024"
"3728","RQ24022056","10264587","2024-02-20","WAYLEAVE CLEARANCE FOR PENHALONGA 11KV FEEDER,A TOTAL OF 625 SPANS OF NORMAL VEGETATION",,"0","2024-02-20 15:53:04","../specifications/","ze367167","MTD",,,"ER25/2024"
"3729","RQ24022051","10264588","2024-02-20","WAYLEAVE CLEARANCE ON OLD MUTARE 11KV FEEDEER,791 POLES OF NORMAL VEGETATION",,"0","2024-02-20 15:55:20","../specifications/","ze367167","MTD",,,"ER25/2024"
"3730","RQ24022085","10264589","2024-02-20","POLE CHANGING FOR CHRISTMAS PASS 11KV FEEDER,19 X VERTICAL STRAINS,6 X SINGLE POLE STRAINS,42 X SWING ANGLES AND 41 INTERMEDIATES",,"0","2024-02-20 16:01:33","../specifications/","ze367167","MTD",,,"ER25/2024"
"3731","RQ24022021","10264592","2024-02-20","POLE CHANGING ON THE PENHALONGA 11KV FEEDER,100 X INTERMEDIATES,68 X SWING ANGLES,30 X VERTICAL STRAINS,2 X SINGLE POLE STRAINS.",,"0","2024-02-20 16:07:10","../specifications/","ze367167","MTD",,,"ER25/2024"
"3732","RQ24022086","10264595","2024-02-20","POLE CHANGING FOR OLD MUTARE 11KV FEEDER,343 X INTERMEDIATES,45 X VERTICAL STRAINS,12 X SINGLE POLE STRAINS",,"0","2024-02-20 16:15:15","../specifications/","ze367167","MTD",,,"ER25/2024"
"3733","RQ24022276","10264704","2024-02-22","Replacement of 11kv H-Pole Mawunganidze S/S- Chivi- Mashava",,"0","2024-02-22 14:31:24","../specifications/Mawunganidze.PNG","ze350214","MSD",,,"ER22/2024"
"3734","RQ24022376","10264792","2024-02-23","Purchasing of 10 Drums of Transformer Oil for Transformer Maintenance for  Mutare Urban",,"0","2024-02-23 11:43:11","../specifications/","ze232696","URB",,,"ER20/2024"
"3735","RQ24022361","10264757","2024-02-14","Pole change- 20 Poles on 11kV Masapi Feeder ",,"0","2024-02-23 12:06:37","../specifications/10264757.PNG","ze262706","MND",,,"ER19/2024"
"3736","RQ24022380","10264760","2024-02-21","Pole change - 20 Poles on 11kV Masapi Feeder",,"0","2024-02-23 12:09:23","../specifications/10264760.PNG","ze262706","MND",,,"ER19/2024"
"3737","RQ24022352","10264204","2024-02-21","Procurement of 20x 12.6m wood Poles for Musapingura project",,"0","2024-02-23 12:23:49","../specifications/10264204.PNG","ze262706","MND",,,"ER19/2024"
"3738","RQ24022381","10264205","2024-02-14","Procurement of 9900m of 50mm2 SCA conductor For Musapingura Project",,"0","2024-02-23 12:30:14","../specifications/10264205.PNG","ze262706","MND",,,"ER22/2024"
"3739","RQ24022349","10264182","2024-02-21","Procurement of Line accessories for Musapingura project ",,"0","2024-02-23 12:33:35","../specifications/10264182.PNG","ze262706","MND",,,"ER22/2024"
"3740","RQ24022310","10264735","2024-02-23","TRANPORTATION OF WOOD POLES FRO ALLIED TIMBERS MVUMA TO MASVINGO -221X9",,"0","2024-02-23 12:58:05","../specifications/Wood poles Transportation (1).docx","ze301698","GARAGE",,,"ER16/2024"
"3741","RQ24022389","10264736","2024-02-23","TRANSPORTATION OF 118X12.6 WOOD POLES FROM ALLIED TIMBERS MVUMA TO MASVINGO",,"0","2024-02-23 13:03:14","../specifications/1708686194Wood poles Transportation (1).docx","ze301698","GARAGE",,,"ER16/2024"
"3742","RQ24022634","10264840","2024-02-26","Replacement 11kv intermediate poles Chatsworth feeder",,"0","2024-02-26 09:50:03","../specifications/Chatsworth mutanda.PNG","ze350214","MSD",,,"ER22/2024"
"3743","RQ24022651","10264845","2024-02-26","replacement 11kv crossarms chatswoerth feeder",,"0","2024-02-26 09:51:27","../specifications/chatsworth makumbe crossarm.PNG","ze350214","MSD",,,"ER22/2024"
"3744","RQ24022690","10264850","2024-02-26","Replacement 6*33kv intermediate poles Gutu north Mutanda T/off",,"0","2024-02-26 10:00:26","../specifications/1708934426Gutunorth mutanda.PNG","ze350214","MSD",,,"ER22/2024"
"3745","RQ24022687","10264850","2024-02-26","Replacement 6*33kv intermediate poles Gutu north Mutanda T/off",,"0","2024-02-26 10:00:27","../specifications/1708934427Gutunorth mutanda.PNG","ze350214","MSD",,,"ER22/2024"
"3746","RQ24022653","10264850","2024-02-26","Replacement 6*33kv intermediate poles Gutu north Mutanda T/off",,"0","2024-02-26 10:00:28","../specifications/1708934428Gutunorth mutanda.PNG","ze350214","MSD",,,"ER22/2024"
"3747","RQ24022661","10264862","2024-02-26","33kv replacement 5 intermediate poles",,"0","2024-02-26 10:08:10","../specifications/gutunorth makumbe.PNG","ze350214","MSD",,,"ER22/2024"
"3748","RQ24022614","10264835","2024-02-26","TRANSPORTATION OF 120X9M WOOD POLES - CHPINGE",,"0","2024-02-26 12:31:29","../specifications/120X9M WOOD POLES.docx","ze301698","GARAGE",,,"ER16/2024"
"3749","RQ24022693","10264841","2024-02-26"," TRANSPORTATION OF 120X 9M WOOD POLES -CHPINGE",,"0","2024-02-26 12:33:27","../specifications/1708943607120X9M WOOD POLES.docx","ze301698","GARAGE",,,"ER16/2024"
"3750","RQ24022678","10264844","2024-02-26","TRANSPORTATION ON 120X9M WOOD POLES- CHIPINGE",,"0","2024-02-26 12:35:12","../specifications/1708943712120X9M WOOD POLES.docx","ze301698","GARAGE",,,"ER16/2024"
"3751","RQ24022625","10264885","2024-02-26","TRANSPORTATION OF 100 X 11M WOOD POLES -CHIPINGE",,"0","2024-02-26 12:36:41","../specifications/1708943801120X9M WOOD POLES.docx","ze301698","GARAGE",,,"ER16/2024"
"3752","RQ24022692","10264889","2024-02-26","TRANSPORTATION OF 100X11M WOOD POLES -CHIPINGE",,"0","2024-02-26 12:38:19","../specifications/TRANSPORTATION OF 100X11M.docx","ze301698","GARAGE",,,"ER16/2024"
"3753","RQ2402268","10264890","2024-02-26","TRANSPORTATION OF 100X11M WOODPOLES-CHIPINGE",,"0","2024-02-26 12:40:25","../specifications/1708944024TRANSPORTATION OF 100X11M.docx","ze301698","GARAGE",,,"ER16/2024"
"3754","RQ24022624","10264910","2024-02-26","TRANSPORTATION OF 80X12.6 WOOD POLES-CHIPINGE",,"0","2024-02-26 12:42:32","../specifications/80X12.6 TRANSPORTATION.docx","ze301698","GARAGE",,,"ER16/2024"
"3755","RQ24022639","10264912","2024-02-26","TRANSPORTATION OF 80X12.6 WOOD POLES- CHIPINGE",,"0","2024-02-26 12:45:15","../specifications/170894431580X12.6 TRANSPORTATION.docx","ze301698","GARAGE",,,"ER16/2024"
"3756","RQ24022694","10264913","2024-02-26","TRANSPORTATION OF 80X12.6 M WOOD POLES-CHIPINGE",,"0","2024-02-26 12:51:45","../specifications/170894470580X12.6 TRANSPORTATION.docx","ze301698","GARAGE",,,"ER16/2024"
"3757","RQ24022622","10264913","2024-02-26","TRANSPORTATION OF 80X12.6 WOOD POLES-CHIPINGE",,"0","2024-02-26 12:53:43","../specifications/170894482380X12.6 TRANSPORTATION.docx","ze301698","GARAGE",,,"ER16/2024"
"3758","RQ24022613","10264849","2024-02-26","TRANSPORTATION OF 120X9M WOOD POLES- CHIMANIMANI",,"0","2024-02-26 12:54:32","../specifications/1708944872120X9M WOOD POLES.docx","ze301698","GARAGE",,,"ER16/2024"
"3759","RQ24022685","10264852","2024-02-26","TRANSPORTATION OF 120X9M WOOD POLES - CHIMANIMANI",,"0","2024-02-26 12:56:22","../specifications/1708944982120X9M WOOD POLES.docx","ze301698","GARAGE",,,"ER16/2024"
"3760","RQ24022618","10264856","2024-02-26","TRANSPORTATION OF 120X9 WOODPOLES-CHIMANIMANI",,"0","2024-02-26 12:58:49","../specifications/1708945129120X9M WOOD POLES.docx","ze301698","GARAGE",,,"ER16/2024"
"3761","RQ24022660","10264891","2024-02-26","TRANSPORTATION OF 100X11M WOOD POLES- CHIMANIMANI",,"0","2024-02-26 13:00:23","../specifications/1708945223TRANSPORTATION OF 100X11M.docx","ze301698","GARAGE",,,"ER16/2024"
"3762","RQ24022619","10264858","2024-02-26","TRANSPORTATION OF 100X11M WOOD POLES- CHIMANIMANI",,"0","2024-02-26 13:02:40","../specifications/1708945360TRANSPORTATION OF 100X11M.docx","ze301698","GARAGE",,,"ER16/2024"
"3763","RQ24022632","10264894","2024-02-26","TRANSPORTATION OF 100X11M WOOD POLES-CHIMANIMANI",,"0","2024-02-26 13:04:25","../specifications/1708945465TRANSPORTATION OF 100X11M.docx","ze301698","GARAGE",,,"ER16/2024"
"3764","RQ24022641","10264894","2024-02-26","TRANSPORTATION OF 100X11M WOOD POLES-CHIMANIMANI",,"0","2024-02-26 13:05:33","../specifications/1708945532TRANSPORTATION OF 100X11M.docx","ze301698","GARAGE",,,"ER16/2024"
"3765","RQ24022640","10264915","2024-02-26","TRANSPORTATION OF WOOD POLES 80X12.6-CHIMANIMANI",,"0","2024-02-26 13:07:35","../specifications/170894565580X12.6 TRANSPORTATION.docx","ze301698","GARAGE",,,"ER16/2024"
"3766","RQ24022650","10264916","2024-02-26","TRANSPORTATION OF WOOD POLES 80X12.6-CHIMANIMANI",,"0","2024-02-26 13:09:00","../specifications/170894574080X12.6 TRANSPORTATION.docx","ze301698","GARAGE",,,"ER16/2024"
"3767","RQ24022646","10264917","2024-02-26","TRANSPORTATION OF WOOD POLES 80X12.6 -CHIMANIMANI",,"0","2024-02-26 13:13:44","../specifications/170894602480X12.6 TRANSPORTATION.docx","ze301698","GARAGE",,,"ER16/2024"
"3768","RQ24022648","10264917","2024-02-26","TRANSPORTATION OF 80X12.6 WOOD POLES-CHIMANIMANI",,"0","2024-02-26 13:16:48","../specifications/170894620880X12.6 TRANSPORTATION.docx","ze301698","GARAGE",,,"ER16/2024"
"3769","RQ2402262","10264861","2024-02-26","transportation of 120x9m wood poles - mid sabi",,"0","2024-02-26 14:40:25","../specifications/1708951225120X9M WOOD POLES.docx","ze301698","GARAGE",,,"ER16/2024"
"3770","RQ2402266","10264883","2024-02-26","transportation of 120x 9m wood poles- mid sab",,"0","2024-02-26 14:42:16","../specifications/1708951336120X9M WOOD POLES.docx","ze301698","GARAGE",,,"ER16/2024"
"3771","RQ24022615","10264897","2024-02-26","transportation of 100x11m wood poles-mid sab",,"0","2024-02-26 14:44:19","../specifications/1708951459TRANSPORTATION OF 100X11M.docx","ze301698","GARAGE",,,"ER16/2024"
"3772","RQ24022667","10264899","2024-02-26","transportation of 100x11m w/poles -mid sab",,"0","2024-02-26 15:14:23","../specifications/1708953263TRANSPORTATION OF 100X11M.docx","ze301698","GARAGE",,,"ER16/2024"
"3773","RQ2402263","10264901","2024-02-26","transportation of 100x11m wood poles- mid sab",,"0","2024-02-26 15:15:54","../specifications/1708953353TRANSPORTATION OF 100X11M.docx","ze301698","GARAGE",,,"ER16/2024"
"3774","RQ24022673","10264918","2024-02-26","transportation of 80x12.6m wood poles-mid sab",,"0","2024-02-26 15:17:08","../specifications/170895342880X12.6 TRANSPORTATION.docx","ze301698","GARAGE",,,"ER16/2024"
"3775","RQ24022670","10264921","2024-02-26","transportation of 80x12.6m wood poles- mid sab",,"0","2024-02-26 15:28:07","../specifications/170895408780X12.6 TRANSPORTATION.docx","ze301698","GARAGE",,,"ER16/2024"
"3776","RQ24022674","10264922","2024-02-26","transportation of 80x12.6 m wood poles-mid sab",,"0","2024-02-26 15:40:57","../specifications/170895485780X12.6 TRANSPORTATION.docx","ze301698","GARAGE",,,"ER16/2024"
"3777","RQ24022611","10264833","2024-02-26","TRANSPORTATION OF 120X9M WOOD POLES- RUSAPE",,"0","2024-02-26 16:04:41","../specifications/1708956281120X9M WOOD POLES.docx","ze301698","GARAGE",,,"ER16/2024"
"3778","RQ24022684","10263805","2024-02-02","Purchase five (5) of desktops computers for Masvingo Cashiers(2), Rusape Cashier (1) and Chipinge Cashier(1)",,"0","2024-02-26 16:21:52","../specifications/Desktop Specs.docx","ze366828","IT100","ACE24020860","specifications/1707378695Desktop Specs.docx","ER6/2020"
"3779","RQ24022655","10263805","2024-02-02","Purchase five (5) of desktops computers for Masvingo Cashiers(2), Rusape Cashier (1) and Chipinge Cashier(1)",,"0","2024-02-26 16:22:53","../specifications/1708957373Desktop Specs.docx","ze366828","IT100","ACE24020860",,"ER6/2020"
"3780","RQ24022638","10263805","2024-02-02","Purchase five (5) of desktops computers for Masvingo Cashiers(2), Rusape Cashier (1) and Chipinge Cashier(1) and LCSA for Manicaland District(1)",,"0","2024-02-26 16:31:26","../specifications/1708957886Desktop Specs.docx","ze366828","IT100","ACE24020860","specifications/1707378695Desktop Specs.docx","ER6/2022"
"3781","RQ24022738","10264837","2024-02-26","transportatiomn of 120x9m wood poles- rusape",,"0","2024-02-27 11:21:54","../specifications/1709025714120X9M WOOD POLES.docx","ze301698","GARAGE",,,"ER16/2024"
"3782","RQ24022720","10264839","2024-02-26","Transportation of 120x9m wood poles - rusape ",,"0","2024-02-27 11:22:58","../specifications/1709025778120X9M WOOD POLES.docx","ze301698","GARAGE",,,"ER16/2024"
"3783","RQ24022743","10264902","2024-02-26","transportation of 100x11m wood poles to RUSAPE",,"0","2024-02-27 11:24:30","../specifications/1709025870TRANSPORTATION OF 100X11M.docx","ze301698","GARAGE",,,"ER16/2024"
"3784","RQ24022762","10264904","2024-02-26","TRANSPORTATION OF 100X11M WOOD POLES TO RUSAPE",,"0","2024-02-27 11:26:23","../specifications/1709025983TRANSPORTATION OF 100X11M.docx","ze301698","GARAGE",,,"ER16/2024"
"3785","RQ24022749","10264905","2024-02-26","Transportation of 100x11m wood poles - RUSAPE",,"0","2024-02-27 11:29:05","../specifications/1709026145TRANSPORTATION OF 100X11M.docx","ze301698","GARAGE",,,"ER16/2024"
"3786","RQ2402275","10264923","2024-02-26","TRANSPORTATION OF 80X12.6 M WOOD POLES - RUSAPE",,"0","2024-02-27 11:30:40","../specifications/170902624080X12.6 TRANSPORTATION.docx","ze301698","GARAGE",,,"ER16/2024"
"3787","RQ24022774","10264925","2024-02-26","Transportation of 80x12.6 m wood poles- RUSAPE",,"0","2024-02-27 11:47:18","../specifications/170902723880X12.6 TRANSPORTATION.docx","ze301698","GARAGE",,,"ER16/2024"
"3788","RQ24022751","10264928","2024-02-27","TRANSPORTATION OF 80X12.6M WOOD POLES- RUSAPE",,"0","2024-02-27 11:49:31","../specifications/170902737180X12.6 TRANSPORTATION.docx","ze301698","GARAGE",,,"ER16/2024"
"3789","RQ24022752","10264879","2024-02-26","Transportation of 120x9m wood poles - NYANGA",,"0","2024-02-27 12:02:03","../specifications/1709028123120X9M WOOD POLES.docx","ze301698","GARAGE",,,"ER16/2024"
"3790","RQ24022759","10264880","2024-02-26","TRANSPORTATION OF 120X9M WOOD POLES - NYANGA",,"0","2024-02-27 12:03:11","../specifications/1709028191120X9M WOOD POLES.docx","ze301698","GARAGE",,,"ER16/2024"
"3791","RQ2402279","10264882","2024-02-26","TRANSPORTATION OF 120X9M WOOD POLES - NYANGA",,"0","2024-02-27 12:04:18","../specifications/1709028258120X9M WOOD POLES.docx","ze301698","GARAGE",,,"ER16/2024"
"3792","RQ24022758","10264906","2024-02-26","TRANSPORTATION OF 100X11M WOOD POLES - NYANGA",,"0","2024-02-27 12:06:09","../specifications/1709028368TRANSPORTATION OF 100X11M.docx","ze301698","GARAGE",,,"ER16/2024"
"3793","RQ24022776","10264907","2024-02-26","TRANSPORTATION OF 100X11M WOOD POLES - NYANGA",,"0","2024-02-27 12:07:38","../specifications/1709028458TRANSPORTATION OF 100X11M.docx","ze301698","GARAGE",,,"ER16/2024"
"3794","RQ24022735","10264908","2024-02-26","transportation of 100x11m wood poles NYANGA",,"0","2024-02-27 14:17:09","../specifications/1709036229TRANSPORTATION OF 100X11M.docx","ze301698","GARAGE",,,"ER16/2024"
"3795","RQ24022796","10264931","2024-02-26","TRANSPORTATION OF 80X9M WOOD POLES - NYANGA",,"0","2024-02-27 14:26:20","../specifications/170903678080X12.6 TRANSPORTATION.docx","ze301698","GARAGE",,,"ER16/2024"
"3796","RQ24022718","10264934","2024-02-26","TRANSPORTATION OF 80X12.6M WOOD POLES NYANGA",,"0","2024-02-27 14:27:58","../specifications/170903687880X12.6 TRANSPORTATION.docx","ze301698","GARAGE",,,"ER16/2024"
"3797","RQ24022783","10264939","2024-02-26","TRANSPORTATION OF 80X12.6M WOOD POLES NYANGA",,"0","2024-02-27 14:29:09","../specifications/170903694980X12.6 TRANSPORTATION.docx","ze301698","GARAGE",,,"ER16/2024"
"3798","RQ24022812","10265165","2024-02-28","Maintenance of Chiredzi 1 33kv line- 20 H-Poles
                                                         - 60 Intermediate Poles",,"0","2024-02-28 12:56:59","../specifications/Chiredzi 1.PNG","ze350214","MSD",,,"ER22/2024"
"3799","RQ24030193","10265284","2024-03-01","Printing of 100bks of E84 Forms - Manicaland",,"0","2024-03-01 11:09:48","../specifications/1709284188FORM E84 SPECIFICATION.docx","ze262706","MND",,,"ER11/2024"
"3800","RQ24030147","10265285","2024-03-01","Printing of 100bks of Pretask Risk assessment forms- Manicaland ",,"0","2024-03-01 11:11:22","../specifications/1709284282PRETASK RISK ASSESSMENT FORM.docx","ze262706","MND",,,"ER11/2024"
"3801","RQ24030178","10265287","2024-03-01","Printing of 100bks of Controller Instruction Forms- Manicaland",,"0","2024-03-01 11:13:13","../specifications/CIF spec- dtd.odt","ze262706","MND",,,"ER11/2024"
"3802","RQ24030191","10265289","2024-03-01","Maintenance 11kv Veza T/off- Jerera",,"0","2024-03-01 12:37:14","../specifications/veza.PNG","ze350214","MSD",,,"ER22/2024"
"3803","RQ24030547","10265454","2024-03-05","Procurement of 10x600w Flood lights",,"0","2024-03-05 11:33:16","../specifications/Dusk to Dawn Solar Light.dotx","ze262706","MND",,,"ER8/2024"
"3804","RQ24030531","10265493","2024-03-05","Maintenance and replacement Mafomoti 11kv T/off- Bubi feeder-- 13 intermediate poles
                                                                                                       2 single strain
                                                                                                         2 Swing angle",,"0","2024-03-05 16:14:53","../specifications/Mafomoti.PNG","ze350214","MSD",,,"ER22/2024"
"3805","RQ24030549","10265467","2024-03-05","Replacement 33kv intermediate poles Gutu North feeder",,"0","2024-03-05 16:18:00","../specifications/Gutu north.PNG","ze350214","MSD",,,"ER22/2024"
"3806","RQ2403054","10265468","2024-03-05","Replacement 33kv broken conductors Chatsworth feeder- Moyo T/off",,"0","2024-03-05 16:19:59","../specifications/Chartworthy.PNG","ze350214","MSD",,,"ER22/2024"
"3807","RQ2403052","10265470","2024-03-05","Replacement 11kv intermediate poles Chimombe T/Off bhasera feeder Gutu",,"0","2024-03-05 16:21:52","../specifications/Bhasera chimombe.PNG","ze350214","MSD",,,"ER22/2024"
"3808","RQ24030572","10265471","2024-03-05","Replacement MV intermediate poles Makanda Group scheme Gutu north- Gutu",,"0","2024-03-05 16:24:04","../specifications/1709648644Makanda.PNG","ze350214","MSD",,,"ER22/2024"
"3809","RQ24030598","10265472","2024-03-05","Replacement mv  intermediate poles Mawere b/c- Gutu",,"0","2024-03-05 16:25:35","../specifications/Mawere.PNG","ze350214","MSD",,,"ER22/2024"
"3810","RQ24030564","10265473","2024-03-05","Replacement mv and stringing Madembo h/stead- Chinyika - 1 intermediate pole
                                                                                                 - 1 Terminal pole",,"0","2024-03-05 16:28:42","../specifications/Madembo chinyika.PNG","ze350214","MSD",,,"ER22/2024"
"3811","RQ24030629","10254466","2023-05-09","Erect (27.5 x 23)m 2.5m high diamond mesh Fence cw 1m wide pedestrian gate and 5m wide double gate
as per attached spec for Allied Timbers VR Station Wengezi",,"0","2024-03-06 16:46:29","../specifications/Wengezi VR Fence.pdf","ze336912","END",,,"ER1/2024"
"3812","RQ24030717","10265698","2024-03-07","suuply gear box for nissan np300 er2204",,"0","2024-03-07 14:37:35","../specifications/ER2204.docx","ze301698","GARAGE",,,"ER16/2024"
"3813","RQ24030778","10265700","2024-03-07","supply steel rims for nissan np300 er2137",,"0","2024-03-07 14:39:33","../specifications/1709815173ER2137.docx","ze301698","GARAGE",,,"ER16/2024"
"3814","RQ24030747","10265643","2024-03-07","Carry out Civil works at O.G on Petrozim 33kV Feeder Bay ie: Grading,backfilling, levelling, compacting and demolishing the incomplete storeroom at site as per spec attached.",,"0","2024-03-07 17:45:48","../specifications/Feruka - PetroZim Feeder Bay works.pdf","ze336912","END",,,"ER2/2024"
"3815","RQ24030752","10265656","2024-03-07","Carry out construction works at OG on Petrozim 33kV feeder bay ie: septic tack, soakaway, new guard room and demolition of old one, pads, water drainage and cable trenches.",,"0","2024-03-11 14:34:35","../specifications/1709826540Feruka - PetroZim Feeder Bay works.pdf","ze336912","END",,,"ER2/2024"
"3816","RQ24030831","10264391","2024-02-16","EMERGENCY SEWERAGE WORKS FOR CHIPINGE DEPOT TOILETS",,"0","2024-03-08 10:28:44","../specifications/BELANO HARDWARE.docx","ze261920","CHP",,,"ER7/2024"
"3817","RQ24030811","10265751","2024-03-07","Procurement of 10x 600w Flood lights",,"0","2024-03-08 10:30:15","../specifications/","ze262706","MND",,,"ER8/2024"
"3818","RQ2403113","10265775","2024-03-11","Purchase of swivel chairs and visitors chairs for Mashava Depot",,"0","2024-03-11 13:17:12","../specifications/","ze318957","HR500",,,"ER4/2024"
"3819","RQ24031138","10265865","2024-03-11","Purchase of swivel and visitors chairs for Gutu Depot",,"0","2024-03-11 13:18:40","../specifications/","ze318957","HR500",,,"ER4/2024"
"3820","RQ2403112","10265867","2024-03-11","Purchase of swivel and visitors chairs for Chiredzi Depot",,"0","2024-03-11 13:19:48","../specifications/","ze318957","HR500",,,"ER4/2024"
"3821","RQ24031199","10265868","2024-03-11","Purchase of swivel and visitors chairs for Rutenga Depot",,"0","2024-03-11 13:21:27","../specifications/","ze318957","HR500",,,"ER4/2024"
"3822","RQ24031167","10265881","2024-03-11","FIX AND SUPPLY EXECUTIVE CANOPY ER2263",,"0","2024-03-11 15:33:26","../specifications/1710164006canopies.docx","ze301698","GARAGE",,,"ER16/2024"
"3823","RQ24031149","10265881","2024-03-11","FIX AND SUPPLY EXECUTIVE CANOPY ER2263",,"0","2024-03-11 15:33:27","../specifications/1710164007canopies.docx","ze301698","GARAGE",,,"ER16/2024"
"3824","RQ24031164","10265881","2024-03-11","FIX AND SUPPLY EXECUTIVE CANOPY ER2263",,"0","2024-03-11 15:39:31","../specifications/1710164371canopies.docx","ze301698","GARAGE",,,"ER16/2024"
"3825","RQ24031132","10265883","2024-03-11","FIX AND SUPPLY EXECUTIVE CANOPY FOR ER2262",,"0","2024-03-11 15:41:14","../specifications/1710164474canopies.docx","ze301698","GARAGE",,,"ER16/2024"
"3826","RQ24031181","10265884","2024-03-11","FIX AND SUPPLY EXECUTTIVE CANOPY FOR ER2265",,"0","2024-03-11 15:42:37","../specifications/","ze301698","GARAGE",,,"ER16/2024"
"3827","RQ24031111","10265885","2024-03-11","FIX AND SUPPLY EXECUTIVE CANOPY FOR ER2266",,"0","2024-03-11 15:43:52","../specifications/1710164632canopies.docx","ze301698","GARAGE",,,"ER16/2024"
"3828","RQ24031130","10265886","2024-03-11","FIX AND SUPPLY EXECUTIVE CANOPY FOR ER2271",,"0","2024-03-11 15:45:06","../specifications/1710164706canopies.docx","ze301698","GARAGE",,,"ER16/2024"
"3829","RQ24031190","10265888","2024-03-11","FIX AND SUPPLY EXECUTIVE CANOPY FOR ER2272",,"0","2024-03-11 15:47:14","../specifications/1710164834canopies.docx","ze301698","GARAGE",,,"ER16/2024"
"3830","RQ24031157","10265858","2024-03-11","Purchase of  (11) Printers for General Manager, Human Resources and Admin Manager, Finance Manager, District manager (Mutare), 
 District Manager (Masvingo), Human Resource Officer (Mutare) ,Personnel Officer (Masvingo),Urban Depot Mutare,Environs Depot Mutare, Masvingo depots (*2)

",,"0","2024-03-11 16:24:20","../specifications/Specifications and Justification printers.docx","ze366828","IT100",,,"ER6/2024"
"3831","RQ24031268","10265935","2024-03-12","Borehole siting & drilling at Rutenga Depot",,"0","2024-03-12 10:33:55","../specifications/","ze318957","HR500",,,"ER7/2024"
"3832","RQ24031237","10265950","2024-03-12","Erect (27.5 x 23)m 2.5m high diamond mesh Fence cw 1m wide pedestrian gate and 5m wide double gate
as per attached spec for Allied Timbers VR Station Wengezi",,"0","2024-03-12 11:49:37","../specifications/1710236977Wengezi VR Fence.pdf","ze336912","END",,,"ER1/2024"
"3833","RQ24031354","10263975","2024-03-13","CLEANING OF FUEL TANKS AT RUSAPE DEPOT ",,"0","2024-03-13 09:17:38","../specifications/CLEANING OF TANKS.docx","ze301698","GARAGE",,,"ER16/2024"
"3834","RQ24031392","10266027","2024-03-13","Replacement and maintenance Chilonga 11kv line- section 19-1 swing angle pole
                                                                                                    1 single pin
                                                                                                    5 intermediate
                                                                          farm 53--1 swing angle and 1 intermediate
                                                                          Mpopoma village-1 hPole and 2 intermediate
                                                                         Mill-- 4 intermediate poles and 1 single pin",,"0","2024-03-13 11:39:47","../specifications/Chilonga 11kv.PNG","ze350214","MSD",,,"ER22/2024"
"3835","RQ24031362","10266031","2024-03-13","Replacement Lundi 11kv feeder Chiredzi-1 swing angle pole
                                                                 -5 intermediate poles",,"0","2024-03-13 14:29:47","../specifications/Lundi 11kv.PNG","ze350214","MSD",,,"ER22/2024"
"3836","RQ2403136","10266034","2024-03-13","Replacement chisumbanje 1- Chief Gudo area-1* HPole
                                                                          -1 swing angle
                                                                          - 5 intermediate pole
                                                Checheche- 2*  H Pole
                                                                 - 4 vertical strain
                                                                 -12 intermediate poles
",,"0","2024-03-13 14:37:10","../specifications/Chisumbanje 1 3.PNG","ze350214","MSD",,,"ER22/2024"
"3837","RQ24031325","10266042","2024-03-13","Renco 2 33kv feedr - Chiredzi replacement 2 intermediate poles - Derek area",,"0","2024-03-13 14:39:14","../specifications/Renco 2 derek.PNG","ze350214","MSD",,,"ER22/2024"
"3838","RQ24031349","10266044","2024-03-13","Eastwest 33kv Chingeya area- Chiredzi replacement 33kv H Pole",,"0","2024-03-13 14:41:33","../specifications/Chingeya eastwest.PNG","ze350214","MSD",,,"ER22/2024"
"3839","RQ24031492","10266155","2024-03-14","Replacement 11kv Tshovani feeder -H Pole
                                                        -Vertical strain pole
                                                        - Swing angle pole
                                                       - 8 intermediate pole",,"0","2024-03-14 14:52:49","../specifications/Tshovani.PNG","ze350214","MSD",,,"ER22/2024"
"3840","RQ2403154","10266189","2024-03-15","Swivel chairs and visitors chairs for Masvingo SCSO and Masvingo D/O",,"0","2024-03-15 09:49:53","../specifications/","ze318957","HR500",,,"ER4/2024"
"3841","RQ24031524","10266156","2024-03-15","Hiring of Contractor to change 25Int Poles on 33kV Nyanyadzi Feeder ",,"0","2024-03-15 10:39:51","../specifications/10266156.PNG","ze262706","MND",,,"ER19/2024"
"3842","RQ2403185","10266306","2024-03-18","Plumbing works on Megawatt inlet water tank and gate valve installation (site visit a must)",,"0","2024-03-18 14:46:43","../specifications/","ze318957","HR500",,,"ER24/2024"
"3843","RQ2403208","10266469","2024-03-20","Swivel and visitors chairs for Rusape Depot",,"0","2024-03-20 10:09:36","../specifications/","ze318957","HR500",,,"ER4/2024"
"3844","RQ24032016","10266479","2024-03-20","Purchase of swivel and visitors chairs for Nyanga depot",,"0","2024-03-20 10:37:08","../specifications/","ze318957","HR500",,,"ER4/2024"
"3845","RQ24032094","10266484","2024-03-20","Purchase of swivel and visitors chairs for Middle Sabi depot",,"0","2024-03-20 11:01:29","../specifications/","ze318957","HR500",,,"ER4/2024"
"3846","RQ24032050","10266487","2024-03-20","Purchase of swivel and visitors chairs for Chimanimani depot",,"0","2024-03-20 11:03:11","../specifications/","ze318957","HR500",,,"ER4/2024"
"3847","RQ24032043","10266489","2024-03-20","Purchase of swivel and visitors chairs for Chipinge depot",,"0","2024-03-20 11:05:19","../specifications/","ze318957","HR500",,,"ER4/2024"
"3848","RQ24032075","10266442","2024-03-20","Procurement of 300x 5/8x16mm Stay Plate Galvernised
                          300x Stay bow C/W Thimble 5/8' 16mm
                          300x 5/8 Stay Rod 5/8 x16mm
                          300x Sta washer 5/8 x16mm",,"0","2024-03-20 11:34:30","../specifications/10266442.PNG","ze262706","MND",,,"ER22/2024"
"3849","RQ24032076","10266358","2024-03-19","Staff IDs for Manicaland District employees",,"0","2024-03-20 16:08:31","../specifications/SPECS FOR 160x STAFF IDS.docx","ze361065","MND",,,"ER24/2024"
"3850","RQ24032455","10266437","2024-03-20","Procurement of 100x1850mmx Treated Cross arms for Murambinda project ",,"0","2024-03-24 18:54:45","../specifications/10266437.PNG","ze262706","MND",,,"ER22/2024"
"3851","RQ24032440","10266438","2024-03-20","Procurement of 11kV Brace Cross arms for Murambinda Project",,"0","2024-03-24 18:59:07","../specifications/10266438.PNG","ze262706","MND",,,"ER22/2024"
"3852","RQ2403247","10266439","2024-03-20","Procurement of 3000mx50mm2 SCA conductor for Murambinda Project",,"0","2024-03-24 19:03:02","../specifications/10266439.PNG","ze262706","MND",,,"ER22/2024"
"3853","RQ24032464","10266440","2024-03-21","Procurement of 300x Braces Fibre Cross arm for Murambinda project",,"0","2024-03-24 19:08:51","../specifications/10266440.PNG","ze262706","MND",,,"ER22/2024"
"3854","RQ24032467","10266505","2024-03-21","Procurement of 24x ACB 350A 600v - Murambinda project",,"0","2024-03-24 19:15:14","../specifications/10266505.PNG","ze262706","MND",,,"ER22/2024"
"3855","RQ2403246","10266506","2024-03-21","Procurement of 200x50-100mm2 Gun Clamps for Murambinda project",,"0","2024-03-24 19:19:27","../specifications/10266506.PNG","ze262706","MND",,,"ER22/2024"
"3856","RQ24032490","10266507","2024-03-21","Procurement of 100kg Barbed wire For Murambinda Project",,"0","2024-03-24 19:22:21","../specifications/102666507.PNG","ze262706","MND",,,"ER22/2024"
"3857","RQ2403289","10266967","2024-03-28","Procurement of 11kv Lightning arrestors for Mutare Urban Depot",,"0","2024-03-28 11:26:38","../specifications/","ze367167","MTD",,,"ER20/2024"
"3858","RQ24032819","10266969","2024-03-28","Procurement of 11kv Lightning arrestors for Mutare Environs Depot",,"0","2024-03-28 11:29:08","../specifications/","ze367167","MTD",,,"ER20/2024"
"3859","RQ24040348","10267111","2024-04-03","Sugar for Eastern Region (3 Months supply)",,"0","2024-04-03 14:43:49","../specifications/tea requirements for 2024.xlsx","ze318833","HR500",,,"ER24/2024"
"3860","RQ24040376","10267114","2024-04-03","Rooibos tea bags for Eastern Region (3 Months supply) ",,"0","2024-04-03 14:45:54","../specifications/1712148354tea requirements for 2024.xlsx","ze318833","HR500",,,"ER24/2024"
"3861","RQ24040378","10267115","2024-04-03","Tanganda tea bags for Eastern Region (3 Months supply) ",,"0","2024-04-03 14:47:18","../specifications/teas requirements for er 2024.docx","ze318833","HR500",,,"ER24/2024"
"3862","RQ24040341","10267116","2024-04-03","Everyday powder milk for Eastern Region teas (3 Months supply) ",,"0","2024-04-03 14:49:52","../specifications/1712148592tea requirements for 2024.xlsx","ze318833","HR500",,,"ER24/2024"
"3863","RQ24040390","10267117","2024-04-03","UHT milk for Eastern Region teas (3 Months supply) ",,"0","2024-04-03 14:52:29","../specifications/","ze318833","HR500",,,"ER24/2024"
"3864","RQ2404035","10267118","2024-04-03","Bond paper for Eastern Region printing (3 Months supply) ",,"0","2024-04-03 14:53:47","../specifications/","ze318833","HR500",,,"ER11/2024"
"3865","RQ24040361","10266958","2024-04-03","Upholstering of Jotali Boardroom chairs (SITE VISIT A MUST)",,"0","2024-04-03 14:56:28","../specifications/","ze318833","HR500",,,"ER4/2024"
"3866","RQ24040586","10266027","2024-03-13","Maintenance and Replacemet Chilonga 11kv feeder
2*Swing Angles
2* Single Pin
12*Intermediates
1*H Pole Terminal",,"0","2024-04-05 09:11:36","../specifications/CHIREDZI WORKS REQUIRING CONTRACTORS-1-1.docx","ze271977","CHR",,,"ER19/2024"
"3867","RQ24040576","10266031","2024-03-13","Replacement Lundi water works",,"0","2024-04-05 09:14:04","../specifications/1712301244CHIREDZI WORKS REQUIRING CONTRACTORS-1-1.docx","ze271977","CHR",,,"ER19/2024"
"3868","RQ24040557","10266034","2024-03-13","Replacement Chisumbanje 1
3* H Pole
1* Swing angle
17*Intermediates
4*Vertical Strain ",,"0","2024-04-05 09:19:03","../specifications/1712301543CHIREDZI WORKS REQUIRING CONTRACTORS-1-1.docx","ze271977","CHR",,,"ER19/2024"
"3869","RQ24040514","10266042","2024-03-13","Replacement Renco 2 33kv feeder Dekeza Area
2*Intermediate poles",,"0","2024-04-05 09:22:31","../specifications/1712301750CHIREDZI WORKS REQUIRING CONTRACTORS-1-1.docx","ze271977","CHR",,,"ER19/2024"
"3870","RQ24040527","10266044","2024-03-13","Mkwasine E/W feeder 
H Pole replacement
Chingeya Village",,"0","2024-04-05 09:26:38","../specifications/1712301998CHIREDZI WORKS REQUIRING CONTRACTORS-1-1.docx","ze271977","CHR",,,"ER19/2024"
"3871","RQ24040536","10266034","2024-03-14","Tshovani 11kv feeder
-1*11kv H-pole terminal
-1* 11kv vertical strain
-1*11kv swing angle
-8*11kv intermediate woodpoles
",,"0","2024-04-05 09:30:45","../specifications/1712302245CHIREDZI WORKS REQUIRING CONTRACTORS-1-1.docx","ze271977","CHR",,,"ER19/2024"
"3872","RQ24040894","10267365","2024-04-08","Branded Round neck T.shirts - Front: ZETDC Logo. Message:  Upgrade your Prepaid Meter Today. Back:  Chaya 704 for Further Assistance.  ",,"0","2024-04-08 16:25:28","../specifications/","ze265276","COM700",,,"ER14/2024"
"3873","RQ24040897","10267367","2024-04-08","Embroided Safari Hats. ZETDC Logo. TID Rollover at right side",,"0","2024-04-08 16:27:36","../specifications/","ze265276","COM700",,,"ER14/2024"
"3874","RQ24040839","10267368","2024-04-08","ZETDC Branded Table Cloth",,"0","2024-04-08 16:28:59","../specifications/","ze265276","COM700",,,"ER14/2024"
"3875","RQ24040852","10267369","2024-04-08","ZETDC Branded Camping Chairs. Company logo at back rest and on arm rest sides",,"0","2024-04-08 16:33:44","../specifications/","ze265276","COM700",,,"ER14/2024"
"3876","RQ24040821","10267370","2024-04-08","Foldable Table 2mx1.5m",,"0","2024-04-08 16:35:39","../specifications/","ze265276","COM700",,,"ER14/2024"
"3877","RQ24041045","10267482","2024-04-10","PURCHASE OF TRANSFORMER OIL FOR TX MAINTENANCE AT MAINTENANCE DEPARTMENT",,"0","2024-04-10 12:51:35","../specifications/","ze289310","ERM",,,"ER19/2024"
"3878","RQ24041136","10267142","2024-04-04","Purchase 20xpacks 0-9 numbered rubber/plastic 2.5mm cable ferrules, 30x11pin 50v dc shrack relays c/w base, 10x terminal blocks, 20x50v dc indicator red lamp and 20x50v dc indicator  yellow lamp.",,"0","2024-04-11 12:33:13","../specifications/","ze336912","END",,,"ER2/2024"
"3879","RQ24041123","10267148","2024-04-04","Purchase 400m of 70mm2 bare hard drawn copper, 1000m x 2.5mm2 x 12core multicore pvc swa pvc cable, 100m x 11kV 70mm2 3core XLPE Cable and 20 x 11kV termination kits for Smart Metering Project",,"0","2024-04-11 12:36:34","../specifications/","ze336912","END",,,"ER2/2024"
"3880","RQ2404119","10267513","2024-04-11","Purchase 20 x packs of Rawl bolts 12 x 100mm Bolt type, 2 x electrical drilling machine 220v ac and 30 x foundation bolts and nuts for Smart Metering Project",,"0","2024-04-11 12:39:35","../specifications/","ze336912","END",,,"ER2/2024"
"3881","RQ24041799","10267741","2024-04-16","Procurement of 1035 litres of Transformer oil for Nyanga Depot",,"0","2024-04-17 11:46:20","../specifications/10267741.PNG","ze262706","MND",,,"ER19/2024"
"3882","RQ24042459","10268008","2024-04-23","Staff IDs ",,"0","2024-04-24 09:17:38","../specifications/ID Specifications.docx","ze367164","MTD",,,"ER24/2024"
"3883","RQ24042552","10268129","2024-04-25","Plumbing works on worn out underground water pipe at Environs Depot (site visit)",,"0","2024-04-25 13:41:14","../specifications/","ze318833","HR500",,,"ER19/2024"
"3884","RQ2404252","10268160","2024-04-25","Purchase 30 x 11kV D'fuse mounts c/w carriers, 10 x 11kV galvanised d'fuse mounts channel x-arms and 20 x 5/8 Spindles for Smart Metering Project ER",,"0","2024-04-25 15:13:15","../specifications/","ze336912","END",,,"ER2/2024"
"3885","RQ24042731","10268171","2024-04-26","Procument of 2x 10kVA 3 phase Diesel Generators for Rusape & Chipinge",,"0","2024-04-27 18:10:04","../specifications/STANDBY GENERATOR SPECIFICATIONS.docx","ze262706","MND",,,"ER8/2024"
"3886","RQ24042872","10268265","2024-04-28","To change 67 poles on 11kV Troutbeck feeder",,"0","2024-04-28 14:15:43","../specifications/10268265.PNG","ze262706","MND",,,"ER19/2024"
"3887","RQ24042813","10267666","2024-04-15","350 spans of Wayleave Clearence on 11kV Troutbeck feeder",,"0","2024-04-28 14:21:31","../specifications/10267666.PNG","ze262706","MND",,,"ER25/2024"
"3888","RQ24050610","10268579","2024-05-06","Labour for plumbing repairs at Bwerudza Middle Sabi house
",,"0","2024-05-06 15:52:19","../specifications/BWERUDZA HOUSE PLUMBING REPAIRS- scope of work.docx","ze361065","MND",,,"ER19/2024"
"3889","RQ24050675","10268580","2024-05-06","Labour for repairing leaking roof and replacing worn out ceiling boards at Bwerudza Middle Sabi house",,"0","2024-05-06 16:00:52","../specifications/BWERUDZA HOUSE ROOF REPAIRS.docx","ze361065","MND",,,"ER19/2024"
"3890","RQ24050711","10268652","2024-05-07","T SHIRTS FOR 2024 WORLD DAY FOR SAFETY AND HEALTH COMMEMORATION",,"0","2024-05-07 12:49:36","../specifications/T Shirts for World day for safety commemoration 2024.docx","ze247200","HR500",,,"ER24/2024"
"3891","RQ24051465","10268936","2024-05-14","Pre-retirement Planning Workshop for Mutare, Manicaland Districts and Regional Office",,"0","2024-05-14 16:32:22","../specifications/Specs for Pre-retirement Planning Workshop - Mutare, Manicaland & RO.docx","ze223670","HR500",,,"ER15/2024"
"3892","RQ24051426","10268937","2024-05-14","Pre-retirement Planning Workshop for Masvingo District ",,"0","2024-05-14 16:35:18","../specifications/Specs for Pre-retirement Planning Workshop - Masvingo District.docx","ze223670","HR500",,,"ER15/2024"
"3893","RQ24052015","10269910","2024-05-20","unmounting 3 pressure geysers from ceiling at 20 Miller Morningside and mounting 2 of the geysers on the ground",,"0","2024-05-20 16:03:39","../specifications/","ze318833","HR500",,,"ER19/2024"
"3894","RQ24052229","10269234","2024-05-22","CCTV and accessories for Chiredzi banking hall",,"0","2024-05-22 15:50:27","../specifications/Chiredzi CCTV quote ZiG.pdf","ze350214","MSD",,,"ER6/2024"
"3895","RQ24052371","10364757","2024-05-03","Hiring of labour to change 20 pole on 11kV Masapi Feeder under Middle Sabi Distribution Network",,"0","2024-05-23 14:42:35","../specifications/Masapi Feeder Pole Change.xlsx","ze262706","MND",,,"ER19/2024"
"3896","RQ24052361","10264760","2024-05-03","Hiring of Labour to change 20 POles on 11kV Masapi Feeder under Middle Sabi Distribution Network",,"0","2024-05-23 14:45:50","../specifications/1716468350Masapi Feeder Pole Change.xlsx","ze262706","MND",,,"ER19/2024"
"3897","RQ24052996","10269365","2024-05-27","Borehole siting and drilling at Rusape depot",,"0","2024-05-29 08:29:38","../specifications/SPEC FOR RUSAPE BOREHOLE.docx","ze361065","MND",,,"ER7/2024"
"3898","RQ24053059","10269049","2024-05-14","Procurement of 5 ton Chin blocks for Manicaland District",,"0","2024-05-30 14:48:46","../specifications/SPECIFICATIONS FOR TOOL & EQUIPMENT-2.docx","ze262706","MND",,,"ER8/2024"
"3899","RQ24053029","10269051","2024-05-14","Procurement of 40xSafety belts for Manicaland District",,"0","2024-05-30 14:50:22","../specifications/1717073422SPECIFICATIONS FOR TOOL & EQUIPMENT-2.docx","ze262706","MND",,,"ER8/2024"
"3900","RQ2405303","10269048","2024-05-14","Procurement of 20x 2ton come alongs for Manicaland District",,"0","2024-05-30 15:01:05","../specifications/1717074065SPECIFICATIONS FOR TOOL & EQUIPMENT-2.docx","ze262706","MND",,,"ER8/2024"
"3901","RQ2405307","10269046","2024-05-14","Procurement of 3/4 CM Pulley for Manicaland District ",,"0","2024-05-30 15:11:23","../specifications/1717074683SPECIFICATIONS FOR TOOL & EQUIPMENT-2.docx","ze262706","MND",,,"ER8/2024"
"3902","RQ24053057","10269044","2024-05-14","Procurement of 20x1.5ton CM pulley for Manicaland District",,"0","2024-05-30 15:13:23","../specifications/1717074803SPECIFICATIONS FOR TOOL & EQUIPMENT-2.docx","ze262706","MND",,,"ER8/2024"
"3903","RQ24053022","10269530","2024-05-30","Procurement of 15x 365 model Husquavana Chainsaws for Manicaland District",,"0","2024-05-30 15:30:24","../specifications/1717075824SPECIFICATIONS FOR TOOL & EQUIPMENT-2.docx","ze262706","MND",,,"ER8/2024"
"3904","RQ24053098","10269532","2024-05-30","Procurement of 40x Fluke Digital Multimeters for Distribution Artisans",,"0","2024-05-30 15:35:24","../specifications/1717076124SPECIFICATIONS FOR TOOL & EQUIPMENT-2.docx","ze262706","MND",,,"ER8/2024"
"3905","RQ24053065","10269533","2024-05-30","Procurement of 40 crimping Tools ",,"0","2024-05-30 15:42:48","../specifications/1717076568SPECIFICATIONS FOR TOOL & EQUIPMENT-2.docx","ze262706","MND",,,"ER8/2024"
"3906","RQ2406099","10269795","2024-06-09","Supply and fit New Fuel Pump (single suction) at Mutare Environs Depot",,"0","2024-06-09 12:23:49","../specifications/New Fuel Pump Mutare Environs.docx","ze301698","GARAGE",,,"ER9/2024"
"3907","RQ24060965","10269796","2024-06-09","Supply and Install New Fuel Pump (Single suction) at Masvingo Depot",,"0","2024-06-09 12:28:48","../specifications/New Fuel Pump Masvingo Depot.docx","ze301698","GARAGE",,,"ER9/2024"
"3908","RQ24061121","10269814","2024-06-10","Purchase of 11kv Wooden Cross arms ",,"0","2024-06-11 09:44:22","../specifications/","ze367167","MTD",,,"ER22/2024"
"3909","RQ24061184","10269815","2024-06-10","Procurement of 33kv wooden cross arms",,"0","2024-06-11 09:53:16","../specifications/","ze367167","MTD",,,"ER22/2024"
"3910","RQ24061197","10269816","2024-06-10","Procurement of 33kv fibre brassing straps ",,"0","2024-06-11 09:55:32","../specifications/","ze367167","MTD",,,"ER22/2024"
"3911","RQ24061294","10269907","2024-06-12","Supply New Gearbox for ER2204",,"0","2024-06-12 10:04:12","../specifications/Gearbox ER2204.docx","ze301698","GARAGE",,,"ER16/2024"
"3912","RQ24061313","10269992","2024-06-13","Procurement of permit to work documents for Mutare District",,"0","2024-06-13 10:49:47","../specifications/","ze367167","MTD",,,"ER10/2024"
"3913","RQ24061474","10270008","2024-06-13","Supply New Complete Gearbox with Transfer box for Toyota Landcruiser. ER2215",,"0","2024-06-14 08:41:54","../specifications/New Gearbox ER2215.docx","ze301698","GARAGE",,,"ER16/2024"
"3914","RQ24061746","10270067","2024-06-17","Open market valuation for Dangamvura and Sakubva offices",,"0","2024-06-17 10:47:08","../specifications/VALUATION SK AND DMVURA.docx","ze318833","HR500",,,"ER24/2024"
"3915","RQ24061851","10270184","2024-06-18","30 Ton Truck Hire for collection of old transformers from Chiredzi Depot to Harare Central Stores",,"0","2024-06-18 15:50:59","../specifications/Chiredzi Depot.docx","ze301698","GARAGE",,,"ER16/2024"
"3916","RQ24061848","10270190","2024-06-18","30 Ton Truck Hire for collection of old transformers from Masvingo Depot to Harare Central stores",,"0","2024-06-18 15:53:32","../specifications/Masvingo Depot.docx","ze301698","GARAGE",,,"ER16/2024"
"3917","RQ24061985","10270211","2024-06-19","BEDS FOR REST ROOMS",,"0","2024-06-19 10:30:42","../specifications/BED FOR REST ROOM SPEC.docx","ze247200","HR500",,,"ER24/2024"
"3918","RQ24062032","10270268","2024-06-20","6 Drawer office desks for Mutare District",,"0","2024-06-20 09:48:02","../specifications/desk specs.xlsx","ze318833","HR500",,,"ER4/2024"
"3919","RQ24062049","10270274","2024-06-20","Labour for carpentry repair works at Middle Sabi Artisan's House (Mr Bwerudza)
Materials to be provided by ZETDC
",,"0","2024-06-20 10:35:27","../specifications/","ze258156","MND",,,"ER19/2024"
"3920","RQ24062047","10270273","2024-06-20","Labour for overhaul plumbing works at Middle Sabi Artisan's House (Mr Bwerudza)
Materials to be provided by ZETDC
",,"0","2024-06-20 10:37:47","../specifications/","ze258156","MND",,,"ER19/2024"
"3921","RQ24062052","10270280","2024-06-20","Labour for complete overhaul plumbing works for Chipinge depot toilets (Materials to be provided by ZETDC)
",,"0","2024-06-20 10:54:18","../specifications/","ze361065","MND",,,"ER19/2024"
"3922","RQ24062054","10270283","2024-06-20","Labour for overhaul plumbing works for Middle Sabi's Artisan's House (Mr Bwerudza)
ZETDC to provide all the plumbig materials
",,"0","2024-06-20 11:05:37","../specifications/","ze258156","MND",,,"ER19/2024"
"3923","RQ24062057","10270284","2024-06-20","Labour for plumbing works for Middle Sabi staff quarters
ZETDC to provide all the plumbing materials
",,"0","2024-06-20 11:23:47","../specifications/","ze258156","MND",,,"ER19/2024"
"3924","RQ24062560","10270469","2024-06-25","Procurement of 4000m 50mm SCA conductor to replace that was stolen on the 11kV ponslea feeder",,"0","2024-06-25 15:36:47","../specifications/","ze367167","MTD",,,"ER22/2024"
"3925","RQ24062640","10270491","2024-06-26","Purchase of 59A Toner Cartridge (100)",,"0","2024-06-26 09:46:24","../specifications/GENERAL SPECIFICATIONS Toner 59A.docx","ze366828","IT100",,,"ER11/2024"
"3926","RQ24062656","10270492","2024-06-26","Purchase of 80A toner Cartridge ",,"0","2024-06-26 10:11:13","../specifications/GENERAL SPECIFICATIONS 80A.docx","ze366828","IT100",,,"ER11/2024"
"3927","RQ24070555","10270494","2024-06-18","PROCUREMENT OF PRE TASK RISK ASSESSMENT BOOKS ",,"0","2024-07-05 10:30:09","../specifications/","ze367167","MTD",,,"ER10/2024"
"3928","RQ24071090","10","2024-07-10","Supply and Install New Dual Suction Fuel Pump at Nyanga depot",,"0","2024-07-10 08:34:48","../specifications/Pump Spec - Dual Suction.docx","ze301698","GARAGE",,,"ER9/2024"
"3929","RQ24071034","20","2024-07-10","Supply and Install New Single Suction Fuel Pump at Chiredzi Depot",,"0","2024-07-10 08:36:24","../specifications/Pump Spec - Single Suction.docx","ze301698","GARAGE",,,"ER9/2024"
"3930","RQ2407152","554501","2024-07-15","Procurement of 1500 33kV D-mounts For Manicaland District",,"0","2024-07-15 09:30:41","../specifications/Dmount- Spec.docx","ze262706","MND",,,"ER22/2024"
"3931","RQ24071556","554501-2","2024-07-15","Procurement of 1500 11kV D-mounts For Manicaland",,"0","2024-07-15 09:34:48","../specifications/1721028888Dmount- Spec.docx","ze262706","MND",,,"ER22/2024"
"3932","RQ24071530","554501-3","2024-07-15","Procurement of 1500x 33kv wood cross arm for Manicaland District",,"0","2024-07-15 09:39:51","../specifications/CrossArm- Spec.docx","ze262706","MND",,,"ER22/2024"
"3933","RQ24071527","554501-4","2024-07-15","Procurement of 1500x 11kV wood Cross arms For Manicaland District",,"0","2024-07-15 09:41:28","../specifications/1721029288CrossArm- Spec.docx","ze262706","MND",,,"ER22/2024"
"3934","RQ2407167","12345678","2024-07-16","Procurement of 11kv D - Mounts ",,"0","2024-07-16 10:43:23","../specifications/","ze367167","MTD",,,"ER22/2024"
"3935","RQ24071689","12345678","2024-07-16","Procurement of 33kV D-Mounts ",,"0","2024-07-16 10:46:23","../specifications/","ze367167","MTD",,,"ER22/2024"
"3936","RQ24071656","12345678","2024-07-16","Procurement of 33kV Lightning arrestors for Environs ",,"0","2024-07-16 10:52:57","../specifications/","ze367167","MTD",,,"ER22/2024"
"3937","RQ24071612","12345678","2024-07-16","Procurement of 33kV lightning arrestors for Mutare urban Depot",,"0","2024-07-16 10:56:40","../specifications/","ze367167","MTD",,,"ER22/2024"
"3938","RQ2407161","10000001","2024-07-16","Pens 
Pencils
",,"0","2024-07-16 13:32:17","../specifications/","ze282073","COM700",,,"ER14/2024"
"3939","RQ24071683","10000002","2024-07-16","Gazebo, Flag fountain, pop up banner, pull up banner, backdrop banner, door mats, rectangular flag banners.
",,"0","2024-07-16 15:16:32","../specifications/Gazebo Specifications.docx","ze282073","COM700",,,"ER14/2024"
"3940","RQ24071686","10000003","2024-07-16","ZETDC Branded Lightbox, Coffee table, LED Digital Display,",,"0","2024-07-16 15:54:17","../specifications/Light box and others.docx","ze282073","COM700",,,"ER14/2024"
"3941","RQ24071622","10000004","2024-07-16","Exhibition display counter,",,"0","2024-07-16 16:15:31","../specifications/Display counters and others.docx","ze282073","COM700",,,"ER14/2024"
"3942","RQ24071794","1234567","2024-07-17","Procurement of  Battery cubicles for  Nyanga north, Rusape local, Burma substations",,"0","2024-07-17 09:09:03","../specifications/Battery cubicle.pdf","ze289310","ERM",,,"ER19/2024"
"3943","RQ24071742","10000005","2024-07-17","PVC Sheets for walkway x4, Zetdc logo stickers, Flyers, 3 Seater couch, wall murals-Chiredzi",,"0","2024-07-17 12:06:27","../specifications/PVC SHEETS AND OTHERS.docx","ze282073","COM700",,,"ER14/2024"
"3944","RQ24071759","1234567","2024-07-17","Procurement of 2 x battery chargers and 2 x battery banks",,"0","2024-07-17 14:24:18","../specifications/50V Battery bank and Charger Specification.pdf","ze289310","ERM",,,"ER19/2024"
"3945","RQ24071869","1234567","2024-07-18","Purchasing 200L Silver shine paint ",,"0","2024-07-18 10:17:47","../specifications/","ze289310","ERM",,,"ER19/2024"
"3946","RQ24071873","1234567","2024-07-18","Procurement of 200L transformer grey paint ",,"0","2024-07-18 10:40:11","../specifications/","ze289310","ERM",,,"ER19/2024"
"3947","RQ24071915","10000006","2024-07-19","PURCHASE OF SHOWS REGALIA
Suits, shirts, blouses, golf t shirt, puff jackets, caps, sunhats, safari shirts, casual shirts, casual blouses, round neck t shirts",,"0","2024-07-19 11:28:13","../specifications/REGALIA.docx","ze282073","COM700",,,"ER14/2024"
