"document_id","rfq_date","scope_of_work","closing_date","closing_time","rfq_no","advert","date_created","pr_number","pr_date","tender_opened","tac_date"
"TD18100313","2018-09-11","Supply and Delivery of Shirts and Dresses","2018-09-14","10:00","10152646","adverts/Advert 10152646 - Copy.pdf","2018-10-10 17:35:53",,"0000-00-00","0000-00-00","0000-00-00"
"TD18100413","2018-09-11","Supply and Delivery of Sun Hats","2018-09-14","10:00","10152642","adverts/1538643532Advert 10152646 - Copy.pdf","2018-10-10 17:36:03",,"0000-00-00","0000-00-00","0000-00-00"
"TD18100414","2018-09-19","Supply and Delivery of Switch numbers for Mutare District","2018-09-21","10:00","10155806","adverts/RFQ Switch Numbers September for Eastern Region 2018.doc","2018-10-10 17:36:16",,"0000-00-00","0000-00-00","0000-00-00"
"TD18100415","2018-09-19","Supply and delivery Switch Numbers Masvingo District","2018-09-21","10:00","10155804","adverts/1538649946RFQ Switch Numbers September for Eastern Region 2018.doc","2018-10-10 17:36:26",,"0000-00-00","0000-00-00","0000-00-00"
"TD18100416","2018-09-19","Supply and delivery Switch Numbers for Manicaland District","2018-09-21","10:00","10155805","adverts/1538650453RFQ Switch Numbers September for Eastern Region 2018.doc","2018-10-10 17:36:42",,"0000-00-00","0000-00-00","0000-00-00"
"TD18100417","2018-09-18","Supply and Delivery of 16mm2 4core Cable, m","2018-09-21","10:00","10154709","adverts/RFQ - Cable items Eastern Region August 2018.doc","2018-10-10 17:37:05",,"0000-00-00","0000-00-00","0000-00-00"
"TD18100813","2018-09-19","Supply and delivery Switch Numbers Masvingo District","2018-09-21","10:00","10154704","adverts/1538991490RFQ Switch Numbers September for Eastern Region 2018.doc","2018-10-10 17:37:24",,"0000-00-00","0000-00-00","0000-00-00"
"TD18100816","2018-09-19","Supply and delivery Switch Numbers for Manicaland District","2018-09-21","10:00","10154706","adverts/1538991917RFQ Switch Numbers September for Eastern Region 2018.doc","2018-10-10 17:37:39",,"0000-00-00","0000-00-00","0000-00-00"
"TD18100819","2018-09-18","Hire of 7 tonne Trucks for Mutare","2018-09-21","10:00","10153956","adverts/RFQ10153956 Truck MT and MN 176.tif","2018-10-10 17:37:53",,"0000-00-00","0000-00-00","0000-00-00"
"TD18100820","2018-09-18","Hire of 7 tonne Trucks for Manicaland ","2018-09-21","10:00","10153955","adverts/1539004112RFQ10153956 Truck MT and MN 176.tif","2018-10-10 17:38:04",,"0000-00-00","0000-00-00","0000-00-00"
"TD18102410","2018-10-15","Hire of 15 tonne Crane Truck to carry Voltage Regulator ","2018-10-19","10:00","10157104","adverts/1540388268RFQ Lowbed and Crane ZCDC 2018.doc","2018-10-24 15:37:48",,"0000-00-00","0000-00-00","0000-00-00"
"TD18102446","2018-10-16","Supply and delivery of 185mm2 4core Cable","2018-10-19","10:00","10158400","adverts/RFQ - Cable for Chipinge 16.10.2018.doc","2018-10-24 15:16:46",,"0000-00-00","0000-00-00","0000-00-00"
"TD18102479","2018-10-15","Hire of Lowbed lorry to carry voltage regulator","2018-10-18","10:00","10157101","adverts/RFQ Lowbed and Crane ZCDC 2018.doc","2018-10-24 15:29:04",,"0000-00-00","0000-00-00","0000-00-00"
"TD18102518","2018-10-15","Supply and fix Substation Pit Latrines in Nyanga","2018-10-19","10:00","10152679","adverts/1540474036RFQ- pit latrine Manicaland 15.10.2018.doc","2018-10-25 15:27:16",,"0000-00-00","0000-00-00","0000-00-00"
"TD18102532","2018-10-15","Labour for Repainting Nyanga Depot 1350m2 ","2018-10-19","10:00","10157465","adverts/RFQ Painting Labour for Nyanga 2018.doc","2018-10-25 14:10:56",,"0000-00-00","0000-00-00","0000-00-00"
"TD18102537","2018-10-15","Supply and fix Substation Pit Latrines in Chipinge ","2018-10-19","10:00","10150235","adverts/RFQ- pit latrine Manicaland 15.10.2018.doc","2018-10-25 15:06:26",,"0000-00-00","0000-00-00","0000-00-00"
"TD18102551","2018-10-16","Service of Fire Extinguishers in Manicaland District","2018-10-19","10:00","10152193","adverts/RFQ Service of Fire Extinguisher Masvingo 16.10.2018.doc","2018-10-25 15:32:55",,"0000-00-00","0000-00-00","0000-00-00"
"TD18102554","2018-10-15","Supply and fix Substation Pit Latrines in Middle Sabi","2018-10-19","10:00","10152684","adverts/1540473684RFQ- pit latrine Manicaland 15.10.2018.doc","2018-10-25 15:21:24",,"0000-00-00","0000-00-00","0000-00-00"
"TD18102556","2018-09-10","Supply and fix concrete, cable markers along cabs feeder in Mutare","2018-09-12","10:00","10154516","adverts/RFQ Pavers CABS feeder 2018.2nd.doc","2018-10-25 14:56:49",,"0000-00-00","0000-00-00","0000-00-00"
"TD18102560","2018-10-15","Supply and delivery 2018 Risk Symposium Conference Writing Pads and Parker Pens","2018-10-19","10:00","10156289","adverts/RFQ Risk Symposium Writing Pads 2018.doc","2018-10-25 13:11:43",,"0000-00-00","0000-00-00","0000-00-00"
"TD18102564","2018-10-11","Tar Reinstatement 15m x 15m x 1m ","2018-10-16","10:00","10154514","adverts/RFQ Tar re instatement October 2018..doc","2018-10-25 14:43:41",,"0000-00-00","0000-00-00","0000-00-00"
"TD18102595","2018-10-15","Supply and delivery of Power Banks and 8gig USB for Risk Symposium Conference","2018-10-19","10:00","10157355","adverts/RFQ Risk Symposium Power Banks and USB 2018.doc","2018-10-25 12:48:04",,"0000-00-00","0000-00-00","0000-00-00"
"TD18102597","2018-10-16","Service and Fire extinguishers in Masvingo District","2018-10-19","10:00","10157120","adverts/1540474862RFQ Service of Fire Extinguisher Masvingo 16.10.2018.doc","2018-10-25 15:41:02",,"0000-00-00","0000-00-00","0000-00-00"
"TD18102599","2018-10-15","Supply and delivery 2018 Risk Symposium Conference Bags ","2018-10-19","10:00","10155928","adverts/RFQ Risk Symposium Bag 2018.doc 3rd.doc","2018-10-25 11:01:27",,"0000-00-00","0000-00-00","0000-00-00"
"TD18102917","2018-10-29","Supply and delivery of 185mm2 4core Cable","2018-10-29","10:00","101531442","adverts/RFQ Risk Symposium Power Bank 2018.doc 3rd.doc","2018-10-29 12:49:55",,"0000-00-00","0000-00-00","0000-00-00"
"TD18103130","2018-10-02","erect spans","2018-10-18","10:00","2001000004","adverts/10156994 Deco.doc","2018-10-31 08:46:42",,"0000-00-00","0000-00-00","0000-00-00"
"TD18103194","2018-10-23","Stringing of landing spans and erection of pole structures at ZCDC VR Station","2018-10-26","10:00","10158700","adverts/10158700 elypoint.pdf","2018-10-31 09:30:54",,"0000-00-00","0000-00-00","0000-00-00"
"TD1811122","2018-11-07","Supply and delivery of Piercing connections for aerial","2018-11-09","10:00","10151813","adverts/1542018834RFQ- Materials 7.11.doc","2018-11-12 12:33:54",,"0000-00-00","0000-00-00","0000-00-00"
"TD18111225","2018-11-07","Supply and delivery of Laptop for Engineering Manager","2018-11-09","10:00","10154821","adverts/RFQ Laptops 7.11.doc","2018-11-12 15:29:20",,"0000-00-00","0000-00-00","0000-00-00"
"TD18111239","2018-11-07","Supply and delivery of Soap Bars","2018-11-09","10:00","10151822","adverts/RFQ- Soap bars 7.11.doc","2018-11-12 14:16:48",,"0000-00-00","0000-00-00","0000-00-00"
"TD18111242","2018-11-07","Supply and delivery of 50 - 100mm2 PG Clamps AL/AL ","2018-11-09","10:00","10152360","adverts/RFQ- Materials 7.11.doc","2018-11-12 11:04:44",,"0000-00-00","0000-00-00","0000-00-00"
"TD18111263","2018-11-07","Supply and delivery of Laptop for Planning Engineer","2018-11-09","10:00","10154349","adverts/1542030782RFQ Laptops 7.11.doc","2018-11-12 15:53:03",,"0000-00-00","0000-00-00","0000-00-00"
"TD18111283","2018-11-07","Supply and delivery of Laptop for Sales Executive Mutare ","2018-11-09","10:00","10156058","adverts/1542030423RFQ Laptops 7.11.doc","2018-11-12 15:47:03",,"0000-00-00","0000-00-00","0000-00-00"
"TD18111289","2018-11-07","Supply and delivery of HP72 (C9403A) Matte Black Catridges","2018-11-09","10:00","10155782","adverts/RFQ- toner drawing off 7.11.doc","2018-11-12 16:24:48",,"0000-00-00","0000-00-00","0000-00-00"
"TD18111293","2018-11-07","Supply and delivery of 100mm2 PG Clamp ACSR 2 bolt Alloy","2018-11-09","10:00","10151816","adverts/1542017466RFQ- Materials 7.11.doc","2018-11-12 12:11:06",,"0000-00-00","0000-00-00","0000-00-00"
"TD18111295","2018-11-07","Supply and delivery of 50 - 100mm2 PG Clamps CU/AL ","2018-11-09","10:00","10152361","adverts/1542015571RFQ- Materials 7.11.doc","2018-11-12 11:39:32",,"0000-00-00","0000-00-00","0000-00-00"
"TD18111298","2018-11-01","Supply and delivery of ESET Secure Business ","2018-11-05","10:00","10159179","adverts/RFQ- Eset secure 1.11.doc","2018-11-12 16:02:51",,"0000-00-00","0000-00-00","0000-00-00"
"TD18111316","2018-11-01","Supply and Delivery of Reception Chairs for Regional Office","2018-11-05","10:00","10155657","adverts/RFQ- Reception chairs 01.11.doc","2018-11-13 15:10:04",,"0000-00-00","0000-00-00","0000-00-00"
"TD1811134","2018-11-01","Supply and Delivery of Reception Counter for Megawatt 3rd Floor","2018-11-05","10:00","10155506","adverts/RFQ- 3rd flr Desk 01.11.doc","2018-11-13 15:01:30",,"0000-00-00","0000-00-00","0000-00-00"
"TD18111410","2018-11-07","Supply and delivery of 33kV D Fuse Mounts","2018-11-09","10:00","10151821","adverts/1542206201RFQ- Materials 7.11.doc","2018-11-14 16:36:43",,"0000-00-00","0000-00-00","0000-00-00"
"TD18111440","2018-11-07","Supply and delivery of D Fuse Mounts 11kV","2018-11-09","10:00","10151817","adverts/1542186102RFQ- Materials 7.11.doc","2018-11-14 11:01:43",,"0000-00-00","0000-00-00","0000-00-00"
"TD1811163","2018-11-14","Crane Hire for ZCDC Project in Chipinge","2018-11-16","10:00","10160363","adverts/RFQ 10160363 Crane Hire20181116_154836.jpg","2018-11-16 16:01:24",,"0000-00-00","0000-00-00","0000-00-00"
"TD18111916","2018-11-14","Supply and delivery of System Numbers for Secondary Substation Mutare","2018-11-16","10:00","10159923","adverts/1542623178RFQ System Numbers244.pdf","2018-11-19 12:26:30",,"0000-00-00","0000-00-00","0000-00-00"
"TD18111928","2018-11-13","Supply and Delivery of Billboards for Eastern Region ","2018-11-16","10:00","10160115","adverts/RFQ- Billboards 13.11.doc","2018-11-19 15:58:06",,"0000-00-00","0000-00-00","0000-00-00"
"TD18111936","2018-11-14","Supply and delivery Switch Numbers Masvingo District","2018-11-16","10:00","10159924","adverts/1542623496RFQ System Numbers244.pdf","2018-11-19 12:31:50",,"0000-00-00","0000-00-00","0000-00-00"
"TD18111952","2018-11-13","Supply and Fix of Substation Pit latrines for Mutare Urban","2018-11-16","10:00","10154667","adverts/1542637739RFQ- pit latrine 13.11.doc","2018-11-19 16:29:11",,"0000-00-00","0000-00-00","0000-00-00"
"TD18111957","2018-11-14","Crane Hire for ZCDC Project in Chipinge","2018-11-16","10:00","10160363","adverts/RFQ- Crane hire 14.11.doc","2018-11-19 15:30:57",,"0000-00-00","0000-00-00","0000-00-00"
"TD18111969","2018-11-13","Supply and delivery of Laptop for Engineering Manager","2018-11-16","10:00","10154821/1","adverts/1542633080RFQ Laptops 2 IMG_20181119_095540.jpg","2018-11-19 15:11:25",,"0000-00-00","0000-00-00","0000-00-00"
"TD18111974","2018-11-14","Supply and delivery Switch Numbers Masvingo District","2018-11-16","10:00","10159924","adverts/1542623517RFQ System Numbers244.pdf","2018-11-19 12:32:06",,"0000-00-00","0000-00-00","0000-00-00"
"TD18111979","2018-11-13","Supply and Fix of Substation Pit latrines for Mutare Environs","2018-11-16","10:00","10154661","adverts/RFQ- pit latrine 13.11.doc","2018-11-19 16:14:02",,"0000-00-00","0000-00-00","0000-00-00"
"TD18111980","2018-11-14","Crane Hire","2018-11-16","10:00","10160363","adverts/1542635209RFQ- Crane hire 14.11.doc","2018-11-19 15:46:53",,"0000-00-00","0000-00-00","0000-00-00"
"TD1811199","2018-11-14","Supply and delivery Switch Numbers Mutare ","2018-11-16","10:00","10159923","adverts/1542623948RFQ System Numbers244.pdf","2018-11-19 12:39:11",,"0000-00-00","0000-00-00","0000-00-00"
"TD1811201","2018-11-13","Supply and Deliver 1/2HP Water Fountain Pump","2018-11-16","10:00","10159367","adverts/RFQ- fountain pump 7.11.doc","2018-11-20 09:26:32",,"0000-00-00","0000-00-00","0000-00-00"
"TD18112133","2018-11-14","Crane Hire for ZCDC Project in Chipinge","2018-11-16","10:00","10160363","adverts/1542788354RFQ- Crane hire 14.11.doc","2018-11-21 10:19:37",,"0000-00-00","0000-00-00","0000-00-00"
"TD18112628","2018-11-14","Supply and Delivery of Paint for Environs","2018-11-16","10:00","10160329","adverts/RFQ- Environs paint 14.11.doc","2018-11-26 14:27:27",,"0000-00-00","0000-00-00","0000-00-00"
"TD18112641","2018-11-21","HP970XL Toner Cartridges for Finance Manager","2018-11-23","10:00","10160940","adverts/RFQ- toner fm 21.11.doc","2018-11-26 14:34:42",,"0000-00-00","0000-00-00","0000-00-00"
"TD1811265","2018-11-19","Supply and Delivery of Front and Rear Shocks for ER2010","2018-11-23","10:00","10160540","adverts/RFQ- Shocks 19.11.doc","2018-11-26 15:25:59",,"0000-00-00","0000-00-00","0000-00-00"
"TD18112657","2018-11-20","Supply and Delivery of HP55A Toner Cartridge for Revenue Assurance Officer Manicaland","2018-11-23","10:00","10155782","adverts/RFQ- toner assurance officer 20.11.doc","2018-11-26 14:39:47",,"0000-00-00","0000-00-00","0000-00-00"
"TD18112672","2018-11-19","Supply and Fitting of New Tyres 1000 x 20 fro F/N ER1037","2018-11-23","10:00","10154658","adverts/RFQ- Tyres 19.11.doc","2018-11-26 14:56:56",,"0000-00-00","0000-00-00","0000-00-00"
"TD18112684","2018-11-20","Supply and Delivery of Reception Counter for Megawatt 3rd Floor","2018-11-23","10:00","10155506","adverts/RFQ- 3rd flr Desk 20.11.doc","2018-11-26 14:50:24",,"0000-00-00","0000-00-00","0000-00-00"
"TD18112687","2018-11-19","Supply and Fitting of New Tyres 195 x 14 for F/N ER2100","2018-11-23","10:00","101605502","adverts/1543237415RFQ- Tyres 19.11.doc","2018-11-26 15:03:36",,"0000-00-00","0000-00-00","0000-00-00"
"TD18112689","2018-11-20","Supply and Delivery of Reception Chairs for Regional office","2018-11-23","10:00","10155657","adverts/RFQ- Reception chairs 20.11.doc","2018-11-26 14:45:52",,"0000-00-00","0000-00-00","0000-00-00"
"TD1811269","2018-11-19","Supply and Fitting of New Tyres 215/70R15 for F/N ER2098","2018-11-23","10:00","10154681","adverts/1543237934RFQ- Tyres 19.11.doc","2018-11-26 15:12:14",,"0000-00-00","0000-00-00","0000-00-00"
"TD18112696","2018-11-20","Supply and Delivery of 200mm Gun Clamps for ZCDC landing spans","2018-11-23","10:00","10157637","adverts/RFQ- Gun clamps 20.11.doc","2018-11-26 14:12:14",,"0000-00-00","0000-00-00","0000-00-00"
"TD18112697","2018-11-19","Supply and Fitting of New Tyres 215/70R15 for F/N ER2104","2018-11-23","10:00","10154679","adverts/1543238494RFQ- Tyres 19.11.doc","2018-11-26 15:21:34",,"0000-00-00","0000-00-00","0000-00-00"
"TD1812041","2018-11-26","Supply and Delivery of Materials for Projects and Maintenance","2018-11-30","10:00","10161192","adverts/RFQ- materials 26.11.doc","2018-12-04 10:21:59",,"0000-00-00","0000-00-00","0000-00-00"
"TD1812042","2018-11-26","Supply of 9m Wood Poles for Middle Sabi.","2018-11-30","10:00","10139159","adverts/1543923774RFQ- 9m Wood Poles 26.11.doc","2018-12-04 13:42:55",,"0000-00-00","0000-00-00","0000-00-00"
"TD18120424","2018-11-26","Supply of 9m Wood Poles for Mutare Urban.","2018-11-30","10:00","10139151","adverts/RFQ- 9m Wood Poles 26.11.doc","2018-12-04 12:52:12",,"0000-00-00","0000-00-00","0000-00-00"
"TD18120427","2018-11-26","Supply and Delivery of Materials for Projects and Maintenance","2018-11-30","10:00","10161194","adverts/1543913636RFQ- materials 26.11.doc","2018-12-04 10:53:57",,"0000-00-00","0000-00-00","0000-00-00"
"TD18120436","2018-11-26","Supply of 9m Wood Poles for Mashava.","2018-11-30","10:00","10139164","adverts/1543925689RFQ- 9m Wood Poles 26.11.doc","2018-12-04 14:14:49",,"0000-00-00","0000-00-00","0000-00-00"
"TD18120437","2018-11-26","Supply and Delivery of Materials for Projects and Maintenance","2018-10-28","10:00","10161190","adverts/RFQ- projects materials 26.11.doc","2018-12-04 10:00:43",,"0000-00-00","0000-00-00","0000-00-00"
"TD18120441","2018-11-26","Supply of 11m Wood Poles for Mutare Urban.","2018-11-30","10:00","10139168","adverts/1543926952RFQ- 11m Wood Poles 2 26.11.doc","2018-12-04 14:35:53",,"0000-00-00","0000-00-00","0000-00-00"
"TD18120450","2018-11-26","Supply of 9m Wood Poles for Mutare Urban.","2018-11-30","10:00","10139153","adverts/1543922097RFQ- 9m Wood Poles 26.11.doc","2018-12-04 13:14:57",,"0000-00-00","0000-00-00","0000-00-00"
"TD18120451","2018-11-26","Supply and Delivery of Materials for Nyakomba A & D Civils","2018-11-30","10:00","10160122","adverts/1543921758RFQ- Nyakomba materials 26.11.doc","2018-12-04 13:09:19",,"0000-00-00","0000-00-00","0000-00-00"
"TD18120460","2018-11-26","Supply of 9m Wood Poles for Nyanga.","2018-11-30","10:00","10139156","adverts/1543922980RFQ- 9m Wood Poles 26.11.doc","2018-12-04 13:29:40",,"0000-00-00","0000-00-00","0000-00-00"
"TD18120461","2018-11-26","Supply of 9m Wood Poles for Gutu.","2018-11-30","10:00","10139165","adverts/1543926059RFQ- 9m Wood Poles 26.11.doc","2018-12-04 14:21:00",,"0000-00-00","0000-00-00","0000-00-00"
"TD18120464","2018-11-26","Supply of 11m Wood Poles for Mutare Urban.","2018-11-30","10:00","10139167","adverts/RFQ- 11m Wood Poles 2 26.11.doc","2018-12-04 14:29:22",,"0000-00-00","0000-00-00","0000-00-00"
"TD18120468","2018-11-26","Supply of 9m Wood Poles for Chpinge.","2018-11-30","10:00","10139158","adverts/1543923221RFQ- 9m Wood Poles 26.11.doc","2018-12-04 13:33:41",,"0000-00-00","0000-00-00","0000-00-00"
"TD18120474","2018-11-26","Supply and Delivery of Materials for Projects and Maintenance","2018-11-30","10:00","10161195","adverts/1543914553RFQ- materials 26.11.doc","2018-12-04 11:09:14",,"0000-00-00","0000-00-00","0000-00-00"
"TD18120485","2018-11-26","Supply and Delivery of Materials for Projects and Maintenance","2018-11-30","10:00","10161347","adverts/1543915720RFQ- materials 26.11.doc","2018-12-04 11:28:41",,"0000-00-00","0000-00-00","0000-00-00"
"TD18120486","2018-11-26","Supply and Delivery of Materials for Nyakomba A & D Civils","2018-11-30","10:00","10160122","adverts/RFQ- Nyakomba materials 26.11.doc","2018-12-04 12:16:23",,"0000-00-00","0000-00-00","0000-00-00"
"TD18120493","2018-11-26","Supply and Delivery of Materials for Nyakomba A & D Civils","2018-11-30","10:00","10160123","adverts/1543919843RFQ- Nyakomba materials 26.11.doc","2018-12-04 12:37:24",,"0000-00-00","0000-00-00","0000-00-00"
"TD18120494","2018-11-26","Supply of 9m Wood Poles for Masvingo.","2018-11-30","10:00","10139162","adverts/1543925268RFQ- 9m Wood Poles 26.11.doc","2018-12-04 14:07:49",,"0000-00-00","0000-00-00","0000-00-00"
"TD18120495","2018-11-26","Supply and Delivery of Materials for Projects and Maintenance","2018-11-30","10:00","10161193","adverts/1543912723RFQ- materials 26.11.doc","2018-12-04 10:38:43",,"0000-00-00","0000-00-00","0000-00-00"
"TD18120496","2018-11-26","Supply of 9m Wood Poles for Mutare Environs.","2018-11-30","10:00","10139154","adverts/1543922621RFQ- 9m Wood Poles 26.11.doc","2018-12-04 13:23:41",,"0000-00-00","0000-00-00","0000-00-00"
"TD1812051","2018-11-26","Supply of 12.6m Wood Poles for Middle Sabi.","2018-11-30","10:00","10139200","adverts/1544005714RFQ- 12m Wood Poles  26.11.doc","2018-12-05 12:28:34",,"0000-00-00","0000-00-00","0000-00-00"
"TD18120513","2018-10-23","Stringing of Landing spans and erection of pole structures at ZCDC VR Station","2018-10-26","10:00","10158700","adverts/Scan1058 stringing.pdf","2018-12-05 14:09:49",,"0000-00-00","0000-00-00","0000-00-00"
"TD18120514","2018-11-23","Repair of Current Transformer from 400/1 to 800/1","2018-11-28","10:00","10160716","adverts/RFQ- CT Repair 23.11.doc","2018-12-05 09:49:38",,"0000-00-00","0000-00-00","0000-00-00"
"TD18120518","2018-11-26","Supply of 11m Wood Poles for Rutenga.","2018-11-30","10:00","10139188","adverts/1544000835RFQ- 11m Wood Poles 2 26.11.doc","2018-12-05 11:07:15",,"0000-00-00","0000-00-00","0000-00-00"
"TD18120526","2018-11-26","Supply and Delivery of Cellphones for Mutare Urban and Environs.","2018-11-30","10:00","10161267","adverts/RFQ- J7  26.11.doc","2018-12-05 15:04:41",,"0000-00-00","0000-00-00","0000-00-00"
"TD18120528","2018-11-26","Supply of 12.6m Wood Poles for Chipinge.","2018-11-30","10:00","10139199","adverts/1544004716RFQ- 12m Wood Poles  26.11.doc","2018-12-05 12:11:57",,"0000-00-00","0000-00-00","0000-00-00"
"TD1812053","2018-11-26","Supply of 12.6m Wood Poles for Mutare Urban.","2018-11-30","10:00","10139191","adverts/RFQ- 12m Wood Poles  26.11.doc","2018-12-05 11:30:49",,"0000-00-00","0000-00-00","0000-00-00"
"TD18120539","2018-11-26","Supply of 11m Wood Poles for Mutare Environs.","2018-11-30","10:00","10139171","adverts/1543998491RFQ- 11m Wood Poles 2 26.11.doc","2018-12-05 10:28:12",,"0000-00-00","0000-00-00","0000-00-00"
"TD1812054","2018-11-26","Supply of 12.6m Wood Poles for Mutare Environs.","2018-11-30","10:00","10139194","adverts/1544003114RFQ- 12m Wood Poles  26.11.doc","2018-12-05 11:45:15",,"0000-00-00","0000-00-00","0000-00-00"
"TD18120541","2018-11-26","Supply of 11m Wood Poles for Mashava.","2018-11-30","10:00","10139189","adverts/1544001304RFQ- 11m Wood Poles 2 26.11.doc","2018-12-05 11:15:05",,"0000-00-00","0000-00-00","0000-00-00"
"TD18120546","2018-11-26","Supply and Delivery of Timing Belt, Tierod Ends and Control Arms for Mitsubishi L200 ER2074.","2018-11-30","10:00","10151021","adverts/RFQ- mitsubishi  26.11.doc","2018-12-05 15:28:28",,"0000-00-00","0000-00-00","0000-00-00"
"TD18120547","2018-11-26","Supply of 11m Wood Poles for Middle Sabi.","2018-11-30","10:00","10139183","adverts/1544000154RFQ- 11m Wood Poles 2 26.11.doc","2018-12-05 10:55:55",,"0000-00-00","0000-00-00","0000-00-00"
"TD18120551","2018-11-26","Supply of 11m Wood Poles for Gutu.","2018-11-30","10:00","10139190","adverts/1544001694RFQ- 11m Wood Poles 2 26.11.doc","2018-12-05 11:21:35",,"0000-00-00","0000-00-00","0000-00-00"
"TD18120557","2018-11-26","Supply of 12.6m Wood Poles for Gutu.","2018-11-30","10:00","10139209","adverts/1544008921RFQ- 12m Wood Poles  26.11.doc","2018-12-05 13:22:02",,"0000-00-00","0000-00-00","0000-00-00"
"TD18120558","2018-11-26","Supply of 11m Wood Poles for Mutare Environs.","2018-11-30","10:00","10139172","adverts/1543998977RFQ- 11m Wood Poles 2 26.11.doc","2018-12-05 10:36:17",,"0000-00-00","0000-00-00","0000-00-00"
"TD18120559","2018-11-26","Supply of 11m Wood Poles for Mutare Environs.","2018-11-30","10:00","10139169","adverts/1543998095RFQ- 11m Wood Poles 2 26.11.doc","2018-12-05 10:21:35",,"0000-00-00","0000-00-00","0000-00-00"
"TD18120560","2018-11-26","Supply of 12.6m Wood Poles for Mutare Environs.","2018-11-30","10:00","10139197","adverts/1544003620RFQ- 12m Wood Poles  26.11.doc","2018-12-05 11:53:41",,"0000-00-00","0000-00-00","0000-00-00"
"TD18120562","2018-11-26","Supply of 12.6m Wood Poles for Mutare Environs.","2018-11-30","10:00","10139192","adverts/1544002583RFQ- 12m Wood Poles  26.11.doc","2018-12-05 11:36:23",,"0000-00-00","0000-00-00","0000-00-00"
"TD18120563","2018-11-26","Supply of 12.6m Wood Poles for Masvingo.","2018-11-30","10:00","10139204","adverts/1544006650RFQ- 12m Wood Poles  26.11.doc","2018-12-05 12:44:10",,"0000-00-00","0000-00-00","0000-00-00"
"TD18120571","2018-11-26","Supply of 12.6m Wood Poles for Chimanimani.","2018-11-30","10:00","10139202","adverts/1544006143RFQ- 12m Wood Poles  26.11.doc","2018-12-05 12:35:43",,"0000-00-00","0000-00-00","0000-00-00"
"TD18120572","2018-11-26","Supply of 12.6m Wood Poles for Rusape.","2018-11-30","10:00","10139197","adverts/1544005157RFQ- 12m Wood Poles  26.11.doc","2018-12-05 12:19:17",,"0000-00-00","0000-00-00","0000-00-00"
"TD18120578","2018-11-26","Supply and Delivery of Cylinder Head for Mazda BT50 for ER2085","2018-11-30","10:00","10159662","adverts/RFQ- cylinder head 26.11.doc","2018-12-05 15:42:14",,"0000-00-00","0000-00-00","0000-00-00"
"TD1812058","2018-11-26","Supply of 12.6m Wood Poles for Mashava.","2018-11-30","10:00","10139206","adverts/1544008566RFQ- 12m Wood Poles  26.11.doc","2018-12-05 13:16:06",,"0000-00-00","0000-00-00","0000-00-00"
"TD18120583","2018-11-26","Supply of 11m Wood Poles for Nyanga.","2018-11-30","10:00","10139177","adverts/1543999353RFQ- 11m Wood Poles 2 26.11.doc","2018-12-05 10:42:33",,"0000-00-00","0000-00-00","0000-00-00"
"TD18120584","2018-11-26","Supply of 11m Wood Poles for Chipinge.","2018-11-30","10:00","10139180","adverts/1543999816RFQ- 11m Wood Poles 2 26.11.doc","2018-12-05 10:50:16",,"0000-00-00","0000-00-00","0000-00-00"
"TD18120585","2018-11-26","Supply and Delivery of Materials for Nyakomba A & D Civils","2018-11-30","10:00","10160122","adverts/1544010399RFQ- Nyakomba materials 26.11.doc","2018-12-05 13:46:39",,"0000-00-00","0000-00-00","0000-00-00"
"TD18120586","2018-11-26","Supply of 12.6m Wood Poles for Rutenga.","2018-11-30","10:00","10139205","adverts/1544007027RFQ- 12m Wood Poles  26.11.doc","2018-12-05 12:50:28",,"0000-00-00","0000-00-00","0000-00-00"
"TD18120587","2018-11-26","Supply and Delivery of Materials for Nyakomba A & D Civils","2018-11-30","10:00","10160123","adverts/1544010753RFQ- Nyakomba materials 26.11.doc","2018-12-05 13:52:33",,"0000-00-00","0000-00-00","0000-00-00"
"TD18120589","2018-11-26","Supply of 11m Wood Poles for Mutare Urban.","2018-11-30","10:00","10139168","adverts/1543997067RFQ- 11m Wood Poles 2 26.11.doc","2018-12-05 10:04:27",,"0000-00-00","0000-00-00","0000-00-00"
"TD1812059","2018-11-26","Supply of 12.6m Wood Poles for Nyanga.","2018-11-30","10:00","10139198","adverts/1544004245RFQ- 12m Wood Poles  26.11.doc","2018-12-05 12:04:06",,"0000-00-00","0000-00-00","0000-00-00"
"TD18120590","2018-11-26","Supply and Delivery of Materials for Projects and Maintenance","2018-11-30","10:00","10161196","adverts/1544009587RFQ- projects materials 26.11.doc","2018-12-05 13:33:07",,"0000-00-00","0000-00-00","0000-00-00"
"TD18120717","2018-12-03","Supply and Delivery of Paints for Megawatt Building","2018-12-07","10:00","10152748","adverts/1544178354RFQ- megawatt paint 03.12.doc","2018-12-07 12:25:55",,"0000-00-00","0000-00-00","0000-00-00"
"TD18120731","2018-10-23","Supply and Delivery of Electrical Items for Jotali Building ","2018-10-26","10:00","10156665","adverts/Electrical items.docx","2018-12-07 11:27:16",,"0000-00-00","0000-00-00","0000-00-00"
"TD18120738","2018-10-23","Labour for Tiling Jotali Office","2018-10-26","10:00","10153057","adverts/1544173445Tiling.docx","2018-12-07 11:04:06",,"0000-00-00","0000-00-00","0000-00-00"
"TD18120748","2018-12-03","Supply and Delivery of Paint for Megawatt Building","2018-12-07","10:00","10152748","adverts/RFQ- megawatt paint 03.12.doc","2018-12-07 12:06:16",,"0000-00-00","0000-00-00","0000-00-00"
"TD18120749","2018-10-23","Labour for Tiling Jotali Office","2018-10-26","10:00","10153057","adverts/Tiling.docx","2018-12-07 10:49:49",,"0000-00-00","0000-00-00","0000-00-00"
"TD18120791","2018-10-23","Supply and Delivery of Electrical Items for Jotali Building ","2018-10-26","10:00","10156665","adverts/1544175658Electrical items.docx","2018-12-07 11:41:01",,"0000-00-00","0000-00-00","0000-00-00"
"TD18121120","2018-12-03","Supply and Delivery of Electronic Injector Pump for Nissan UD95 F/N ER2192","2018-12-07","10:00","10159659","adverts/RFQ- Injector Pump 04.12.doc","2018-12-11 10:45:42",,"0000-00-00","0000-00-00","0000-00-00"
"TD18121134","2018-12-03","Supply and Delivery of 683 Batteries for ER2601","2018-12-07","10:00","10152850","adverts/RFQ- batteries 03.12.doc","2018-12-11 11:19:22",,"0000-00-00","0000-00-00","0000-00-00"
"TD18121138","2018-12-04","Supply and Delivery of Paints for Mutare Urban.","2018-12-07","10:00","10161696","adverts/1544521861RFQ- paints Urban 04.12.doc","2018-12-11 11:51:01",,"0000-00-00","0000-00-00","0000-00-00"
"TD18121148","2018-12-04","Supply and Delivery of Paints for Mutare Urban.","2018-12-07","10:00","10161695","adverts/RFQ- paints Urban 04.12.doc","2018-12-11 11:45:27",,"0000-00-00","0000-00-00","0000-00-00"
"TD18121161","2018-12-03","Supply and Delivery of center bearing and control arms for Nissan NP300 F/n ER2134","2018-12-07","10:00","10150973","adverts/RFQ- nissan np 03.12.doc","2018-12-11 10:55:03",,"0000-00-00","0000-00-00","0000-00-00"
"TD18121168","2018-12-03","Supply and Delivery of Clutch Kit for Nissan NP300 4WD ER2159","2018-12-07","10:00","10155447","adverts/RFQ- Clutch kit 03.12.doc","2018-12-11 11:31:59",,"0000-00-00","0000-00-00","0000-00-00"
"TD18121431","2018-12-10","Supply and Delivery of MCB S/P AC 60AMP","2018-12-12","10:00","10161305","adverts/RFQ- mcbs 10.12.doc","2018-12-14 11:46:00",,"0000-00-00","0000-00-00","0000-00-00"
"TD18121433","2018-12-06","Supply and Delivery of First Aid Kit Refills for Mutare Environs.","2018-12-12","10:00","10157517","adverts/RFQ - First Aid kits 06.12.docx","2018-12-14 09:33:02",,"0000-00-00","0000-00-00","0000-00-00"
"TD18121440","2018-12-10","Supply and Delivery of Shrack Relays 50v DC","2018-12-12","10:00","10132623","adverts/1544780020RFQ- materials zcdc 10.12.doc","2018-12-14 11:33:40",,"0000-00-00","0000-00-00","0000-00-00"
"TD18121453","2018-12-10","Supply and Delivery of 5000Lt Plastic Water Tank for Middle Sabi","2018-12-12","10:00","10160151","adverts/RFQ- tank 10.12.doc","2018-12-14 12:30:03",,"0000-00-00","0000-00-00","0000-00-00"
"TD18121456","2018-12-10","Supply and Delivery of Soap Bars for Mutare District.","2018-12-12","10:00","10161952","adverts/1544775934RFQ- Soap bars 10.12.doc","2018-12-14 10:25:35",,"0000-00-00","0000-00-00","0000-00-00"
"TD18121460","2018-12-10","Supply and Delivery of Panel MCBs 50v/220V DC/AC Double Pole 5A/15A","2018-12-12","10:00","10131442","adverts/1544780400RFQ- materials zcdc 10.12.doc","2018-12-14 11:40:00",,"0000-00-00","0000-00-00","0000-00-00"
"TD18121465","2018-12-10","Supply and Delivery of Soap Bars for Stores.","2018-12-12","10:00","10161302","adverts/1544777004RFQ- Soap bars 10.12.doc","2018-12-14 10:43:25",,"0000-00-00","0000-00-00","0000-00-00"
"TD18121468","2018-12-10","Supply and Delivery of 200mm Cast iron 3 Bolt Gun Clamps","2018-12-12","10:00","10157637","adverts/1544782884RFQ- materials zcdc 10.12.doc","2018-12-14 12:21:24",,"0000-00-00","0000-00-00","0000-00-00"
"TD18121472","2018-12-10","Supply and Delivery of 200mm PG Clamps 2 Bolts Al/Al","2018-12-12","10:00","10161196","adverts/1544778555RFQ- materials zcdc 10.12.doc","2018-12-14 11:09:16",,"0000-00-00","0000-00-00","0000-00-00"
"TD18121479","2018-12-10","Supply and Delivery of Soap Bars for Stores.","2018-12-12","10:00","10161304","adverts/1544776444RFQ- Soap bars 10.12.doc","2018-12-14 10:34:04",,"0000-00-00","0000-00-00","0000-00-00"
"TD18121481","2018-12-10","Supply and Delivery of Soap Bars for Mutare District.","2018-12-12","10:00","10161952","adverts/RFQ- Soap bars 10.12.doc","2018-12-14 10:01:23",,"0000-00-00","0000-00-00","0000-00-00"
"TD18121484","2018-12-06","Supply and Delivery of First Aid Kit Refills for Mutare Urban.","2018-12-12","10:00","10157518","adverts/1544773241RFQ - First Aid kits 06.12.docx","2018-12-14 09:40:41",,"0000-00-00","0000-00-00","0000-00-00"
"TD18121493","2018-12-10","Supply and Delivery of Cellphones for Mutare Urban and Environs.","2018-12-12","10:00","10161267","adverts/RFQ- J7  10.12.doc","2018-12-14 09:51:34",,"0000-00-00","0000-00-00","0000-00-00"
"TD18121495","2018-12-10","Supply and Delivery of  4mm Lugs ","2018-12-12","10:00","10132583","adverts/RFQ- materials zcdc 10.12.doc","2018-12-14 10:54:41",,"0000-00-00","0000-00-00","0000-00-00"
"TD18121712","2018-12-06","Supply and Delivery of Frontline Uniforms","2018-12-12","10:00","10161463","adverts/RFQ - Uniforms 04.12.docx","2018-12-17 11:11:18",,"0000-00-00","0000-00-00","0000-00-00"
"TD18121713","2018-12-12","Supply and Delivery of Exterior door saligna","2018-12-14","10:00","10143120","adverts/1545050188RFQ- Tyres 12.12.doc","2018-12-17 14:36:29",,"0000-00-00","0000-00-00","0000-00-00"
"TD18121715","2018-12-12","Supply and Delivery of Office Desks for Maintenance Engineer.","2018-12-14","10:00","10162721","adverts/1545040251RFQ- Desks 12.12.doc","2018-12-17 11:50:51",,"0000-00-00","0000-00-00","0000-00-00"
"TD18121717","2018-12-12","Supply and Fitting of New Tyres 175/70R13 for F/N ER2084","2018-12-14","10:00","10158689","adverts/1545050833RFQ- Tyres 12.12.doc","2018-12-17 14:47:14",,"0000-00-00","0000-00-00","0000-00-00"
"TD18121719","2018-12-12","Supply and Delivery of Office Desks for Chief Risk Officer","2018-12-14","10:00","10162722","adverts/1545040508RFQ- Desks 12.12.doc","2018-12-17 11:55:08",,"0000-00-00","0000-00-00","0000-00-00"
"TD1812173","2018-12-12","Supply and Fitting of New Tyres 175/70R13 for F/N ER2084","2018-12-14","10:00","10158689","adverts/1545050771RFQ- Tyres 12.12.doc","2018-12-17 14:46:11",,"0000-00-00","0000-00-00","0000-00-00"
"TD18121730","2018-12-12","Supply and Delivery of Materials for ZCDC and Nyakomba.","2018-12-14","10:00","10140731","adverts/1545050525RFQ- materials zcdc 2 12.12.doc","2018-12-17 14:42:05",,"0000-00-00","0000-00-00","0000-00-00"
"TD18121747","2018-12-10","Supply and Delivery of New tyres 205/70R15 for F/N2042","2018-12-12","10:00","10161880","adverts/RFQ- Tyres 10.12.doc","2018-12-17 14:22:19",,"0000-00-00","0000-00-00","0000-00-00"
"TD18121763","2018-12-12","Supply and Delivery of Exterior Door","2018-12-14","10:00","10143174","adverts/RFQ- materials zcdc 2 12.12.doc","2018-12-17 14:38:57",,"0000-00-00","0000-00-00","0000-00-00"
"TD18121766","2018-12-12","Supply and Delivery of 5000Lt Plastic Water Tank for GM Residence","2018-12-14","10:00","10162717","adverts/RFQ- tank 12.12.doc","2018-12-17 11:36:10",,"0000-00-00","0000-00-00","0000-00-00"
"TD18121769","2018-12-10","Supply and Delivery of Cellphones for IT.","2018-12-12","10:00","10161919","adverts/RFQ- J7 Prime 05.12.doc","2018-12-17 10:55:57",,"0000-00-00","0000-00-00","0000-00-00"
"TD1812177","2018-12-06","Supply and Delivery of HP310A Catridges for Risk Office.","2018-12-12","10:00","10160120","adverts/RFQ- toner risk 06.12.doc","2018-12-17 12:37:00",,"0000-00-00","0000-00-00","0000-00-00"
"TD18121770","2018-12-12","Supply and Fitting of New Tyres 175/70R13 for F/N ER2086","2018-12-14","10:00","10158688","adverts/1545051153RFQ- Tyres 12.12.doc","2018-12-17 14:52:33",,"0000-00-00","0000-00-00","0000-00-00"
"TD18121773","2018-12-06","Crane Hire to ferry transformer from Mashava to Harare.","2018-12-12","10:00","10162207","adverts/RFQ- Crane hire mashava 06.12.doc","2018-12-17 14:57:01",,"0000-00-00","0000-00-00","0000-00-00"
"TD18121778","2018-12-12","Supply and Delivery of 230 Heavy Duty Double door frame","2018-12-14","10:00","10162747","adverts/RFQ- Tyres 12.12.doc","2018-12-17 14:33:47",,"0000-00-00","0000-00-00","0000-00-00"
"TD18121782","2018-12-12","Supply and Delivery of Tiles for Middle Sabi","2018-12-14","10:00","10159647","adverts/RFQ- tiles for middle sabi 12.12.doc","2018-12-17 12:01:45",,"0000-00-00","0000-00-00","0000-00-00"
"TD18121789","2018-12-12","Supply and Delivery of Office Desks for HR Manager","2018-12-14","10:00","10162718","adverts/RFQ- Desks 12.12.doc","2018-12-17 11:42:07",,"0000-00-00","0000-00-00","0000-00-00"
"TD1812179","2018-12-12","Labour for Painting Ceiling at Jotali building measuring approx. 109m2","2018-12-14","10:00","10162568","adverts/RFQ - labour for painting jotali ceiling 12.12.doc","2018-12-17 11:28:07",,"0000-00-00","0000-00-00","0000-00-00"
"TD18121790","2018-12-06","Crane Hire to ferry transformer from Osbourne to Harare.","2018-12-12","10:00","10162205","adverts/RFQ- Crane hire osbourne 06.12.doc","2018-12-17 15:03:30",,"0000-00-00","0000-00-00","0000-00-00"
"TD18121793","2018-12-12","Supply and Delivery of UTP Cable for Jotali Networking Project.","2018-12-14","10:00","10162617","adverts/RFQ- UTP Cable 12.12.doc","2018-12-17 10:30:01",,"0000-00-00","0000-00-00","0000-00-00"
"TD18121794","2018-12-12","Supply and Delivery of Office Desks for Network Engineer","2018-12-14","10:00","10162720","adverts/1545040016RFQ- Desks 12.12.doc","2018-12-17 11:46:56",,"0000-00-00","0000-00-00","0000-00-00"
"TD18121795","2018-12-12","Supply and Delivery of Paint for Executive Guest House.","2018-12-14","10:00","10162676","adverts/RFQ- Paints Exc Guest hse 12.12.doc","2018-12-17 12:23:00",,"0000-00-00","0000-00-00","0000-00-00"
"TD19011494","2019-01-08","Supply and delivery of Cellphones for IT (Bsn Excellence)","2019-01-11","10:00","10161919","adverts/RFQ Mobile Phones for IT 2019.doc","2019-01-14 17:06:44","10161919","2019-01-08","2019-01-11","2019-01-14"
"TD19021330","2019-02-06","Supply and delivery of A5 Note Books Eastern Region","2019-02-11","10:00","10164711","adverts/1550050517A4  A5 Note Books RFQs.2019doc.doc","2019-02-13 11:35:18","10164711","2019-02-06","2019-02-11","2019-02-12"
"TD19021387","2019-02-06","Supply and delivery of 180 x A5 & 12 X A4 Note book","2019-02-11","10:00","10164710","adverts/A4  A5 Note Books RFQs.2019doc.doc","2019-02-13 11:19:15","10164710","2019-02-06","2019-02-11","2019-02-12"
"TD19021440","2019-02-06","Supply and delivery of Acid Proof Worksuit for Maintenance ","2019-02-11","10:00","10164041","adverts/RFQ 10164040 Antislip Safety Shoes 2019.doc","2019-02-14 15:42:33","10164041","2019-02-06","2019-02-11","2019-02-14"
"TD19021443","2019-02-06","Supply and delivery of Acid Proof Worksuit for Maintenance ","2019-02-11","10:00","10164041","adverts/1550152379RFQ 10164040 Antislip Safety Shoes 2019.doc","2019-02-14 15:53:00","10164041","2019-02-06","2019-02-11","2019-02-14"
"TD1902153","2019-02-06","Supply and delivery of 15 Anti slip shoes for Maintenance","2019-02-11","10:00","10164040","adverts/1550235033RFQ 10164040 Antislip Safety Shoes 2019.doc","2019-02-15 14:50:33","10164040","2019-02-06","2019-02-11","2019-02-14"
"TD19021821","2019-01-29","Servicing of Under ground fuel tanks at Mutare Depot","2019-02-01","10:00","10162445","adverts/RFQ 10162445 Fuel Tanks services 2nd 2019.doc","2019-02-18 15:54:40","10162445","2019-01-29","2019-02-11","2019-02-18"
"TD19021832","2019-02-11","Supply and delivery of Battery 671","2019-02-15","10:00","10161455","adverts/1550495024RFQ- Batteries Various 2019.doc","2019-02-18 15:03:45","10161455","2019-02-11","2019-02-15","2019-02-18"
"TD19021845","2019-02-11","Supply and delivery of 650 battery ","2019-02-15","10:00","10163742","adverts/RFQ- Batteries Various 2019.doc","2019-02-18 14:32:35","10163742","2019-02-11","2019-02-15","2019-02-18"
"TD19021886","2019-01-08","Servicing of Under ground fuel tanks at Masvingo Depot","2019-01-11","10:00","10163229","adverts/1550498415RFQ 10162445 Fuel Tanks services 2019.doc","2019-02-18 16:00:15","10163229","2019-01-08","2019-02-11","2019-02-18"
"TD19021899","2019-01-08","Servicing of Under ground fuel tanks at Masvingo Depot","2019-01-11","10:00","10163229","adverts/RFQ 10162445 Fuel Tanks services 2019.doc","2019-02-18 15:44:06","10163229","2019-01-08","2019-02-11","2019-02-18"
"TD19022022","2019-02-11","Supply and delivery of Battery 650","2019-02-15","10:00","10163743","adverts/1550676880RFQ- Batteries Various 2019.doc","2019-02-20 17:34:40","10163743","2019-02-11","2019-02-15","2019-02-20"
"TD19022037","2019-02-12","Supply and delivery of Cylinder head for Mazda BT50","2019-02-19","10:00","10159662","adverts/RFQ- Cylinder head 2019.doc","2019-02-20 11:44:17","10159662","2019-02-12","2019-02-19","2019-02-20"
"TD19022046","2019-02-11","Supply and delivery of Battery 622","2019-02-13","10:00","10163744","adverts/1550678365RFQ- Batteries Various 2019.doc","2019-02-20 17:59:25","10163744","2019-02-11","2019-02-15","2019-02-20"
"TD1902205","2019-02-11","Supply and delivery of Battery 671","2019-02-15","10:00","10163745","adverts/1550675964RFQ- Batteries Various 2019.doc","2019-02-20 17:19:24","10163745","2019-02-11","2019-02-15","2019-02-20"
"TD19022054","2019-02-11","Supply and delivery of Battery 650","2019-02-15","10:00","10163741","adverts/1550677370RFQ- Batteries Various 2019.doc","2019-02-20 17:42:51","10163741","2019-02-11","2019-02-15","2019-02-20"
"TD19022097","2019-02-11","Supply and delivery of Battery 650","2019-02-15","10:00","10163740","adverts/1550677961RFQ- Batteries Various 2019.doc","2019-02-20 17:52:41","10163740","2019-02-11","2019-02-15","2019-02-20"
"TD19022099","2019-02-06","Supply and delivery of building material","2019-02-11","10:00","10165616","adverts/RFQ 10165616 GM residence 2019.doc","2019-02-20 15:36:39","10165616","2019-02-06","2019-02-11","2019-02-20"
"TD19022224","2019-02-11","Supply and delivery of Battery 671","2019-02-20","10:00","10163169","adverts/1550815436RFQ- Batteries Various 2019.doc","2019-02-22 08:03:57","10163169","2019-02-11","2019-02-15","2019-02-22"
"TD19022252","2019-02-11","Supply and delivery of Battery 650","2019-02-15","10:00","10161456","adverts/1550816235RFQ- Batteries Various 2019.doc","2019-02-22 08:17:16","1016456","2019-02-11","2019-02-15","2019-02-20"
"TD19022512","2019-02-11","Supply and delivery of 33kV D' Fuse Mounts ","2019-02-15","10:00","10165722","adverts/1551101975RFQ- Stock materials 2019.doc","2019-02-25 15:39:36","10165722","2019-02-11","2019-02-15","2019-02-25"
"TD19022514","2019-02-13","Supply and delivery of Paint for Substations - Maintenance","2019-02-19","10:00","10166470","adverts/RFQ 10166470 Paint for Substaion 2019.doc","2019-02-25 10:44:16","10166470","2019-02-13","2019-02-19","2019-02-25"
"TD19022516","2019-02-13","Supply and delivery of Degreaser for Maintenance","2019-02-19","10:00","10166466","adverts/RFQ 10166466 Degreaser 2019.doc","2019-02-25 14:47:24","10166466","2019-02-13","2019-02-19","2019-02-25"
"TD19022524","2019-02-13","Supply and delivery of Cement for projects","2019-02-19","10:00","10166465","adverts/RFQ 10166455 Cement 2019.doc","2019-02-25 10:07:52","10166465","2019-02-13","2019-02-15","2019-02-25"
"TD19022537","2019-02-13","Supply and delivery of Cellphone for B. Kusereke ","2019-02-19","10:00","10167146","adverts/RFQ 10167146 Cellphone for B. Kusereka 2019.doc","2019-02-25 09:20:00","10167146","2019-02-13","2019-02-19","2019-02-25"
"TD19022561","2019-02-11","Supply and delivery of MCB 60 amp Single Phase  ","2019-02-15","10:00","10165696","adverts/RFQ- Stock materials 2019.doc","2019-02-25 15:21:09","10165696","2019-02-11","2019-02-15","2019-02-25"
"TD1902261","2019-02-13","Supply and delivery of  Fourth Estate A5 Note Books","2019-02-18","10:00","10164711","adverts/1551162618A4  A5 Note Books RFQs.2019doc.doc 2nd.doc","2019-02-26 08:30:18","10164711","2019-02-13","2019-02-19","2019-02-25"
"TD19022611","2019-02-11","Supply and delivery of 3/4 stay plates","2019-02-15","10:00","10165707","adverts/1551172915RFQ- Stock materials 2019.doc","2019-02-26 11:21:55","10165707","2019-02-11","2019-02-15","2019-02-25"
"TD19022616","2019-02-11","Supply and delivery of 11Kv D'Fuse mounts","2019-02-15","10:00","10165720","adverts/1551165770RFQ- Stock materials 2019.doc","2019-02-26 09:22:50","10165720","2019-02-11","2019-02-15","2019-02-25"
"TD1902263","2019-02-11","Supply and delivery of 3/4 Stay Rods ","2019-02-13","10:00","10165706","adverts/1551190790RFQ- Stock materials 2019.doc","2019-02-26 16:19:50","10165706","2019-02-11","2019-02-15","2019-02-25"
"TD19022639","2019-02-11","Supply and delivery of 5/8 stay rods ","2019-02-15","10:00","10165713","adverts/1551174463RFQ- Stock materials 2019.doc","2019-02-26 11:47:43","10165713","2019-02-11","2019-02-15","2019-02-25"
"TD19022644","2019-02-15","Supply and delivery of Ipad for Commercial manager","2019-02-18","10:00","10167474","adverts/RFQ- Ipads  22 01 for Commercial Mger 2019.doc","2019-02-26 07:56:12","10167474","2019-02-15","2019-02-19","2019-02-25"
"TD19022646","2019-02-06","Supply and delivery of HPCE Cartridges for Risk","2019-02-11","10:00","10165991","adverts/RFQ 10165991 HPCE 312A Yellow Toner 2019.doc","2019-02-26 08:08:17","10165991","2019-02-06","2019-02-11","2019-02-25"
"TD19022682","2019-02-13","Supply and delivery of A4 & A5 Note Books for Regional Office","2019-02-18","10:00","10164710","adverts/A4  A5 Note Books RFQs.2019doc.doc 2nd.doc","2019-02-26 08:21:03","10164710","2019-02-13","2019-02-19","2019-02-25"
"TD19022683","2019-02-11","Supply and delivery of 5/8 Stay plates","2019-02-15","10:00","10165708","adverts/1551171895RFQ- Stock materials 2019.doc","2019-02-26 11:04:55","10165708","2019-02-11","2019-02-15","2019-02-25"
"TD19022743","2019-02-11","Supply and delivery of Stay Brackets and 5/8 Stay Washer","2019-02-15","10:00","10165711","adverts/1551248260RFQ- Stock materials 2019.doc","2019-02-27 08:17:40","10165711","2019-02-11","2019-02-15","2019-02-25"
"TD19022837","2019-02-13","Supply and delivery of Paint for Substation - Maintenance","2019-02-19","10:00","10166470","adverts/1551359193RFQ 10166470 Paint for Substaion 2019.doc","2019-02-28 15:06:33","10166470","2019-02-13","2019-02-19","2019-02-25"
"TD19022885","2019-02-06","Supply and delivery of Acid Proof Worksuit for Maintenance ","2019-02-11","10:00","10164041","adverts/1551358535RFQ 10164040 Antislip Safety Shoes 2019.doc","2019-02-28 14:55:35","10164041","2019-02-06","2019-02-11","2019-02-22"
"TD19030513","2019-02-06","Supply and delivery of Acid Proof Worksuit for Maintenance ","2019-02-11","10:00","10164041","adverts/1551774353RFQ 10164040 Antislip Safety Shoes 2019.doc","2019-03-05 10:25:54","10164041","2019-02-06","2019-02-11","2019-02-25"
"TD19030523","2019-02-13","Supply and delivery of A4 & A5 Note Books for Regional Office","2019-02-18","10:00","10164710","adverts/1551780532A4  A5 Note Books RFQs.2019doc.doc","2019-03-05 12:08:53","10164710","2019-02-13","2019-02-18","2019-02-22"
"TD19030528","2019-02-11","Supply and delivery of Battery 622","2019-02-13","10:00","10163744","adverts/1551774905RFQ- Batteries Various 2019.doc","2019-03-05 10:35:05","10163744","2019-02-11","2019-02-13","2019-02-25"
"TD19030555","2019-02-11","Supply and delivery of 33kV D' Fuse Mounts ","2019-03-15","10:00","10165722","adverts/1551772507RFQ- Stock materials 2019.doc","2019-03-05 09:55:07","10165722","2019-02-11","2019-02-15","2019-02-22"
"TD19030564","2019-02-13","Supply and delivery of Paint for substation maintenance","2019-02-19","10:00","10166740","adverts/1551771708RFQ 10166470 Paint for Substaion 2019.doc","2019-03-05 09:41:49","10166740","2019-02-13","2019-02-19","2019-02-22"
"TD19030568","2019-02-11","Supply and delivery of 11Kv D'Fuse mounts","2019-02-15","10:00","10165720","adverts/1551781029RFQ- Stock materials 2019.doc","2019-03-05 12:17:09","10165720","2019-02-11","2019-02-15","2019-02-22"
"TD19030571","2019-02-13","Supply and delivery of Paint for Substation maintenance","2019-02-19","10:00","10166470","adverts/1551770213RFQ 10166470 Paint for Substaion 2019.doc","2019-03-05 09:16:53","10166470","2019-02-13","2019-02-19","2019-02-25"
"TD19030575","2019-02-11","Supply and delivery of Battery 622","2019-03-15","10:00","10163745","adverts/1551778785RFQ- Batteries Various 2019.doc","2019-03-05 11:39:46","10163745","2019-02-11","2019-02-15","2019-02-25"
"TD19030587","2019-02-11","Supply and delivery of Battery 622","2019-03-15","10:00","10163745","adverts/1551779351RFQ- Batteries Various 2019.doc","2019-03-05 11:49:11","10163745","2019-02-11","2019-02-15","2019-02-25"
"TD1903111","2019-02-22","Supply and Delivery of New tyres 245/70R16 for F/N2185","2019-02-26","10:00","10166411","adverts/1552301050RFQ tyres 2.pdf","2019-03-11 12:44:10","10166411","2019-02-22","2019-02-26","2019-03-11"
"TD19031117","2019-02-22","Supply and Delivery of New tyres 215R15 for F/N2136","2019-02-26","10:00","10166378","adverts/1552297323RFQ tyres 2.pdf","2019-03-11 11:42:03","10166378","2019-02-22","2019-02-26","2019-03-11"
"TD19031122","2019-02-22","Supply and Delivery of New tyres 245/70R16 for F/N2153","2019-02-26","10:00","10166404","adverts/1552302426RFQ tyres 1.pdf","2019-03-11 13:07:07","10166404","2019-02-22","2019-02-26","2019-03-11"
"TD19031123","2019-02-22","Supply and Delivery of New tyres 215R15 for F/N2131","2019-02-26","10:00","10166373","adverts/1552299519RFQ tyres 1.pdf","2019-03-11 12:18:39","10166373","2019-02-22","2019-02-26","2019-03-11"
"TD19031125","2019-02-22","Supply and Delivery of New tyres 1400R20 for F/N2198","2019-02-26","10:00","10165651","adverts/1552293432RFQ tyres 1.pdf","2019-03-11 10:37:13","10165651","2019-02-22","2019-02-26","2019-03-11"
"TD19031134","2019-02-22","Supply and Delivery of New tyres 245/70R16 for F/N2152","2019-02-26","10:00","10166406","adverts/1552298702RFQ tyres 1.pdf","2019-03-11 12:05:02","10166406","2019-02-22","2019-02-26","2019-03-11"
"TD19031135","2019-02-22","Supply and Delivery of New tyres 9R22.5 for F/N2109","2019-02-26","10:00","10166412","adverts/1552305637RFQ tyres 1.pdf","2019-03-11 14:00:37","10166412","2019-02-22","2019-02-26","2019-03-11"
"TD19031144","2019-02-22","Supply and Delivery of New tyres 215R15 for F/N3132","2019-02-26","10:00","10166380","adverts/RFQ tyres 2.pdf","2019-03-11 11:18:40","10166380","2019-02-22","2019-02-26","2019-03-11"
"TD19031151","2019-02-22","Supply and Delivery of New tyres 215R15 for F/N2138","2019-02-26","10:00","10166399","adverts/1552294724RFQ tyres 1.pdf","2019-03-11 10:58:44","10166399","2019-02-22","2019-02-26","2019-03-11"
"TD19031170","2019-02-22","Supply and Delivery of New tyres 215R15 for F/N2129","2019-02-26","10:00","10166400","adverts/1552296626RFQ tyres 2.pdf","2019-03-11 11:30:26","10166400","2019-02-22","2019-03-26","2019-03-11"
"TD19031180","2019-02-22","Supply and Delivery of New tyres 245/70R16 for F/N2195","2019-02-26","10:00","10166401","adverts/1552300245RFQ tyres 1.pdf","2019-03-11 12:30:45","10166401","2019-02-22","2019-02-26","2019-03-11"
"TD19031183","2019-02-22","Supply and Delivery of New tyres 9R22.5 for F/N2090","2019-02-26","10:00","10166413","adverts/RFQ tyres 1.pdf","2019-03-11 10:06:08","10166413","2019-02-22","2019-02-26","2019-03-11"
"TD19031189","2019-02-22","Supply and Delivery of New tyres 9R22.5 for F/N2120","2019-02-26","10:00","10166419","adverts/1552303830RFQ tyres 2.pdf","2019-03-11 13:30:30","10166419","2019-02-22","2019-02-26","2019-03-11"
"TD19031191","2019-02-22","Supply and Delivery of New tyres 215R15 for F/N2148","2019-02-26","10:00","10166374","adverts/1552304478RFQ tyres 1.pdf","2019-03-11 13:41:18","10166374","2019-02-22","2019-02-26","2019-03-11"
"TD19031196","2019-02-22","Supply and Delivery of 17 inch rim for Mazda BT 50 F/N 2199","2019-02-26","10:00","10166422","adverts/1552305208RFQ tyres 2.pdf","2019-03-11 13:53:28","10166422","2019-02-22","2019-02-26","2019-03-11"
"TD19031197","2019-02-22","Supply and Delivery of New tyres 245/70R16 for F/N2165","2019-02-26","10:00","10166403","adverts/1552301696RFQ tyres 2.pdf","2019-03-11 12:54:56","10166403","2019-02-22","2019-02-26","2019-03-11"
"TD19031213","2019-02-27","Supply and Delivery of Suspension materials for NP300 ","2019-03-04","10:00","10166483","adverts/RFQ suspension materials.pdf","2019-03-12 12:41:07","10166483","2019-02-27","2019-03-04","2019-03-12"
"TD19031274","2019-02-27","Supply and Delivery of Suspension materials for NP300 for Chipinge","2019-03-04","10:00","10166479","adverts/Suspension 2.pdf","2019-03-12 13:12:22","10166479","2019-02-27","2019-03-04","2019-03-12"
"TD1903142","2019-03-04","Hiring of 1 tonne truck - Rusape South","2019-03-08","10:00","10167102","adverts/1552573845RFQ - Hire.pdf","2019-03-14 16:30:45","10167102","2019-03-04","2019-03-08","2019-03-14"
"TD19031432","2019-03-04","Hiring of 1 tonne truck - Rusape","2019-03-08","10:00","10167105","adverts/RFQ - Hire.pdf","2019-03-14 16:01:42","10167105","2019-03-04","2019-03-08","2019-03-14"
"TD19031439","2019-03-04","Hiring of 1 tonne truck - Rusape East","2019-03-08","10:00","10167103","adverts/1552573409RFQ - Hire.pdf","2019-03-14 16:23:29","10167103","2019-03-04","2019-03-08","2019-03-14"
"TD19031446","2019-02-27","Supply and Fit of Air Conditioner 18000BTU for Masvingo","2019-03-04","10:00","10167219","adverts/RFQ air conditioner.pdf","2019-03-14 11:43:28","10167219","2019-02-27","2019-03-04","2019-03-14"
"TD19031447","2019-02-06","Labour for Repainting Staff houses at Environs Compound","2019-02-11","10:00","10165906","adverts/1552554976RFQ - Labour.pdf","2019-03-14 11:16:16","10165906","2019-02-06","2019-02-11","2019-03-14"
"TD19031474","2019-02-27","Supply and Delivery of Air Compressor 12000BTU for Accounting Officer Masvingo","2019-03-04","10:00","10164336","adverts/RFQ air compressor.pdf","2019-03-14 11:54:37","10164336","2019-02-27","2019-03-04","2019-03-14"
"TD1903148","2019-03-04","Hiring of 1 tonne truck - Rusape","2019-03-08","10:00","10167104","adverts/1552573004RFQ - Hire.pdf","2019-03-14 16:16:45","10167104","2019-03-04","2019-03-08","2019-03-14"
"TD19031495","2019-02-06","Labour for Repainting Staff houses at Environs Compound","2019-02-11","10:00","10165906","adverts/RFQ - Labour.pdf","2019-03-14 10:47:12","10165906","2019-02-06","2019-02-11","2019-03-14"
"TD19031511","2019-02-27","Supply and Delivery of 3/4 Stay Rods","2019-03-01","10:00","10166559","adverts/1552651735RFQ - stock materials 3.pdf","2019-03-15 14:08:55","10166559","2019-02-27","2019-03-01","2019-03-15"
"TD19031512","2019-03-04","Supply and Delivery of Pole saver rods","2019-03-07","10:00","10168012","adverts/RFQ - pole saver.pdf","2019-03-15 10:40:29","10168012","2019-03-04","2019-03-07","2019-03-15"
"TD19031513","2019-02-27","Supply and Delivery of 33kV D Mounts c/w carrier","2019-03-01","10:00","10167764","adverts/RFQ - stock materials 2.pdf","2019-03-15 12:53:08","10167764","2019-02-27","2019-03-01","2019-03-15"
"TD19031518","2019-02-27","Supply and Delivery of 11kV Wood Crossarms","2019-03-01","10:00","10166607","adverts/1552652911RFQ - stock materials 2.pdf","2019-03-15 14:28:32","10166607","2019-02-27","2019-03-01","2019-03-15"
"TD19031524","2019-02-27","Supply and Delivery of 60 amps S/P","2019-03-01","10:00","10166524","adverts/1552645241RFQ - stock materials 3.pdf","2019-03-15 12:20:42","10166524","2019-02-27","2019-03-01","2019-03-15"
"TD19031528","2019-02-27","Supply and Delivery of 11kV wood crossarms","2019-03-01","10:00","10166608","adverts/1552643516RFQ - stock materials 3.pdf","2019-03-15 11:51:56","10166608","2019-02-27","2019-03-01","2019-03-15"
"TD1903153","2019-02-27","Supply and Delivery of 3/4 Stay washer","2019-03-01","10:00","10167668","adverts/1552647993RFQ - stock materials 2.pdf","2019-03-15 13:06:33","10167668","2019-02-27","2019-03-01","2019-03-15"
"TD19031531","2019-02-27","Supply and Delivery of Stock Materials (5/8 Stay rods)","2019-03-01","10:00","10166582","adverts/RFQ - stock materials 3.pdf","2019-03-15 10:57:00","10166582","2019-02-27","2019-03-01","2019-03-15"
"TD19031536","2019-02-27","Supply and Delivery of 5/8 Stay Washers","2019-03-01","10:00","10166565","adverts/1552644097RFQ - stock materials 3.pdf","2019-03-15 12:01:37","10166565","2019-02-27","2019-03-01","2019-03-15"
"TD19031540","2019-02-27","Supply and Delivery of 3/4 Stay Rods","2019-03-01","10:00","10166559","adverts/1552644830RFQ - stock materials 3.pdf","2019-03-15 12:13:51","10166559","2019-02-27","2019-03-01","2019-03-15"
"TD19031543","2019-02-27","Supply and Delivery of 5/8 Stay Washers","2019-03-01","10:00","10167675","adverts/1552649832RFQ - stock materials 2.pdf","2019-03-15 13:37:12","10167675","2019-02-27","2019-03-01","2019-03-15"
"TD19031546","2019-02-27","Supply and Delivery of Materials for Stores ( 3/4 Stay Plates)","2019-03-01","10:00","10166560","adverts/1552642036RFQ - stock materials 3.pdf","2019-03-15 11:27:16","10166560","2019-02-27","2019-03-01","2019-03-15"
"TD19031553","2019-02-27","Supplyand Delivery of Stock Materials (Line taps 50mm)","2019-03-01","10:00","10166583","adverts/1552641495RFQ - stock materials 3.pdf","2019-03-15 11:18:15","10166583","2019-02-27","2019-03-01","2019-03-15"
"TD19031558","2019-02-27","Supply and Delivery of PG Clamps 50-100mm Al/Al","2019-03-01","10:00","10166523","adverts/1552648858RFQ - stock materials 3.pdf","2019-03-15 13:20:58","10166523","2019-02-27","2019-03-01","2019-03-15"
"TD19031559","2019-02-27","Supply and Delivery of 5/8 Stay Rods","2019-03-01","10:00","10167676","adverts/1552653650RFQ - stock materials 2.pdf","2019-03-15 14:40:51","10167676","2019-02-27","2019-02-01","2019-03-15"
"TD1903156","2019-02-27","Supply and Delivery of 11kV d mounts c/w carrier","2019-03-01","10:00","10167763","adverts/1552655230RFQ - stock materials 2.pdf","2019-03-15 15:07:10","10167763","2019-02-27","2019-02-27","2019-03-15"
"TD19031565","2019-02-27","Supply and Delivery of 11kV d mounts c/w carrier","2019-03-01","10:00","10166597","adverts/1552645830RFQ - stock materials 3.pdf","2019-03-15 12:30:31","10166597","2019-02-27","2019-03-01","2019-03-15"
"TD19031568","2019-03-04","Supply and Delivery of Bioguard Belts for Maintenance","2019-03-07","10:00","10168010","adverts/RFQ - Bio belts.pdf","2019-03-15 10:30:23","10168010","2019-03-04","2019-03-07","2019-03-15"
"TD19031569","2019-02-27","Supply and Delivery of 3/4 Stay Rods","2019-03-01","10:00","10167665","adverts/1552654164RFQ - stock materials 2.pdf","2019-03-15 14:49:25","10167665","2019-02-27","2019-03-01","2019-03-15"
"TD1903157","2019-02-27","Supply and Delivery of 33kV Wood Crossarms","2019-03-01","10:00","10166610","adverts/1552652343RFQ - stock materials 2.pdf","2019-03-15 14:19:03","10166610","2019-02-27","2019-03-01","2019-03-15"
"TD19031570","2019-02-27","Supply and Delivery of 33kV Wood Crossarms","2019-03-01","10:00","10166609","adverts/RFQ - stock materials 4.pdf","2019-03-15 15:21:47","10166609","2019-02-27","2019-03-01","2019-03-15"
"TD19031572","2019-02-27","Supply and Delivery of 33kV D Mounts c/w carrier","2019-03-01","10:00","10167762","adverts/1552656922RFQ - stock materials 4.pdf","2019-03-15 15:35:23","10167762","2019-02-27","2019-03-01","2019-03-15"
"TD19031578","2019-02-27","50-100mm Ai/Ai PG Clamps","2019-03-01","10:00","10166523","adverts/1552642640RFQ - stock materials 3.pdf","2019-03-15 11:37:21","10166523","2019-02-27","2019-03-01","2019-03-15"
"TD19031579","2019-02-27","Supply and Delivery of 11kV Wood Crossarms","2019-03-01","10:00","10166605","adverts/1552656525RFQ - stock materials 4.pdf","2019-03-15 15:28:46","10166605","2019-02-27","2019-03-01","2019-03-15"
"TD1903159","2019-02-27","Supply and Delivery of 33kV Wood Crossarms","2019-03-01","10:00","10166611","adverts/1552643101RFQ - stock materials 3.pdf","2019-03-15 11:45:01","10166611","2019-02-27","2019-03-01","2019-03-15"
"TD19031597","2019-02-27","Supply and Delivery of 60 amps S/P","2019-03-01","10:00","10167685","adverts/1552654835RFQ - stock materials 2.pdf","2019-03-15 15:00:35","10167685","2019-02-27","2019-03-01","2019-03-15"
"TD19031814","2019-02-27","Supply and Delivery of 33kV Wood Crossarms","2019-03-01","10:00","10166609","adverts/1552894087RFQ - stock materials 4.pdf","2019-03-18 09:28:07","10166609","2019-02-27","2019-03-01","2019-03-18"
"TD19031818","2019-02-28","Supply and Delivery of 33kV Wood Crossarms","2019-03-01","10:00","10166611","adverts/1552902263RFQ - stock materials 3.pdf","2019-03-18 11:44:23","10166611","2019-02-28","2019-03-01","2019-03-18"
"TD19031830","2019-02-27","Supply and Delivery of 11kV d mounts c/w carrier","2019-03-01","10:00","10167763","adverts/1552919627RFQ - stock materials 2.pdf","2019-03-18 16:33:48","10167763","2019-02-27","2019-03-01","2019-03-18"
"TD19031831","2019-02-27","Supply and Delivery of 50-100mm PG Clamps","2019-03-01","10:00","10166523","adverts/1552901596RFQ - stock materials 3.pdf","2019-03-18 11:33:17","10166523","2019-02-27","2019-03-01","2019-03-18"
"TD19031832","2019-02-27","Supply and Delivery of 3/4 Stay Rods","2019-03-01","10:00","10166559","adverts/1552905108RFQ - stock materials 3.pdf","2019-03-18 12:31:48","10166559","2019-02-27","2019-03-01","2019-03-18"
"TD19031834","2019-02-27","Supply and Delivery of 33kV D Mounts c/w carrier","2019-03-01","10:00","10167764","adverts/1552916597RFQ - stock materials 2.pdf","2019-03-18 15:43:17","10167764","2019-02-27","2019-03-01","2019-03-18"
"TD19031854","2019-02-27","Supply and Delivery of 11kV Wood Crossarms","2019-03-01","10:00","10166608","adverts/1552902922RFQ - stock materials 3.pdf","2019-03-18 11:55:22","10166608","2019-02-27","2019-03-01","2019-03-18"
"TD19031858","2019-02-27","Supply and Delivery of 3/4 Stay Rods","2019-03-01","10:00","10167665","adverts/1552919143RFQ - stock materials 2.pdf","2019-03-18 16:25:43","10167665","2019-02-27","2019-03-01","2019-03-18"
"TD19031859","2019-02-27","Supply and Delivery of 11kV Wood Crossarms","2019-03-01","10:00","10166607","adverts/1552918474RFQ - stock materials 2.pdf","2019-03-18 16:14:35","10166607","2019-02-27","2019-03-01","2019-03-18"
"TD19031862","2019-02-27","Supply and Delivery of 3/4 Stay Plates","2019-03-01","10:00","10166560","adverts/1552900587RFQ - stock materials 3.pdf","2019-03-18 11:16:27","10166560","2019-02-27","2019-03-01","2019-03-18"
"TD19031867","2019-02-27","Supply and Delivery of 33kV D Mounts c/w carrier","2019-03-01","10:00","10167762","adverts/1552898168RFQ - stock materials 4.pdf","2019-03-18 10:36:08","10167762","2019-02-27","2019-03-01","2019-03-18"
"TD19031870","2019-02-27","Supply and Delivery of 33kV Wood Crossarms","2019-03-01","10:00","10166610","adverts/1552917974RFQ - stock materials 2.pdf","2019-03-18 16:06:14","10166610","2019-02-27","2019-03-01","2019-03-18"
"TD19031891","2019-02-27","Supply and Delivery of 5/8 Stay Washers","2019-03-01","10:00","10166565","adverts/1552903899RFQ - stock materials 3.pdf","2019-03-18 12:11:40","10166565","2019-02-27","2019-03-01","2019-03-18"
"TD19031899","2019-02-27","Supply and Delivery of 11kV d mounts c/w carrier","2019-03-01","10:00","10166597","adverts/1552899458RFQ - stock materials 3.pdf","2019-03-18 10:57:39","10166597","2019-02-27","2019-03-01","2019-03-18"
"TD19031911","2019-02-22","Supply and Delivery of New tyres 9R22.5 for F/N2090","2019-02-26","10:00","10166413","adverts/1552983092RFQ tyres 1.pdf","2019-03-19 10:11:33","10166413","2019-02-22","2019-02-26","2019-03-19"
"TD19031927","2019-02-22","Supply and Delivery of New tyres 9R22.5 for F/N2109","2019-02-26","10:00","10166412","adverts/1552978115RFQ tyres 1.pdf","2019-03-19 08:48:35","10166412","2019-02-22","2019-02-26","2019-03-19"
"TD19031931","2019-02-22","Supply and Delivery of New tyres 9R22.5 for F/N2198","2019-02-26","10:00","10165651","adverts/1552984736RFQ tyres 1.pdf","2019-03-19 10:38:56","10165651","2019-02-22","2019-02-26","2019-03-19"
"TD19031932","2019-02-22","Supply and Delivery of New tyres 9R22.5 for F/N2120","2019-02-26","10:00","10166419","adverts/1552979083RFQ tyres 2.pdf","2019-03-19 09:04:44","10166419","2019-02-22","2019-02-26","2019-03-19"
"TD19032022","2019-02-27","Supply and Delivery of 5/8 Stay Plates","2019-03-01","10:00","10167696","adverts/1553077420RFQ - stock materials 4.pdf","2019-03-20 12:23:40","10167696","2019-02-27","2019-03-01","2019-03-19"
"TD19032024","2019-02-27","Supply and Delivery of 50-100mm Al/Al PG Clamps","2019-03-01","10:00","10165691","adverts/1553075062RFQ - stock materials 4.pdf","2019-03-20 11:44:22","10165691","2019-02-27","2019-03-01","2019-03-19"
"TD19032055","2019-02-27","Supply and Delivery of 50-100mm Al/Al PG Clamps","2019-03-01","10:00","10167681","adverts/1553075597RFQ - stock materials 2.pdf","2019-03-20 11:53:18","10167681","2019-02-27","2019-03-01","2019-03-20"
"TD19032072","2019-02-27","Supply and Delivery of 5/8 Stay Plates","2019-03-01","10:00","10166563","adverts/1553076013RFQ - stock materials 3.pdf","2019-03-20 12:00:13","10166563","2019-02-27","2019-03-01","2019-03-19"
"TD19032097","2019-02-27","Supply and Delivery of 33kV D Mounts c/w carrier","2019-03-01","10:00","10166601","adverts/1553076449RFQ - stock materials 3.pdf","2019-03-20 12:07:29","10166601","2019-02-27","2019-03-01","2019-03-19"
"TD19032221","2019-03-11","Supply and Delivery of 10 cubic meters of Gravel at Megawatt Car Park","2019-03-13","10:00","10167412","adverts/RFQ - Gravel 11.03.docx","2019-03-22 09:49:29","10167412","2019-03-11","2019-03-13","2019-03-22"
"TD19032224","2019-03-11","Supply and Delivery of Cement at Nyanga Executive Guest House","2019-03-13","10:00","10164756","adverts/RFQ - Cement.docx","2019-03-22 09:36:30","10164756","2019-03-11","2019-03-13","2019-03-22"
"TD19032229","2019-03-11","Supply and Delivery of Pitsand at Nyanga Executive Guest House","2019-03-13","10:00","10164759","adverts/RFQ - Pitsand 11.03.docx","2019-03-22 10:00:30","10164759","2019-03-11","2019-03-13","2019-03-22"
"TD19032611","2019-03-11","Supply and Fitting of New tyres 245/70R16 F/N 2075","2019-03-13","10:00","10168224","adverts/1553598641RFQ- Tyres 11.03.doc","2019-03-26 13:10:41","10168224","2019-03-11","2019-03-13","2019-03-26"
"TD19032614","2019-03-11","Supply and Fitting of New Tyres 195R15C for F/N ER2200","2019-03-13","10:00","10166543","adverts/1553597192RFQ- Tyres 11.03.doc","2019-03-26 12:46:33","10166543","2019-03-11","2019-03-13","2019-03-26"
"TD19032623","2019-03-11","Supply and Fitting of New Tyres 245/70R16 for F/N ER2151","2019-03-13","10:00","10167756","adverts/1553596631RFQ- Tyres 11.03.doc","2019-03-26 12:37:11","10167756","2019-03-11","2019-03-13","2019-03-26"
"TD19032628","2019-03-11","Supply and Fitting of New Tyres 195 x 14 for F/N ER2010","2019-03-13","10:00","10168225","adverts/1553598193RFQ- Tyres 11.03.doc","2019-03-26 13:03:14","10168225","2019-03-11","2019-03-13","2019-03-12"
"TD19032629","2019-03-11","Supply and Fitting of New Tyres 9R22.5 F/N ER2119","2019-03-13","10:00","10167887","adverts/1553600969RFQ- Tyres 11.03.doc","2019-03-26 13:49:30","10167887","2019-03-11","2019-03-13","2019-03-26"
"TD19032631","2019-03-11","Supply and Fitting of New Tyres 215/70R15 for F/N ER2114","2019-03-13","10:00","10166574","adverts/1553600509RFQ- Tyres 11.03.doc","2019-03-26 13:41:50","10166574","2019-03-06","2019-03-13","2019-03-26"
"TD19032647","2019-03-11","Supply and Delivery of 15W40 Engine Oil","2019-03-13","10:00","10167909","adverts/RFQ - Engine oil 11.03.docx","2019-03-26 11:58:39","10167909","2019-03-11","2019-03-13","2019-03-26"
"TD19032659","2019-03-11","Supply and Fitting of New Tyres 245/70R16 for F/N ER2158","2019-03-13","10:00","10167750","adverts/1553597737RFQ- Tyres 11.03.doc","2019-03-26 12:55:37","10167750","2019-03-11","2019-03-13","2019-03-26"
"TD19032660","2019-03-11","Supply and Fitting of New Tyres 195R15C for F/N ER2201","2019-03-13","10:00","10166545","adverts/1553599238RFQ- Tyres 11.03.doc","2019-03-26 13:20:38","10166545","2019-03-11","2019-03-13","2019-03-26"
"TD19032669","2019-03-11","Supply and Fitting of New Tyres 245/70R16 for F/N ER2157","2019-03-13","10:00","10166561","adverts/RFQ- Tyres 11.03.doc","2019-03-26 12:17:06","10166561","2019-03-11","2019-03-13","2019-03-26"
"TD19032678","2019-02-22","Supply and Delivery of 15W40 (5lt) Engine Oil","2019-02-26","10:00","10165662","adverts/RFQ - eng oil.pdf","2019-03-26 11:50:11","10165662","2019-02-22","2019-02-26","2019-03-26"
"TD19032686","2019-03-11","Supply and Fitting of New Tyres 215/70R 2117 F/N 2117","2019-03-13","10:00","10166578","adverts/1553601876RFQ- Tyres 11.03.doc","2019-03-26 14:04:37","10166578","2019-03-11","2019-03-13","2019-03-26"
"TD19032689","2019-03-11","Supply and Fitting of New Tyres 215/70R15 for F/N ER2082","2019-03-13","10:00","10166562","adverts/1553601447RFQ- Tyres 11.03.doc","2019-03-26 13:57:27","10166562","2019-03-11","2019-03-13","2019-03-26"
"TD19032694","2019-03-11","Supply and Fitting of New Tyres 245/70R16 for F/N ER2161","2019-03-13","10:00","10167757","adverts/1553599741RFQ- Tyres 11.03.doc","2019-03-26 13:29:01","10167757","2019-03-11","2019-03-13","2019-03-26"
"TD19032698","2019-03-11","Supply and Delivery of Mazda BT 50 Beast Gearbox for F/N ER2154","2019-03-13","10:00","10167024","adverts/RFQ- Gearbox 11.03.doc","2019-03-26 11:20:50","10167024","2019-03-11","2019-03-13","2019-03-26"
"TD1903271","2019-03-13","Supply and Delivery of 4 door cubicle","2019-03-15","10:00","10165717","adverts/1553681339RFQ - Materials  13.03.docx","2019-03-27 12:08:59","10165717","2019-03-13","2019-03-15","2019-03-27"
"TD19032712","2019-03-13","Supply and Delivery of 100A T/P","2019-03-15","10:00","10165699","adverts/1553680941RFQ - Materials  13.03.docx","2019-03-27 12:02:22","10165699","2019-03-13","2019-03-15","2019-03-27"
"TD19032716","2019-03-13","Supply and Delivery of pole washers","2019-03-15","10:00","10167171","adverts/1553684172RFQ - Materials  13.03.docx","2019-03-27 12:56:12","10167171","2019-03-13","2019-03-15","2019-03-27"
"TD1903272","2019-03-13","Supply and Delivery of 225A T/P","2019-03-15","10:00","10165700","adverts/1553684581RFQ - Materials  13.03.docx","2019-03-27 13:03:01","10165700","2019-03-13","2019-03-15","2019-03-27"
"TD19032726","2019-03-13","Supply and Delivery of Shrouds Size 2","2019-03-15","10:00","10165705","adverts/1553685145RFQ - Materials  13.03.docx","2019-03-27 13:12:26","10165705","2019-03-13","2019-03-15","2019-03-27"
"TD1903273","2019-03-13","Supply and Delivery of Airdac","2019-03-15","10:00","10165687","adverts/1553680174RFQ - Materials  13.03.docx","2019-03-27 11:49:34","10165687","2019-03-13","2019-03-15","2019-03-27"
"TD19032730","2019-03-13","Supply and Delivery of Shrouds size 4 for Mutare","2019-03-15","10:00","10165703","adverts/RFQ - Materials  13.03.docx","2019-03-27 11:22:30","10165703","2019-03-13","2019-03-15","2019-03-27"
"TD1903274","2019-03-13","Supply and Delivery of 50A T/P","2019-03-15","10:00","10165697","adverts/1553686327RFQ - Materials  13.03.docx","2019-03-27 13:32:07","10165697","2019-03-13","2019-03-15","2019-03-27"
"TD19032748","2019-03-13","Supply and Delivery of Spindles 5/8","2019-03-15","10:00","10165714","adverts/1553685557RFQ - Materials  13.03.docx","2019-03-27 13:19:17","10165714","2019-03-13","2019-03-15","2019-03-27"
"TD19032760","2019-03-13","Supply and Delivery of 60A T/P","2019-03-15","10:00","10165698","adverts/1553683364RFQ - Materials  13.03.docx","2019-03-27 12:42:45","10165698","2019-03-13","2019-03-15","2019-03-27"
"TD19032765","2019-03-13","Supply and Delivery of cable glands size 4","2019-03-15","10:00","10165702","adverts/1553682752RFQ - Materials  13.03.docx","2019-03-27 12:32:33","10165702","2019-03-13","2019-03-15","2019-03-27"
"TD1903277","2019-03-13","Supply and Delivery of Lighting Materials","2019-03-15","10:00","10168346","adverts/1553682135RFQ - Materials  13.03.docx","2019-03-27 12:22:16","10168346","2019-03-13","2019-03-15","2019-03-27"
"TD19032797","2019-03-11","Supply and Delivery of Rubberized Cork Gaskets","2019-03-13","10:00","10167300","adverts/RFQ- Cork Gasket 11.03.doc","2019-03-27 13:28:59","10167300","2019-03-11","2019-03-13","2019-03-27"
"TD19041364","2019-03-25","Supply and delivery of 2 Laptops for Call Centres ","2019-03-27","10:00","10170280","adverts/RFQ 10170280 2019561.pdf","2019-04-13 13:18:20","10170280","2019-03-25","2019-03-27","2019-04-12"
"TD19041369","2019-03-25","Supply and delivery of 2 Laptops for Call Centres ","2019-03-27","10:00","10168419","adverts/1555155177RFQ 10170280 2019561.pdf","2019-04-13 13:32:57","10168419","2019-03-25","2019-03-27","2019-04-12"
"TD19041380","2019-04-08","Supply and delivery of building equipment for 20 Miller","2019-04-10","10:00","10171435","adverts/RFQ 10171344 2019560.pdf","2019-04-13 12:52:46","10171435","2019-04-08","2019-04-10","2019-04-12"
"TD19042418","2019-03-13","Supply and delivery of  2500 Piercing connectors for New connections","2019-03-15","10:00","10165700","adverts/RFQ 10165700 Materials for Stores 2019 562.pdf","2019-04-24 10:40:31","10165700","2019-03-13","2019-03-15","2019-04-23"
"TD19042420","2019-04-02","Supply and delivery of 90 x 50kg bags cement for ZCDC VR Control room","2019-04-05","10:00","10154700","adverts/1556097262RFQ - Cement.docx","2019-04-24 11:14:22","10154700","2019-04-02","2019-04-05","2019-04-23"
"TD19042467","2019-03-25","Supply and Erection of 27.5 x 23 x 1.6 meters 3 mm of Diamond mesh wire complete with barbed wire, 1 x 5.4 metre wide vehicle gate an one x 0.9 metre wide pedestrain gate ","2019-03-29","10:00","10146887","adverts/1556107450RFQ - erect zcdc 22.03.docx","2019-04-24 14:04:10","10146887","2019-03-25","2019-03-29","2019-04-23"
"TD19042469","2019-03-25","Erect landing spans at ZCDC VR substation","2019-03-29","10:00","10158700","adverts/RFQ - erect zcdc 22.03.docx","2019-04-24 12:04:48","10158700","2019-03-25","2019-03-29","2019-04-23"
"TD19042491","2019-04-02","Supply and delivery of 3000 common bricks ","2019-04-05","10:00","10160582","adverts/RFQ - Cement 13.docx 10160582.docx","2019-04-24 11:47:18","10160582","2019-04-02","2019-04-05","2019-04-23"
"TD19042841","2019-03-08","Supply and delivery of building material for 20 Miller","2019-04-10","10:00","10171435","adverts/RFQ10171435 Building Mat 2019584.pdf","2019-04-28 12:25:04","10171435","2019-04-08","2019-04-10","2019-04-26"
"TD19042967","2019-03-28","Supply and delivery of roofing and painting materials","2019-03-27","10:00","10165663","adverts/RFQ10165663 2019585.pdf","2019-04-29 11:27:47","10165663","2019-03-25","2019-03-28","2019-04-26"
"TD19042970","2019-04-08","Supply and delivery of materials for Megawatt car park","2019-04-10","10:00","10171355","adverts/RFQ 10171355 2019549.pdf","2019-04-29 11:52:56","10171355","2019-04-08","2019-04-10","2019-04-26"
"TD19042986","2019-04-08","Supply and delivery of building equipment for megawatt car park","2019-04-10","10:00","10171344","adverts/1556528509RFQ 10171344 2019560.pdf","2019-04-29 11:01:51","10171344","2019-04-08","2019-04-10","2019-04-26"
"TD19051915","2019-04-24","Supply and delivery of printer for Mutare administration","2019-04-26","10:00","10169874","adverts/RFQ 10169674 2019635.pdf","2019-05-19 12:19:00","10169874","2019-04-24","2019-04-26","2019-05-17"
"TD19051917","2019-05-07","Erect Parimeter Fence (8x5x1.8) with 5m wide gate at Nyakomba D in Nyanga ","2019-05-10","10:00","10174932","adverts/RFQ10174932 Nyakomba 2019612.pdf","2019-05-19 13:00:03","10174932","2019-05-07","2019-05-10","2019-05-17"
"TD1905192","2019-05-13","Supply and Erect 1.8m high security fence with 3 strands of barbed wire on top including 2 x 4.2m VEH Dates at Middle Sabi Staff Houses","2019-05-17","10:00","10176883","adverts/RFQ 1016883 2019637.pdf","2019-05-19 12:28:42","1016883","2019-05-13","2019-05-17","2019-05-17"
"TD1905193","2019-05-07","Supply and delivery of Cellphone complete with pouch and tempered glass for Mutare District","2019-05-10","10:00","10161267","adverts/RFQ 10161267 2019638.pdf","2019-05-19 12:36:26","10161267","2019-05-07","2019-05-10","2019-05-17"
"TD19051957","2019-05-13","Supply and delivery of Round table for Mutare District Manager's Office","2019-05-15","10:00","10173427","adverts/RFQ 10173427 2019616.pdf","2019-05-19 12:54:34","10173427","2019-05-13","2019-05-15","2019-05-17"
"TD19051961","2019-05-13","Supply and delivery of Book case for Mutare DistrictManager's Office","2019-05-15","10:00","10173425","adverts/RFQ 10173425 2019640.pdf","2019-05-19 12:45:26","10173425","2019-05-13","2019-05-15","2019-05-17"
"TD19051978","2019-05-13","Supply and delivery of Visitors Chairs for Mutare District Manager's Office","2019-05-15","10:00","10173416","adverts/RFQ 10173416 2019641.pdf","2019-05-19 12:49:43","10173416","2019-05-13","2019-05-15","2019-05-17"
"TD19051994","2019-05-08","Supply and delivery of 50 x A4 Bond Paper Reams for Regional Offoce","2019-05-10","10:00","10167761","adverts/RFQ 10167761 2019634.pdf","2019-05-19 12:08:33","10167761","2019-05-08","2019-05-10","2019-05-17"
"TD19051996","2019-05-08","Supply and delivery of Window panes for Nyanga Staff houses","2019-05-10","10:00","10175392","adverts/RFQ 10165392 2019636.pdf","2019-05-19 13:16:50","10175392","2019-05-08","2019-05-10","2019-05-17"
"TD19052121","2019-05-13","Cable replacement from Meikles to Megawatt ","2019-05-17","10:00","10169330","adverts/RFQ 10169330 2019645.pdf","2019-05-21 11:52:34","10169330","2019-05-13","2019-05-17","2019-05-21"
"TD19052123","2019-05-08","Supply and delivery of Tiling materials for Nyanga Staff Houses","2019-05-10","10:00","10175401","adverts/RFQ 10175401 2019651.pdf","2019-05-21 11:31:31","10175401","2019-05-08","2019-05-10","2019-05-21"
"TD19052149","2019-05-08","Supply and delivery of Plumbing materials for Nyanga Staff Houses","2019-05-10","10:00","10175397","adverts/1558426548RFQ 10175397 2019650.pdf","2019-05-21 10:15:48","10175397","2019-05-08","2019-05-10","2019-05-21"
"TD19052162","2019-05-08","Supply and delivery of painting materials for Nyanga Staff Houses","2019-05-10","10:00","10175381","adverts/RFQ 10175381 2019652.pdf","2019-05-21 10:55:13","10175381","2019-05-08","2019-05-10","2019-05-21"
"TD19052175","2019-05-08","Supply and delivery of Plumbing materials for Nyanga Staff Houses","2019-05-10","10:00","10175397","adverts/RFQ 10175397 2019650.pdf","2019-05-21 10:12:58","10175397","2019-05-08","2019-05-10","2019-05-21"
"TD19052195","2019-05-08","Supply and delivery of Roofing and carpentry materials for Nyanga Staff Houses","2019-05-10","10:00","10175386","adverts/RFQ 10175386 2019649.pdf","2019-05-21 10:37:38","10175386","2019-05-08","2019-05-10","2019-05-21"
"TD19052313","2019-05-06","Supply and delivery of Car Battery 650","2019-05-10","10:00","10174575","adverts/1558601802RFQ 10167884 Various Batteries 2019658.pdf","2019-05-23 10:56:42","10174575","2019-05-06","2019-05-10","2019-05-23"
"TD19052314","2019-05-06","Supply and delivery of Car Battery 622","2019-05-10","10:00","10174571","adverts/1558603776RFQ 10167884 Various Batteries 2019658.pdf","2019-05-23 11:29:36","10174571","2019-05-06","2019-05-10","2019-05-23"
"TD19052319","2019-05-06","Supply and delivery of Car Battery 650","2019-05-10","10:00","10174580","adverts/1558603390RFQ 10167884 Various Batteries 2019658.pdf","2019-05-23 11:23:10","10174580","2019-05-06","2019-05-10","2019-05-23"
"TD19052338","2019-05-06","Supply and delivery of Car Battery 671","2019-05-10","10:00","10167875","adverts/1558604235RFQ 10167884 Various Batteries 2019658.pdf","2019-05-23 11:37:15","10167875","2019-05-06","2019-05-10","2019-05-23"
"TD19052343","2019-05-06","Supply and delivery of Car Battery 622","2019-05-10","10:00","10174573","adverts/1558603978RFQ 10167884 Various Batteries 2019658.pdf","2019-05-23 11:32:59","10174573","2019-05-06","2019-05-10","2019-05-23"
"TD19052346","2019-05-06","Supply and delivery of Car Battery 650","2019-05-10","10:00","10174582","adverts/1558604614RFQ 10167884 Various Batteries 2019658.pdf","2019-05-23 11:43:34","10174582","2019-05-06","2019-05-10","2019-05-23"
"TD19052360","2019-05-06","Supply and delivery of 650 Car Battery","2019-05-10","10:00","10174575","adverts/1558597205RFQ 10167884 Various Batteries 2019658.pdf","2019-05-23 09:40:05","10174575","2019-05-06","2019-05-10","2019-05-23"
"TD19052365","2019-05-06","Supply and delivery of Car Battery 683","2019-05-10","10:00","10167777","adverts/1558602403RFQ 10167884 Various Batteries 2019658.pdf","2019-05-23 11:06:44","10167777","2019-05-06","2019-05-10","2019-05-23"
"TD19052367","2019-05-06","Supply and delivery of Car Battery 650","2019-05-10","10:00","10174620","adverts/1558604418RFQ 10167884 Various Batteries 2019658.pdf","2019-05-23 11:40:19","10174620","2019-05-06","2019-05-10","2019-05-23"
"TD19052378","2019-05-06","Supply and delivery of Car Battery 650","2019-05-10","10:00","10167875","adverts/1558603190RFQ 10167884 Various Batteries 2019658.pdf","2019-05-23 11:19:51","10167875","2019-05-06","2019-05-10","2019-05-23"
"TD19052383","2019-05-06","Supply and delivery of Car Battery 650","2019-05-10","10:00","10174574","adverts/1558602884RFQ 10167884 Various Batteries 2019658.pdf","2019-05-23 11:14:44","10174574","2019-05-06","2019-05-10","2019-05-23"
"TD19052395","2019-05-06","Supply and delivery of 671 Car Battery","2019-05-10","10:00","10167884","adverts/RFQ 10167884 Various Batteries 2019658.pdf","2019-05-23 09:36:40","10167884","2019-05-06","2019-05-10","2019-05-23"
"TD19061310","2019-04-24","Supply and delivery of a swivel chair for Mutare","2019-04-26","10:00","10170270","adverts/RFQ - swivel chair.docx","2019-06-13 14:59:46","10170270","2019-04-24","2019-04-26","2019-06-13"
"TD19061358","2019-05-29","Supply and delivery of a round table for mutare district manager's office","2019-05-31","10:00","10173427","adverts/RFQ - 10173427 round table.docx","2019-06-13 15:17:56","10173427","2019-05-29","2019-05-31","2019-06-13"
"TD19061363","2019-05-29","Supply and delivery of visitors' chairs for Mutare district manager's office","2019-05-31","10:00","10173416","adverts/RFQ - 10173416.docx","2019-06-13 16:04:00","10173416","2019-05-29","2019-05-31","2019-06-13"
"TD19061385","2019-05-29","Supply and delivery of 55A toner cartridge for Manicaland Accounting Officer","2019-05-31","10:00","10167807","adverts/RFQ - 10167807.docx","2019-06-13 15:41:21","10167807","2019-05-29","2019-05-31","2019-06-13"
"TD19061427","2019-05-21","Supply and delivery of 42.5 cement ","2019-05-23","10:00","10176063","adverts/RFQ - 10176063.docx","2019-06-14 11:13:50","10176063","2019-05-21","2019-05-23","2019-06-14"
"TD19061432","2019-06-03","Landscaping services for installation of a water feature system with a 10x3M water basin,2 or 3 water falls and done with Mapinga stones","2019-06-05","10:00","10175039","adverts/RFQ-10175039.docx","2019-06-14 09:54:50","10175039","2019-06-03","2019-06-05","2019-06-14"
"TD1906144","2019-05-08","Supply and delivery of tilling materials for Nyanga staff houses","2019-05-10","10:00","10175401","adverts/RFQ - 10175401.docx","2019-06-14 12:04:56","10175401","2019-05-08","2019-05-10","2019-06-14"
"TD19061493","2019-05-27","Supply and delivery of lighting materials for Jotali building new offices","2019-05-29","10:00","10176881","adverts/RFQ- 10167936.doc","2019-06-14 12:44:37","10176881","2019-05-27","2019-05-29","2019-06-14"
"TD19062132","2019-06-12","Supply and delivery of a 05A toner cartridge","2019-06-14","10:00","10178037","adverts/RFQ - 10178037.docx","2019-06-21 08:57:00","10178037","2019-06-12","2019-06-14","2019-06-21"
"TD19062510","2019-06-12","Supply and delivery of directional signs for Urban and Environs Depot","2019-06-14","10:00","10164603","adverts/RFQ-10164603.docx","2019-06-25 14:20:09","19164603","2019-06-12","2019-06-14","2019-06-25"
"TD19062515","2019-06-12","Supply and delivery of a angle grinders","2019-06-14","10:00","10168018","adverts/RFQ -10168018.docx","2019-06-25 10:53:26","10168018","2019-06-12","2019-06-14","2019-06-25"
"TD19062521","2019-05-21","fumigation of megawatt building against cockroaches and rodents","2019-05-23","10:00","10175804","adverts/RFQ -megawatt fumigation.docx","2019-06-25 15:58:42","10175804","2019-05-21","2019-05-23","2019-06-25"
"TD19062529","2019-06-12","Supply and delivery of vehicle sheds for urban depot","2019-06-14","10:00","10164610","adverts/RFQ-  10164610.docx","2019-06-25 11:49:29","10164610","2019-06-12","2019-06-14","2019-06-25"
"TD19062579","2019-06-10","Supply and delivery of degreaser for transformer oil cleaning (20L)","2019-06-12","10:00","10166466","adverts/RFQ - 10166466.docx","2019-06-25 09:20:02","10166466","2019-06-10","2019-06-12","2019-06-25"
"TD19062593","2019-06-10","supply and delivery of torque wrench for maintenance","2019-06-12","10:00","10168024","adverts/RFQ -10168024.docx","2019-06-25 14:38:34","10168024","2019-06-10","2019-06-12","2019-06-25"
"TD19062713","2019-05-21","Supply and delivery of tyres size 255/70R16 for maintenance","2019-05-23","10:00","10174581","adverts/RFQ - tyres for maintenance.docx","2019-06-27 11:10:44","10174581","2019-05-21","2019-05-23","2019-06-27"
"TD19062733","2019-06-12","Supply and delivery of tyres size 255/70R16 for maintenance","2019-06-14","10:00","10166411","adverts/1561633910RFQ - tyres for maintenance.docx","2019-06-27 13:11:50","10166411","2019-06-12","2019-06-14","2019-06-27"
"TD19062754","2019-06-10","Supply and delivery of new car battery for er 2181 for maintanance","2019-06-12","10:00","10177475","adverts/RFQ - 10177475.docx","2019-06-27 15:48:03","10177475","2019-06-10","2019-06-12","2019-06-27"
"TD19062760","2019-06-10","Supply and delivery of chasis punch sets for maintenance","2019-06-12","10:00","10168031","adverts/RFQ -10168031.docx","2019-06-27 15:59:41","10168031","2019-06-10","2019-06-12","2019-06-27"
"TD19062767","2019-06-12","Supply and delivery of tyres size 255/70R16 for maintenance","2019-06-14","10:00","10166408","adverts/1561636955RFQ - tyres for maintenance.docx","2019-06-27 14:02:35","10166408","2019-06-12","2019-06-14","2019-06-27"
"TD1906279","2019-06-12","Supply and delivery of tyres size 255/70R16 for maintenance","2019-06-14","10:00","10166407","adverts/1561632956RFQ - tyres for maintenance.docx","2019-06-27 12:55:56","10166407","2019-06-12","2019-06-14","2019-06-27"
"TD19062791","2019-06-10","Supply and delivery of hand blowers for maintenance","2019-06-12","10:00","10168026","adverts/RFQ - 10168026.docx","2019-06-27 16:19:56","10168026","2019-06-10","2019-06-12","2019-06-27"
"TD19070953","2019-06-25","Supply and Delivery of toner cartridge 05A for manicaland commercial office","2019-06-28","10:00","10175562","adverts/1562680007RFQ - 10175562.docx","2019-07-09 15:46:48","10175562","2019-06-25","2019-06-28","2019-07-09"
"TD19071015","2019-07-01","supply and fix of interlocking bricks along CABS feeder on Meikles and Spar sections","2019-07-03","10:00","10179223","adverts/RFQ -10179223.docx","2019-07-10 08:25:30","10179223","2019-07-01","2019-07-03","2019-07-10"
"TD19071018","2019-07-01","supply and delivery of batteries for transport","2019-07-03","10:00","10177451","adverts/1562745767RFQ - car batteries 1-7-19.docx","2019-07-10 10:02:48","10177451","2019-07-01","2019-07-03","2019-07-10"
"TD19071027","2019-07-01","supply and delivery of car batteries for transport","2019-07-03","10:00","10177475","adverts/1562741197RFQ - 10177475.docx","2019-07-10 08:46:37","10177475","2019-07-01","2019-07-03","2019-07-10"
"TD19071028","2019-07-01","supply and delivery of car batteries for transport","2019-07-03","10:00","10177459","adverts/1562742338RFQ - car batteries 1-7-19.docx","2019-07-10 09:05:38","10177459","2019-07-01","2019-07-03","2019-07-10"
"TD19071031","2019-07-01","supply and delivery of batteries for transport","2019-07-03","10:00","10177467","adverts/1562742787RFQ - car batteries 1-7-19.docx","2019-07-10 09:13:08","10177467","2019-07-01","2019-07-03","2019-07-10"
"TD19071049","2019-07-01","supply and delivery of PVA off white paint","2019-07-03","10:00","10178939","adverts/1562756658RFQs 1 July nzula.pdf","2019-07-10 13:04:18","10178939","2019-07-01","2019-07-03","2019-07-10"
"TD19071050","2019-07-01","supply and delivery of batteries for transport","2019-07-03","10:00","10177448","adverts/1562743652RFQ - car batteries 1-7-19.docx","2019-07-10 09:27:33","10177448","2019-07-01","2019-07-03","2019-07-10"
"TD19071061","2019-07-01","supply and delivery of batteries for transport","2019-07-03","10:00","10177468","adverts/1562744037RFQ - car batteries 1-7-19.docx","2019-07-10 09:33:58","10177468","2019-07-01","2019-07-03","2019-07-10"
"TD19071062","2019-07-01","supply and delivery of batteries for transport","2019-07-03","10:00","10177461","adverts/RFQ - car batteries 1-7-19.docx","2019-07-10 08:56:24","10177461","2019-07-01","2019-07-03","2019-07-10"
"TD19071066","2019-07-01","supply and delivery of a car battery for maintenance","2019-07-03","10:00","10177473","adverts/RFQ - 10177473.docx","2019-07-10 12:04:09","10177473","2019-07-01","2019-07-03","2019-07-10"
"TD19071068","2019-07-03","printing of disconnection books for mutare district","2019-07-05","10:00","10177555","adverts/RFQ - 10177555.docx","2019-07-10 12:32:02","10177555","2019-07-03","2019-07-05","2019-07-10"
"TD1907107","2019-07-01","supply and delivery of neck ties and scarfs for 2019 long service awards","2019-07-03","10:00","10178914","adverts/RFQs 1 July nzula.pdf","2019-07-10 11:47:45","10178914","2019-07-01","2019-07-03","2019-07-10"
"TD19071084","2019-07-01","supply and delivery of batteries for transport","2019-07-03","10:00","10177450","adverts/1562743111RFQ - car batteries 1-7-19.docx","2019-07-10 09:18:31","10177450","2019-07-01","2019-07-03","2019-07-10"
"TD19071092","2019-06-26","DEEP CLEANIN OF ALL WINDOWS (INSIDE AND OUTSIDE) AT MEGAWATT BUILDING","2019-06-28","10:00","10167248","adverts/1562738662RFQ 10167248.docx","2019-07-10 08:04:23","10167248","2019-06-26","2019-06-28","2019-07-10"
"TD19071095","2019-07-01","supply and delivery of porcelain tiles","2019-07-03","10:00","10178941","adverts/1562755390RFQs 1 July nzula.pdf","2019-07-10 12:43:11","10178941","2019-07-01","2019-07-03","2019-07-10"
"TD19071135","2019-07-09","Installation Inspection books (E117) for Masvingo District","2019-07-11","10:00","10177756","adverts/RFQ – 10177756.docx","2019-07-11 15:09:33","10177756","2019-07-09","2019-07-11","2019-07-11"
"TD19071156","2019-06-26","supply and delivery of plastic chairs for Rusape canteen","2019-06-28","10:00","10176917","adverts/RFQ-  10176917.docx","2019-07-11 08:08:05","10176917","2019-06-26","2019-06-28","2019-07-11"
"TD19071185","2019-07-09","supply and delivery of 205/70R15 Brand new tyres","2019-07-11","10:00","10171738","adverts/10171738.docx","2019-07-11 11:52:40","10171738","2019-07-09","2019-07-11","2019-07-11"
"TD19071525","2019-06-17","supply and delivery of first aid kit contents and boxes","2019-06-19","10:00","10173940","adverts/RFQ- 10173940.doc","2019-07-15 15:16:37","10173940","2019-06-17","2019-06-19","2019-07-15"
"TD1907154","2019-07-03","supply and fitting of blinds at megawatt banking hall","2019-07-08","10:00","10179150","adverts/10179150.doc","2019-07-15 13:06:17","10179150","2019-07-01","2019-07-08","2019-07-15"
"TD19071569","2019-07-03","supply and fitting of blinds at megawatt","2019-07-08","10:00","10179146","adverts/10179146.docx","2019-07-15 12:42:46","10179146","2019-07-03","2019-07-08","2019-07-15"
"TD1907165","2019-07-12","supply and delivery of 05A toner cartridge for buying office","2019-07-16","10:00","10179642","adverts/RFQ - 10179642.docx","2019-07-16 13:42:59","10179642","2019-07-12","2019-07-16","2019-07-16"
"TD1907181","2019-07-10","supply and delivery of batteries for transport","2019-07-12","10:00","10178080","adverts/RFQ- 10178080.doc","2019-07-18 14:46:59","10178080","2019-07-10","2019-07-12","2019-07-18"
"TD19071857","2019-07-09","supply and delivery of hp laserjet cartridges for regional office","2019-07-11","10:00","10176237","adverts/RFQ - 10176237.docx","2019-07-18 16:12:25","10176237","2019-07-09","2019-07-11","2019-07-18"
"TD19072325","2019-07-15","supply and delivery of batteries for masvingo","2019-07-18","10:00","10174582","adverts/1563877538RFQ - car batteries for masvingo.docx","2019-07-23 12:25:39","10174582","2019-07-15","2019-07-18","2019-07-23"
"TD19072328","2019-07-15","supply and delivery of batteries for masvingo","2019-07-18","10:00","10174574","adverts/1563879621RFQ - car batteries for masvingo.docx","2019-07-23 13:00:22","10174574","2019-07-15","2019-07-18","2019-07-23"
"TD19072329","2019-07-15","supply and delivery of batteries for masvingo","2019-07-18","10:00","10170246","adverts/1563879358RFQ - car batteries for masvingo.docx","2019-07-23 12:55:58","10170246","2019-07-15","2019-07-18","2019-07-23"
"TD1907233","2019-07-09","supply and delivery of tyres for transport","2019-07-11","10:00","10165763","adverts/1563884869RFQ - tyres transport 9-7-19...docx","2019-07-23 14:27:49","10165763","2019-07-09","2019-07-11","2019-07-23"
"TD19072333","2019-07-15","supply and delivery of batteries for masvingo","2019-07-18","10:00","10174573","adverts/1563877951RFQ - car batteries for masvingo.docx","2019-07-23 12:32:32","10174573","2019-07-15","2019-07-18","2019-07-23"
"TD19072337","2019-07-15","supply and delivery of batteries for masvingo","2019-07-18","10:00","10174580","adverts/1563879150RFQ - car batteries for masvingo.docx","2019-07-23 12:52:31","10174580","2019-07-15","2019-07-18","2019-07-23"
"TD19072338","2019-07-09","supply and delivery of tyres for transport","2019-07-11","10:00","10162925","adverts/RFQ - tyres transport 9-7-19...docx","2019-07-23 14:15:20","10162925","2019-07-09","2019-07-11","2019-07-23"
"TD19072339","2019-07-15","supply and delivery of batteries for masvingo","2019-07-18","10:00","10167777","adverts/1563876604RFQ - car batteries for masvingo.docx","2019-07-23 12:10:04","10167777","2019-07-15","2019-07-18","2019-07-23"
"TD19072341","2019-07-09","supply and delivery of transformer rubberized cork gaskets for maintanence ","2019-07-11","10:00","10167300","adverts/RFQ- 10167300.doc","2019-07-23 08:48:56","10167300","2019-07-11","2019-07-11","2019-07-23"
"TD19072342","2019-07-15","supply and delivery of batteries for masvingo","2019-07-18","10:00","10167747","adverts/1563876823RFQ - car batteries for masvingo.docx","2019-07-23 12:13:44","10167747","2019-07-15","2019-07-18","2019-07-23"
"TD19072349","2019-07-15","supply and delivery of batteries for masvingo","2019-07-18","10:00","10167884","adverts/RFQ - car batteries for masvingo.docx","2019-07-23 11:51:29","10167884","2019-07-15","2019-07-18","2019-07-23"
"TD19072351","2019-07-15","supply and delivery of batteries for masvingo","2019-07-18","10:00","10178515","adverts/1563876209RFQ - car batteries for masvingo.docx","2019-07-23 12:03:30","10178515","2019-07-15","2019-07-18","2019-07-23"
"TD19072354","2019-07-09","supply and delivery first aid kit for manicaland","2019-07-11","10:00","10178132","adverts/1563881805RFQ - 10178132.docx","2019-07-23 13:36:45","10178132","2019-07-09","2019-07-11","2019-07-23"
"TD19072359","2019-07-15","supply and delivery of batteries for masvingo","2019-07-18","10:00","10174575","adverts/1563878268RFQ - car batteries for masvingo.docx","2019-07-23 12:37:48","10174575","2019-07-15","2019-07-18","2019-07-23"
"TD19072362","2019-07-15","supply and delivery of batteries for masvingo","2019-07-18","10:00","10174570","adverts/1563878535RFQ - car batteries for masvingo.docx","2019-07-23 12:42:15","10174570","2019-07-15","2019-07-18","2019-07-23"
"TD19072367","2019-07-15","supply and delivery of batteries for masvingo","2019-07-18","10:00","10174571","adverts/1563878905RFQ - car batteries for masvingo.docx","2019-07-23 12:48:25","10174571","2019-07-15","2019-07-18","2019-07-23"
"TD1907239","2019-07-10","supply and fix of interlocking pavers at megawatt pavement","2019-07-15","10:00","10179324","adverts/10179324.docx","2019-07-23 08:36:47","10179324","2019-07-10","2019-07-15","2019-07-23"
"TD19072391","2019-07-15","supply and delivery of batteries for masvingo","2019-07-18","10:00","10174579","adverts/1563877059RFQ - car batteries for masvingo.docx","2019-07-23 12:17:40","10174579","2019-07-15","2019-07-18","2019-07-23"
"TD19072393","2019-07-03","supply and delivery of building equipment for 20 miller ","2019-07-08","10:00","10171435","adverts/RFQ 10171435.docx","2019-07-23 09:58:07","10171435","2019-07-03","2019-07-08","2019-07-23"
"TD19072396","2019-07-15","supply and delivery of batteries for masvingo","2019-07-18","10:00","10167875","adverts/1563879807RFQ - car batteries for masvingo.docx","2019-07-23 13:03:27","10167875","2019-07-15","2019-07-18","2019-07-23"
"TD19072418","2019-07-09","supply and delivery of tyres for Masvingo DM","2019-07-11","10:00","10178695","adverts/1563948746RFQ - tyres transport 9-7-19...docx","2019-07-24 08:12:27","10178695","2019-07-09","2019-07-11","2019-07-24"
"TD19072426","2019-07-09","supply and delivery of tyres for transport","2019-07-11","10:00","10165783","adverts/1563947029RFQ - tyres transport 9-7-19...docx","2019-07-24 07:43:49","10165783","2019-07-09","2019-07-11","2019-07-24"
"TD19072433","2019-07-09","supply and delivery of batteries for transport","2019-07-11","10:00","10178514","adverts/1563948037RFQ - tyres transport 9-7-19...docx","2019-07-24 08:00:37","10178514","2019-07-09","2019-07-11","2019-07-24"
"TD1907244","2019-07-09","supply and delivery of batteries for transport","2019-07-11","10:00","10178514","adverts/1563948098RFQ - tyres transport 9-7-19...docx","2019-07-24 08:01:39","10178514","2019-07-09","2019-07-11","2019-07-24"
"TD19072458","2019-07-09","supply and delivery of tyres for transport","2019-07-11","10:00","10165741","adverts/1563947639RFQ - tyres transport 9-7-19...docx","2019-07-24 07:54:07","10165741","2019-07-09","2019-07-11","2019-07-24"
"TD19072487","2019-07-09","supply and delivery of  tyres for transport","2019-07-11","10:00","10165765","adverts/1563946389RFQ - tyres transport 9-7-19...docx","2019-07-24 07:33:09","10165765","2019-07-09","2019-07-11","2019-07-24"
"TD1907249","2019-07-09","supply and delivery of tyres for transport","2019-07-11","10:00","10178447","adverts/1563946737RFQ - tyres transport 9-7-19...docx","2019-07-24 07:38:57","10178447","2019-07-09","2019-07-11","2019-07-24"
"TD19072490","2019-07-09","supply and delivery of batteries for transport","2019-07-11","10:00","10178515","adverts/1563948424RFQ - tyres transport 9-7-19...docx","2019-07-24 08:07:05","10178515","2019-07-09","2019-07-11","2019-07-24"
"TD19072565","2019-07-09","supply and delivery of car batteries for transport","2019-07-11","10:00","10178857","adverts/1564034809RFQ - car batteries 9-7-19.docx","2019-07-25 08:06:49","101788","2019-07-09","2019-07-11","2019-07-25"
"TD19072566","2019-07-09","supply and delivery of car batteries for transport","2019-07-11","10:00","10177456","adverts/1564034234RFQ - car batteries 9-7-19.docx","2019-07-25 07:57:15","10177456","2019-07-09","2019-07-11","2019-07-25"
"TD19072568","2019-07-09","supply and delivery of car batteries for transport","2019-07-11","10:00","10177462","adverts/1564034409RFQ - car batteries 9-7-19.docx","2019-07-25 08:00:10","10177462","2019-07-09","2019-07-11","2019-07-25"
"TD19072573","2019-07-09","delivery of car batteries for transport","2019-07-11","10:00","10177453","adverts/RFQ - car batteries 9-7-19.docx","2019-07-25 07:42:17","10177453","2019-07-09","2019-07-11","2019-07-25"
"TD19072579","2019-07-09","supply and delivery of car batteries for transport","2019-07-11","10:00","10177473","adverts/1564035127RFQ - car batteries 9-7-19.docx","2019-07-25 08:12:08","10177473","2019-07-09","2019-07-11","2019-07-25"
"TD19080516","2019-07-12","supply and delivery of fire fighting equipment for Chipinge, Manicaland District.","2019-07-16","10:00","10177171","adverts/1564990988RFQ-  10177171.docx","2019-08-05 09:43:08","10177171","2019-07-12","2019-07-16","2019-08-05"
"TD19080528","2019-07-29","supply and delivery of branded golf shirts for chiredzi agricultural show","2019-08-02","10:00","10180694","adverts/RFQ - 10180694.docx","2019-08-05 11:58:32","10180694","2019-07-29","2019-08-02","2019-08-05"
"TD1908053","2019-07-22","Supply and delivery of visitors' chairs at Megawatt","2019-07-24","10:00","10179794","adverts/156499992510179794.doc","2019-08-05 12:12:06","10179794","2019-07-22","2019-07-24","2019-08-05"
"TD19080543","2019-07-12","supply and delivery of fire fighting equipment for nyanga, Manicaland district","2019-07-16","10:00","10177171","adverts/1564989382RFQ-  10177171.docx","2019-08-05 09:16:22","10177171","2019-07-12","2019-07-16","2019-08-05"
"TD19080556","2019-07-12","supply and delivery fire  fighting equipment for Rusape, Manicaland district","2019-07-16","10:00","10177171","adverts/1564988904RFQ-  10177171.docx","2019-08-05 09:08:25","10177171","2019-07-12","2019-07-16","2019-08-05"
"TD19080566","2019-07-29","supply and delivery of golf t shirts for Chipinge agricultural show","2019-08-02","10:00","10180692","adverts/RFQ - 10180692.docx","2019-08-05 11:24:15","10180692","2019-07-29","2019-08-02","2019-08-05"
"TD19080569","2019-07-12","supply and delivery of fire fighting equipment for M/Sabi, Manicaland district.","2019-07-16","10:00","10177171","adverts/1564991477RFQ-  10177171.docx","2019-08-05 09:51:18","10177171","2019-07-12","2019-07-16","2019-08-05"
"TD19080572","2019-07-22","Supply and delivery of visitors' chairs at Megawatt","2019-07-24","10:00","10179794","adverts/10179794.doc","2019-08-05 12:10:13","10179794","2019-07-22","2019-07-24","2019-08-05"
"TD19080575","2019-07-30","transportation and offloading of 1000KVA 33/11KV transformer from South Wales waterfalls, harare to marange substation","2019-08-02","10:00","10180827","adverts/RFQ - 10180827.docx","2019-08-05 11:05:36","10180827","2019-07-30","2019-08-02","2019-08-05"
"TD1908058","2019-07-12","supply and delivery of,fire fighting equipment servicing for manicaland district depots.","2019-07-16","10:00","10177171","adverts/RFQ-  10177171.docx","2019-08-05 08:59:15","10177171","2019-07-12","2019-07-16","2019-08-05"
"TD19080590","2019-07-12","supply and delivery of fire fighting equipment for megawatt building","2019-07-16","10:00","10177992","adverts/techno.pdf","2019-08-05 10:42:58","10177992","2019-07-12","2019-07-16","2019-08-05"
"TD19080981","2019-08-05","Supply and delivery of spring charging motor for maintenance","2019-08-09","10:00","10175916","adverts/RFQ- 10175916.docx","2019-08-09 15:54:10","10175916","2019-08-09","2019-08-09","2019-08-09"
"TD19080990","2019-08-05","Supply and delivery of spring charging motor for Vumba","2019-08-09","10:00","10175923","adverts/RFQ - 10175916.docx","2019-08-09 15:43:48","10175923","2019-08-05","2019-08-09","2019-08-09"
"TD19082131","2019-07-24","supply and delivery of laptop for eastern region","2019-07-26","10:00","10180381","adverts/RFQ - 10180381.docx","2019-08-21 12:19:14","10180381","2019-07-24","2019-07-26","2019-08-21"
"TD19082143","2019-08-16","supply and delivery of 2hp water pumps for water features for Nyanga guest house","2019-08-21","10:00","10180990","adverts/10180990.docx","2019-08-21 15:19:24","10180990","2019-08-16","2019-08-21","2019-08-21"
"TD1908227","2019-08-14","supply and delivery of E1 books for manicaland","2019-08-19","10:00","10178801","adverts/10178801.docx","2019-08-22 12:34:00","10178801","2019-08-14","2019-08-19","2019-08-22"
"TD19082270","2019-08-16","supply and delivery of water pump for nyanga guest house","2019-08-21","10:00","10181917","adverts/156648028410180990.docx","2019-08-22 15:24:45","10181917","2019-08-16","2019-08-21","2019-08-22"
"TD19082285","2019-08-14","supply and delivery of CIF books for manicaland district","2019-08-19","10:00","10178800","adverts/10178800.docx","2019-08-22 12:43:22","10178800","2019-08-14","2019-08-19","2019-08-22"
"TD19091311","2019-08-27","Supply and Delivery of A.C.B 60A 440V 3 Phase for Masvingo NPS","2019-08-29","10:00","10182206","adverts/1568378262masvingo nps materials (2).docx","2019-09-13 14:37:43","10182206","2019-08-27","2019-08-29","2019-09-13"
"TD19091318","2019-08-27","Supply and Delivery of Cable 16mm2 2 core CU PVC SWA 660V for Masvingo NPS","2019-08-29","10:00","10182216","adverts/1568375818masvingo nps materials (1).docx","2019-09-13 13:56:58","10182216","2019-08-27","2019-08-29","2019-09-13"
"TD19091337","2019-08-27","Supply and Delivery of Spacer Spindle 5/8 x 13 dwg d.96s for Masvingo NPS","2019-08-29","10:00","10182212","adverts/masvingo nps materials (3).docx","2019-09-13 15:21:12","10182212","2019-08-27","2019-08-29","2019-09-13"
"TD19091345","2019-08-27","Supply and Delivery of Masvingo NPS Materials","2019-08-29","10:00","10182207","adverts/masvingo nps materials (2).docx","2019-09-13 11:38:18","10182207","2019-08-27","2019-08-29","2019-09-13"
"TD19091349","2019-08-27","Supply and Delivery of NPS Materials","2019-08-29","10:00","RFQ10182204","adverts/masvingo nps materials.docx","2019-09-13 08:42:13","10182204","2019-08-29","2019-08-29","2019-09-13"
"TD1909136","2019-08-27","Supply and Delivery of Masvingo NPS Materials","2019-08-29","10:00","10182205","adverts/masvingo nps materials (1).docx","2019-09-13 10:12:06","10182205","2019-08-27","2019-08-29","2019-09-13"
"TD19091392","2019-08-27","Supply and Delivery of MCB S/P AC 60AMP for Masvingo NPS ","2019-08-29","10:00","RFQ10182205","adverts/1568369636masvingo nps materials.docx","2019-09-13 12:13:56","10182205","2019-08-27","2019-08-29","2019-09-13"
"TD19091729","2019-08-27","supply and delivery of NPS materials ","2019-08-29","10:00","10182210","adverts/1568715724masvingo nps materials.docx","2019-09-17 12:22:04","10182210","2019-08-28","2019-08-29","2019-09-17"
"TD19091764","2019-08-27","supply and delivery of NPS materials ","2019-09-29","10:00","10182210","adverts/1568701126masvingo nps materials.docx","2019-09-17 08:18:47","10182210","2019-08-27","2019-08-29","2019-09-17"
"TD19091794","2019-08-27","supply and delivery of NPS materials ","2019-08-29","10:00","10182215","adverts/1568728538masvingo nps materials.docx","2019-09-17 15:55:39","10182215","2019-08-27","2019-08-29","2019-09-17"
"TD19091815","2019-08-27","supply and delivery of NPS materials ","2019-08-29","10:00","10182215","adverts/1568801378masvingo nps materials.docx","2019-09-18 12:09:39","10182215","2019-08-27","2019-08-29","2019-09-18"
"TD19091916","2019-08-14","Supply and Delivery of 55A Toner for Manicaland Accountant","2019-08-19","10:00","10181089","adverts/10181089.docx","2019-09-19 08:40:31","10181089","2019-08-14","2019-08-19","2019-09-19"
"TD19091935","2019-09-16","supply and delivery of 971 XL cartridges","2019-09-18","10:00","10183597","adverts/10183597.docx","2019-09-19 16:55:09","10183597","2019-09-16","2019-09-18","2019-09-19"
"TD19091942","2019-08-20","supply and delivery of 500L engine oil for garage","2019-08-22","10:00","10179622","adverts/10179622.docx","2019-09-19 16:00:31","10179622","2019-08-20","2019-08-22","2019-09-19"
"TD19091946","2019-08-27","supply and delivery of soap for maintenance ","2019-08-29","10:00","10180905","adverts/masvingo soap.docx","2019-09-19 07:44:29","10180905","2019-08-27","2019-08-29","2019-09-19"
"TD19091950","2019-08-26","Supply and Fix of screen doors at Nyanga staff houses","2019-08-28","10:00","10181089","adverts/156887983710181089.docx","2019-09-19 09:57:17","10181089","2019-08-26","2019-08-28","2019-09-19"
"TD19091953","2019-08-26","supply and delivery of door locksets for Nyanga staff houses","2019-08-28","10:00","10181228","adverts/10181228.docx","2019-09-19 16:27:24","10181228","2019-08-26","2019-08-28","2019-09-19"
"TD19091957","2019-08-21","Tree cutting at 20 miller Morningside","2019-08-23","10:00","10181728","adverts/10181728.doc","2019-09-19 15:40:34","10181728","2019-08-21","2019-08-23","2019-09-19"
"TD19091970","2019-08-19","repair of falling office partition at megawatt","2019-08-22","10:00","10181618","adverts/10181618.docx","2019-09-19 16:19:41","10181618","2019-08-19","2019-08-22","2019-09-19"
"TD19092062","2019-09-09","supply and delivery of IT work station desks for megawatt","2019-09-13","10:00","10182318","adverts/10182318.docx","2019-09-20 07:27:10","10182318","2019-09-09","2019-09-13","2019-09-20"
"TD19092079","2019-09-04","Supply and delivery of cement bricks for ZCDC control rooms","2019-09-06","10:00","10182139","adverts/10182139.docx","2019-09-20 08:00:35","10182139","2019-09-04","2019-09-06","2019-09-20"
"TD19092332","2019-08-27","supply and delivery of NPS and wood poles","2019-08-29","10:00","10182098","adverts/masvingo nps materials  & wood poles.docx","2019-09-23 14:49:11","10182098","2019-08-28","2019-08-29","2019-09-23"
"TD19092378","2019-08-27","supply and delivery of NPS materials ","2019-08-29","10:00","10182208","adverts/1569240125masvingo nps materials.docx","2019-09-23 14:02:06","10182208","2019-08-27","2019-08-29","2019-09-23"
"TD19092412","2019-08-27","supply and delivery of nps materials and wood poles ","2019-08-29","10:00","10182096","adverts/1569304833masvingo nps materials  & wood poles.docx","2019-09-24 08:00:33","10182096","2019-08-27","2019-08-29","2019-09-24"
"TD19092443","2019-08-27","supply and delivery of nps materials and wood poles ","2019-08-29","10:00","10182097","adverts/1569303939masvingo nps materials  & wood poles.docx","2019-09-24 07:45:39","10182097","2019-08-27","2019-08-29","2019-09-24"
"TD19092464","2019-08-27","supply and delivery of nps materials and wood poles ","2019-08-29","10:00","10182094","adverts/1569304998masvingo nps materials  & wood poles.docx","2019-09-24 08:03:19","10182094","2019-08-27","2019-08-29","2019-09-24"
"TD1909249","2019-08-27","supply and delivery nps materials and wood poles","2019-08-29","10:00","10182102","adverts/1569305828masvingo nps materials  & wood poles.docx","2019-09-24 08:17:09","10182102","2019-08-28","2019-08-29","2019-09-24"
"TD19092595","2019-08-26","fix and supply concrete pavers along feeder on ZB section, Greenwood pharmacy, Halsteds and mitchels","2019-08-30","10:00","10182138","adverts/10182138.docx","2019-09-25 08:18:11","10182138","2019-08-26","2019-08-30","2019-09-25"
"TD19092915","2019-09-23","supply and delivery of 05A toner cartridge for regional office HRO","2019-09-25","10:00","10179491","adverts/10179491.docx","2019-09-29 14:32:00","10179491","2019-09-23","2019-09-25","2019-09-29"
"TD19092919","2019-09-23","supply and delivery of plumbing materials for nyanga staff houses","2019-09-25","10:00","10175397","adverts/10175397.docx","2019-09-29 14:05:27","10175397","2019-09-25","2019-09-23","2019-09-29"
"TD19092921","2019-09-23","supply and delivery of 05A toner cartridge for mutare engineering, mutare revenue office, mutare depot clerk","2019-09-25","10:00","10179494","adverts/10179494.docx","2019-09-29 14:38:26","10179494","2019-09-23","2019-09-25","2019-09-29"
"TD19092941","2019-09-25","supply and delivery of 05A toner cartridge for commercial office manicaland","2019-09-27","10:00","10183823","adverts/10183823.docx","2019-09-29 14:59:05","10183823","2019-09-25","2019-09-27","2019-09-29"
"TD19092948","2019-09-25","supply and delivery of 05A toner cartridge for accounting officer cash office, mutare","2019-09-27","10:00","10183853","adverts/10183853.docx","2019-09-29 15:06:05","10183853","2019-09-25","2019-09-27","2019-09-29"
"TD19092952","2019-09-25","supply and delivery of 950 toner cartridge for eastern region","2019-09-27","10:00","10184023","adverts/10184023.docx","2019-09-29 15:11:59","10184023","2019-09-25","2019-09-27","2019-09-29"
"TD19092961","2019-09-23","supply and delivery of 971XL ink cartridge for maintenance engineer","2019-09-25","10:00","10179549","adverts/10179549.docx","2019-09-29 14:50:08","10179549","2019-09-23","2019-09-25","2019-09-29"
"TD19092991","2019-09-25","supply and delivery of painting materials for nyanga staff houses","2019-09-27","10:00","10175381","adverts/10175381.docx","2019-09-29 14:22:46","10175381","2019-09-25","2019-09-27","2019-09-29"
"TD19093018","2019-09-25","supply and delivery of 80A toner cartridge for chipinge banking hall supervisor","2019-09-27","10:00","10183365","adverts/10183365.docx","2019-09-30 09:08:55","10183365","2019-09-25","2019-09-27","2019-09-30"
"TD19093071","2019-09-25","supply and delivery of bond paper for eastern region","2019-09-27","10:00","10184018","adverts/10184018.docx","2019-09-30 10:08:40","10184018","2019-09-25","2019-09-27","2019-09-30"
"TD1909308","2019-09-25","supply and delivery of pedal sanitary bins for use in laddies toilets","2019-09-27","10:00","10177629","adverts/10177629.docx","2019-09-30 09:24:29","10177629","2019-09-25","2019-09-27","2019-09-30"
"TD19093088","2019-09-16","ANNUAL CLEANING CONTRACT FOR EASTERN REGION.","2019-09-20","10:00","10183229","adverts/10183229.docx","2019-09-30 13:01:17","10183229","2019-09-16","2019-09-20","2019-09-30"
"TD19093089","2019-09-23","supply and delivery of bond paper for manicaland district","2019-09-25","10:00","10179089","adverts/156983371910179089.docx","2019-09-30 10:55:19","10179089","2019-09-23","2019-09-25","2019-09-30"
"TD19093092","2019-09-16","ANNUAL CLEANING CONTRACT FOR EASTERN REGION.","2019-09-20","10:00","10183229","adverts/156984131810183229.docx","2019-09-30 13:01:58","10183229","2019-09-16","2019-09-20","2019-09-30"
"TD19101034","2019-09-27","supply and delivery of NPS materials ","2019-09-29","10:00","10182218","adverts/1570712405masvingo nps materials.docx","2019-10-10 15:00:06","10182218","2019-09-27","2019-09-29","2019-10-10"
"TD19101686","2019-10-14","supply and delivery of laundry soap for Nyanga","2019-10-15","10:00","10183784","adverts/10183784.docx","2019-10-16 08:13:19","10183784","2019-10-14","2019-10-15","2019-10-16"
"TD19102228","2019-10-16","supply and delivery of porcelain tiles for Nyanga staff houses","2019-10-18","10:00","10181093","adverts/10181093.docx","2019-10-22 09:32:06","10181093","2019-10-16","2019-10-18","2019-10-22"
"TD19102232","2019-10-16","Supply and Delivery of Facebricks for Chimanimani Durawall","2019-10-18","10:00","10183418","adverts/10183418.docx","2019-10-22 10:46:13","10183418","2019-10-16","2019-10-18","2019-10-22"
"TD19102315","2019-10-14","supply and delivery of laundry soap for Rusape","2019-10-15","10:00","10183787","adverts/10183787.docx","2019-10-23 08:45:16","10183787","2019-10-14","2019-10-15","2019-10-23"
"TD19102317","2019-10-01","servicing of fire extinguishers for Masvingo district","2019-10-04","10:00","10182351","adverts/10182351.docx","2019-10-23 13:37:46","10182351","2019-10-01","2019-10-04","2019-10-23"
"TD1910232","2019-10-10","supply and delivery of fencing pliers for Bindura Glendale 33kv line recovery","2019-10-14","10:00","10184807","adverts/10184807.docx","2019-10-23 13:47:01","10184807","2019-10-10","2019-10-14","2019-10-23"
"TD19102336","2019-10-09","hiring of 7 tone truck for conductor harvesting ","2019-10-11","10:00","10184746","adverts/10184746.docx","2019-10-23 12:15:40","10184746","2019-10-09","2019-10-11","2019-10-23"
"TD19102340","2019-10-14","supply and delivery of soap for manicaland","2019-10-15","10:00","10180905","adverts/1571812151masvingo soap.docx","2019-10-23 08:29:11","10180905","2019-10-14","2019-10-15","2019-10-23"
"TD19102358","2019-10-10","Supply and delivery of Adjustable Wrench Bindura Glendale 33 KV Line Recovery","2019-10-14","10:00","10184809","adverts/10184809.docx","2019-10-23 08:07:34","10184809","2019-10-10","2019-10-14","2019-10-23"
"TD19102359","2019-10-14","supply and delivery of laundry soap for Chimanimani","2019-10-15","10:00","10183776","adverts/10183776.docx","2019-10-23 08:40:52","10183776","2019-10-14","2019-10-15","2019-10-23"
"TD19102363","2019-10-09","hiring of 7 tone truck for conductor harvesting ","2019-10-11","10:00","10184744","adverts/10184744.docx","2019-10-23 12:11:00","10184744","2019-10-09","2019-10-11","2019-10-23"
"TD19102365","2019-10-14","supply and delivery of switch numbers ","2019-10-16","10:00","10184925","adverts/157183174010184925.docx","2019-10-23 13:55:40","10184925","2019-10-14","2019-10-16","2019-10-23"
"TD19102370","2019-10-14","supply and delivery of soap for manicaland","2019-10-15","10:00","10180902","adverts/1571812557masvingo soap.docx","2019-10-23 08:35:58","10180902","2019-10-14","2019-10-15","2019-10-23"
"TD19102371","2019-10-14","supply and delivery of switch numbers ","2019-10-16","10:00","10184925","adverts/10184925.docx","2019-10-23 13:53:17","10184925","2019-10-14","2019-10-16","2019-10-23"
"TD19102383","2019-10-10","supply and delivery of toilet papers for regional office","2019-10-14","10:00","10152699","adverts/10152699.docx","2019-10-23 08:18:27","10152699","2019-10-10","2019-10-14","2019-10-23"
"TD19102392","2019-10-14","supply and delivery of stationery for Regional Office","2019-10-16","10:00","10184899","adverts/10184899.docx","2019-10-23 14:12:57","10184899","2019-10-14","2019-10-16","2019-10-23"
"TD19102393","2019-10-10","supply and delivery of toilet papers for regional office","2019-10-14","10:00","10152699","adverts/157181166010152699.docx","2019-10-23 08:21:01","10152699","2019-10-10","2019-10-14","2019-10-23"
"TD19102394","2019-10-14","supply and delivery of HP 980 Toner cartridge for HRM's Secretary","2019-10-16","10:00","10169830","adverts/10169830.docx","2019-10-23 14:23:08","10169830","2019-10-14","2019-10-16","2019-10-23"
"TD19103046","2019-10-14","Supply and Delivery of First Aid Kits for Mutare District.","2019-10-16","10:00","10182906","adverts/10182906.pdf","2019-10-30 09:46:07","10182906","2019-10-14","2019-10-16","2019-10-30"
"TD1910313","2019-10-28","C5/6 Envelopes (self-adhesive)","2019-10-30","10:00","10185652","adverts/RFQ - envelopes.docx","2019-10-31 16:10:47","10185652","2019-10-28","2019-10-30","2019-10-31"
"TD19112590","2019-10-23","supply and delivery of middle sabi staff compound perimeter fence","2019-10-30","10:00","10168883","adverts/RFQ -10168883.docx","2019-11-25 15:52:43","10168883","2019-10-23","2019-10-30","2019-11-25"
"TD19120530","2019-11-26","supply and delivery of HP 80A Toner Cartridge","2019-11-27","10:00","10186618","adverts/10186618.docx","2019-12-05 11:47:01","10186618","2019-11-26","2019-11-27","2019-12-05"
"TD19120533","2019-11-26","Supply and delivery of HP 131A Toner Cartridges","2019-12-27","10:00","10187202","adverts/157553785610187202.docx","2019-12-05 11:24:18","10187202","2019-11-26","2019-11-27","2019-12-05"
"TD19120543","2019-11-25","supply and delivery of acid proof worksuites for maintenance","2019-11-27","10:00","10181365","adverts/10181365.docx","2019-12-05 10:24:27","10181365","2019-11-25","2019-11-27","2019-12-05"
"TD19120551","2019-11-26","supply and delivery of 05A Toner cartridge for transport officer.","2019-11-27","10:00","10186142","adverts/10186142.docx","2019-12-05 10:38:40","10186142","2019-11-26","2019-11-27","2019-12-05"
"TD19120556","2019-11-22","Supply and delivery of PVC Gutters and accessories for Nyanga Guest house","2019-11-27","10:00","10187086","adverts/10187086.docx","2019-12-05 12:16:02","10187086","2019-11-22","2019-11-27","2019-12-05"
"TD19120563","2019-11-26","supply and delivery of HP Laserjet full set for Regional Office","2019-12-27","10:00","10187202","adverts/10187202.docx","2019-12-05 11:14:08","10187202","2019-11-26","2019-11-27","2019-12-05"
"TD19120566","2019-11-19","supply and delivery of sliding gates for Nyanga CSC.","2019-11-27","10:00","10184424","adverts/10184424.docx","2019-12-05 12:45:19","10184424","2019-11-19","2019-11-27","2019-12-05"
"TD19120575","2019-11-22","supply and delivery of paint for Nyanga Guest house ","2019-11-26","10:00","10187085","adverts/10187085.docx","2019-12-05 11:40:21","10187085","2019-11-22","2019-11-26","2019-12-05"
"TD19120590","2019-11-19","repair and painting of Nyanga depot buildings","2019-11-27","10:00","10186032","adverts/10186032.docx","2019-12-05 10:58:25","10186032","2019-11-19","2019-11-27","2019-12-05"
"TD19120594","2019-11-25","supply and delivery of Anti-slip safety shoes for maintenance ","2019-11-27","10:00","10181367","adverts/10181367.docx","2019-12-05 11:31:25","10181367","2019-11-25","2019-11-27","2019-12-05"
"TD19120945","2019-12-04","Supply and Delivery of Solar System Materials for Jotali Building ","2019-12-06","10:00","10187588","adverts/RFQ - Jotali Solar 04.12.docx","2019-12-09 09:22:11","10187588","2019-12-04","2019-12-06","2019-12-09"
"TD19121152","2019-12-06","repair of falling office partition at megawatt","2019-12-10","10:00","10186490","adverts/10186490.docx","2019-12-11 10:03:29","10186490","2019-12-06","2019-12-10","2019-12-11"
"TD19121155","2019-12-06","printing of form E60 inspection and overhaul of consumers substation in triplicate.","2019-12-10","10:00","10187182","adverts/10187182.docx","2019-12-11 08:30:28","10187182","2019-12-06","2019-12-10","2019-12-11"
"TD19121178","2019-12-06","supply and fitting of blinds for office 320","2019-12-10","10:00","10187211","adverts/10187211.docx","2019-12-11 09:19:51","10187211","2019-12-06","2019-12-10","2019-12-11"
"TD19121183","2019-11-26","SUPPLY AND DELIVERY OF HP 05A TONER CARTRIDGE FOR BUYING OFFICE","2019-11-27","10:00","10187919","adverts/10187919.docx","2019-12-11 12:02:05","10187919","2019-11-26","2019-11-27","2019-12-11"
"TD19121196","2019-12-06","supply of a new injector pump and reprogramming of injectors ","2019-12-10","10:00","10187317","adverts/10187317.docx","2019-12-11 09:45:44","10187317","2019-12-06","2019-12-10","2019-12-11"
"TD19121198","2019-12-06","supply and reprogramming  of new injectors and an injector pump for er2157","2019-12-10","10:00","10187316","adverts/10187316.docx","2019-12-11 09:28:17","10187316","2019-12-06","2019-12-10","2019-12-11"
"TD19121618","2019-12-11","painting and fixing of staff house house(supply and fix) - inside and outside","2019-12-16","10:00","10187902","adverts/RFQ - tyres transport 12.12.19.docx","2019-12-16 14:47:33","10187902","2019-12-11","2019-12-16","2019-12-16"
"TD19121629","2019-12-10","supply and delivery of galvanized chain for megawatt ","2019-12-13","10:00","10187793","adverts/10187793.doc","2019-12-16 08:55:48","10187793","2019-12-10","2019-12-13","2019-12-16"
"TD19121690","2019-12-11","Labour for installation of solar power system for jotali building","2019-12-16","10:00","10187891","adverts/10187891.doc","2019-12-16 14:57:00","10187891","2019-12-11","2019-12-16","2019-12-16"
"TD19121710","2019-12-13","supply and delivery of tyres for transport","2019-12-16","10:00","10174576","adverts/1576572545RFQ - tyres transport 12.12.19.docx","2019-12-17 10:49:05","10174576","2019-12-13","2019-12-16","2019-12-17"
"TD1912172","2019-12-13","supply and delivery of tyres for transport","2019-12-16","10:00","10166411","adverts/1576570667RFQ - tyres transport 12.12.19.docx","2019-12-17 10:17:48","10166411","2019-12-13","2019-12-16","2019-12-17"
"TD19121721","2019-12-13","supply and delivery of tyres for transport","2019-12-16","10:00","10187434","adverts/1576572783RFQ - tyres transport 12.12.19.docx","2019-12-17 10:53:04","10187434","2019-12-13","2019-12-16","2019-12-17"
"TD19121737","2019-12-13","supply and delivery of tyres for transport","2019-12-16","10:00","10174584","adverts/1576570196RFQ - tyres transport 12.12.19.docx","2019-12-17 10:09:56","10174584","2019-12-13","2019-12-16","2019-12-17"
"TD19121762","2019-12-13","supply and delivery of tyres for transport","2019-12-16","10:00","10166408","adverts/1576572290RFQ - tyres transport 12.12.19.docx","2019-12-17 10:44:50","10166408","2019-12-13","2019-12-16","2019-12-17"
"TD19121795","2019-12-13","supply and delivery of tyres for transport","2019-12-16","10:00","10166411","adverts/1576572029RFQ - tyres transport 12.12.19.docx","2019-12-17 10:40:29","10166411","2019-12-13","2019-12-16","2019-12-17"
"TD20020735","2020-01-29","Supply and delivery of Cable Air Dac 25mm ","2020-01-31","10:00","10189517","adverts/1581066598RFQ- Connection materials Mutare 2020.doc","2020-02-07 11:09:59","ER 22/2020","2020-01-29","2020-01-31","2020-02-03"
"TD20020739","2020-01-29","MCB S/P AC 60Amp","2020-01-31","10:00","10189522","adverts/1581069536RFQ- Connection materials Mutare 2020.doc","2020-02-07 11:58:57","ER 22/2020","2020-01-29","2020-01-31","2020-02-03"
"TD2002074","2020-01-29","Supply and delivery of Clamp PG AL/Alm 50 - 100mm 2 Bolt","2020-01-31","10:00","10189516","adverts/1581072052RFQ- Connection materials Mutare 2020.doc","2020-02-07 12:40:52","ER 22/2020","2020-01-29","2020-01-31","2020-02-03"
"TD2002075","2020-02-04","Supply and delivery of paint for Rutenga","2020-02-06","10:00","10190261","adverts/RFQ10190261 Paint for Rutenga 740.pdf","2020-02-07 15:34:55","ER 19/2020","2020-02-04","2020-02-06","2020-02-07"
"TD20020752","2020-01-29","Supply and delivery of Cable 16mm2 2 core cu PVC SWA 660V","2020-01-31","10:00","10189520","adverts/1581071245RFQ- Connection materials Mutare 2020.doc","2020-02-07 12:27:26","ER 22/2020","2020-01-29","2020-01-31","2020-02-03"
"TD20020759","2020-01-29","Supply and Delivery of ABC Insulating Piercing Connectors","2020-01-31","10:00","10189519","adverts/RFQ- Connection materials Mutare 2020.doc","2020-02-07 10:49:59","ER 22/2020","2020-01-29","2020-01-31","2020-02-03"
"TD20020764","2020-01-29","Supply and delivery of Iron D 3.5"" Shackle Type Insulator","2020-01-31","10:00","10189521","adverts/1581067513RFQ- Connection materials Mutare 2020.doc","2020-02-07 11:25:13","ER 22/2020","2020-01-29","2020-01-31","2020-02-03"
"TD20021021","2020-02-05","Supply and delivery of New Tyres 205/70R15 for F/N 2123","2020-02-07","10:00","10189199","adverts/1581321570RFQ-New tyres Mutare 2020.doc","2020-02-10 09:59:30","ER 16/2020 Transport","2020-02-05","2020-02-07","2020-02-10"
"TD20021035","2020-02-05","Supply and delivery of New Tyres 175/65R14 for F/N2181","2020-02-07","10:00","10189197","adverts/1581325040RFQ-New tyres Mutare 2020.doc","2020-02-10 10:57:20","ER 16/2020 Transport","2020-02-05","2020-02-07","2020-02-10"
"TD20021047","2020-02-05","Supply and delivery of New Tyres 215R15 for F/N 2129","2020-02-07","10:00","10189203","adverts/RFQ-New tyres Mutare 2020.doc","2020-02-10 09:05:54","ER 16/2020","2020-02-05","2020-02-07","2020-02-10"
"TD20021055","2020-02-05","Supply and delivery of New Tyres 285/70R17 for F/N 2210","2020-02-07","10:00","10189843","adverts/1581325849RFQ-New tyres Mutare 2020.doc","2020-02-10 11:10:49","ER 16/2020 Transport","2020-02-05","2020-02-07","2020-02-10"
"TD20021057","2020-02-05","Supply and delivery of New Tyres 215R15 for F/N 2129","2020-02-07","10:00","10189209","adverts/1581319375RFQ-New tyres Mutare 2020.doc","2020-02-10 09:22:55","ER 16/2020 Transport","2020-02-05","2020-02-07","2020-02-10"
"TD20021060","2020-02-05","Supply and delivery of New Tyres 195R14 for F/N 2031","2020-02-07","10:00","10189205","adverts/1581321170RFQ-New tyres Mutare 2020.doc","2020-02-10 09:52:51","ER 16/2020 Transport","2020-02-05","2020-02-07","2020-02-10"
"TD20021063","2020-02-05","Supply and delivery of New Tyres 245/70R16 for F/N 2186","2020-02-07","10:00","10189210","adverts/1581318873RFQ-New tyres Mutare 2020.doc","2020-02-10 09:14:34","ER 16/2020 Transport","2020-02-05","2020-02-07","2020-02-10"
"TD20021079","2020-02-05","Supply and delivery of New Tyres 215R15 for F/N 2137","2020-02-07","10:00","10189208","adverts/1581324402RFQ-New tyres Mutare 2020.doc","2020-02-10 10:46:42","ER 16/2020 Transport","2020-02-05","2020-02-07","2020-02-10"
"TD20021132","2020-02-04","Supply and delivery of Red and Black interlocking pavers ","2020-02-06","10:00","10190188","adverts/PR 10190188 Interlocking Pavers 2020743.pdf","2020-02-11 14:43:01","ER 19/2020 General R","2020-02-04","2020-02-06","2020-02-11"
"TD20021998","2020-02-12","Supply and delivery of blue 90% car shade cloth for Nyanga Guest Houses ","2020-02-14","10:00","10190805","adverts/1582116154RFQ-10190805 CAR SHADE CLOTH FOR NYANGA GUEST HOUSES 2020.doc","2020-02-19 14:42:34","ER17/2020","2020-02-12","2020-02-14","2020-02-17"
"TD20072059","2020-07-13","PURCHASE OF MUTTON CLOTH FOR CLEANING TRANSFORMERS AND SWITCHGEAR","2020-07-15","10:00","RQ20052010","adverts/RFQ -MUTTON CLOTH docx.docx","2020-07-20 13:51:04","ER19/2020","2020-07-15","2020-07-15","2020-07-16"
"TD20072915","2020-07-16","Supply and Delivery of SF6 gas","2020-07-20","14:00","10194650","adverts/PR10194650 SF6 Gas860.pdf","2020-07-29 17:58:27","ER20/2020","2020-07-16","2020-07-20","2020-07-29"
"TD20072920","2020-07-16","Supply and Delivery of Transformer gaskets for maintenance","2020-07-20","14:00","10191229","adverts/1596037328PR10191229  Gaskets 861.pdf","2020-07-29 17:42:09","ER20/2020","2020-07-16","2020-07-20","2020-07-29"
"TD20073043","2020-07-20","Supply and delivery of Laptops","2020-07-22","14:00","ER8/2020","adverts/PR10190533 Laptops863.pdf","2020-07-30 10:45:55","ER8/2020","2020-07-20","2020-07-22","2020-07-29"
"TD20080575","2020-07-17","Supply and delivery of 1400 tyres for Crane ","2020-07-21","14:00","10192476","adverts/RFQ Tyres 1400 2020.doc","2020-08-05 13:02:54","ER16/2020","2020-06-17","2020-07-21","2020-07-05"
"TD20081755","2020-07-17","PROCUREMENT OF FACE MASKS FOR ZETDC EASTERN REGION","2020-07-21","14:00","10197726","adverts/rfq10196614.pdf","2020-08-17 14:12:22","ER15/2020","2020-07-17","2020-07-21","2020-08-17"
"TD20081968","2020-08-06","PROCUREMENT OF WASHABELL  FACE MASKS FOR ZETDC EASTERN REGION","2020-08-06","10:00","10197726","adverts/covid 19.pdf","2020-08-19 14:51:23","ER15/2020","2020-08-06","2020-08-06","2020-08-19"
"TD2008197","2020-08-06","Supply and Delivery of washable Face Masks for Eastern Region","2020-08-06","14:00","10197726","adverts/Covid approval 2020.pdf","2020-08-19 16:54:00","ER15/2020","2020-08-06","2020-08-06","2020-08-19"
"TD20082682","2020-08-12","Procurement of 4 Plate Stove For Urban Depot - ZETDC Eastern Region","2020-08-14","14:00","10192418","adverts/RFQ10192418.pdf","2020-08-26 14:24:42","ER15/2020","2020-08-12","2020-08-14","2020-08-26"
"TD20090224","2020-08-24","Procurement of Gear Oil, ATF, Brake fluid, Degreasers, 2 x 650 Batteries, Mutton Cloth And Heavy duty battery terminals for Mutare Garage-ZETDC Eastern Region","2020-08-26","14:00","10197637","adverts/RFQ10197637.pdf","2020-09-02 15:03:50","ER16/2020","2020-08-24","2020-08-26","2020-09-02"
"TD20090235","2020-08-24","Procurement of 80 x 5lt Engine Oil for Mutare Garage- ZETDC Eastern Region","2020-08-26","14:00","10197883","adverts/RFQ10197883.pdf","2020-09-02 12:40:48","ER16/2020","2020-08-24","2020-08-26","2020-09-02"
"TD20090313","2020-08-24","Supply and Delivery of new tyres 245/70R16","2020-08-26","14:00","10197730","adverts/1599157312RFQ Tyres Various Eastern 2020.doc","2020-09-03 20:21:53","ER16/2020","2020-08-24","2020-08-26","2020-09-03"
"TD20090352","2020-08-24","Supply and Delivery of new tyres 245/70R16","2020-08-26","14:00","10197728","adverts/1599156316RFQ Tyres Various Eastern 2020.doc","2020-09-03 20:05:16","ER16/2020","2020-08-24","2020-08-26","2020-09-03"
"TD20090381","2020-08-24","Supply and Delivery of new tyres 245/70R16","2020-08-26","14:00","10197727","adverts/RFQ Tyres Various Eastern 2020.doc","2020-09-03 19:07:35","ER16/2020","2020-08-24","2020-08-26","2020-09-03"
"TD20090391","2020-08-24","Supply and Delivery of new tyres 245/70R16","2020-08-26","10:00","10197728","adverts/1599155015RFQ Tyres Various Eastern 2020.doc","2020-09-03 19:43:35","ER16/2020","2020-08-24","2020-08-26","2020-09-03"
"TD20090398","2020-08-24","Supply and Delivery of new tyres 11R22.5 2O Ply","2020-08-26","14:00","10197718","adverts/1599158520RFQ Tyres Various Eastern 2020.doc","2020-09-03 20:42:00","ER16/2020","2020-08-24","2020-08-26","2020-09-03"
"TD20090413","2020-08-24","Supply and delivery of new tyres 175/65R14","2020-08-26","14:00","10197720","adverts/1599219385RFQ Tyres Various Eastern 2020.doc","2020-09-04 13:36:25","ER 16/2020","2020-08-24","2020-08-26","2020-09-04"
"TD2009042","2020-08-24","Supply and Delivery of new tyres 245/70R16","2020-08-26","14:00","10197721","adverts/1599198728RFQ Tyres Various Eastern 2020.doc","2020-09-04 07:52:08","ER16/2020","2020-08-24","2020-08-26","2020-09-03"
"TD20090426","2020-08-24","Supply and Delivery of new tyres 1400 - 20 ply","2020-08-26","14:00","10195206","adverts/1599195908RFQ Tyres Various Eastern 2020.doc","2020-09-04 07:05:08","ER16/2020","2020-08-24","2020-08-26","2020-09-03"
"TD20090430","2020-08-24","Procurement of Substation Welding Materials For Mutare Feeder-ZETDC Eastern Region","2020-08-26","14:00","10194760","adverts/RFQ10194760.pdf","2020-09-04 10:30:15","ER19/2020","2020-08-24","2020-08-26","2020-09-04"
"TD20090433","2020-08-24","Supply and Delivery of new tyres 215/R15","2020-08-26","14:00","10197726","adverts/1599199690RFQ Tyres Various Eastern 2020.doc","2020-09-04 08:08:11","ER16/2020","2020-08-24","2020-08-26","2020-09-03"
"TD20090445","2020-08-24","Supply and delivery of new tyres 245/70R16","2020-08-26","14:00","10197722","adverts/1599218874RFQ Tyres Various Eastern 2020.doc","2020-09-04 13:27:54","ER 16/2020","2020-08-24","2020-08-26","2020-09-04"
"TD2009045","2020-08-24","Supply and delivery of new tyres 175/65R14","2020-08-26","14:00","10197719","adverts/1599220426RFQ Tyres Various Eastern 2020.doc","2020-09-04 13:53:47","ER 16/2020","2020-08-24","2020-08-26","2020-09-04"
"TD20090472","2020-08-24","Procurement of Substation Welding Materials For Darlington Feeder-ZETDC Eastern Region","2020-08-26","14:00","10194763","adverts/REQ 10194763.pdf","2020-09-04 11:13:06","ER19/2020","2020-08-24","2020-08-26","2020-09-04"
"TD20090481","2020-08-24","Supply and delivery of new tyres 245/70R16","2020-08-26","14:00","10197723","adverts/1599218139RFQ Tyres Various Eastern 2020.doc","2020-09-04 13:15:40","ER 16/2020","2020-08-24","2020-08-26","2020-09-04"
"TD20090488","2020-08-24","Supply and Delivery of new tyres 245/70R16","2020-08-26","14:00","10197724","adverts/1599200495RFQ Tyres Various Eastern 2020.doc","2020-09-04 08:21:35","ER16/2020","2020-08-24","2020-08-26","2020-09-03"
"TD20090496","2020-08-24","Procurement of Substation Welding Materials For Holiday Inn Feeder-ZETDC Eastern Region","2020-08-26","14:00","10194762","adverts/Rfq10194762.pdf","2020-09-04 09:46:08","ER19/2020","2020-08-24","2020-08-26","2020-09-04"
"TD20090498","2020-08-24","Supply and Delivery of new tyres 9R 22.5 - 20 ply","2020-08-26","14:00","10197715","adverts/1599196700RFQ Tyres Various Eastern 2020.doc","2020-09-04 07:18:20","ER16/2020","2020-08-24","2020-08-26","2020-09-03"
"TD20090715","2020-08-24","Procurement of Substation Welding Materials For Holiday Inn Feeder-ZETDC Eastern Region","2020-08-26","14:00","10194762","adverts/1599467267Rfq10194762.pdf","2020-09-07 10:27:50","ER19/2020","2020-08-24","2020-08-26","2020-09-07"
"TD20090758","2020-08-24","Procurement of Substation Welding Materials For Holiday Inn Feeder-ZETDC Eastern Region","2020-08-26","14:00","10194762","adverts/1599467864Rfq10194762.pdf","2020-09-07 10:37:48","ER19/2020","2020-08-24","2020-08-26","2020-09-07"
"TD2009076","2020-08-24","Procurement of Substation Welding Materials For Mutare Feeder-ZETDC Eastern Region","2020-08-26","14:00","10194760","adverts/1599469575RFQ10194760.pdf","2020-09-07 11:06:18","ER19/2020","2020-08-24","2020-08-26","2020-09-07"
"TD20090920","2020-09-01","SUPPLY AND DELIVERY OF VISITORS' CHAIRS","2020-09-04","14:00","RFQ20082654","adverts/1599653846RFQ20082625.pdf","2020-09-09 14:17:27","ER4/2020","2020-09-04","2020-09-04","2020-09-04"
"TD20090944","2020-09-01","SUPPLY AND DELIVERY OF 4-IN-1 PRINTER","2020-09-04","14:00","PR10198148","adverts/RFQ10198148-PRINTER.pdf","2020-09-09 10:52:17","ER11/2020","2020-09-04","2020-09-04","2020-09-04"
"TD20090978","2020-09-01","SUPPLY AND DELIVERY OF VISITORS' CHAIRS","2020-09-04","14:00","RFQ20082654","adverts/1599654470RFQ20082625.pdf","2020-09-09 14:27:50","ER4/2020","2020-09-04","2020-09-04","2020-09-04"
"TD20090994","2020-09-01","SUPPLY AND DELIVERY OF SWIVEL CHAIRS","2020-09-04","14:00","RFQ20082625","adverts/RFQ20082625.pdf","2020-09-09 11:27:35","ER4/2020","2020-09-01","2020-09-04","2020-09-04"
"TD20091016","2020-09-01","SUPPLY AND DELIVERY OF GENTS SHOES","2020-09-04","14:00","PR10191776","adverts/RFQ10191776.pdf","2020-09-10 13:41:50","ER24/2020","2020-09-01","2020-09-04","2020-09-04"
"TD20091053","2020-09-01","SUPPLY AND DELIVERY OF LADIES SHOES","2020-09-04","14:00","PR10191775","adverts/RFQ10191775.pdf","2020-09-10 13:32:13","ER4/2020","2020-09-01","2020-09-04","2020-09-04"
"TD20091089","2020-09-01","SUPPLY AND DELIVERY OF TROUSERS","2020-09-04","14:00","PR10191770","adverts/RFQ10191770.pdf","2020-09-10 12:34:00","ER24/2020","2020-09-01","2020-09-04","2020-09-04"
"TD20091093","2020-09-01","SUPPLY AND DELIVERY OF ROYAL BLUE SKIRTS","2020-09-04","14:00","PR10192467","adverts/RFQ10192467-","2020-09-10 14:06:43","ER24/2020","2020-09-01","2020-09-04","2020-09-04"
"TD2009115","2020-09-01","SUPPLY AND DELIVERY OF ROYAL BLUE SKIRTS","2020-09-04","14:00","PR10192467","adverts/1599804658RFQ10192467-","2020-09-11 08:10:58","ER24/2020","2020-09-01","2020-09-04","2020-09-04"
"TD20091155","2020-09-01","SUPPLY AND DELIVERY OF WHITE BLOUSES","2020-09-04","14:00","PR10192468","adverts/1599806854RFQ10192467-","2020-09-11 08:47:35","ER24/2020","2020-09-01","2020-09-04","2020-09-04"
"TD2009117","2020-09-01","SUPPLY AND DELIVERY OF LONG SLEEVE FORMAL WHITE AND SKY BLUE SHIRTS","2020-09-04","14:00","PR10191769","adverts/PR10191769.pdf","2020-09-11 10:53:19","ER24/2020","2020-09-01","2020-09-04","2020-09-04"
"TD20091181","2020-09-01","SUPPLY AND DELIVERY OF LONG SLEEVE FORMAL WHITE SHIRTS AND SHORT SLEEVED SKY BLUE SHIRTS","2020-09-04","14:00","PR10191769","adverts/1599815584PR10191769.pdf","2020-09-11 11:13:05","ER24/2020","2020-09-01","2020-09-04","2020-09-04"
"TD20092412","2020-09-21","SUPPLY AND FITTING OF TYRES IN MUTARE","2020-09-23","10:00","PR10198071","adverts/10198071.pdf","2020-09-24 09:49:18","ER16/2020","2020-09-21","2020-09-23","2020-09-23"
"TD2009243","2020-09-21","SUPPLY, FITTING AND BALANCING OF TYRES IN MUTARE","2020-09-23","10:00","PR10198682","adverts/10198682.pdf","2020-09-24 09:30:49","ER16/2020","2020-09-21","2020-09-23","2020-09-23"
"TD20092483","2020-09-21","SUPPLY AND FITTING OF TYRES IN MUTARE","2020-09-23","10:00","PR10197047","adverts/10197047.pdf","2020-09-24 09:58:40","ER16/2020","2020-09-21","2020-09-23","2020-09-23"
"TD20092837","2020-09-22","Borehole Drilling, Equipment and Casing for Nyanga Customer Service Centre","2020-09-25","14:00","RFQ20051112","adverts/PR10194067.pdf","2020-09-28 12:54:52","ER7/2020","2020-09-22","2020-09-25","2020-09-25"
"TD20092887","2020-09-22","Borehole Drilling, Equipment and Casing for Chipinge Customer Service Centre","2020-09-25","14:00","RFQ20081921","adverts/PR10198059.pdf","2020-09-28 12:50:48","ER7/2020","2020-09-22","2020-09-25","2020-09-25"
"TD20092893","2020-09-22","Borehole Drilling, Equipment and Casing for Chimanimani Customer Service Centre","2020-09-25","10:00","RFQ20051115","adverts/1601289269PR10194076.pdf","2020-09-28 12:34:30","ER7/2020","2020-09-22","2020-09-25","2020-09-25"
"TD20092930","2020-09-25","SUPPLY AND FITTING OF TYRES IN OWN WORKSHOP IN MUTARE","2020-09-28","14:00","RQ20092369","adverts/1601382733PR -TYRES215R15.pdf","2020-09-29 14:32:13","ER16/2020","2020-09-25","2020-09-28","2020-09-28"
"TD20092931","2020-09-25","SUPPLY AND FITTING OF TYRES IN OWN WORKSHOP IN MUTARE","2020-09-28","14:00","RFQ20092358","adverts/PR -TYRES215R15.pdf","2020-09-29 14:04:39","ER16/2020","2020-09-25","2020-09-28","2020-09-28"
"TD20092933","2020-09-25","SUPPLY AND FITTING OF TYRES IN OWN WORKSHOP IN MUTARE","2020-09-28","14:00","RFQ20092329","adverts/1601381605PR -TYRES215R15.pdf","2020-09-29 14:13:25","ER16/2020","2020-09-25","2020-09-28","2020-09-28"
"TD20092934","2020-09-25","SUPPLY AND FITTING OF TYRES IN OWN WORKSHOP IN MUTARE","2020-09-28","14:00","RFQ20092386","adverts/1601382326PR -TYRES215R15.pdf","2020-09-29 14:25:26","ER16/2020","2020-09-25","2020-09-28","2020-09-28"
"TD20092948","2020-09-25","SUPPLY AND DELIVERY OFGENUINE CLUTCH KIT FOR NP300 2 WHEEL DRIVE","2020-09-28","14:00","RFQ20092366","adverts/1601373287PR CLUTCH KIT.pdf","2020-09-29 11:54:47","ER16/2020","2020-09-25","2020-09-28","2020-09-28"
"TD20092951","2020-09-23","SUPPLY AND DELIVERY OF A FOUR PLATE STOVE FOR CHIPINGE DEPOT","2020-09-25","14:00","RFQ20030957","adverts/10192130.pdf","2020-09-29 08:57:51","ER4/2020","2020-09-23","2020-09-25","2020-09-25"
"TD20092960","2020-09-25","SUPPLY AND FITTING OF TYRES IN OWN WORKSHOP IN MUTARE","2020-09-28","14:00","RFQ2009236","adverts/1601381931PR -TYRES215R15.pdf","2020-09-29 14:18:51","ER16/2020","2020-09-25","2020-09-28","2020-09-28"
"TD20092961","2020-09-25","SUPPLY AND DELIVERY OFGENUINE CLUTCH KIT FOR NP300 4X4","2020-09-28","14:00","RFQ20092355","adverts/1601372130PR CLUTCH KIT.pdf","2020-09-29 11:35:30","ER16/2020","2020-09-25","2020-09-28","2020-09-28"
"TD20092967","2020-09-25","SUPPLY AND DELIVERY OFGENUINE CLUTCH KIT FOR NP300 4X4","2020-09-28","14:00","RFQ20092312","adverts/1601370862PR CLUTCH KIT.pdf","2020-09-29 11:14:22","ER16/2020","2020-09-25","2020-09-28","2020-09-28"
"TD2009297","2020-09-23","SUPPLY AND DELIVERY OF A DEEP FREEZER FOR CHIMANIMANI DEPOT","2020-09-25","14:00","RFQ20030982","adverts/PR10192134.pdf","2020-09-29 09:05:10","ER4/2020","2020-09-23","2020-09-25","2020-09-25"
"TD20092971","2020-09-25","SUPPLY AND FITTING OF TYRES IN OWN WORKSHOP IN MUTARE","2020-09-28","14:00","RQ2009235","adverts/1601383033PR -TYRES215R15.pdf","2020-09-29 14:37:13","ER16/2020","2020-09-25","2020-09-28","2020-09-28"
"TD20092974","2020-09-25","SUPPLY AND DELIVERY OFGENUINE CLUTCH KIT FOR NP300 4X4","2020-09-28","14:00","RFQ20080584","adverts/PR CLUTCH KIT.pdf","2020-09-29 10:53:51","ER16/2020","2020-09-25","2020-09-28","2020-09-28"
"TD20092995","2020-09-25","SUPPLY AND DELIVERY OF SUSPENSION MATERIAL FOR MADZA BT50","2020-09-28","14:00","RFQ20090194","adverts/1601367677PR10198491.pdf","2020-09-29 10:21:18","ER16/2020","2020-09-25","2020-09-28","2020-09-28"
"TD20100555","2020-09-28","Supply and delivery of Standard cement bricks ","2020-09-30","14:00","RFQ20082694","adverts/10198313.pdf","2020-10-05 10:13:56","ER7/2020","2020-09-28","2020-09-30","2020-09-30"
"TD2010061","2020-09-30","Hiring of 30 ton truck to transport 11m poles to Mashava Depot","2020-10-02","14:00","RFQ20091546","adverts/1601979729RFQ poles.pdf","2020-10-06 12:22:09","ER16/2020","2020-09-30","2020-10-02","2020-10-02"
"TD20100610","2020-09-30","Hiring of 30 ton truck to transport 11m poles to Mutare Urban Depot","2020-10-02","14:00","RFQ20092325","adverts/1601971828RFQ poles.pdf","2020-10-06 10:10:28","ER16/2020","2020-09-30","2020-10-02","2020-10-02"
"TD20100618","2020-09-30","Hiring of 30 ton truck to transport 12.6m poles to Mutare Environs Depot","2020-10-02","14:00","RFQ20092375","adverts/1601978083RFQ poles.pdf","2020-10-06 11:54:44","ER16/2020","2020-09-30","2020-10-02","2020-10-02"
"TD20100625","2020-09-30","Hiring of 30 ton truck to transport 12.6m poles to Mutare Urban Depot","2020-10-02","14:00","RFQ20091673","adverts/RFQPoles.pdf","2020-10-06 11:03:06","ER16/2020","2020-09-30","2020-10-02","2020-10-02"
"TD20100627","2020-09-28","SUPPLY AND DELIVERY OF ROUGH SAWN TIMBER IN MUTARE","2020-09-30","14:00","RFQ20082624","adverts/1601992411PR 10198305.pdf","2020-10-06 15:53:31","ER7/2020","2020-09-28","2020-09-30","2020-09-30"
"TD20100629","2020-09-30","Hiring of 30 ton truck to transport 9m poles to Rutenga Centre","2020-10-02","14:00","RFQ20092575","adverts/1601973930RFQ for poles.pdf","2020-10-06 10:45:32","ER16/2020","2020-09-30","2020-10-02","2020-10-02"
"TD2010063","2020-09-30","Hiring of 30 ton truck to transport 11m poles to Chiredzi Depot","2020-10-02","14:00","RFQ20091617","adverts/1601977292RFQ poles.pdf","2020-10-06 11:41:33","ER16/2020","2020-09-30","2020-10-02","2020-10-02"
"TD20100630","2020-09-30","Hiring of 30 ton truck to transport 11m poles to Mutare Urban Depot","2020-10-02","14:00","RFQ20091022","adverts/1601972712RQ poles.pdf","2020-10-06 10:25:12","ER16/2020","2020-09-30","2020-10-02","2020-10-02"
"TD20100631","2020-09-30","Hiring of 30 ton truck to transport 12.6m poles to Mashava Depot","2020-10-02","14:00","RFQ20091527","adverts/1601979251RFQ poles.pdf","2020-10-06 12:14:12","ER16/2020","2020-09-30","2020-10-02","2020-10-02"
"TD20100647","2020-09-30","Hiring of 30 ton truck to transport wood poles to Chipinge Depot","2020-10-02","14:00","RFQ20092244","adverts/1601980334RFQ poles.pdf","2020-10-06 12:32:15","ER16/2020","2020-09-30","2020-10-02","2020-10-02"
"TD2010065","2020-09-30","Hiring of 30 ton truck to transport 12.6m poles to Mutare Urban Depot","2020-10-02","14:00","RFQ20092321","adverts/RFQ poles.pdf","2020-10-06 09:44:41","ER16/2020","2020-09-30","2020-10-02","2020-10-02"
"TD20100651","2020-09-30","Hiring of 30 ton truck to transport 12.6m poles to Rutenga Centre Depot","2020-10-02","14:00","RFQ20092551","adverts/RFQ for poles.pdf","2020-10-06 10:40:45","ER16/2020","2020-09-30","2020-10-02","2020-10-02"
"TD20100658","2020-09-30","Hiring of 30 ton truck to transport 10.8m poles to Rutenga Centre","2020-10-02","14:00","RFQ20091421","adverts/1601974194RFQ for poles.pdf","2020-10-06 10:49:55","ER16/2020","2020-09-30","2020-10-02","2020-10-02"
"TD2010066","2020-09-30","Hiring of 30 ton truck to transport 9m poles to Gutu Depot","2020-10-02","14:00","RFQ20091645","adverts/1601975563RFQPoles.pdf","2020-10-06 11:12:44","ER16/2020","2020-09-30","2020-10-02","2020-10-02"
"TD20100661","2020-09-30","Hiring of 30 ton truck to transport 9m poles to Mutare Environs Depot","2020-10-02","14:00","RFQ2009231","adverts/1601978327RFQ poles.pdf","2020-10-06 11:58:47","ER16/2020","2020-09-30","2020-10-02","2020-10-02"
"TD20100671","2020-09-30","Hiring of 30 ton truck to transport 9m poles to Mashava Depot","2020-10-02","14:00","RFQ20091553","adverts/1601979478RFQ poles.pdf","2020-10-06 12:17:58","ER16/2020","2020-09-30","2020-10-02","2020-10-02"
"TD20100674","2020-09-30","Hiring of 30 ton truck to transport 12.6m poles to Rusape Depot","2020-10-02","14:00","RFQ20091022","adverts/RQ poles.pdf","2020-10-06 10:20:45","ER16/2020","2020-09-30","2020-10-02","2020-10-02"
"TD20100678","2020-09-30","SUPPLY AND DELIVERY OF A 290L UPRIGHT FRIDGE FOR MUTARE URBAN DEPOT","2020-10-02","14:00","RFQ20032397","adverts/10192419PR.pdf","2020-10-06 14:28:03","ER4/2020","2020-09-30","2020-10-02","2020-10-02"
"TD20100687","2020-09-28","SUPPLY AND DELIVERY OF ROUGH SAWN TIMBER IN MUTARE","2020-09-30","14:00","RFQ20082624","adverts/PR 10198305.pdf","2020-10-06 15:47:28","ER7/2020","2020-09-28","2020-09-30","2020-09-30"
"TD20100688","2020-09-30","Hiring of 30 ton truck to transport 12.6m poles to Chiredzi Depot","2020-10-02","14:00","RFQ20091694","adverts/1601976685RFQ poles.pdf","2020-10-06 11:31:26","ER16/2020","2020-09-30","2020-10-02","2020-10-02"
"TD2010069","2020-09-30","Hiring of 30 ton truck to transport 9m poles to Chiredzi Depot","2020-10-02","14:00","RFQ2009176","adverts/1601977004RFQ poles.pdf","2020-10-06 11:36:44","ER16/2020","2020-09-30","2020-10-02","2020-10-02"
"TD20100691","2020-09-30","Hiring of 30 ton truck to transport 11m poles to Gutu Depot","2020-10-02","14:00","RFQ20091667","adverts/1601975789RFQPoles.pdf","2020-10-06 11:16:30","ER16/2020","2020-09-30","2020-10-02","2020-10-02"
"TD20100692","2020-09-30","Hiring of 30 ton truck to transport 9m poles to Mutare Urban Depot","2020-10-02","14:00","RFQ20092365","adverts/1601971027RFQ poles.pdf","2020-10-06 09:57:08","ER16/2020","2020-09-30","2020-10-02","2020-10-02"
"TD20100699","2020-09-30","Hiring of 30 ton truck to transport 11m poles to Mutare Environs Depot","2020-10-02","14:00","RFQ20092394","adverts/1601978556RFQ poles.pdf","2020-10-06 12:02:36","ER16/2020","2020-09-30","2020-10-02","2020-10-02"
"TD20100715","2020-10-02","SUPPLY AND FITTING OF NEW  TYRES IN CHIREDZI (245/70R16)","2020-10-05","14:00","RFQ20092890","adverts/PR-TYRES.pdf","2020-10-07 09:01:23","ER16/2020","2020-10-05","2020-10-05","2020-10-05"
"TD20100742","2020-10-02","SUPPLY AND FITTING OF NEW TYRES IN CHIREDZI (11R22.5)","2020-10-05","14:00","RFQ20092461","adverts/1602055342PR-TYRES.pdf","2020-10-07 09:22:22","ER16/2020","2020-10-02","2020-10-05","2020-10-05"
"TD20100743","2020-10-02","SUPPLY AND DELIVERY OF SUSPENSION MATERIAL FOR NISSAN NP300 4*2","2020-10-05","14:00","RFQ20090194","adverts/1602070260PR10198491 NISSAN.pdf","2020-10-07 13:31:03","ER16/2020","2020-10-02","2020-10-05","2020-10-05"
"TD20100745","2020-10-02","SUPPLY AND FITTING OF NEW TYRES IN GUTU","2020-10-05","14:00","RFQ20092820","adverts/PR-AMTEC.pdf","2020-10-07 10:27:15","ER16/2020","2020-10-02","2020-10-05","2020-10-05"
"TD20100747","2020-09-30","SUPPLY AND DELIVERY OF FOUR PLATE STOVE FOR MUTARE URBAN DEPOT","2020-10-02","14:00","RFQ20032356","adverts/PR10192418 STOVE.pdf","2020-10-07 10:49:48","ER4/2020","2020-09-30","2020-09-02","2020-10-02"
"TD20100759","2020-10-02","SUPPLY AND FITTING OF NEW TYRES IN RUTENGA (245/70R16)","2020-10-05","14:00","RFQ20092815","adverts/1602056978PR-NEW TYRES.pdf","2020-10-07 09:49:38","ER16/2020","2020-10-02","2020-10-05","2020-10-05"
"TD20100779","2020-10-02","SUPPLY AND FITTING OF NEW  TYRES IN RUTENGA (9R22.5-20)","2020-10-05","14:00","RFQ2009285","adverts/PR-NEW TYRES.pdf","2020-10-07 09:36:06","ER16/2020","2020-10-02","2020-10-05","2020-10-05"
"TD20100792","2020-10-02","SUPPLY AND DELIVERY OF SUSPENSION MATERIAL FOR NISSAN NP300 4*2","2020-10-05","14:00","RFQ20090194","adverts/PR10198491 NISSAN.pdf","2020-10-07 11:36:38","ER16/2020","2020-10-02","2020-10-05","2020-10-05"
"TD20100795","2020-10-02","SUPPLY AND FITTING OF NEW TYRES IN CHIREDZI (25/70R16)","2020-10-05","14:00","RFQ20092850","adverts/1602054890PR-TYRES.pdf","2020-10-07 09:14:50","ER16/2020","2020-10-02","2020-10-05","2020-10-05"
"TD20100816","2020-10-02","SUPPLY AND FITTING OF NEW TYRES IN MASVINGO (245/70R16)","2020-10-05","14:00","RFQ20092823","adverts/1602137980PR TYRES.pdf","2020-10-08 08:19:41","ER16/2020","2020-10-02","2020-10-05","2020-10-05"
"TD20100818","2020-10-02","SUPPLY AND FITTING OF NEW TYRES IN MASVINGO (9R22.5)","2020-10-05","14:00","RFQ20092473","adverts/1602138415PR TYRES.pdf","2020-10-08 08:26:56","ER16/2020","2020-10-02","2020-10-05","2020-10-05"
"TD20100827","2020-10-05","SUPPLY AND DELIVERY OF 32.5 CEMENT  ","2020-10-07","14:00","RFQ20200143","adverts/PR10199960.pdf","2020-10-08 15:39:32","ER7/2020","2020-10-05","2020-10-07","2020-10-07"
"TD20100835","2020-10-02","SUPPLY AND FITTING OF NEW TYRES IN MASVINGO (245/70R16)","2020-10-05","14:00","RFQ20092851","adverts/1602137341PR TYRES.pdf","2020-10-08 08:09:02","ER16/2020","2020-10-02","2020-10-05","2020-10-05"
"TD20100893","2020-10-02","SUPPLY AND FITTING OF NEW TYRES  IN MASVINGO","2020-10-05","14:00","RFQ2009297","adverts/PR TYRES.pdf","2020-10-08 07:58:13","ER16/2020","2020-10-02","2020-10-05","2020-10-05"
"TD20100924","2020-09-30","Hiring of 30 ton truck to transport 9m poles to Rutenga Centre","2020-10-02","14:00","RFQ2009575","adverts/1602224826RFQ for poles.pdf","2020-10-09 08:27:06","ER16/2020","2020-09-30","2020-10-02","2020-10-02"
"TD20100962","2020-10-05","SUPPLY AND DELIVERY OF 5L HAND SANITIZERS TO MUTARE","2020-10-07","14:00","RFQ20092990","adverts/PR10198745.pdf","2020-10-09 12:44:28","ER24/2020","2020-10-05","2020-10-07","2020-10-07"
"TD2010097","2020-10-05","SUPPLY AND DELIVERY OF NEW LAPTOPS FOR HRM AND HRO","2020-10-07","14:00","RFQ2009245","adverts/PR10199615-.pdf","2020-10-09 10:42:55","ER6/2020","2020-10-05","2020-10-07","2020-10-07"
"TD20100989","2020-09-30","Hiring of 30 ton truck to transport 12.6m poles to Gutu Depot","2020-10-02","14:00","RFQ20091673","adverts/1602226703RFQPoles.pdf","2020-10-09 08:58:23","ER16/2020","2020-09-30","2020-10-02","2020-10-02"
"TD2010099","2020-09-30","Hiring of 30 ton truck to transport 11m poles to Mutare Urban Depot","2020-10-02","14:00","RFQ20092325","adverts/1602226163RFQ for poles.pdf","2020-10-09 08:49:24","ER16/2020","2020-09-30","2020-10-02","2020-10-02"
"TD20100999","2020-09-30","Hiring of 30 ton truck to transport 10.8m poles to Rutenga Centre","2020-10-02","14:00","RFQ20091421","adverts/1602225798RFQ for poles.pdf","2020-10-09 08:43:19","ER16/2020","2020-09-30","2020-10-02","2020-10-02"
"TD20101235","2020-10-07","SUPPLY AND DELIVERY OF NECK TIES AND SCARFS ","2020-10-09","14:00","RFQ10197902","adverts/PR10197902-SCARFS.pdf","2020-10-12 08:10:46","ER24/2020","2020-10-07","2020-10-09","2020-10-09"
"TD20101294","2020-10-05","SUPPLY AND DELIVERY OF 100ML  HAND SANITIZERS IN MUTARE","2020-10-07","14:00","RFQ20092990","adverts/PR10198745 -HAND SANITIZERS.pdf","2020-10-12 08:40:52","ER24/2020","2020-10-05","2020-10-07","2020-10-07"
"TD20101324","2020-10-05","Supply and delivery of hand sanitizers 5litres","2020-10-07","14:00","RFQ20092990","adverts/1602570698PR10198745.pdf","2020-10-13 08:31:39","ER24/2020","2020-10-05","2020-10-07","2020-10-07"
"TD20101357","2020-10-05","SUPPLY AND FITTING OF NEW TYRES  IN MUTARE (205/65R16)","2020-10-07","14:00","RFQ20100562","adverts/PR10200064...NEW TYRES.pdf","2020-10-13 09:12:04","ER16/2020","2020-10-05","2020-10-07","2020-10-07"
"TD20101391","2020-10-07","SUPPLY AND DELIVERY OF NECK TIES AND SCARFS FOR 2020 LONG SERVICE AWARDS","2020-10-09","14:00","RFQ10197902","adverts/1602571824PR10197902-SCARFS.pdf","2020-10-13 08:50:24","ER24/2020","2020-10-07","2020-10-09","2020-10-09"
"TD20101460","2020-09-01","SUPPLY AND DELIVERY OF BLACK LACED GENTS SHOES","2020-09-04","14:00","PR10191776","adverts/1602681299RFQ10191776.pdf","2020-10-14 15:15:00","ER24/2020","2020-09-01","2020-09-04","2020-09-04"
"TD20101461","2020-09-01","Supply and delivery of black laced ladies shoes","2020-09-04","14:00","PR10191775","adverts/1602680577RFQ10191775.pdf","2020-10-14 15:02:57","ER24/2020","2020-09-01","2020-09-04","2020-09-04"
"TD2010148","2020-09-01","SUPPLY AND DELIVERY OF NAVY BLUE TROUSERS ","2020-09-04","14:00","10191770","adverts/1602683925RFQ10191770.pdf","2020-10-14 15:58:45","ER24/2020","2020-09-01","2020-09-04","2020-09-04"
"TD20101493","2020-09-01","Supply and delivery of black laced ladies shoes","2020-09-04","14:00","PR10191775","adverts/1602678419RFQ10191775.pdf","2020-10-14 14:27:00"," ER24/2020","2020-09-01","2020-09-04","2020-09-04"
"TD20101532","2020-09-01","SUPPLY AND DELIVERY OF NAVY BLUE TROUSERS ","2020-09-04","14:00","PR10191770","adverts/1602745655RFQ10191770.pdf","2020-10-15 09:07:35","ER24/2020","2020-09-01","2020-09-04","2020-09-04"
"TD20101584","2020-09-01","SUPPLY AND DELIVERY OF LONG SLEEVED WHITE SHIRTS","2020-09-04","14:00","PR10191769","adverts/1602743334PR10191769.pdf","2020-10-15 08:28:54","ER24/2020","2020-09-01","2020-09-04","2020-09-04"
"TD20101918","2020-10-05","SUPPLY AND DELIVERY OF FACE MASKS","2020-10-07","14:00","RFQ20092968","adverts/PR10198746 MASKS.pdf","2020-10-19 11:08:29","ER24/2020","2020-10-05","2020-10-07","2020-10-07"
"TD20101947","2020-10-05","SUPPLY AND DELIVERY OF FACE MASKS","2020-10-07","14:00","RFQ20092968","adverts/1603098595PR10198746 MASKS.pdf","2020-10-19 11:09:56","ER24/2020","2020-10-05","2020-10-07","2020-10-07"
"TD2010195","2020-09-01","SUPPLY AND DELIVERY OF SWIVEL CHAIRS","2020-09-04","14:00","RQ20082625","adverts/PR10198266-CHAIRS.pdf","2020-10-19 08:09:21","ER24/2020","2020-09-01","2020-09-04","2020-09-04"
"TD20101974","2020-09-01","SUPPLY AND DELIVERY OF SWIVEL CHAIRS","2020-09-04","14:00","RQ20082625","adverts/1603089500PR10198266-CHAIRS.pdf","2020-10-19 08:38:20","ER24/2020","2020-09-01","2020-09-04","2020-09-04"
"TD20101987","2020-10-08","SUPPLY AND DELIVERY OF A 290L UPRIGHT FRIDGE FOR CHIMANIMANI DEPOT","2020-10-12","14:00","RQ20032397","adverts/10192419.pdf","2020-10-19 14:56:05","ER24/2020","2020-10-08","2020-10-12","2020-10-12"
"TD20101990","2020-10-08","SUPPLY AND DELIVERY OF STANDARD CEMENT BRICKS IN CHIPINGE","2020-10-12","14:00","RFQ20092332","adverts/PR10199448.pdf","2020-10-19 15:12:39","ER7/2020","2020-10-08","2020-10-12","2020-10-12"
"TD20102010","2020-09-30","Hiring of 30 ton truck to transport 12.6m poles to Mutare Urban Depot","2020-10-02","14:00","RQ20092321","adverts/1603182735RFQ poles.pdf","2020-10-20 10:32:16","ER16/2020","2020-09-30","2020-10-02","2020-10-02"
"TD20102020","2020-09-30","Hiring of 30 ton truck to transport 10.8m poles to Rutenga Centre","2020-10-02","14:00","RQ20091421","adverts/1603180737RFQ for poles.pdf","2020-10-20 09:58:57","ER16/2020","2020-09-30","2020-10-02","2020-10-02"
"TD20102022","2020-10-08","SUPPLY AND DELIVERY OF GEAR BOX OIL 80W90 FOR  MASVINGO","2020-10-12","14:00","RQ20092896","adverts/PR10199734.pdf","2020-10-20 14:50:44","ER16/2020","2020-10-08","2020-10-12","2020-10-12"
"TD20102026","2020-09-30","Hiring of 30 ton truck to transport 9m poles to Mutare Urban Depot","2020-10-02","14:00","RQ20092365","adverts/1603177159RFQ poles.pdf","2020-10-20 08:59:19","ER16/2020","2020-09-30","2020-10-02","2020-10-02"
"TD20102029","2020-09-30","Hiring of 30 ton truck to transport 10.8m poles to Rutenga Centre","2020-10-02","14:00","RQ20091421","adverts/1603179949RFQ for poles.pdf","2020-10-20 09:45:49","ER16/2020","2020-09-30","2020-10-02","2020-10-02"
"TD20102037","2020-09-30","Hiring of 30 ton truck to transport 12.6m poles to Rutenga Centre","2020-10-02","14:00","RQ20092551","adverts/1603180227RFQ for poles.pdf","2020-10-20 09:50:27","ER16/2020","2020-09-30","2020-10-02","2020-10-02"
"TD20102038","2020-09-30","Hiring of 30 ton truck to transport 9m poles to Mutare Urban Depot","2020-10-02","14:00","RQ20092365","adverts/1603182949RFQ poles.pdf","2020-10-20 10:35:49","ER16/2020","2020-09-30","2020-10-02","2020-10-02"
"TD20102040","2020-09-30","Hiring of 30 ton truck to transport 12.6m poles to Rusape Depot","2020-10-02","14:00","RQ20091022","adverts/1603182362RQ poles.pdf","2020-10-20 10:26:02","ER16/2020","2020-09-30","2020-10-02","2020-10-02"
"TD20102041","2020-09-30","Hiring of 30 ton truck to transport 11m poles to Mutare Urban Depot","2020-10-02","14:00","RQ20092325","adverts/1603177477RFQ poles.pdf","2020-10-20 09:04:37","ER16/2020","2020-09-30","2020-10-02","2020-10-02"
"TD20102046","2020-09-30","Hiring of 30 ton truck to transport 11m poles to Mashava Depot","2020-10-02","14:00","RQ20091546","adverts/1603181361RFQ poles.pdf","2020-10-20 10:09:21","ER16/2020","2020-09-30","2020-10-02","2020-10-02"
"TD20102056","2020-09-30","Hiring of 30 ton truck to transport wood poles to Chipinge Depot","2020-10-02","14:00","RQ20092244","adverts/1603181613RFQ poles.pdf","2020-10-20 10:13:33","ER16/2020","2020-09-30","2020-10-02","2020-10-02"
"TD20102059","2020-09-30","Hiring of 30 ton truck to transport 11m poles to Mutare Urban Depot","2020-10-02","14:00","RQ20092325","adverts/1603183177RFQ poles.pdf","2020-10-20 10:39:37","ER16/2020","2020-09-30","2020-10-02","2020-10-02"
"TD2010206","2020-09-30","Hiring of 30 ton truck to transport 12.6m poles to Mashava Depot","2020-10-02","14:00","RQ20091527","adverts/1603180943RFQ poles.pdf","2020-10-20 10:02:23","ER16/2020","2020-09-30","2020-10-02","2020-10-02"
"TD20102063","2020-09-30","Hiring of 30 ton truck to transport 11m poles to Rusape Depot","2020-10-02","14:00","PR10198533","adverts/1603182557RQ poles.pdf","2020-10-20 10:29:17","ER16/2020","2020-09-30","2020-10-02","2020-10-02"
"TD2010208","2020-09-30","Hiring of 30 ton truck to transport 12.6m poles to Mutare Urban Depot","2020-10-02","14:00","RQ20092321","adverts/1603176822RFQ poles.pdf","2020-10-20 08:53:43","ER16/2020","2020-09-30","2020-10-02","2020-10-02"
"TD20102089","2020-09-30","Hiring of 30 ton truck to transport 9m poles to Rutenga Centre","2020-10-02","14:00","RQ20092575","adverts/1603180496RFQ for poles.pdf","2020-10-20 09:54:56","ER16/2020","2020-09-30","2020-10-02","2020-10-02"
"TD2010209","2020-09-30","Hiring of 30 ton truck to transport 9m poles to Mashava Depot","2020-10-02","14:00","RQ20091553","adverts/1603181179RFQ poles.pdf","2020-10-20 10:06:20","ER16/2020","2020-09-30","2020-10-02","2020-10-02"
"TD20102297","2020-09-01","SUPPLY AND DELIVERY OF NAVY BLUE TROUSERS ","2020-10-04","14:00","PR10191770","adverts/1603369823RFQ10191770.pdf","2020-10-22 14:30:24","ER4/2020","2020-09-01","2020-09-04","2020-09-04"
"TD20102314","2020-10-05","SUPPLY AND DELIVERY OF FACE MASKS","2020-10-07","14:00","RQ20092968","adverts/1603448431PR10198746 MASKS.pdf","2020-10-23 12:20:31","ER24/2020","2020-10-05","2020-10-07","2020-10-07"
"TD20102317","2020-10-15","SUPPLY AND DELIVERY OF RUBBERISED CORK GASKETS FOR MAINTAINANCE","2020-10-19","14:00","RQ20031826","adverts/RQ20031826.pdf","2020-10-23 08:16:54","ER19/2020","2020-10-15","2020-10-19","2020-10-19"
"TD20102319","2020-10-08","SUPPLY AND DELIVERY OF SWIVEL CHAIR FOR MANICALAND DISTRICT","2020-10-12","14:00","RQ20092214","adverts/PR10198590.pdf","2020-10-23 08:25:07","ER4/2020","2020-10-08","2020-10-12","2020-10-12"
"TD20102344","2020-10-15","SUPPLY AND DELIVERY OF SF6 GAS-50KG FOR MAINTANANCE","2020-10-19","14:00","RQ2005223","adverts/PR1014650.pdf","2020-10-23 08:06:14","ER19/2020","2020-10-15","2020-10-19","2020-10-19"
"TD20102346","2020-09-30","Hiring of 30 ton truck to transport 12.6m poles to Mutare Environs Depot","2020-10-02","14:00","RQ20092375","adverts/1603438359RFQ poles.pdf","2020-10-23 09:32:39","ER16/2020","2020-09-30","2020-10-02","2020-10-02"
"TD20102354","2020-10-08","SUPPLY AND DELIVERY OF NEW TYRES (245/70R16) FOR MASVINGO","2020-10-12","14:00","RQ2009289","adverts/PR10199713.pdf","2020-10-23 08:34:12","ER16/2020","2020-10-08","2020-10-12","2020-10-12"
"TD20102357","2020-09-01","SUPPLY AND DELIVERY OF LONG SLEEVED FORMAL WHITE SHIRTS ","2020-09-04","14:00","RQ10191769","adverts/1603447215PR10191769.pdf","2020-10-23 12:00:15","ER24/2020","2020-09-01","2020-09-04","2020-10-04"
"TD20102386","2020-09-30","Hiring of 30 ton truck to transport 12.6m poles to Mutare Environs Depot","2020-10-02","14:00","RQ20092375","adverts/1603438431RFQ poles.pdf","2020-10-23 09:33:51","ER16/2020","2020-09-30","2020-10-02","2020-10-02"
"TD20102392","2020-10-08","SUPPLY AND DELIVERY OF GEARBOX OIL 80W90-5L FOR MASVINGO","2020-10-12","14:00","RQ20092896","adverts/1603435731PR10199734.pdf","2020-10-23 08:48:51","ER16/2020","2020-10-08","2020-10-12","2020-10-12"
"TD20102398","2020-09-30","Hiring of 30 ton truck to transport 12.6m poles to Mutare Environs Depot","2020-10-02","14:00","RQ20092375","adverts/RFQ-12.6m poles Mutare environs.docx","2020-10-23 09:30:45","ER16/2020","2020-09-30","2020-10-02","2020-10-02"
"TD2010271","2020-10-13","SUPPLY AND DELIVERY OF FENCING MATERRIALS FOR MIDDLE SABI ","2020-10-16","14:00","RQ20100522","adverts/RFQ for Fencing Materials for Middle Sabi -.pdf","2020-10-27 15:04:36","ER7/2020","2020-10-13","2020-10-16","2020-10-16"
"TD20102813","2020-10-09","SUPPLY AND FITTING  OF SUSPENSION MATERIAL FOR NISSAN UD70","2020-10-13","14:00","RQ20091712","adverts/1603881093PR10199209-UD70.pdf","2020-10-28 12:31:33","ER16/2020","2020-10-09","2020-10-13","2020-10-13"
"TD20102819","2020-10-09","SUPPLY AND FITTING  OF SUSPENSION MATERIAL FOR NISSAN UD70","2020-10-13","14:00","RQ20091712","adverts/PR10199209-UD70.pdf","2020-10-28 12:28:29","ER16/2020","2020-10-09","2020-10-13","2020-10-13"
"TD20102845","2020-10-09","SUPPLY AND FITTING  OF SUSPENSION MATERIAL FOR NISSAN UD70","2020-10-13","14:00","RQ20091712","adverts/1603881050PR10199209-UD70.pdf","2020-10-28 12:30:50","ER16/2020","2020-10-09","2020-10-13","2020-10-13"
"TD20102927","2020-10-21","SUPPLY AND DELIVERY OF GENUINE CLUTCH KIT FOR NISSAN UD95 -CHIPINGE","2020-10-23","14:00","RFQ20090721","adverts/PR10198081.pdf","2020-10-29 10:56:42","ER16/2020","2020-10-21","2020-10-23","2020-10-23"
"TD20102943","2020-10-15","SUPPLY AND DELIVERY OF FEMALE CONTACTS FOR 11KV SWITCHGEAR","2020-10-19","14:00","RQ20082687","adverts/PR10198281-11KV SWITCHGEAR FEMALE CONTACTS.pdf","2020-10-29 10:53:46","ER19/2020","2020-10-15","2020-10-19","2020-10-19"
"TD20102966","2020-10-21","SUPPLY AND DELIVERY OF ENGINE OIL 15W40","2020-10-23","14:00","RFQ20092882","adverts/PR10199726.pdf","2020-10-29 11:17:59","ER16/2020","2020-10-21","2020-10-23","2020-10-23"
"TD20102981","2020-09-01","SUPPLY AND DELIVERY OF LONG SLEEVED FORMAL WHITE SHIRTS ","2020-09-04","14:00","RFQ10191769","adverts/1603968673PR10191769.pdf","2020-10-29 12:51:14","ER15/2020","2020-09-01","2020-10-04","2020-09-04"
"TD20102986","2020-10-15","SUPPLY AND DELIVERY OF MALE CONTACTS FOR 11KV SWITCHGEAR","2020-10-19","14:00","RQ20082670","adverts/1603962163PR10198284-11KV SWITCHGEAR MALE CONTACTS.pdf","2020-10-29 11:02:43","ER19/2020","2020-10-15","2020-10-19","2020-10-19"
"TD20102993","2020-10-21","SUPPLY AND DELIVERY OF RADIATOR FOR PEUGEOT 406 FOR ER2163","2020-10-23","14:00","RFQ20101243","adverts/PR10200644.pdf","2020-10-29 13:52:12","ER16/2020","2020-10-21","2020-10-23","2020-10-23"
"TD20102996","2020-10-15","SUPPLY AND DELIVERY OF MALE CONTACTS FOR 11KV SWITCHGEAR","2020-10-19","14:00","RQ20082670","adverts/PR10198284-11KV SWITCHGEAR MALE CONTACTS.pdf","2020-10-29 11:00:55","ER19/2020","2020-10-15","2020-10-19","2020-10-19"
"TD20110314","2020-10-21","HIRING OF A 7 TON TRUCK FOR MUTARE DISTRICT OFFICE","2020-10-23","14:00","RQ20101911","adverts/PR10201087-7 TON TRUCK.pdf","2020-11-03 09:11:11","ER16/2020","2020-10-21","2020-10-23","2020-10-23"
"TD20110324","2020-10-26","SUPPLY AND DELIVERY OF NEW TYRES 245/70R16 FOR ER2085 ","2020-10-28","14:00","RQ20102211","adverts/PR10198020-NEW TYRES(245.70R16).pdf","2020-11-03 15:49:39","ER16/2020","2020-10-26","2020-10-28","2020-10-28"
"TD20110326","2020-10-15","SUPPLY AND DELIVERY OF RUBBERISED CORK GASKETS","2020-11-19","14:00","RQ20031826","adverts/1604384177PR10191229.pdf","2020-11-03 08:16:19","ER19/2020","2020-10-15","2020-10-19","2020-10-19"
"TD20110333","2020-10-26","SUPPLY AND FIX OF BLINDS FOR FINANCE MANAGER AND SECRETARY'S OFFICES MUTARE","2020-10-28","14:00","RQ2010209","adverts/PR10201107-FM BLINDS.pdf","2020-11-03 15:43:23","E4/2020R","2020-10-26","2020-10-28","2020-10-28"
"TD20110352","2020-10-28","SUPPLY AND DELIVERYOF AIR COMPRESSOR 2.5 HORSE POWER 100L, HAMMER BODY AND FENDER FOR PANEL SHOP","2020-10-30","14:00","RQ20102323","adverts/PR10201410-AIR COMPRESSOR2,5 HORSE POWER.pdf","2020-11-03 10:07:44","ER16/2020","2020-10-28","2020-11-30","2020-11-30"
"TD20110357","2020-10-26","SUPPLY AND DELIVERY OF ATF OIL FOR MASVINGO ","2020-10-28","14:00","RQ20092848","adverts/PR10199736-LUBRICANT.pdf","2020-11-03 15:58:50","ER16/2020","2020-10-26","2020-10-28","2020-10-28"
"TD20110358","2020-10-26","SUPPLY AND DELIVERY OF SUBMERSIBLE PUMP FOR CHIREDZI DEPOT ","2020-10-28","14:00","RQ20102128","adverts/PR10201180-1,5 HORSEPOWER PUMP.pdf","2020-11-03 08:35:11","ER7/2020","2020-10-26","2020-10-28","2020-10-28"
"TD2011037","2020-10-15","SUPPLY AND DELIVERY OF RUBBERISED CORK GASKETS","2020-10-19","14:00","RQ20031826","adverts/PR10191229.pdf","2020-11-03 08:07:20","ER19/2020","2020-10-15","2020-10-19","2020-10-19"
"TD20110375","2020-10-26","SUPPLY AND DELIVERY OF SUBMERSIBLE PUMP-RUTENGA","2020-10-28","14:00","RQ20102171","adverts/PR10201179-1,5 HORSEPOWER PUMP.pdf","2020-11-03 08:25:18","ER7/2020","2020-10-26","2020-10-28","2020-10-28"
"TD20110380","2020-10-28","SUPPLY AND DELIVERY OF ROUGH SAWN TIMBER( 6m*114mm*38mm)  FOR SENIOR GUEST HOUSE ROOFING IN NYANGA","2020-10-30","14:00","RQ20102778","adverts/PR10201428.pdf","2020-11-03 08:56:47","ER7/2020","2020-10-28","2020-10-30","2020-10-30"
"TD20110436","2020-10-26","SUPPLY AND DELIVERY OF ENGINE OIL (5W40) FULLY SYNTHETIC","2020-10-28","14:00","RQ20092839","adverts/PR10199727-ENGINE OIL.pdf","2020-11-04 11:20:18","ER16/2020","2020-10-26","2020-10-28","2020-10-28"
"TD20110447","2020-10-26","Supply and delivery of multi-purpose grease ","2020-10-28","14:00","RQ20092833","adverts/PR10199729-wheel bearing grease.pdf","2020-11-04 10:18:45","ER16/2020","2020-10-26","2020-10-28","2020-10-28"
"TD2011045","2020-10-26","Supply and delivery of multi-purpose grease ","2020-10-28","14:00","RQ20092833","adverts/1604478639PR10199729-wheel bearing grease.pdf","2020-11-04 10:30:39","ER16/2020","2020-10-26","2020-10-28","2020-10-28"
"TD20110465","2020-10-28","SUPPLY AND DELIVERY OF CARTRIDGES ","2020-10-30","14:00","RQ20101991","adverts/1604485448PR10201067-CARTRIDGES.pdf","2020-11-04 12:24:10","ER11/2020","2020-10-28","2020-10-30","2020-10-30"
"TD20110466","2020-10-26","SUPPLY AND DELIVERY OF MALE TROUSERS AND JACKETS","2020-10-28","14:00","RQ20102034","adverts/trousers and jackets 10201095.jpeg","2020-11-04 14:12:32","ER15/2020","2020-10-26","2020-10-28","2020-10-28"
"TD20110480","2020-10-26","SUPPLY AND DELIVERY OF WHEEL BEARING GREASE(500G)  30KG FOR MASVINGO","2020-10-28","14:00","RQ20092830","adverts/wheel bearing grease 10199731.pdf","2020-11-04 07:54:01","ER16/2020","2020-10-26","2020-10-28","2020-11-28"
"TD20110494","2020-10-26","SUPPLY AND DELIVERY OF BRAKE FLUID 500ML FOR MASVINGO","2020-10-28","14:00","RQ20092856","adverts/PR10199732-LUBRICANTS.pdf","2020-11-04 09:08:38","ER16/2020","2020-10-26","2020-10-28","2020-10-28"
"TD20110524","2020-09-30","Hiring of 30 ton truck to transport 9m poles to Mashava Depot","2020-10-02","14:00","RQ20091633","adverts/1604556812RFQ poles.pdf","2020-11-05 08:13:33","ER16/2020","2020-09-30","2020-10-02","2020-10-02"
"TD20110544","2020-10-26","SUPPLY AND DELIVERY OF MALE TROUSERS AND JACKETS FOR FRONTLINE WORKERS ( SAMPLE ACCEPTED)","2020-10-28","14:00","RQ20102034","adverts/1604560897PR10201095-MALE TROUSERS N JACKETS.pdf","2020-11-05 09:21:38","ER15/2020","2020-10-26","2020-10-28","2020-10-28"
"TD20110556","2020-09-30","Hiring of 30 ton truck to transport 11m poles to Mashava Depot","2020-10-02","14:00","RQ20091661","adverts/1604557001RFQ poles.pdf","2020-11-05 08:16:41","ER16/2020","2020-09-30","2020-10-02","2020-10-02"
"TD20110564","2020-09-30","Hiring of 30 ton truck to transport 12.5m poles to Mashava Depot","2020-10-02","14:00","RQ2009176","adverts/1604557288RFQ poles.pdf","2020-11-05 08:21:28","ER16/2020","2020-09-30","2020-10-02","2020-10-02"
"TD20110592","2020-10-26","SUPPLY AND DELIVERY OF MALE TROUSERS AND JACKETS FOR FRONTLINE WORKERS","2020-10-28","14:00","RQ20102034","adverts/PR10201095-MALE TROUSERS N JACKETS.pdf","2020-11-05 09:19:10","ER15/2020","2020-10-26","2020-10-28","2020-10-28"
"TD20110594","2020-09-30","Hiring of 30 ton truck to transport 9m poles to Mashava Depot","2020-10-02","14:00","RQ20091633","adverts/1604556752RFQ poles.pdf","2020-11-05 08:12:32","ER16/2020","2020-09-30","2020-10-02","2020-10-02"
"TD20110694","2020-11-02","SUPPLY AND DELIVERY OF FRONT AND REAR SHOCKS FOR NP300 4 WHEEL DRIVE","2020-11-04","14:00","RQ20090477","adverts/PR10198615.pdf","2020-11-06 09:01:00","ER16/2020","2020-11-02","2020-11-04","2020-11-04"
"TD20110941","2020-10-14","SUPPLY AND DELIVERY OF WHITE BLOUSERS FOR  FRONTLINE WORKERS( sample accepted)","2020-10-16","14:00"," PR10192468","adverts/PR10192468.pdf","2020-11-09 15:19:18","ER15/2020","2020-10-14","2020-10-16","2020-10-16"
"TD20111026","2020-10-14","SUPPLY AND DELIVERY OF SHORT SLEEVED SKY BLUE SHIRTS FOR FRONTLINE WORKERS (SAMPLE ACCEPTED)","2020-10-16","14:00","RQ10191769","adverts/1604990299PR10191769.pdf","2020-11-10 08:38:20","ER15/2020","2020-10-14","2020-10-16","2020-10-16"
"TD20111030","2020-11-04","SUPPLY AND DELIVERY OF FIRST AID KITS ","2020-11-06","14:00","RQ20100785","adverts/PR10200256-FIRST AID KITS.pdf","2020-11-10 09:04:55","ER21/2020","2020-11-04","2020-11-06","2020-11-06"
"TD20111032","2020-11-05","SUPPLY AND FIT OF FUEL TOTALISERS AND KERBSIDE FUEL HORSES","2020-11-06","14:00","RQ20102047","adverts/PR10201138 -FUEL TOTALISERS.pdf","2020-11-10 08:27:59","ER16/2020","2020-11-05","2020-11-06","2020-11-06"
"TD20111058","2020-11-04","SUPPLY AND DELIVERY OF 10 TONNE PORTA POWER AND SPRAY GUN HP TOOLS TRADE","2020-11-06","14:00","RQ20102342","adverts/PR10201411-TONNE PORTA AND SPRAY GUN.pdf","2020-11-10 08:44:54","ER6/2020","2020-11-04","2020-11-06","2020-11-06"
"TD20111078","2020-11-04","SUPPLY AND DELIVERY OF NEW TYRES 195 R14","2020-11-06","14:00","RQ20102330","adverts/PR10201418.pdf","2020-11-10 14:53:07","ER16/2020","2020-11-04","2020-11-06","2020-11-06"
"TD20111081","2020-10-14","SUPPLY AND DELIVERY OF SHORT SLEEVED SKY BLUE SHIRTS FOR FRONTLINE WORKERS (SAMPLE ACCEPTED)","2020-10-16","14:00","RQ10191769","adverts/1604991058PR10191769.pdf","2020-11-10 08:50:58","ER15/2020","2020-10-14","2020-10-16","2020-10-16"
"TD20111157","2020-10-14","SUPPLY AND DELIVERY OF NAVY BLUE PANEL SKIRTS FOR FRONTLINE WORKERS (SAMPLE ACCEPTED)","2020-10-16","14:00","RQ10192467","adverts/10192467 skirts.pdf","2020-11-11 08:51:14","ER15/2020","2020-10-14","2020-10-16","2020-10-16"
"TD20111183","2020-09-01","SUPPLY AND DELIVERY OF LONG SLEEVED FORMAL WHITE SHIRTS  ( sample accepted)","2020-09-04","14:00","RQ10191769","adverts/1605076161PR10191769.pdf","2020-11-11 08:29:22","ER15/2020","2020-09-01","2020-09-04","2020-09-04"
"TD20111184","2020-11-04","SUPPLY AND DELIVERY OF 9R22.5 NEW TYRES FOR UD70 TRUCK- MUTARE GARAGE","2020-11-06","14:00","RQ20102957","adverts/1605080667PR10201418.pdf","2020-11-11 09:44:28","ER16/2020","2020-11-04","2020-11-06","2020-11-06"
"TD20111185","2020-11-02","SUPPLY AND DELIVERY OF DEPOT LIGHTING MATERIALS","2020-11-04","14:00","RQ20102783","adverts/PR10201600.pdf","2020-11-11 10:35:12","ER19/2020","2020-11-02","2020-11-04","2020-11-04"
"TD20111246","2020-11-09","SUPPLY AND DELIVERY OF WET AND DRY VACUUM CLEANER FOR R/O CLEANING MUTARE","2020-11-11","14:00","RQ20082678","adverts/PR110198268-WET AND DRY HOOVER - Copy.pdf","2020-11-12 14:05:02","ER4/2020","2020-11-09","2020-11-11","2020-11-11"
"TD20111271","2020-10-15","SUPPLY AND FITTING OF ALUMINIUM SLIDING WINDOWS FOR EXECUTIVE GUEST HOUSE GUARDROOM IN NYANGA","2020-10-19","14:00","RQ20101276","adverts/10200609 sliding windows.pdf","2020-11-12 09:59:18","ER7/2020","2020-10-15","2020-10-19","2020-10-19"
"TD2011129","2020-11-09","SUPPLY AND DELIVERY OF 4 IN 1 PRINTER FOR ACCOUNTING OFFICER CREDITORS OFFICE","2020-11-11","14:00","RQ2011046","adverts/PR10202002-4-IN-0NE PRINTER.pdf","2020-11-12 14:35:20","ER6/2020","2020-11-09","2020-11-11","2020-11-11"
"TD20111311","2020-11-02","SUPPLY AND DELIVERY OF SWIVEL CHAIR FOR LEAD ARTISAN CHIPINGE.(SAMPLE ACCEPTED)","2020-11-04","14:00","RQ210269","adverts/1605253255swivel chairs different centres.pdf","2020-11-13 09:40:55","ER4/2020","2020-11-02","2020-11-04","2020-11-04"
"TD20111316","2020-11-02","SUPPLY AND DELIVERY OF SWIVEL CHAIR FOR SENIOR CLIENT SRVICES OFFICER RUSAPE.(SAMPLE ACCEPTED)","2020-11-04","14:00","RQ20102653","adverts/1605252313swivel chairs different centres.pdf","2020-11-13 09:25:13","ER4/2020","2020-11-02","2020-11-04","2020-11-04"
"TD20111345","2020-11-02","SUPPLY AND DELIVERY OF SWIVEL CHAIR FOR SENIOR CLIENT SRVICES OFFICER CHIPINGE. (SAMPLE ACCEPTED)","2020-11-04","14:00","RQ20102674","adverts/1605251225swivel chairs different centres.pdf","2020-11-13 09:07:05","ER4/2020","2020-11-02","2020-11-04","2020-11-04"
"TD20111350","2020-11-02","SUPPLY AND DELIVERY OF SWIVEL CHAIR FOR ACCOUNTING OFFICER MUTARE (SAMPLE ACCEPTED)","2020-11-04","14:00","RQ2012623","adverts/1605254178swivel chairs different centres.pdf","2020-11-13 09:56:18","ER4/2020","2020-11-02","2020-11-04","2020-11-04"
"TD20111378","2020-11-02","SUPPLY AND DELIVERY OF SWIVEL CHAIR FOR ACCOUNTING OFFICER MUTARE (SAMPLE ACCEPTED)","2020-11-04","14:00","RQ2012623","adverts/1605254159swivel chairs different centres.pdf","2020-11-13 09:56:00","ER4/2020","2020-11-02","2020-11-04","2020-11-04"
"TD20111380","2020-11-02","SUPPLY AND DELIVERY OF SWIVEL CHAIR FOR SENIOR CLIENT SRVICES OFFICER CHIPINGE.","2020-11-04","14:00","RQ20102674","adverts/swivel chairs different centres.pdf","2020-11-13 09:06:31","ER4/2020","2020-11-02","2020-11-04","2020-11-04"
"TD20111623","2020-11-11","Hiring of 30 ton truck to transport 9m poles to Middle Sabi","2020-11-13","14:00","RQ20092285","adverts/RFQ Middle sabi.pdf","2020-11-16 08:51:11","ER16/2020","2020-11-11","2020-11-13","2020-11-13"
"TD2011163","2020-11-11","SUPPLY AND DELIVERY OF BUILDING MATERIALS FOR DURAHOLE -CHIMANIMANI DEPOT","2020-11-13","14:00","RQ20102248","adverts/PR10201322.pdf","2020-11-16 10:31:53","ER7/2020","2020-11-11","2020-11-13","2020-11-13"
"TD20111630","2020-11-11","Hiring of 30 ton truck to transport 11m poles to Middle Sabi Depot","2020-11-13","14:00","RQ20092211","adverts/1605509905RFQ Middle sabi.pdf","2020-11-16 08:58:26","ER16/2020","2020-11-11","2020-11-13","2020-11-13"
"TD20111640","2020-11-11","SUPPLY AND DELIVERY OF STEEL FILING CABINETS FOR SERVICE FILES FOR MUTARE URBAN DEPOT","2020-11-13","14:00","RQ20032373","adverts/PR10192416.pdf","2020-11-16 09:21:27","ER4/2020","2020-11-11","2020-11-13","2020-11-13"
"TD20111676","2020-11-11","Hiring of 30 ton truck to transport 12.6m poles to Middle Sabi Depot","2020-11-13","14:00","RQ20092247","adverts/1605510228RFQ Middle sabi.pdf","2020-11-16 09:03:48","ER16/2020","2020-11-11","2020-11-13","2020-11-13"
"TD20111761","2020-11-09","SUPPLY AND DELIVERY OF HP131A FULL SET TONER CARTRIDGE FOR MUTARE DM SECRETARY.","2020-11-11","14:00","RQ20103064","adverts/PR1021856.pdf","2020-11-17 15:25:20","ER11/2020","2020-11-09","2020-11-11","2020-11-11"
"TD20111822","2020-11-09","PRINTING OF CIF BOOKS","2020-11-11","14:00","RQ20090758","adverts/1605694804PR10198651-CIF BOOK.pdf","2020-11-18 12:20:04","ER11/2020","2020-11-09","2020-11-11","2020-11-11"
"TD20111830","2020-11-09","PRINTING OF E22 FORMS","2020-11-11","14:00","RQ20090774","adverts/PR10198649-E22 FORMS.pdf","2020-11-18 12:28:36","ER11/2020","2020-11-09","2020-11-11","2020-11-11"
"TD20111859","2020-10-15","SUPPLY AND DELIVERY OF RUBBERISED CORK GASKETS","2020-10-19","14:00","RQ20031826","adverts/1605693416RQ20031826.pdf","2020-11-18 11:56:57","ER19/2020","2020-10-15","2020-10-19","2020-10-19"
"TD2011188","2020-11-11","SUPPLY AND DELIVERY OF LAPTOP FOR THE ACCOUNTING OFFICER STORES REGIONAL OFFICE","2020-11-13","14:00","RQ20110483","adverts/PR10201995-LAPTOP.pdf","2020-11-18 15:07:53","ER6/2020","2020-11-11","2020-11-13","2020-11-13"
"TD20111880","2020-10-15","SUPPLY AND DELIVERY OF RUBBERISED CORK GASKETS","2020-10-19","14:00","RQ20031826","adverts/1605692885RQ20031826.pdf","2020-11-18 11:48:06","ER19/2020","2020-10-15","2020-10-19","2020-10-19"
"TD20111884","2020-11-09","PRINTING OF PERMIT TO WORK BOOKS","2020-11-11","14:00","RQ20090777","adverts/PR10198648-WORK BOOKS.pdf","2020-11-18 12:34:58","ER11/2020","2020-11-09","2020-11-11","2020-11-11"
"TD20111912","2020-11-16","SUPPLY AND DELIVERY OF NEW TYRES 245/70R16","2020-11-18","14:00","RQ20092887","adverts/PR10199705-NEW TYRES.pdf","2020-11-19 09:31:50","ER16/2020","2020-11-16","2020-11-18","2020-11-18"
"TD20111928","2020-11-16","SUPPLY AND DELIVERY OF CEMENT FOR DURAWALL IN CHIMANIMANI","2020-11-18","14:00","RQ20102248","adverts/PR10201322-CEMENT.pdf","2020-11-19 09:24:05","E7/2020R","2020-11-16","2020-11-18","2020-11-18"
"TD20111934","2020-10-14","SUPPLY AND DELIVERY OF SKY BLUE SHIRTS","2020-10-16","14:00","PR10191769","adverts/1605780281PR10191769.pdf","2020-11-19 12:04:41","ER24/2020","2020-10-14","2020-10-16","2020-10-16"
"TD20111942","2020-11-16","SUPPLY AND DELIVERY OF SPARES FORM NISSAN UD95","2020-11-18","14:00","RQ20092411","adverts/PR10199603-SPARES UD25.pdf","2020-11-19 09:53:07","ER16/2020","2020-11-16","2020-11-18","2020-11-18"
"TD20111991","2020-11-16","SUPPLY AND DELIVERY OF WATER PUMP FOR NISSAN YD25","2020-11-18","14:00","RQ20090734","adverts/PR10198667-WATER PUMP.pdf","2020-11-19 10:01:38","ER16/2020","2020-11-16","2020-11-18","2020-11-18"
"TD2011231","2020-11-18","SUPPLY AND DELIVERY OF PRINTER FOR ACCOUNTING OFFICER-REVENUE (FINANCE) - MUTARE","2020-11-20","14:00","RQ20102364","adverts/PR10201305 Printer.pdf","2020-11-23 14:22:58","ER16/2020","2020-11-18","2020-11-20","2020-11-20"
"TD20112312","2020-11-18","SUPPLY AND DELIVERY OF COMMON BRICKS FOR CONSTRUCTION OF GUARDROOM FOR MUTARE URBAN DEPOT","2020-11-20","14:00","RQ20111324","adverts/PR10202603 Common Brick.pdf","2020-11-23 14:54:45","E7/2020R","2020-11-18","2020-11-20","2020-11-20"
"TD20112339","2020-11-18","SUPPLY AND DELIVERY OF COMMON BRICKS FOR CONSTRUCTION OF GUARDROOM FOR MUTARE URBAN DEPOT","2020-11-20","14:00","RQ20111324","adverts/1606136991PR10202603 Common Brick.pdf","2020-11-23 15:09:51","E7/2020R","2020-11-18","2020-11-20","2020-11-20"
"TD20112347","2020-11-18","SUPPLY AND DELIVERY OF ANTISLIP SAFETY SHOES FOR MAINTENANCE STAFF","2020-11-20","14:00","RQ20111789","adverts/PR10202795 Antislip safety shoes.jpg","2020-11-23 15:41:07","ER21/2020","2020-11-18","2020-11-20","2020-11-20"
"TD20112378","2020-11-18","SUPPLY AND DELIVERY OF COMMON BRICKS FOR CONSTRUCTION OF GUARDROOM FOR MUTARE URBAN DEPOT","2020-11-20","14:00","RQ20111324","adverts/1606136969PR10202603 Common Brick.pdf","2020-11-23 15:09:29","E7/2020R","2020-11-18","2020-11-20","2020-11-20"
"TD20112417","2020-11-18","SUPPLY AND DELIVERY OF NEW TYRES SIZE 1400R20 FOR CRANE TRUCK FOR MUTARE","2020-11-20","14:00","RQ20110939","adverts/PR10202238 Tyres.pdf","2020-11-24 11:19:33","ER16/2020","2020-11-18","2020-11-20","2020-11-20"
"TD20112446","2020-11-03","SUPPLY AND DELIVERY OF 24HR FAULT DESK MOBILE PHONES ","2020-11-04","14:00","RQ20101568","adverts/mobile handsets 10200851.pdf","2020-11-24 12:04:18","ER3/2020","2020-11-03","2020-11-04","2020-11-04"
"TD20112477","2020-11-18","SUPPLY AND DELIVERY OF LAPTOPS ","2020-11-20","14:00","RQ20111647","adverts/PR10190528 Laptops.pdf","2020-11-24 07:53:00","E4/2020R","2020-11-18","2020-11-20","2020-11-20"
"TD20112494","2020-10-15","SUPPLY AND DELIVERY OF RUBBERISED CORK GASKETS (MESLY was recommended by the user  as it meets the required specifications- please find attached reason on the tender advert.))","2020-10-19","14:00","RQ20031826","adverts/PR10191229-GASKETS.pdf","2020-11-24 14:08:22","ER19/2020","2020-10-15","2020-10-19","2020-10-19"
"TD20112721","2020-11-18","SUPPLY AND DELIVERY OF STATION SWITCH LABELS","2020-11-20","14:00","RQ20110942","adverts/PR10202259 Switch Labels.pdf","2020-11-27 15:10:08","ER19/2020","2020-11-18","2020-11-20","2020-11-20"
"TD20112731","2020-10-14","SUPPLY AND DELIVERY OF SKY BLUE SHIRTS FOR MEN (THE SAMPLE WAS ACCEPTED BY THE USERS)","2020-10-16","14:00","PR10191769","adverts/1606467351PR10191769.pdf","2020-12-17 10:50:00","ER24/2020","2020-10-14","2020-10-16","2020-10-16"
"TD20113095","2020-11-25","SUPPLY AND DELIVERY OF 24HR FAULT DESK MOBILE PHONES ","2020-11-27","14:00","RQ20101568","adverts/PR10200851.pdf","2020-11-30 15:55:56","ER12/2020","2020-11-25","2020-11-27","2020-11-27"
"TD20120331","2020-11-25","SUPPLY AND DELIVERY OF STEEL FILING CABINETS FOR SERVICE FILES FOR MUTARE URBAN DEPOT","2020-11-27","14:00","RQ20032373","adverts/1606984614PR10192416.pdf","2020-12-03 10:36:55","ER4/2020","2020-11-25","2020-11-27","2020-11-27"
"TD20120361","2020-11-25","SUPPLY AND DELIVERY OF STEEL FILING CABINETS FOR SERVICE FILES FOR MUTARE URBAN DEPOT","2020-11-27","14:00","RQ20032373","adverts/1606984615PR10192416.pdf","2020-12-03 10:36:55","ER4/2020","2020-11-25","2020-11-27","2020-11-27"
"TD20120368","2020-10-26","SUPPLY AND DELIVERY OF MALE TROUSERS AND JACKETS ( sample accepted. Please find a sample evaluation report attached on the tender advert)","2020-10-28","14:00","RQ20102034","adverts/PR10201095.pdf","2020-12-03 08:13:11","ER15/2020","2020-10-26","2020-10-28","2020-10-28"
"TD2012043","2020-11-23","SUPPLY AND DELIVERY OF MATERIALS FOR BALUSTRADES FOR EXECUTIVE GUEST HOUSE VEANDAH FOR NYANGA","2020-11-25","14:00","RQ20110629","adverts/PR10202183-STAINLESS STEEL.pdf","2020-12-04 15:11:26","ER7/2020","2020-11-23","2020-11-25","2020-11-25"
"TD20120431","2020-11-27","POLE REPLACEMENT FOR BORDERSTREAMS 11Kv FEEDER","2020-12-01","14:00","RQ20112626","adverts/PR10203654-BORDERSTREAMS 11 KV FEEDER.pdf","2020-12-04 14:46:05","ER25/2020","2020-11-27","2020-12-01","2020-12-01"
"TD20120435","2020-11-27","SUPPLY AND DELIVERY OF A PREFABRICATED ROOF FOR ZCDC PROJECT CHIMANIMANI","2020-12-01","14:00","RQ20101351","adverts/PR10190883-Pre-fabricated room.pdf","2020-12-04 15:21:45","ER7/2020","2020-11-27","2020-12-01","2020-12-01"
"TD20120454","2020-11-27","POLE REPLACEMENT AND WAYLEAVE CLEARANCE FOR BORDERSTREAMS 11KV FEEDER","2020-12-01","14:00","RQ20112643","adverts/PR10203652-BORDERSTREAMS 11KV FEEDER.pdf","2020-12-04 14:56:33","ER25/2020","2020-11-27","2020-12-01","2020-12-01"
"TD20120475","2020-11-23","SUPPLY AND FITTING OF NEW TYRES (175/65R14) FOR F/N2182","2020-11-25","14:00","RQ20111949","adverts/PR10203000-TYRES.pdf","2020-12-04 14:26:28","ER16/2020","2020-11-23","2020-11-25","2020-11-25"
"TD2012048","2020-11-27","POLE REPLACEMENT AND WAYLEAVE CLEARANCE FOR VUMBA 11KV FEEDER","2020-12-01","14:00","RQ20112635","adverts/PR10203650- VUMBA 11KV FEEDER.pdf","2020-12-04 15:01:43","ER25/2020","2020-11-27","2020-12-01","2020-12-01"
"TD20120810","2020-11-27","SUPPLY AND DELIVERY OF 3/4 QUARRY STONES TO MASVINGO DISTRICT","2020-12-01","14:00","RFQ20102276","adverts/1607436198QUARY STONES-TOKWE MKOSI MASVINGO DISTRICT.pdf","2020-12-08 16:03:18","ER7/2020","2020-11-27","2020-12-01","2020-12-01"
"TD2012082","2020-11-18","SUPPLY AND DELIVERY OF ANTI SLIP SAFETY SHOES FOR MAINTENANCE STAFF","2020-11-20","14:00","RQ20111789","adverts/1607431621PR10202795 Antislip safety shoes.jpg","2020-12-08 14:47:01","ER21/2020","2020-11-18","2020-11-20","2020-11-20"
"TD20120825","2020-11-23","SUPPLY AND DELIVERY OF 3/4 QUARRY STONES TO MASVINGO DISTRICT","2020-11-25","14:00","RFQ20102249","adverts/1607423219QUARRY STONES -ZAKA MASVINGO DISTRICT.pdf","2020-12-08 12:26:59","ER7/2020","2020-11-23","2020-11-25","2020-11-25"
"TD20120831","2020-11-27","SUPPLY AND DELIVERY OF 3/4 QUARRY STONES TO MASVINGO DISTRICT","2020-12-01","14:00","RQ20102258","adverts/QUARY STONES-TOKWE MKOSI MASVINGO DISTRICT.pdf","2020-12-08 15:19:02","ER7/2020","2020-11-27","2020-12-01","2020-12-01"
"TD20120842","2020-11-23","SUPPLY AND DELIVERY OF 3/4 QUARRY STONES TO MASVINGO DISTRICT","2020-11-25","14:00","RFQ20102272","adverts/1607417736QUARRY STONES -ZAKA MASVINGO DISTRICT.pdf","2020-12-08 10:55:36","ER7/2020","2020-11-23","2020-11-25","2020-11-25"
"TD20120844","2020-11-23","SUPPLY AND DELIVERY OF 3/4 QUARRY STONES TO MASVINGO DISTRICT","2020-11-25","14:00","RFQ20102266","adverts/1607420695QUARRY STONES -ZAKA MASVINGO DISTRICT.pdf","2020-12-08 11:44:55","ER7/2020","2020-11-23","2020-11-25","2020-11-25"
"TD2012087","2020-11-27","SUPPLY AND DELIVERY OF 3/4 QUARRY STONES TO MASVINGO DISTRICT","2020-12-01","14:00","RFQ20102244","adverts/1607434931QUARY STONES-TOKWE MKOSI MASVINGO DISTRICT.pdf","2020-12-08 15:42:12","ER7/2020","2020-11-27","2020-12-01","2020-12-01"
"TD20120872","2020-11-23","SUPPLY AND DELIVERY OF QUARRY STONES TO MASVINGO DISTRICT","2020-11-25","14:00","RFQ20101293","adverts/1607414961QUARRY STONES -ZAKA MASVINGO DISTRICT.pdf","2020-12-08 10:09:21","ER7/2020","2020-11-23","2020-11-25","2020-11-25"
"TD20120876","2020-11-18","SUPPLY AND DELIVERY OF SAFETY SHOES FOR MAINTENANCE STAFF","2020-11-20","14:00","RQ20111789","adverts/1607424197PR10202795 Antislip safety shoes.jpg","2020-12-08 12:43:17","ER21/2020","2020-11-18","2020-11-20","2020-11-20"
"TD20120879","2020-11-23","SUPPLY AND DELIVERY OF 3/4 QUARRY STONES TO MASVINGO DISTRICT","2020-11-25","14:00","RFQ20101261","adverts/1607419640QUARRY STONES -ZAKA MASVINGO DISTRICT.pdf","2020-12-08 11:27:21","ER7/2020","2020-11-23","2020-11-25","2020-11-25"
"TD2012088","2020-11-23","SUPPLY AND DELIVERY OF 3/4 QUARRY STONES TO MASVINGO DISTRICT","2020-11-25","14:00","RFQ20101292","adverts/1607416309QUARRY STONES -ZAKA MASVINGO DISTRICT.pdf","2020-12-08 10:31:50","ER7/2020","2020-11-23","2020-11-25","2020-11-25"
"TD20120881","2020-11-23","SUPPLY AND DELIVERY OF 3/4 QUARRY STONES TO MASVINGO DISTRICT","2020-11-25","14:00","RFQ20101290","adverts/1607421632QUARRY STONES -ZAKA MASVINGO DISTRICT.pdf","2020-12-08 12:00:33","ER7/2020","2020-11-23","2020-11-25","2020-11-25"
"TD20120887","2020-11-27","SUPPLY AND DELIVERY OF 3/4 QUARRY STONES TO MASVINGO DISTRICT","2020-12-01","14:00","RFQ20102222","adverts/1607435631QUARY STONES-TOKWE MKOSI MASVINGO DISTRICT.pdf","2020-12-08 15:53:52","ER7/2020","2020-11-27","2020-12-01","2020-12-01"
"TD20120888","2020-11-23","SUPPLY AND DELIVERY OF 3/4 QUARRY STONES TO MASVINGO DISTRICT","2020-11-25","14:00","RFQ20102239","adverts/1607422357QUARRY STONES -ZAKA MASVINGO DISTRICT.pdf","2020-12-08 12:12:37","ER7/2020","2020-11-23","2020-11-25","2020-11-25"
"TD20120892","2020-11-23","SUPPLY AND DELIVERY OF QUARRY STONES TO MASVINGO DISTRICT","2020-11-25","14:00","RFQ20101293","adverts/QUARRY STONES -ZAKA MASVINGO DISTRICT.pdf","2020-12-08 09:59:16","ER7/2020","2020-11-23","2020-11-25","2020-11-25"
"TD20120899","2020-11-18","SUPPLY AND DELIVERY OF DELIVERY OF SAFETY SHOES FOR MAINTENANCE STAFF","2020-11-20","14:00","RQ20111789","adverts/RFQ-Safety shoes 10202795.docx","2020-12-08 14:59:44","ER21/2020","2020-11-18","2020-11-20","2020-11-20"
"TD20120923","2020-11-27","SUPPLY AND DELIVERY OF 3/4 QUARRY STONES TO MASVINGO DISTRICT","2020-12-01","14:00","RFQ20102284","adverts/1607500346QUARY STONES-TOKWE MKOSI MASVINGO DISTRICT.pdf","2020-12-09 09:52:27","ER7/2020","2020-11-27","2020-12-01","2020-12-01"
"TD20120934","2020-11-27","SUPPLY AND DELIVERY OF 3/4 QUARRY STONES TO MASVINGO DISTRICT","2020-12-01","14:00","RFQ20102292","adverts/1607499844QUARY STONES-TOKWE MKOSI MASVINGO DISTRICT.pdf","2020-12-09 09:44:05","ER7/2020","2020-11-27","2020-12-01","2020-12-01"
"TD20120936","2020-11-27","SUPPLY AND DELIVERY OF 3/4 QUARRY STONES TO MASVINGO DISTRICT","2020-12-01","14:00","RFQ20102258","adverts/1607496784QUARY STONES-TOKWE MKOSI MASVINGO DISTRICT.pdf","2020-12-09 08:53:05","ER7/2020","2020-11-27","2020-12-01","2020-12-01"
"TD20120937","2020-11-27","SUPPLY AND DELIVERY OF 3/4 QUARRY STONES TO MASVINGO DISTRICT","2020-12-01","14:00","RFQ20102276","adverts/1607499083QUARY STONES-TOKWE MKOSI MASVINGO DISTRICT.pdf","2020-12-09 09:31:24","ER7/2020","2020-11-27","2020-12-01","2020-12-01"
"TD20120946","2020-11-27","SUPPLY AND DELIVERY OF 3/4 QUARRY STONES FOR MASVINGO DISTRICT","2020-12-01","14:00","RFQ20102258","adverts/1607495716QUARY STONES-TOKWE MKOSI MASVINGO DISTRICT.pdf","2020-12-09 08:35:17","ER7/2020","2020-11-27","2020-12-01","2020-12-01"
"TD2012096","2020-11-27","SUPPLY AND DELIVERY OF 3/4 QUARRY STONES TO MASVINGO DISTRICT","2020-12-01","14:00","rfq20102258","adverts/1607495934QUARY STONES-TOKWE MKOSI MASVINGO DISTRICT.pdf","2020-12-09 08:38:54","ER7/2020","2020-11-27","2020-12-01","2020-12-01"
"TD20120968","2020-11-27","SUPPLY AND DELIVERY OF 3/4 QUARRY STONES TO MASVINGO DISTRICT","2020-12-01","14:00","RFQ20102244","adverts/1607497325QUARY STONES-TOKWE MKOSI MASVINGO DISTRICT.pdf","2020-12-09 09:02:06","ER7/2020","2020-11-27","2020-12-01","2020-12-01"
"TD20120969","2020-11-27","SUPPLY AND DELIVERY OF 3/4 QUARRY STONES TO MASVINGO DISTRICT","2020-12-01","14:00","RFQ20102222","adverts/1607498166QUARY STONES-TOKWE MKOSI MASVINGO DISTRICT.pdf","2020-12-09 09:16:06","ER7/2020","2020-11-27","2020-12-01","2020-12-01"
"TD20120970","2020-11-27","SUPPLY AND DELIVERY OF 3/4 QUARRY STONES TO MASVINGO DISTRICT","2020-12-01","14:00","RFQ20102258","adverts/1607496865QUARY STONES-TOKWE MKOSI MASVINGO DISTRICT.pdf","2020-12-09 08:54:25","ER7/2020","2020-11-27","2020-12-01","2020-12-01"
"TD20121012","2020-11-27","POLE REPLACEMENT AND WAYLEAVE CLEARANCE FOR BORDERSTREAMS 11KV FEEDER","2020-12-01","14:00","RQ20112643","adverts/1607589368PR10203652-BORDERSTREAMS 11KV FEEDER.pdf","2020-12-10 10:36:09","ER25/2020","2020-11-27","2020-12-01","2020-12-01"
"TD20121089","2020-11-27","POLE REPLACEMENT AND WAYLEAVE CLEARANCE FOR VUMBA 11KV FEEDER","2020-12-01","14:00","RQ20112635","adverts/1607589634PR10203650- VUMBA 11KV FEEDER.pdf","2020-12-10 10:40:36","ER25/2020","2020-11-27","2020-12-01","2020-12-01"
"TD20121096","2020-11-27","POLE REPLACEMENT FOR BORDERSTREAMS 11KV FEEDER","2020-12-01","14:00","RQ20112626","adverts/1607589029PR10203654-BORDERSTREAMS 11 KV FEEDER.pdf","2020-12-10 10:30:29","ER25/2020","2020-11-27","2020-12-01","2020-12-01"
"TD20121429","2020-12-03","SUPPLY AND FIT OF FUEL TOTALISERS AND KERBSIDE FUEL HORSES","2020-12-07","14:00","RQ20120372","adverts/PR10203930-TOTALISERS.pdf","2020-12-14 14:29:53","ER16/2020","2020-12-03","2020-12-07","2020-12-07"
"TD20121473","2020-12-03","SUPPLY AND FIT OF FLOW METERS WITH HOSES AND NOZZLES","2020-12-07","14:00","RQ2011203","adverts/PR10203151-FLOW METERS.pdf","2020-12-14 15:15:54","ER16/2020","2020-12-03","2020-12-07","2020-12-07"
"TD20121474","2020-12-07","SUPPLY AND DELIVERY OF BATTERIES SIZE 652 FOR UD","2020-12-09","14:00","RQ20112737","adverts/1607947869PR10203704-10203706-BATTERIES.pdf","2020-12-14 14:11:09","ER16/2020","2020-12-07","2020-12-09","2020-12-09"
"TD20121475","2020-12-07","SUPPLY AND DELIVERY OF BATTERIES SIZE 683 FOR BENZ ARTEGO LORRY","2020-12-09","14:00","RQ2011275","adverts/PR10203704-10203706-BATTERIES.pdf","2020-12-14 14:04:13","ER16/2020","2020-12-07","2020-12-09","2020-12-09"
"TD20121476","2020-12-03","SUPPLY AND DELIVERY OF NEW TYRES (9R22.5) FOR UD70","2020-12-07","14:00","RQ20081942","adverts/PR10198073-NEW TYRES.pdf","2020-12-14 14:37:02","ER16/2020","2020-12-03","2020-12-07","2020-12-07"
"TD20121521","2020-12-03","SUPPLY AND DELIVERY OF NEW TYRES (175/70R13) FOR LANCER IN MUTARE","2020-12-07","14:00","RFQ20112769","adverts/1608016394PR10203699 PR10203688 ....NEW TYRES.pdf","2020-12-15 09:13:15","ER16/2020","2020-12-03","2020-12-07","2020-12-07"
"TD20121529","2020-12-09","PRINTING OF E86 , PRE-TASK BOOKS AND E117 BOOKS FOR MANICALAND DISTRICT","2020-12-11","14:00","RFQ20111948","adverts/1608037604PR10203056, 58, 59-Printing.pdf","2020-12-15 15:06:44","ER11/2020","2020-12-09","2020-12-11","2020-12-11"
"TD20121546","2020-12-09","SUPPLY AND DELIVERY OF BLINDS FOR DM`S OFFICE MUTARE","2020-12-11","14:00","RFQ20112325","adverts/PR10203262-Blinds.pdf","2020-12-15 16:04:56","ER4/2020","2020-12-09","2020-12-11","2020-12-11"
"TD20121553","2020-12-07","SUPPLY AND FITTING OF BATTERIES IN MUTARE","2020-12-09","14:00","RFQ2011275","adverts/1608012574PR10203704-10203706-BATTERIES.pdf","2020-12-15 08:09:34","ER16/2020","2020-12-07","2020-12-09","2020-12-09"
"TD20121556","2020-12-03","SUPPLY AND DELIVERY OF NEW TYRES","2020-12-07","14:00","RQ20112723","adverts/PR10203699 PR10203688 ....NEW TYRES.pdf","2020-12-15 08:50:33","ER16/2020","2020-12-03","2020-12-07","2020-12-07"
"TD20121566","2020-12-03","SUPPLY AND FITTING OF NEW TYRES (215R15) FOR NP300 IN MUTARE","2020-12-07","14:00","RFQ20112791","adverts/1608017929PR10203699 PR10203688 ....NEW TYRES.pdf","2020-12-15 09:38:49","ER16/2020","2020-12-03","2020-12-07","2020-12-07"
"TD20121574","2020-12-09","PRINTING OF E117 BOOKS FOR MANICALAND DISTRICT","2020-12-11","14:00","RFQ20111976","adverts/1608038315PR10203056, 58, 59-Printing.pdf","2020-12-15 15:18:35","ER11/2020","2020-12-09","2020-12-11","2020-12-11"
"TD20121575","2020-12-03","SUPPLY AND FITTING OF NEW TYRES (205/60R15) FOR PEUGEOT IN MUTARE","2020-12-07","14:00","RFQ20112798","adverts/1608018991PR10203699 PR10203688 ....NEW TYRES.pdf","2020-12-15 09:56:31","ER16/2020","2020-12-03","2020-12-07","2020-12-07"
"TD20121576","2020-12-07","SUPPLY AND FITTING OF BATTERIES IN MUTARE","2020-12-09","14:00","RFQ20112737","adverts/1608013794PR10203704-10203706-BATTERIES.pdf","2020-12-15 08:29:54","ER6/2020","2020-12-07","2020-12-09","2020-12-09"
"TD2012158","2020-12-09","PRINTING OF E86 BOOKS, PRE-TASK BOOKS AND E117 BOOKS FOR MANICALAND DISTRICT","2020-12-11","14:00","RFQ20111929","adverts/1608035995PR10203056, 58, 59-Printing.pdf","2020-12-15 14:39:55","ER11/2020","2020-12-09","2020-12-11","2020-12-11"
"TD20121586","2020-12-09","PRINTING OF E86 , PRE-TASK BOOKS AND E117 BOOKS FOR MANICALAND DISTRICT","2020-12-11","14:00","RFQ20111929","adverts/PR10203056, 58, 59-Printing.pdf","2020-12-15 14:18:19","ER11/2020","2020-12-09","2020-12-11","2020-12-11"
"TD20121615","2020-12-09","SUPPLY AND DELIVERY OF 3BOLTS AND NUTS IN MUTARE","2020-12-11","14:00","RFQ20112617","adverts/PR10203303 and 10203327-bolts and nuts.pdf","2020-12-16 08:07:03","ER8/2020","2020-12-09","2020-12-11","2020-12-11"
"TD20121663","2020-12-09","SUPPLY AND DELIVERY OF CARTRIDGES FOR ENGINEERING MANAGER`S SECRETARY-MUTARE","2020-12-11","14:00","RFQ20120737","adverts/PR10204073-Cartriges.pdf","2020-12-16 12:13:17","ER6/2020","2020-12-09","2020-12-11","2020-12-11"
"TD20121667","2020-12-09","SUPPLY AND DELIVERY OF BLINDS FOR DM`S OFFICE MUTARE","2020-12-11","14:00","RFQ20112325","adverts/1608098127PR10203262-Blinds.pdf","2020-12-16 07:55:27","ER4/2020","2020-12-09","2020-12-11","2020-12-11"
"TD20121668","2020-12-09","SUPPLY AND DELIVERY OF BOLTS AND NUTS IN MUTARE","2020-12-11","14:00","RFQ20112617","adverts/1608110671PR10203303 and 10203327-bolts and nuts.pdf","2020-12-16 11:24:31","ER8/2020","2020-12-09","2020-12-11","2020-12-11"
"TD20121694","2020-12-09","SUPPLY AND DELIVERY OF (M20 X 200) BOLTS AND NUTS IN MUTARE","2020-12-11","14:00","RFQ20112610","adverts/1608112261PR10203303 and 10203327-bolts and nuts.pdf","2020-12-16 11:51:02","ER8/2020","2020-12-09","2020-12-11","2020-12-11"
"TD2012171","2020-12-09","SUPPLY AND DELIVERY OF NEW TYRES (215 R15)  FOR F/N ER2204","2020-12-11","14:00","RFQ20120145","adverts/PR10203823-PR10203822-NEW TYRES.pdf","2020-12-17 11:42:42","ER16/2020","2020-12-09","2020-12-11","2020-12-11"
"TD20121717","2020-11-25","SUPPLY AND DELIVERY OF ACID PROOF WORK SUITS FOR MAINTENANCE STAFF","2020-11-27","14:00","RFQ20111796","adverts/PR10202789-ACID PROOF WORKSUITS.pdf","2020-12-17 12:38:30","ER21/2020","2020-11-25","2020-11-27","2020-11-27"
"TD20121735","2020-12-09","SUPPLY AND DELIVERY OF GALVANISED WOODPOLE WASHERS-MUTARE","2020-12-11","14:00","RFQ20112621","adverts/PR10203329-Galvanized woodpole washers.pdf","2020-12-17 14:45:52","ER8/2020","2020-12-09","2020-12-11","2020-12-11"
"TD20121766","2020-12-09","SUPPLY AND DELIVERY OF NEW TYRES (245/70 R16) FOR F/N ER2187","2020-12-11","14:00","RFQ20120117","adverts/1608199808PR10203823-PR10203822-NEW TYRES.pdf","2020-12-17 12:10:09","ER16/2020","2020-12-09","2020-12-11","2020-12-11"
"TD20121794","2020-11-25","SUPPLY AND DELIVERY OF ACID PROOF WORK SUITS FOR MAINTENANCE STAFF ( THE SAMPLE WAS ACCEPTED BY THE USER)","2020-11-27","14:00","RFQ20111796","adverts/1608201948PR10202789-ACID PROOF WORKSUITS.pdf","2020-12-17 12:45:49","ER21/2020","2020-11-25","2020-11-27","2020-11-27"
"TD20122820","2020-12-15","SUPPLY AND DELIVERY OF FILTERS FOR MP300 MUTARE","2020-12-18","14:00","RQ20121129","adverts/PR10204376, 10204377, 10204378 and 10204379-Filters.pdf","2020-12-28 10:12:42","ER16/2020","2020-12-15","2020-12-18","2020-12-18"
"TD20122867","2020-12-15","SUPPLY AND DELIEVRY OFN FILTERS FOR NP300","2020-12-18","14:00","RQ20121134","adverts/1609144040PR10204376, 10204377, 10204378 and 10204379-Filters.pdf","2020-12-28 10:27:21"," ER16/2020","2020-12-15","2020-12-18","2020-12-18"
"TD20122929","2020-12-15","SUPPLY AND DELIVERY OF ANGLE IRONS IN MUTARE","2020-12-18","14:00","RQ2011178","adverts/PR10202722-Angle Irons.pdf","2020-12-29 10:39:34","ER7/2020","2020-12-15","2020-12-18","2020-12-18"
"TD20122948","2020-12-15","SUPPLY AND DELIVERY OF VISITORS' CHAIRS","2020-12-18","14:00","RQ20112312","adverts/1609226889PR10198266 and 10198267-Chairs.pdf","2020-12-29 09:28:09","ER4/2020","2020-12-15","2020-12-18","2020-12-18"
"TD2012297","2020-12-15","SUPPLY AND DELIVERY OF HIGH BACK SWIVEL CHAIRS","2020-12-18","14:00","RQ20112318","adverts/PR10198266 and 10198267-Chairs.pdf","2020-12-29 09:11:22","ER4/2020","2020-12-15","2020-12-18","2020-12-18"
"TD20122975","2020-12-15","SUPPLY AND FIX OF SLIDING DOORS AT MUTARE URBAN WORKSHOP","2020-12-18","14:00","RQ20121411","adverts/PR10204443 Sliding doors.pdf","2020-12-29 09:56:07","ER7/2020","2020-12-15","2020-12-18","2020-12-18"
"TD20122976","2020-12-15","Supply and delivery of air filter for np300","2020-12-18","14:00","RQ20121155","adverts/1609223542PR10204376, 10204377, 10204378 and 10204379-Filters.pdf","2020-12-29 08:32:23","ER16/2020","2020-12-15","2020-12-18","2020-12-18"
"TD2012298","2020-12-15","SUPPLY AND DELIVERY OF DIESEL FILTER Z425","2020-12-18","14:00","RQ20121194","adverts/1609224951PR10204376, 10204377, 10204378 and 10204379-Filters.pdf","2020-12-29 08:55:52","ER16/2020","2020-12-15","2020-12-18","2020-12-18"
"TD20123128","2020-11-18","SUPPLY AND DELIVERY OF SAFETY SHOES FOR MAINTANANCE STAFF","2020-11-20","14:00","RFQ20111789","adverts/PR10202795 -Safety shoes.docx","2020-12-31 09:57:38","ER21/2020","2020-11-18","2020-11-20","2020-11-20"
"TD2012313","2020-12-14","SUPPLY AND DELIVERY OF FACE MASKS WITH BREATHER","2020-12-16","14:00","RFQ20120450","adverts/1609393890PR10203980-FACE MASKS.pdf","2020-12-31 07:51:30","ER24/2020","2020-12-14","2020-12-16","2020-12-16"
"TD20123156","2020-11-18","SUPPLY AND DELIVERY OF SAFETY SHOES FOR MAINTANANCE STAFF (SAMPLE WAS ACCEPTED)","2020-11-20","14:00","RFQ20111789","adverts/1609402930PR10202795 -Safety shoes.docx","2020-12-31 10:22:11","ER21/2020","2020-11-18","2020-11-20","2020-11-20"
"TD20123183","2020-11-18","SUPPLY AND DELIVERY OF SAFETY SHOES FOR MAINTANANCE STAFF (SAMPLE WAS ACCEPTED)","2020-11-20","14:00","RFQ20111789","adverts/1609402314PR10202795 -Safety shoes.docx","2020-12-31 10:11:55","ER21/2020","2020-11-18","2020-11-20","2020-11-20"
"TD21010414","2020-12-28","SUPPLY AND DELIVERY OF SOAP","2020-12-30","14:00","RQ10204938","adverts/PR10204938, 10204939, 10204940-Soap.pdf","2021-01-04 09:19:36","ER24/2020","2020-12-28","2020-12-30","2020-12-30"
"TD21010440","2020-12-28","SUPPLY AND DELIVERY OF SOAP","2020-12-30","14:00","RQ10204939","adverts/1609745162PR10204938, 10204939, 10204940-Soap.pdf","2021-01-04 09:26:02","ER24/2020","2020-12-28","2020-12-30","2020-12-30"
"TD21010469","2020-11-09","SUPPLY AND DELIVERY OF FEMALE JERSEYS","2020-11-11","14:00","RQ20031923","adverts/1609765461PR10192712-Male and Female Jerseys.pdf","2021-01-04 15:04:23","ER15/2020","2020-11-09","2020-11-11","2020-11-11"
"TD2101047","2020-12-28","SUPPLY AND DELIVERY OF SOAP","2020-12-30","14:00","RQ20122490","adverts/1609745443PR10204938, 10204939, 10204940-Soap.pdf","2021-01-04 09:30:43","ER24/2020","2020-12-28","2020-12-30","2020-12-30"
"TD21010470","2020-11-09","SUPPLY AND DELIVERY OF MALE JERSEYS ","2020-11-11","14:00","RQ20031923","adverts/PR10192712-Male and Female Jerseys.pdf","2021-01-04 14:55:52","ER15/2020","2020-11-09","2020-11-11","2020-11-11"
"TD21010496","2020-12-28","SUPPLY AND DELIVERY OF 16MM 4CORE CU PVC SWA 660V","2020-12-30","14:00","RQ20122065","adverts/PR10204824-16mm core.pdf","2021-01-04 08:54:09","ER19/2020","2020-12-28","2020-12-30","2020-12-30"
"TD2101061","2020-12-17","SUPPLY AND DELIVERY OF LIGHTNING ARRESTORS","2020-12-21","14:00","RQ20121742","adverts/PR10204438-LIGHNING ARRESTORS.pdf","2021-01-06 14:23:40","ER20/2020","2020-12-17","2020-12-17","2020-12-21"
"TD21010636","2020-12-17","SUPPLY AND DELIVERY OF LIGHTNING ARRESTORS","2020-12-21","14:00","RQ20121742","adverts/1609936358PR10204438-LIGHNING ARRESTORS.pdf","2021-01-06 14:32:38","ER20/2020","2020-12-17","2020-12-17","2020-12-21"
"TD21010642","2020-12-17","SUPPLY AND DELIVERY OF LIGHTNING ARRESTORS","2020-12-21","14:00","RQ20121742","adverts/1609936120PR10204438-LIGHNING ARRESTORS.pdf","2021-01-06 14:28:41","ER20/2020","2020-12-17","2020-12-17","2020-12-21"
"TD21010655","2020-12-17","SUPPLY AND DELIVERY OF LIGHTNING ARRESTORS","2020-12-21","14:00","RQ20121742","adverts/1609936222PR10204438-LIGHNING ARRESTORS.pdf","2021-01-06 14:30:22","ER20/2020","2020-12-17","2020-12-17","2020-12-21"
"TD21010657","2020-12-17","SUPPLY AND DELIVERY OF LIGHTNING ARRESTORS","2020-12-21","14:00","RQ20121742","adverts/1609935970PR10204438-LIGHNING ARRESTORS.pdf","2021-01-06 14:26:10","ER20/2020","2020-12-17","2020-12-17","2020-12-21"
"TD21010689","2020-12-17","SUPPLY AND DELIVERY OF LIGHTNING ARRESTORS","2020-12-21","14:00","RQ20121742","adverts/1609936104PR10204438-LIGHNING ARRESTORS.pdf","2021-01-06 14:28:24","ER20/2020","2020-12-17","2020-12-17","2020-12-21"
"TD2101073","2020-12-27","SUPPLY AND DELIVERY OF CABLES MUTARE","2020-12-30","14:00","RQ20122065","adverts/1610001377PR10204824-16mm core.pdf","2021-01-07 08:36:17","ER20/2020","2020-12-27","2020-12-30","2020-12-30"
"TD21010737","2020-12-28","SUPPLY AND DELIVERY OF CRIMP FERRULES","2021-01-30","14:00","RQ20122015","adverts/1610009767PR10204825-CRIMP FERRULES.pdf","2021-01-07 10:56:08","ER20/2020","2021-01-28","2020-12-28","2020-12-30"
"TD21010757","2020-12-28","SUPPLY AND DELIVERY OF CRIMP FERRULES","2021-01-30","14:00","RQ20122015","adverts/PR10204825-CRIMP FERRULES.pdf","2021-01-07 10:46:34","ER20/2020","2021-01-28","2020-12-28","2020-12-30"
"TD21010769","2020-12-28","SUPPLY AND DELIVERY OF MCB 225A 600V 3PHASE CABLES","2020-12-30","14:00","RQ20122097","adverts/PR10204826-MCB.pdf","2021-01-07 11:51:28","ER20/2020","2020-12-28","2020-12-30","2020-12-30"
"TD2101077","2020-12-28","SUPPLY AND DELIVERY OF CRIMP FERRULES","2021-01-30","14:00","RQ20122015","adverts/1610009554PR10204825-CRIMP FERRULES.pdf","2021-01-07 10:52:36","ER20/2020","2021-01-28","2020-12-28","2020-12-30"
"TD21010787","2020-12-28","SUPPLY AND DELIVERY OF MCB S/PBAC 60AMP CABLES","2020-12-30","14:00","RQ20122019","adverts/PR10204828-MCB SP.pdf","2021-01-07 12:09:09","ER20/2020","2020-12-28","2020-12-30","2020-12-30"
"TD21011232","2020-12-28","SUPPLY AND DELIVERY OF SOAP TO MUTARE","2020-12-30","14:00","RQ20122459","adverts/1610437217RFQ-SOAP.pdf","2021-01-12 09:40:17","ER24/2020","2020-12-28","2020-12-30","2020-12-30"
"TD21011262","2020-12-28","SUPPLY AND DELIVERY OF SOAP","2020-12-30","14:00","RQ20122490","adverts/1610437697RFQ-SOAP.pdf","2021-01-12 09:48:17","ER24/2020","2020-12-28","2020-12-30","2020-12-30"
"TD21011269","2020-12-28","SUPPLY AND DELIVERY OF SOAP TO MUTARE","2020-12-30","14:00","RQ20122444","adverts/RFQ-SOAP.pdf","2021-01-12 09:21:06","ER24/2020","2020-12-28","2020-12-30","2020-12-30"
"TD21012648","2020-11-18","SUPPLY AND DELIVERY OF ANTI-SLIPPERY SAFETY SHOES FOR MAINTENANCE STAFF (The sample was accepted by the chairperson representing the workers and was satisfied.)","2020-11-20","14:00","RQ20111789","adverts/1611652989PR10202795-ANTI-SLIPPERY SAFETY SHOES.pdf","2021-01-26 11:23:09","ER15/2020","2020-11-18","2020-11-20","2020-11-20"
"TD21012667","2020-11-18","SUPPLY AND DELIVERY OF ANTI-SLIPPERY SAFETY SHOES FOR MAINTENANCE STAFF (The sample was accepted by the chairperson representing the workers and was satisfied.)","2021-01-20","14:00","RQ20111789","adverts/PR10202795-ANTI-SLIPPERY SAFETY SHOES.pdf","2021-01-26 10:21:21","ER15/2020","2020-11-18","2020-11-20","2020-11-20"
"TD21031958","2021-03-17","SUPPLY AND FITTING OF BLINDS FOR DM's OFFICE MUTARE.","2021-03-19","10:00","RQ20112325","adverts/Blinds DM.pdf","2021-03-19 11:48:30","ER4/2020","2021-03-17","2021-03-19","2021-03-19"
"TD21031965","2021-03-17","SUPPLY AND DELIVERY OF SOAP BARS TO MASVINGO DISTRICT","2021-03-19","10:00","RQ21031144","adverts/Soap- RFQ.pdf","2021-03-19 12:03:09","ER15/2021","2021-03-17","2021-03-17","2021-03-19"
"TD21032271","2021-03-17","SUPPLY AND FITTING OF BLINDS FOR BILLING OFFICE AT MEGAWATT.","2021-03-19","10:00","RQ20112325","adverts/RFQ BILLING BLINDS.pdf","2021-03-22 11:20:42","ER4/2021","2021-03-17","2021-03-19","2021-03-19"
"TD21032437","2021-03-19","SUPPLY AND DELIVERY OF SWIVEL CHAIRS FOR IT DEVELOPERS AT JOTALI","2021-03-24","10:00","RQ21031140","adverts/1616593619RFQ-  CHAIRS.pdf","2021-03-24 15:46:59","ER4/2021","2021-03-19","2021-03-24","2021-03-24"
"TD21032456","2021-03-22","SUPPLY AND DELIVERY OF FENCING MATERIAL TO MIDDLE SABI.","2021-03-24","10:00","RQ2103151","adverts/RFQ FENCING MATERIAL.pdf","2021-03-24 15:03:47","ER19/2021","2021-03-22","2021-03-24","2021-03-24"
"TD21032477","2021-03-19","SUPPLY AND DELIVERY OF SWIVEL CHAIRS FOR NETWORK DEVELOPMENT EMPLOYEES AND RECORDS CLERK","2021-03-24","10:00","RQ21031154","adverts/1616593129RFQ-  CHAIRS.pdf","2021-03-24 15:38:49","ER4/2021","2021-03-19","2021-03-24","2021-03-24"
"TD21032557","2021-03-22","SUPPLY AND DELIVERY OF JOINING KITS TO MUTARE","2021-03-24","10:00","RQ21031192","adverts/RFQ-Joining kits.pdf","2021-03-25 09:54:36","ER19/2021","2021-03-22","2021-03-24","2021-03-24"
"TD21032560","2021-03-22","SUPPLY AND DELIVERY OF D-IRONS TO MUTARE","2021-03-24","10:00","RQ21031142","adverts/RFQ-D Irons.pdf","2021-03-25 11:01:53","ER19/2021","2021-03-22","2021-03-24","2021-03-24"
"TD2103258","2021-03-19","SUPPLY AND DELIVERY OF SWIVEL CHAIRS FOR IT DEVELOPERS AT JOTALI","2021-03-24","10:00","RQ21031140","adverts/1616653915RFQ-  CHAIRS.pdf","2021-03-25 08:31:56","ER4/2021","2021-03-19","2021-03-24","2021-03-24"
"TD21032587","2021-03-22","SUPPLY AND DELIVERY OF 60 SINGLE POLE MCB TO MUTARE.","2021-03-24","10:00","RQ21031147","adverts/RFQ-MCB.pdf","2021-03-25 08:50:33","ER19/2021","2021-03-22","2021-03-24","2021-03-24"
"TD21032923","2021-03-24","SUPPLY AND DELIVERY OF CRIMP FERRULES","2021-03-26","10:00","RQ21030481","adverts/RFQ-CRIMPS.pdf","2021-03-29 10:22:39","ER19/2021","2021-03-24","2021-03-26","2021-03-26"
"TD21032941","2021-03-17","SUPPLY AND DELIVERY OF BLINDS FOR DM`S OFFICE MUTARE","2021-03-19","10:00","RQ20112325","adverts/1617027575Blinds DM.pdf","2021-03-29 16:19:36","ER4/2021","2021-03-17","2021-03-19","2021-03-19"
"TD21033082","2021-03-24","SUPPLY AND DELIVERY OF    70MM AND 95MM CRIMP FERRULES","2021-03-26","10:00","RQ21030476","adverts/1617085820RFQ-CRIMPS.pdf","2021-03-30 08:30:22","ER19/2021","2021-03-24","2021-03-26","2021-03-26"
"TD21033138","2021-03-25","SUPPLY AND DELIVERY OF CARTRIDGES FOR HR's SECRETARY OFFICE","2021-03-31","10:00","RQ21030497","adverts/RFQ-CARTRIDGES.pdf","2021-03-31 14:27:21","ER11/2021","2021-03-25","2021-03-31","2021-03-31"
"TD21040117","2021-03-25","FUMIGATION FOR PESTS ANDRODENTS AT MEGAWATT BUILDING IN MUTARE","2021-03-31","10:00","RQ21032290","adverts/1617260787RFQ-FUMIGATION.pdf","2021-04-01 09:06:27","ER19/2020","2021-03-25","2021-03-31","2021-03-31"
"TD21040131","2021-03-25","SUPPLY AND DELIVERY OF DIAMOND MESH","2021-03-31","10:00","RQ2103151","adverts/PR10208472-wires.pdf","2021-04-01 08:59:24","ER19/2021","2021-03-25","2021-03-31","2021-03-31"
"TD21040615","2021-03-25","SUPPLY AND DELIVERY OF FENCING MATERIAL TO MIDDLE SABI.","2021-03-31","10:00","RQ2103151","adverts/1617706357RFQ FENCING MATERIAL.pdf","2021-04-06 12:52:38","ER19/2021","2021-03-25","2021-03-31","2021-03-31"
"TD2104078","2021-03-25","FUMIGATION FOR PESTS AND RODENTS AT MEGAWATT BUILDING IN MUTARE","2021-03-31","10:00","RQ21032290","adverts/1617777047RFQ-FUMIGATION.pdf","2021-04-07 08:30:48","ER24/2021","2021-03-25","2021-03-31","2021-03-31"
"TD21041242","2021-04-06","SUPPLY AND DELIVERY OF NON STERILE TYVEK SUIT FOR DISINFECTION OF PREMISES IN MUTARE.","2021-04-09","10:00","RQ21031813","adverts/RFQ-TYVEK SUITS.pdf","2021-04-12 12:33:56","ER24/2021","2021-04-06","2021-04-09","2021-04-09"
"TD21041256","2021-04-06","SUPPLY AND DELIVERY OF WALL MOUNTED NFRAINFRA-RED THERMOMETERS","2021-04-09","10:00","RQ21031830","adverts/1618221628RFQ-INFRA-RED THERMOMETERS.pdf","2021-04-12 12:00:28","ER24/2021","2021-04-06","2021-04-09","2021-04-09"
"TD21041257","2021-04-07","SUPPLY AND DELIVERY OF MASKS FOR THE REGION","2021-04-09","10:00","RQ21032925","adverts/RFQ MASKS.pdf","2021-04-12 09:40:49","ER24/2021","2021-04-07","2021-04-09","2021-04-09"
"TD21041265","2021-04-06","SUPPLY AND FITTING OF NEW TYRES IN MUTARE FOR UD TRUCK","2021-04-09","10:00"," RQ21032966","adverts/RFQ-8.25 R16 TYRES.pdf","2021-04-12 12:58:06","ER16/2021","2021-04-06","2021-04-09","2021-04-09"
"TD21041277","2021-04-06","SUPPLY AND DELIVERY OF WALL MOUNTED NFRAINFRA-RED THERMOMETERS","2021-04-09","10:00","RQ21031830","adverts/RFQ-INFRA-RED THERMOMETERS.pdf","2021-04-12 10:48:07","ER24/2021","2021-04-06","2021-04-06","2021-04-09"
"TD21041296","2021-04-07","Supply and delivery of hand sanitizers 5litres","2021-04-09","10:00","RQ21040141","adverts/RFQ-SANITIZERS.pdf","2021-04-12 11:46:15","ER24/2021","2021-04-07","2021-04-09","2021-04-09"
"TD21041329","2021-03-24","SUPPLY AND DELIVERY OF CRIMP FERRULES TO MUTARE (SEE ATTACHED MATERIAL AVAILABILITY IN STOCK ON TENDER ADVERT)","2021-03-26","10:00","RQ21030497","adverts/1618307123RFQ CRIMP FERRULES.pdf","2021-04-13 11:45:23","ER19/2021","2021-03-24","2021-03-26","2021-03-26"
"TD21041330","2021-04-06","SUPPLY AND FITTING FOR NEW TYRES ER2184","2021-04-09","10:00","RQ21030574","adverts/RFQ TYRES.pdf","2021-04-13 10:52:27","ER16/2021","2021-04-06","2021-04-09","2021-04-09"
"TD21041333","2021-03-24","SUPPLY AND DELIVERY OF CRIMP FERRULES TO MUTARE (SEE ATTACHED MATERIAL AVAILABILITY IN STOCK ON TENDER ADVERT)","2021-03-26","10:00","RQ21030481","adverts/1618302813RFQ CRIMP FERRULES.pdf","2021-04-13 10:33:33","ER19/2021","2021-03-24","2021-03-26","2021-03-26"
"TD21041337","2021-04-06","SUPPLY AND FITTING OF NEW TYRES ER","2021-04-09","10:00","RQ21030563","adverts/1618316915RFQ TYRES.pdf","2021-04-13 14:28:37","ER16/2021","2021-04-06","2021-04-09","2021-04-09"
"TD21041338","2021-04-06","SUPPLY AND FITTING OF NEW TYRES ER2150","2021-04-09","10:00","RQ21030812","adverts/1618318234RFQ TYRES.pdf","2021-04-13 14:50:34","ER16/2021","2021-04-06","2021-04-09","2021-04-09"
"TD2104134","2021-03-24","SUPPLY AND DELIVERY OF CRIMP FERRULES TO MUTARE (SEE ATTACHED MATERIAL AVAILABILITY IN STOCK ON TENDER ADVERT)","2021-03-26","10:00","RQ21030481","adverts/1618303092RFQ CRIMP FERRULES.pdf","2021-04-13 10:38:12","ER19/2021","2021-03-24","2021-03-26","2021-03-26"
"TD21041344","2021-04-06","SUPPLY AND DELIVERY OF SWIVEL CHAIRS FOR NETWORK DEVELOPMENT EMPLOYEES AND RECORDS CLERK","2021-04-09","10:00","RQ21031154","adverts/RFQ-Swivel chairs1.pdf","2021-04-13 08:31:17","ER4/2021","2021-04-06","2021-04-09","2021-04-09"
"TD21041345","2021-04-06","SUPPLY AND FITTING OF NEW TYRES FOR ER2165","2021-04-09","10:00","RQ21030527","adverts/1618319861RFQ TYRES.pdf","2021-04-13 15:17:41","ER16/2021","2021-04-06","2021-04-09","2021-04-09"
"TD21041351","2021-04-06","SUPPLY AND FITTING OF NEW TYRES ER2186","2021-04-09","10:00","RQ21030596","adverts/1618304594RFQ TYRES.pdf","2021-04-13 11:03:15","ER16/2021","2021-04-06","2021-04-09","2021-04-09"
"TD21041373","2021-03-22","SUPPLY AND DELIVERY OF D-IRONS TO MUTARE ( KINDLY SEE  ATTACHED MATERIAL AVAILABILITY IN STOCK ON TENDER ADVERT)","2021-03-24","10:00","RQ21031142","adverts/RFQ D IRONS.pdf","2021-04-13 09:31:36","ER19/2021","2021-03-22","2021-03-24","2021-03-24"
"TD21041375","2021-03-22","SUPPLY AND DELIVERY OF D-IRONS TO MUTARE ( KINDLY SEE  ATTACHED MATERIAL AVAILABILITY IN STOCK ON TENDER ADVERT)","2021-03-24","10:00","RQ21031142","adverts/1618301971RFQ D IRONS.pdf","2021-04-13 10:19:31","ER19/2021","2021-03-22","2021-03-24","2021-03-24"
"TD21041376","2021-04-06","SUPPLY AND DELIVERY OF SWIVEL CHAIRS FOR IT DEVELOPERS AT JOTALI","2021-04-09","10:00","RQ21031140","adverts/1618296328RFQ-Swivel chairs1.pdf","2021-04-13 08:45:28","ER4/2021","2021-04-06","2021-04-09","2021-04-09"
"TD21041377","2021-03-22","SUPPLY AND DELIVERY OF JOINING KITS TO MUTARE (SEE ATTACHED MATERIAL AVAILABILITY IN STOCK ON TENDER ADVERT)","2021-03-24","10:00","RQ21031192","adverts/RFQ JOINING KITS.pdf","2021-04-13 09:49:01","ER19/2021","2021-03-22","2021-03-24","2021-03-24"
"TD21041382","2021-03-24","SUPPLY AND DELIVERY OF CRIMP FERRULES TO MUTARE (SEE ATTACHED MATERIAL AVAILABILITY IN STOCK ON TENDER ADVERT)","2021-03-26","10:00","RQ21030481","adverts/RFQ CRIMP FERRULES.pdf","2021-04-13 10:31:18","ER19/2021","2021-03-24","2021-03-26","2021-03-26"
"TD21041389","2021-04-06","SUPPLY AND FITTING FOR NEW TYRES ER2149","2021-04-09","10:00","RQ21030552","adverts/1618315473RFQ TYRES.pdf","2021-04-13 14:04:33","ER16/2021","2021-04-06","2021-04-09","2021-04-09"
"TD21041628","2021-04-12","SUPPLY AND DELIVERY OF LIGHTNING ARRESTORS IN MUTARE","2021-04-14","10:00","RQ21040911","adverts/RFQ LIGHTNING ARRESTORS PR10209078.pdf","2021-04-16 10:45:57","ER8/2021","2021-04-12","2021-04-14","2021-04-14"
"TD21041640","2021-04-12","SUPPLY AND FITTING OF NEW TYRES IN MUTARE","2021-04-14","10:00","RQ21030816","adverts/RFQ new tyres PR10207917.pdf","2021-04-16 08:57:21","ER16/2021","2021-04-12","2021-04-14","2021-04-14"
"TD21041657","2021-03-25","SUPPLY AND DELIVERY OF CARTRIDGES FOR HR's SECRETARY OFFICE","2021-03-31","10:00","RQ21030497","adverts/1618569249RFQ-CARTRIDGES.pdf","2021-04-16 12:34:17","ER11/2021","2021-03-25","2021-03-31","2021-03-31"
"TD21041666","2021-04-12","SUPPLY AND FITTING OF NEW TYRES IN MUTARE","2021-04-14","10:00","RQ21030813","adverts/New tyres PR10207924.pdf","2021-04-16 09:48:13","ER16/2021","2021-04-12","2021-04-14","2021-04-14"
"TD21041670","2021-04-12","SUPPLY AND DELIVERY OF MALE CONDOMS IN MUTARE","2021-04-14","10:00","RQ21031891","adverts/1618561252RFQ condoms PR10208130.pdf","2021-04-16 10:20:52","ER21/2021","2021-04-12","2021-04-14","2021-04-14"
"TD21041692","2021-04-12","SUPPLY AND DELIVERY OF SPINDLES FOR FEDERATION PROJECT IN MUTARE URBAN","2021-04-14","10:00","RQ21041198","adverts/RFQ spindles PR10209805.pdf","2021-04-16 10:10:35","ER8/2021","2021-04-12","2021-04-14","2021-04-14"
"TD21041698","2021-04-12","SUPPLY AND FITTING OF NEW TYRES IN MUTARE","2021-04-14","10:00","RQ21030824","adverts/RFQ tyres PR10207913.pdf","2021-04-16 09:57:18","ER16/2021","2021-04-12","2021-04-14","2021-04-14"
"TD21042237","2021-04-14","SUPPLY AND FITTING OF NEW TYRES ","2021-04-21","10:00","RQ21030846","adverts/1619100866RFQ-TYRES....pdf","2021-04-22 16:14:26","ER16/2021","2021-04-14","2021-04-21","2021-04-21"
"TD21042244","2021-04-14","SUPPLY AND FITTING OF NEW TYRES for er2145","2021-04-21","10:00","RQ21030842","adverts/1619097265RFQ-TYRES....pdf","2021-04-22 15:14:26","ER16/2021","2021-04-14","2021-04-21","2021-04-21"
"TD21042256","2021-04-14","SUPPLY AND DELIVERY OF LAPTOPS IN MUTARE","2021-04-21","10:00","RQ21032961","adverts/RFQ-LAPTOPS.pdf","2021-04-22 12:26:17","ER6/2021","2021-04-14","2021-04-21","2021-04-21"
"TD21042265","2021-04-14","SUPPLY AND DELIVERY OF STAY BRACKETS ( KINDLY SEE ATTACHED MATERIAL AVAILABILITY IN STOCK ON TENDER ADVERT)","2021-04-21","10:00","RQ21041183","adverts/RFQ-STY.pdf","2021-04-22 10:02:59","ER19/2021","2021-04-14","2021-04-21","2021-04-21"
"TD21042269","2021-04-14","SUPPLY AND FITTING OF NEW TYRES ER","2021-04-21","10:00","RQ21030848","adverts/1619099836RFQ-TYRES....pdf","2021-04-22 15:57:16","ER16/2021","2021-04-14","2021-04-21","2021-04-21"
"TD21042280","2021-04-12","SUPPLY AND DELIVERY OF LIGHTNING ARRESTORS IN MUTARE","2021-04-14","10:00","RQ21040911","adverts/1619096675RFQ LIGHTNING ARRESTORS PR10209078.pdf","2021-04-22 15:04:35","ER19/2021","2021-04-12","2021-04-14","2021-04-14"
"TD21042323","2021-04-14","SUPPLY AND DELIVERY OF FIRST AID BOXES AND CONTENTS ","2021-04-21","10:00","RQ21040724","adverts/RFQ-FIRST AID.pdf","2021-04-23 15:01:31","ER24/2021","2021-04-14","2021-04-21","2021-04-21"
"TD21042383","2021-04-14","SUPPLY AND DELIVERY OF FEMALE CONTACTS FOR REYROLLE 11KV C-GEAR SWITCH ","2021-04-21","10:00","RQ21040920","adverts/RFQ-Female contacts.pdf","2021-04-23 09:36:07","ER19/2021","2021-04-14","2021-04-21","2021-04-21"
"TD21042392","2021-04-14","SUPPLY AND DELIVERY OF  MALE CONTACTS FOR 11KV SWITHGEAR IN MUTARE ( KINDLY SEE MATERIALS AVAILABITY IN STOCK ON TENDER ADVERT)","2021-04-20","10:00","RQ21040934","adverts/RFQ-Male contacts.pdf","2021-04-23 11:28:43","ER19/2021","2021-04-14","2021-04-21","2021-04-21"
"TD2104266","2021-04-20","SUPPLY AND DELIVERY OF THERMAL TILL ROLLS TO MASVINGO","2021-04-23","10:00","RQ2103295","adverts/RFQ-TILL ROLLS.pdf","2021-04-26 09:45:25","ER11/2021","2021-04-20","2021-04-23","2021-04-23"
"TD21042690","2021-04-20","SUPPLY AND DELIVERY OF  NEW TYRES FOR  ER2042","2021-04-23","10:00","RQ21030527","adverts/RFQ-Quantum.pdf","2021-04-26 11:09:42","ER16/2021","2021-04-20","2021-04-23","2021-04-23"
"TD21050336","2021-04-22","WINDOW CLEANING FOR MEGAWATT OFFICES IN MUTARE","2021-04-28","10:00","RQ21040920","adverts/PR10209654 Window cleaning.pdf","2021-05-03 15:34:36","ER24/2021","2021-04-22","2021-04-28","2021-04-28"
"TD21050345","2021-04-22","WINDOW CLEANING FOR MEGAWATT OFFICES IN MUTARE","2021-04-28","10:00","RQ21040920","adverts/1620050796PR10209654 Window cleaning.pdf","2021-05-03 16:06:36","ER24/2021","2021-04-22","2021-04-28","2021-04-28"
"TD21050363","2021-04-22","SUPPLY AND DELIVERY OF CLEANING MATERIALS IN MUTARE","2021-04-28","10:00","RQ21042076","adverts/1620050331PR10210228 Cleaning Materials.pdf","2021-05-03 15:58:55","ER24/2021","2021-04-22","2021-04-28","2021-04-28"
"TD21050453","2021-04-28","SUPPLY AND DELIVERY OF ALL IN ONE DESKTOPS FOR RECEIPTING OFFICES IN MUTARE","2021-04-30","10:00","RQ21042693","adverts/RFQ-DESKTOP.pdf","2021-05-04 14:25:14","ER6/2021","2021-04-28","2021-04-30","2021-04-30"
"TD21050495","2021-04-22","SUPPLY AND DELIVERY OF SWIVEL CHAIRS FOR MANICALAND DISTRICT.","2021-04-28","10:00","RQ2103243","adverts/RFQ- SWIVEL CHAIRS MANI.pdf","2021-05-04 14:32:06","ER4/2021","2021-04-22","2021-04-28","2021-04-28"
"TD21050512","2021-04-22","SUPPLY AND DELIVERY OF CLEANING MATERIALS IN MUTARE","2021-04-28","10:00","RQ21042076","adverts/1620194235PR10210228 Cleaning Materials.pdf","2021-05-05 07:57:18","ER24/2021","2021-04-22","2021-04-28","2021-04-28"
"TD21051058","2021-04-22","SUPPLY AND FITTING OF NEW TYRES FOR ISUZU KB ","2021-04-28","10:00","RQ21030849","adverts/1620641907RFQ-TYRES-.pdf","2021-05-10 12:18:28","ER16/2021","2021-04-22","2021-04-28","2021-04-28"
"TD21051084","2021-04-22","SUPPLY AND DELIVERY OF NEW TYRES 215R15 FOR NP300","2021-04-28","10:00","RQ21030850","adverts/RFQ-TYRES-.pdf","2021-05-10 09:02:40","ER16/2021","2021-04-22","2021-04-28","2021-04-28"
"TD21051087","2021-05-04","SUPPLY AND FITTING OF NEW TYRES IN MUTARE FOR UD TRUCK","2021-05-07","10:00","RQ21032966","adverts/RFQ-8.25TYRES.pdf","2021-05-10 14:35:44","ER16/2021","2021-05-04","2021-05-07","2021-05-07"
"TD21051097","2021-04-22","SUPPLY AND FITTING OF NEW TYRES  (245/70R16)","2021-04-28","10:00","RQ2103088","adverts/1620642378RFQ-TYRES-.pdf","2021-05-10 12:26:18","ER16/2021","2021-04-22","2021-04-28","2021-04-28"
"TD21051098","2021-04-22","SUPPLY AND DELIVERY OF NEW TYRES 215R15 FOR NP300","2021-05-28","10:00","RQ21030814","adverts/1620638649RFQ-TYRES-.pdf","2021-05-10 11:24:09","ER16/2021","2021-04-22","2021-04-28","2021-04-28"
"TD21051138","2021-05-05","SUPPLY AND DELIVERY OF PERMIT TO WORK FORM BOOKS FOR MANICALAND","2021-05-07","10:00","RQ21042097","adverts/RFQ-PERMIT BOOKS.pdf","2021-05-11 09:39:40","ER11/2021","2021-05-05","2021-05-07","2021-05-07"
"TD21051160","2021-04-22","SUPPLY AND DELIVERY OF CLEANING MATERIALS IN MUTARE","2021-04-28","10:00","RQ21042076","adverts/1620712457PR10210228 Cleaning Materials.pdf","2021-05-11 07:54:19","ER24/2021","2021-04-22","2021-04-28","2021-04-28"
"TD21051199","2021-05-05","SUPPLY AND DELIVERY OF ZETDC CONTROLLER INSTRUCTION FORM BOOKS FOR MANICALAND","2021-05-07","10:00","RQ21042037","adverts/RFQ-CIF.pdf","2021-05-11 10:24:13","ER11/2021","2021-05-05","2021-05-07","2021-05-07"
"TD2105123","2021-05-04","SUPPLY AND DELIVERY OF NEW TYRES 215R15 FOR NP300 ER2165","2021-05-07","10:00","RQ21030527","adverts/RFQ-TYRES.pdf","2021-05-12 08:50:57","ER16/2021","2021-05-04","2021-05-07","2021-05-07"
"TD21051253","2021-05-04","SUPPLY AND FITTING OF NEW TYRES  (245/70R16) FOR ER2184","2021-05-07","10:00","RQ21030574","adverts/1620803897RFQ-TYRES.pdf","2021-05-12 09:18:17","ER16/2021","2021-05-04","2021-05-07","2021-05-07"
"TD21051273","2021-05-04","SUPPLY AND FITTING OF NEW TYRES IN (245/70R16) ER2183","2021-05-07","10:00","RQ21030663","adverts/1620803491RFQ-TYRES.pdf","2021-05-12 09:11:31","ER16/2021","2021-05-04","2021-05-07","2021-05-07"
"TD21051278","2021-05-04","SUPPLY AND FITTING OF NEW TYRES  (245/70R16) FOR ER2149","2021-05-07","10:00","RQ21030552","adverts/1620802977RFQ-TYRES.pdf","2021-05-12 09:02:57","ER16/2021","2021-05-04","2021-05-07","2021-05-07"
"TD21051288","2021-05-04","SUPPLY AND FITTING OF NEW TYRES IN (245/70R16) ER2183","2021-05-07","10:00","RQ21030663","adverts/1620803676RFQ-TYRES.pdf","2021-05-12 09:14:37","ER16/2021","2021-05-04","2021-05-07","2021-05-07"
"TD21051378","2021-05-04","SUPPLY AND FITTING OF NEW TYRES IN (245/70R16) ER2186","2021-05-07","10:00","RQ21030596","adverts/1620885324RFQ-TYRES.pdf","2021-05-13 07:55:25","ER16/2021","2021-05-04","2021-05-07","2021-05-07"
"TD21051384","2021-05-04","SUPPLY AND FITTING OF NEW TYRES IN (245/70R16) ER2150","2021-05-07","10:00","RQ21030812","adverts/1620885921RFQ-TYRES.pdf","2021-05-13 08:05:21","ER16/2021","2021-05-04","2021-05-07","2021-05-07"
"TD21051960","2021-05-12","SUPPLY AND FITTING OF NEW TYRES FOR QUANTUM ER2042","2021-05-19","10:00","RQ21030527","adverts/RFQ-TYREES.pdf","2021-05-19 15:44:16","ER16/2021","2021-05-12","2021-05-19","2021-05-19"
"TD21052022","2021-05-12","SUPPLY AND DELIVERY OF FIRST AID BOXES AND CONTENTS FOR EASTERN REGION","2021-05-19","10:00","RQ21040724","adverts/1621513286RFQ-FIRST AID.pdf","2021-05-20 14:21:26","ER24/2021","2021-05-12","2021-05-19","2021-05-19"
"TD21052069","2021-05-12","SUPPLY AND DELIVERY OF FIRST AID BOXES AND CONTENTS FOR EASTERN REGION","2021-05-19","10:00","RQ21040724","adverts/1621513591RFQ-FIRST AID.pdf","2021-05-20 14:26:32","ER24/2021","2021-05-12","2021-05-19","2021-05-19"
"TD21052083","2021-05-12","PAINTING SERVICE AT JOTALI BUILDING IN MUTARE ( Kindly find attached site visit register attached on tender advert )","2021-05-19","10:00","RQ2105111","adverts/1621495102RFQ-Painting.pdf","2021-05-20 09:18:26","ER7/2021","2021-05-12","2021-05-19","2021-05-19"
"TD21052087","2021-05-12","PAINTING SERVICE AT JOTALI BUILDING IN MUTARE ( Kindly find attached site visit register attached on tender advert )","2021-05-19","10:00","RQ2105111","adverts/RFQ-Painting.pdf","2021-05-20 09:18:18","ER7/2021","2021-05-12","2021-05-19","2021-05-19"
"TD21052089","2021-05-12","PAINTING SERVICE AT JOTALI BUILDING IN MUTARE ( Kindly find attached site visit register attached on tender advert )","2021-05-19","10:00","RQ2105111","adverts/1621495109RFQ-Painting.pdf","2021-05-20 09:18:33","ER7/2021","2021-05-12","2021-05-19","2021-05-19"
"TD21052091","2021-05-12","SUPPLY AND DELIVERY OF FIRST AID BOXES AND CONTENTS FOR EASTERN REGION","2021-05-19","10:00","RQ21040724","adverts/1621512746RFQ-FIRST AID.pdf","2021-05-20 14:12:27","ER24/2021","2021-05-12","2021-05-19","2021-05-19"
"TD21052113","2021-05-04","SUPPLY AND DELIVERY OF LAPTOPS  ( Kindly find attached Justification and ACE on tender advert)","2021-05-07","10:00","RQ2104303","adverts/1621590011RFQ-LAPTOPS.pdf","2021-05-21 11:40:12","ER6/2021","2021-05-04","2021-05-07","2021-05-07"
"TD21052492","2021-05-18","Borehole Drilling, Equipment and Casing for Gutu Customer Service Centre","2021-05-21","10:00","RQ21032476","adverts/RFQ-Borehole.pdf","2021-05-24 08:41:08"," ER7/2021","2021-05-18","2021-05-21","2021-05-21"
"TD21052660","2021-04-22","SUPPLY AND DELIVERY OF CLEANING MATERIALS IN MUTARE FOR EASTERN REGION","2021-04-28","10:00","RQ21042076","adverts/1622022425PR10210228 Cleaning Materials.pdf","2021-05-26 11:47:06","ER24/2021","2021-04-22","2021-04-28","2021-04-28"
"TD21052670","2021-04-22","SUPPLY AND DELIVERY OF CLEANING MATERIALS IN MUTARE FOR EASTERN REGION 2","2021-04-28","10:00","RQ21042076","adverts/1622024714PR10210228 Cleaning Materials.pdf","2021-05-26 12:25:16","ER24/2021","2021-04-22","2021-04-28","2021-04-28"
"TD2105272","2021-05-18","SUPPLY AND DELIVERY OF SURGICAL DISPOSABLE FACE MASKS FOR EASTERN REGION","2021-05-21","10:00","RQ21051763","adverts/1622122300RFQ-FACE MASKS.pdf","2021-05-27 15:31:40","ER24/2021","2021-05-18","2021-05-21","2021-05-21"
"TD21052749","2021-05-18","SUPPLY AND DELIVERY OF SURGICAL DISPOSABLE FACE MASKS FOR EASTERN REGION","2021-05-21","10:00","RQ21051763","adverts/RFQ-FACE MASKS.pdf","2021-05-27 14:41:15","ER24/2021","2021-05-18","2021-05-21","2021-05-21"
"TD21052819","2021-05-19","33KV RENCO 1 LINE WAYLEAVE CLEARANCE AND POLE REPLACEMENT","2021-05-26","10:00","RQ21041377","adverts/1622207371RFQ-RENCO1.pdf","2021-05-28 15:09:33","ER25/2021","2021-05-19","2021-05-26","2021-05-26"
"TD21052841","2021-04-22","SUPPLY AND DELIVERY OF CLEANING MATERIALS IN MUTARE FOR EASTERN REGION","2021-04-28","10:00","RQ21042076","adverts/1622180469PR10210228 Cleaning Materials.pdf","2021-05-28 07:41:11","ER24/2021","2021-04-22","2021-04-28","2021-04-28"
"TD21052892","2021-05-19","33KV RENCO 2 LINE WAYLEAVE CLEARANCE AND POLE REPLACEMENT","2021-05-26","10:00","RQ21041363","adverts/RFQ-renco2.pdf","2021-05-28 15:33:05","ER25/2021","2021-05-19","2021-05-26","2021-05-26"
"TD21053135","2021-05-21","SUPPLY AND DELIVERY OF OFFICE DESKS IN MUTARE","2021-05-26","10:00","RQ2103970","adverts/1622454757RFQ-DESKS.pdf","2021-05-31 11:52:38","A.	SPECIFICATIONS Hi","2021-05-21","2021-05-26","2021-05-26"
"TD21053169","2021-05-19","33KV RENCO 3 LINE WAYLEAVE CLEARANCE AND POLE REPLACEMENT","2021-05-26","10:00","RQ2041352","adverts/Innovative-renco3.pdf","2021-05-31 08:21:45","ER25/2021","2021-05-19","2021-05-26","2021-05-26"
"TD21060242","2021-04-22","SUPPLY AND DELIVERY OF SWIVEL CHAIR FOR MANICALAND DISTRICT ( Kindly find  attached approved  ACE and Due diligence report on tender advert)","2021-04-28","10:00","RQ2103243","adverts/RFQ-Manicaland swivel chairs.pdf","2021-06-02 11:29:29","ER4/2021","2021-04-22","2021-04-28","2021-05-28"
"TD21060310","2021-04-06","SUPPLY AND DELIVERY OF SWIVEL CHAIRS FOR IT DEVELOPERS AT JOTALI ( Kindly find attached Due diligence report and ACE)","2021-04-09","10:00","RQ21031140","adverts/1622701752RFQ-chairs jotali.pdf","2021-06-03 08:29:12","ER4/2021","2021-04-06","2021-04-09","2021-04-09"
"TD21060327","2021-05-18","SUPPLY AND DELIVERY OF DISPOSABLE FACE MASKS FOR EASTERN REGION ( Kindly find attached Due Diligence report on tender advert)","2021-05-21","10:00","RQ21051763","adverts/1622705625RFQ-Face masks.pdf","2021-06-03 09:33:45","ER24/2021","2021-05-18","2021-05-21","2021-05-21"
"TD21060384","2021-04-06","SUPPLY AND DELIVERY OF SWIVEL CHAIRS FOR NETWORK DEVELOPMENT EMPLOYEES AND RECORDS CLERK *(Kindly find attached Due diligence report and ACE ) ","2021-04-09","10:00","RQ21031154","adverts/RFQ-chairs jotali.pdf","2021-06-03 08:18:05","ER4/2021","2021-04-06","2021-04-09","2021-04-09"
"TD21060386","2021-05-12","SUPPLY AND DELIVERY OF FIRST AID BOXES AND CONTENTS FOR EASTERN REGION ( Kindly find attached ","2021-05-19","10:00","RQ21040724","adverts/RFQ-FIRSTAID KITS.pdf","2021-06-03 11:10:29","ER24/2021","2021-05-12","2021-05-19","2021-05-19"
"TD21060741","2021-05-31","SUPPLY AND DELIVERY OF FILTERS FOR NP300 TD27","2021-06-02","10:00","RQ2105269","adverts/RFQ-Filters td27.pdf","2021-06-07 11:24:27","ER16/2021","2021-05-31","2021-06-02","2021-06-02"
"TD21060833","2021-05-21","SUPPLY AND DELIVERY OF EM'S SECRETARY LAPTOP","2021-05-26","10:00","RQ2103970","adverts/RFQ-EMS laptop.pdf","2021-06-08 08:23:00","ER6/2021","2021-05-21","2021-06-26","2021-05-26"
"TD21060921","2021-04-28","Supply and delivery of all-in-one desktops for USD receipting offices in the region ( Kindly find attached justification and ACE on tender advert)","2021-06-04","10:00","RQ21042693","adverts/RFQ-desktops.pdf","2021-06-09 09:43:09","ER6/2021","2021-05-28","2021-06-04","2021-06-04"
"TD21060986","2021-05-28","Supply and delivery of 5 laptops for FM Secretary, Accounting officer, Ntwk dvpmnt Engineers and Maintenance Engineer ( Kindly find attached justification and approved ACE on tender advert)","2021-06-02","10:00","RQ2104303","adverts/1623221315RFQ-laptops.pdf","2021-06-09 08:48:35","ER6/2021","2021-05-28","2021-06-02","2021-06-02"
"TD21061014","2021-06-03","SUPPLY AND DELIVERY OF FILTERS FOR NISSAN NP300 YD25","2021-06-09","10:00","RQ2105662","adverts/RFQ-YD25.pdf","2021-06-10 14:34:28","ER16/2021","2021-06-03","2021-06-09","2021-06-09"
"TD2106103","2021-06-04","SUPPLY AND DELIVERY OF FILTERS FOR NISSAN UD70,NISSAN UD95 AND NISSAN PK210","2021-06-09","10:00","RQ21052612","adverts/RFQ-UD70,95,PK210.pdf","2021-06-10 15:19:56","ER16/2021","2021-06-04","2021-06-09","2021-06-09"
"TD21061037","2021-06-07","SUPPLY AND DELIVERY OF NATIONAL AND ZESA CORPORATE FLAGS FOR EASTERN REGION","2021-06-09","10:00","RQ21051970","adverts/RFQ-FLAGS.pdf","2021-06-10 14:57:47","ER24/2021","2021-06-07","2021-06-09","2021-06-09"
"TD21061059","2021-06-03","SUPPLY AND DELIVERY OF MULTI-PURPOSE ENGINE OIL ","2021-06-09","10:00","RQ 21051731","adverts/RFQ- Engine oil.pdf","2021-06-10 12:15:20","ER16/2021","2021-06-03","2021-06-09","2021-06-09"
"TD21061185","2021-06-04","SUPPLY AND DELIVERY OF CORE CABLES FOR MUTARE URBAN","2021-06-09","10:00","RQ21052133","adverts/RFQ-Core cables.pdf","2021-06-11 15:30:58","ER22/2021","2021-06-04","2021-06-09","2021-06-09"
"TD21061450","2021-06-04","SUPPLY AND DELIVERY OF 90L REFRIDGERATOR FOR SCSO's OFFICE","2021-06-09","10:00","RQ21052094","adverts/RFQ-FRIDGE.pdf","2021-06-14 11:34:21","ER4/2021","2021-06-04","2021-06-09","2021-06-09"
"TD21061614","2021-06-04","SUPPLY AND DELIVERY OF 4 DRAWER METAL FILING CABINETS FOR MUTARE URBAN","2021-06-09","10:00","RQ21052097","adverts/RFQ-Filling cabinets.pdf","2021-06-16 14:45:14","ER4/2021","2021-06-04","2021-06-09","2021-06-09"
"TD21061634","2021-06-08","33KV RENCO 1 LINE WAYLEAVE CLEARANCE AND POLE REPLACEMENT","2021-06-11","10:00","RQ21041377","adverts/1623824794RFQ-RENCO1.pdf","2021-06-16 08:26:35","ER25/2021","2021-06-08","2021-06-11","2021-06-11"
"TD21061677","2021-06-08","33KV RENCO 1 LINE WAYLEAVE CLEARANCE AND POLE REPLACEMENT","2021-06-11","10:00","RQ21041377","adverts/1623825035RFQ-RENCO1.pdf","2021-06-16 08:30:35","ER25/2021","2021-06-08","2021-06-11","2021-06-11"
"TD21061720","2021-06-09","SUPPLY AND DELIVERY OF GEAR CABLES FOR NISSAN UD95 FOR ER2192","2021-06-16","10:00","RQ21052633","adverts/RFQ-gear cables.pdf","2021-06-17 12:44:42","ER16/2021","2021-06-09","2021-06-16","2021-06-16"
"TD21061733","2021-06-09","SUPPLY AND DELIVERY OF PLASTIC CHAIRS FOR RUSAPE DEPOT","2021-06-16","10:00","RQ21041929","adverts/RFQ-Plastic chairs.pdf","2021-06-17 12:03:46","ER4/2021","2021-06-09","2021-06-16","2021-06-16"
"TD21061749","2021-06-08","33KV RENCO 3 LINE WAYLEAVE CLEARANCE AND POLE REPLACEMENT","2021-06-11","10:00","RQ21041352","adverts/RFQ-renco 3.pdf","2021-06-17 08:33:30","ER25/2021","2021-06-08","2021-06-11","2021-06-11"
"TD21061750","2021-06-08","33KV RENCO 2 LINE WAYLEAVE CLEARANCE AND POLE REPLACEMENT","2021-06-11","10:00","RQ21041363","adverts/1623909549RFQ-RENCO2.pdf","2021-06-17 07:59:09","ER25/2021","2021-06-08","2021-06-11","2021-06-11"
"TD21061815","2021-05-21","SUPPLY AND DELIVERY OF VISITORS' CHAIRS FOR DM MUTARE ( Kindly find attached Due Diligence Report and approved ACE on tender advert.)","2021-06-26","10:00","RQ21052063","adverts/RFQ-visitors chair.pdf","2021-06-18 11:34:13","ER4/2021","2021-05-21","2021-05-26","2021-05-26"
"TD21061824","2021-06-09","SUPPLY AND FITTING OF NEW TYRES FOR MASVINGO 245/70R16 FOR ER2157","2021-06-16","10:00","RQ2105113","adverts/RFQ-245-70R16.pdf","2021-06-18 15:12:27","ER16/2021","2021-06-09","2021-06-16","2021-06-16"
"TD21061832","2021-06-09","SUPPLY AND FITTING OF NEW TYRES FOR MASVINGO 215R15 FOR ER2200","2021-06-16","10:00","RQ21051176","adverts/1624019611RFQ-215R15-195X14.pdf","2021-06-18 14:33:32","ER16/2021","2021-06-09","2021-06-16","2021-06-16"
"TD21061842","2021-06-09","SUPPLY AND FITTING OF NEW TYRES IN MASVINGO (245/70R16) ER2174","2021-06-16","10:00","RQ21051128","adverts/1624022415RFQ-245-70R16.pdf","2021-06-18 15:20:15","ER16/2021","2021-06-09","2021-06-16","2021-06-16"
"TD21061846","2021-06-09","SUPPLY AND FITTING OF NEW TYRES 215R15 FOR ER 2201-Masvingo","2021-06-16","10:00","RQ21051120","adverts/RFQ-215R15-195X14.pdf","2021-06-18 14:18:25","ER16/2021","2021-06-09","2021-06-16","2021-06-16"
"TD21061867","2021-06-09","SUPPLY AND FITTING OF NEW TYRES FOR MASVINGO 195R14 FOR ER2071","2021-06-16","10:00","RQ21051186","adverts/1624020654RFQ-215R15-195X14.pdf","2021-06-18 14:50:55","ER16/2021","2021-06-09","2021-06-16","2021-06-16"
"TD21061876","2021-06-09","SUPPLY AND FITTING OF NEW TYRES IN MASVINGO (245/70R16) FOR ER2178","2021-06-16","10:00","RQ21051124","adverts/1624022144RFQ-245-70R16.pdf","2021-06-18 15:15:45","ER16/2021","2021-06-09","2021-06-16","2021-06-16"
"TD21061887","2021-06-11","SUPPLY AND DELIVERY OF CARTRIDGES FOR RUSAPE DEPOT","2021-06-16","10:00","RQ21042671","adverts/RFQ-Cartridge rusape.pdf","2021-06-18 08:07:43","ER6/2021","2021-06-11","2021-06-16","2021-06-16"
"TD21061889","2021-06-09","SUPPLY AND FITTING OF NEW TYRES FOR MASVINGO 195R14 FOR ER2032","2021-06-16","10:00","RQ21051144","adverts/1624020059RFQ-215R15-195X14.pdf","2021-06-18 14:41:00","ER16/2021","2021-06-09","2021-06-16","2021-06-16"
"TD2106189","2021-06-09","SUPPLY AND DELIVERY OF NEW TYRES (245/70R16) FOR MASVINGO ER 22158","2021-06-16","10:00","RQ21051152","adverts/1624022673RFQ-245-70R16.pdf","2021-06-18 15:24:35","ER16/2021","2021-06-09","2021-06-16","2021-06-16"
"TD21061890","2021-06-09","SUPPLY AND FITTING OF NEW TYRES FOR MASVINGO 195R14 FOR ER2010","2021-06-16","10:00","RQ21051170","adverts/1624020387RFQ-215R15-195X14.pdf","2021-06-18 14:46:28","ER16/2021","2021-06-09","2021-06-16","2021-06-16"
"TD21062115","2021-06-11","SUPPLY AND FIX OF PERIMETER FENCE FOR C.S.O's RESIDENCE IN CHIMANIMANI","2021-06-16","10:00","RQ21060328","adverts/1624258299RFQ-PERIMETER FENCE.pdf","2021-06-21 08:51:40","ER7/2021","2021-06-11","2021-06-16","2021-06-16"
"TD21062237","2021-06-11","GRASS CUTTING AND BUSH CLEARING AT MAINTENANCE DEPOT ( kindly find attached Site Visit Register on the tender advert)","2021-06-18","10:00","RQ21042671","adverts/RFQ-Grass cutting.pdf","2021-06-22 08:46:50","ER25/2021","2021-06-11","2021-06-18","2021-06-18"
"TD21062266","2021-06-09","33KV DANGAMVURA FEEDER WAYLEAVE CLEARANCE,POLE REPLACEMENT AND STAY REINSTATE ( Kindly find attached Site Visit Register on tender advert)","2021-06-18","10:00","RQ2105040","adverts/RFQ-Dangamvura.pdf","2021-06-22 09:16:39","ER25/2021","2021-06-09","2021-06-18","2021-06-18"
"TD21062287","2021-06-09","33KV VUMBA FEEDER WAYLEAVE CLEARANCE,POLE REPLACEMENT AND STAY REINSTATE ( Kindly find attached Site Visit Register on tender advert)","2021-06-18","10:00","RQ2105204","adverts/RFQ-VUMBA.pdf","2021-06-22 09:29:01","ER25/2021","2021-06-09","2021-06-18","2021-06-18"
"TD21062424","2021-06-21","SUPPLY AND DELIVERY OF HYDROGEN PEROXIDE FOR EASTERN REGION","2021-06-23","10:00","RQ21062812","adverts/RFQ-hydrogen peroxide.pdf","2021-06-24 14:22:04","ER24/2021","2021-06-21","2021-06-23","2021-06-23"
"TD21062433","2021-06-17","SUPPLY AND DELIVERY OF FEMALE CONTACTS FOR REYROLLE 11KV C-GEAR SWITCH ","2021-06-23","10:00","RQ21040920","adverts/1624540885RFQ-Female contacts.pdf","2021-06-24 15:21:26","ER24/2021","2021-06-17","2021-06-23","2021-06-23"
"TD21062473","2021-06-17","SUPPLY AND DELIVERY OF MALE CONTACTS FOR 11KV SWITCHGEAR FOR MAINTENANCE ","2021-06-23","10:00","RQ21040920","adverts/1624538439RFQ-Male contacts.pdf","2021-06-24 14:40:39","ER19/2021","2021-06-17","2021-06-23","2021-06-23"
"TD21062523","2021-06-17","SUPPLY AND DELIVERY 0F 160MM UNDERGROUND PVC WASTE PIPE FOR ZEDC PROJECTS","2021-06-23","10:00","RQ21033145","adverts/RFQ-PVC pipes.pdf","2021-06-25 14:58:48","ER1/2021","2021-06-17","2021-06-23","2021-06-23"
"TD21062537","2021-06-17","SUPPLY AND DELIVERY OF TRANSFORMER OIL FOR MANICALAND DISTRICT","2021-06-23","10:00","RQ21060462","adverts/RFQ-Transformer oil.pdf","2021-06-25 12:18:52","ER20/2021","2021-06-17","2021-06-23","2021-06-23"
"TD21062555","2021-06-17","SUPPLY AND DELIVERY OF UPPER AND LOWER BALL JOINTS FOR NISSAN NP300","2021-06-23","10:00","RQ21052651","adverts/RFQ-Ball joints.pdf","2021-06-25 08:59:34","ER16/2021","2021-06-17","2021-06-23","2021-06-23"
"TD21062579","2021-06-17","SUPPLY AND DELIVERY OF UPPER AND LOWER BALL JOINTS FOR NISSAN NP300","2021-06-23","10:00","RQ21052651","adverts/1624604707RFQ-Ball joints.pdf","2021-06-25 09:05:08","ER16/2021","2021-06-17","2021-06-23","2021-06-23"
"TD2107154","2021-07-09","SUPPLY AND INSTALLATION OF MECHANICAL FUEL PUMPS AT ENVIRONS ","2021-07-14","10:00","RQ2106236","adverts/RFQ-Mechanical fuel pump.pdf","2021-07-15 14:06:37","ER16/2021","2021-07-09","2021-07-14","2021-07-14"
"TD21071632","2021-07-09","SUPPLY AND INSTALLATION OF MECHANICAL FUEL PUMPS AT ENVIRONS ","2021-07-14","10:00","RQ2106236","adverts/1626437314RFQ-Mechanical fuel pump.pdf","2021-07-16 14:08:34","ER16/2021","2021-07-09","2021-07-14","2021-07-14"
"TD21071658","2021-07-09","SUPPLY AND INSTALLATION OF MECHANICAL FUEL PUMPS AT NYANGA CSC","2021-07-14","10:00","RQ21062326","adverts/1626437463RFQ-Mechanical fuel pump.pdf","2021-07-16 14:11:03","ER16/2021","2021-07-09","2021-07-14","2021-07-14"
"TD21072957","2021-07-01","SUPPLY AND DELIVERY OF SURGICAL DISPOSABLE FACE MASKS FOR VISITORS AND CONTRACT WORKERS ( Kindly find attached evaluation report on tender advert)","2021-07-08","10:00","RQ21062234","adverts/1627553383RFQ- Face Masks.pdf","2021-07-29 12:09:46","ER24/2021","2021-07-01","2021-07-01","2021-07-19"
"TD21072986","2021-07-01","Supply and delivery of hand sanitizers 5litres for Eastern Region. Kindly find attached evaluation report on tender advert","2021-07-07","10:00","RQ21040141","adverts/1627560680RFQ-SANITIZERS.pdf","2021-07-29 14:11:21","ER24/2021","2021-07-01","2021-07-07","2021-07-19"
"TD2107301","2021-07-01","SUPPLY AND DELIVERY OF FOOT OPERATED HAND SANITIZER DISPENSER FOR THE EASTERN REGION CENTRES ( Kindly find attached evaluation report on tender advert)","2021-07-08","10:00","RQ21062410","adverts/RFQ-FOOT OPERATED.pdf","2021-07-30 08:03:48","ER24/2021","2021-07-01","2021-07-07","2021-07-19"
"TD21073012","2021-07-01","SUPPLY AND DELIVERY OF SAFETY GOOGLES FOR DISINFECTION ( Kindly find attached evaluation report on tender advert)","2021-07-08","10:00","RQ21062226","adverts/RFQ-SAFETY GOOGLES.pdf","2021-07-30 09:21:56","ER24/2021","2021-07-01","2021-07-08","2021-07-19"
"TD21073053","2021-07-09","SUPPLY AND DELIVERY OF FEMALE CONTACTS FOR REYROLLE 11KV C-GEAR SWITCH ( Kindly find attached evaluation report on tender advert)","2021-07-14","10:00","RQ21040920","adverts/1627632527RFQ-FEMALE CONTACTS.pdf","2021-07-30 10:08:48","ER20/201","2021-07-09","2021-07-14","2021-07-14"
"TD21073054","2021-07-01","Supply and delivery of hand sanitizers 5litres for Eastern Region. Kindly find attached evaluation report on tender advert","2021-07-08","10:00","RQ21040141","adverts/1627623042RFQ-SANITIZERS.pdf","2021-07-30 07:30:42","ER24/2021","2021-07-01","2021-07-08","2021-07-19"
"TD21073055","2021-07-01","SUPPLY AND DELIVERY OF TYVEK SUITS FOR EASTERN REGION CENTRES ( Kindly find attached evaluation report on tender advert.)","2021-07-08","10:00","RQ21062240","adverts/1627627033RFQ-TYVEK SUITS.pdf","2021-07-30 08:37:13","ER24/2021","2021-07-01","2021-07-08","2021-07-19"
"TD21073064","2021-07-09","SUPPLY AND DELIVERY OF MALE CONTACTS FOR 11KV SWITCHGEAR FOR MAINTENANCE ( Kindly find attached evaluation report on tender advert)","2021-07-14","10:00","RQ21040920","adverts/1627633439RFQ-MALE CONTACTS.pdf","2021-07-30 10:23:59","ER20/2021","2021-07-09","2021-07-14","2021-07-14"
"TD2108066","2021-07-23","SUPPLY AND DELIVERY OF SURGICAL DISPOSABLE FACE MASKS FOR EASTERN REGION ( Kindly find attached evaluation report on tender advert)","2021-08-29","10:00","RQ21071250","adverts/1628230172RFQ-Face Masks.pdf","2021-08-06 08:09:33","ER24/2021","2021-08-23","2021-08-29","2021-08-04"
"TD21081712","2021-07-09","SUPPLY AND INSTALLATION OF MECHANICAL FUEL PUMPS AT ENVIRONS ( Kindly find attached Evaluation report on tender advert_)","2021-08-14","10:00","RQ2106236","adverts/RFQ-MECHANICAL FUEL PUMP- ENVIRONS.pdf","2021-08-17 08:27:55","ER16/2021","2021-07-09","2021-07-14","2021-08-03"
"TD21081882","2021-07-09","SUPPLY AND INSTALLATION OF MECHANICAL FUEL PUMPS AT NYANGA CSC (Kindly find attached copy of Evaluation Report on tender advert)","2021-07-14","10:00","RQ21062326","adverts/RFQ-Mechanical fuel ipump-Nyanga.pdf","2021-08-18 09:52:01","ER16/2021","2021-07-09","2021-07-14","2021-08-03"
"TD2108195","2021-07-01","SUPPLY AND DELIVERY OF SUSPENSION KIT AND RADIATOR FOR NISSAN NP300 (Kindly find attached Evaluation Report on tender advert)","2021-07-08","10:00","RQ21060287","adverts/RFQ-SUSPENSION & RADIATOR.pdf","2021-08-19 08:43:26","ER16/2021","2021-07-01","2021-07-08","2021-07-23"
"TD21081967","2021-07-01","SUPPLY AND DELIVERY OF SUSPENSION KIT AND RADIATOR FOR NISSAN NP300 (Kindly find attached Evaluation Report on tender advert)","2021-07-08","10:00","RQ21060287","adverts/1629355815RFQ-SUSPENSION & RADIATOR.pdf","2021-08-19 08:50:18","ER16/2021","2021-07-01","2021-07-08","2021-07-23"
"TD21082041","2021-08-04","SUPPLY AND DELIVERY OF 35%  HYDROGEN PEROXIDE FOR EASTERN REGION (Kindly find attached Evaluation Report on tender advert)","2021-08-06","10:00","RQ2108021","adverts/1629439897RFQ-HYDROGEN PEROXIDE.pdf","2021-08-20 08:11:38","ER24/2021","2021-08-04","2021-08-06","2021-08-18"
"TD21082749","2021-07-15","SUPPLY AND DELIVERY OF 415 CARTRIDGES FOR CHIEF RISK OFFICER SECRETARY (Kindly find attached Evaluation Report on tender advert)","2021-07-22","10:00","RQ21042671","adverts/1630049845RFQ-chief risk officer catridge.pdf","2021-08-27 09:37:25","ER6/2021","2021-07-15","2021-07-22","2021-08-17"
"TD21082753","2021-07-23","SUPPLY AND DELIVERY OF 920 TONER CARTRIDGE FOR SECRETARY TO DISTRICT MANAGER MUTARE (Kindly find attached Evaluation Report on tender advert)","2021-07-29","10:00","RQ21062371","adverts/RFQ-DM Mutare cartridge.pdf","2021-08-27 09:04:08","ER6/2021","2021-07-23","2021-07-29","2021-08-17"
"TD21082772","2021-07-23","SUPPLY AND DELIVERY OF 920 TONER CARTRIDGE FOR SECRETARY TO DISTRICT MANAGER MUTARE (Kindly find attached Evaluation Report on tender advert)","2021-07-29","10:00","RQ21062371","adverts/1630047968RFQ-DM Mutare cartridge.pdf","2021-08-27 09:06:09","ER6/2021","2021-07-23","2021-07-29","2021-08-17"
"TD21082796","2021-07-23","SUPPLY AND DELIVERY OF 970 TONER CARTRIDGE FOR DM MANICALAND SECRETARY (Kindly find attached Evaluation Report attached on tender advert)","2021-07-29","10:00","RQ21062397","adverts/RFQ-DM Manicaland cartridges.pdf","2021-08-27 10:12:05","ER6/2021","2021-07-23","2021-07-29","2021-08-17"
"TD21091539","2021-08-26"," SUPPLY AND FITTING OF NEW TYRES FOR MAZDA BT50 ER 2199 ( Kindly find attached evaluation report on tender advert)","2021-09-01","10:00","RQ21031851","adverts/RFQ-MAZDA.pdf","2021-09-15 09:05:42","ER16/2021","2021-08-26","2021-09-01","2021-09-01"
"TD2109154","2021-08-19","SUPPLY AND FITTING OF NEW TYRES FOR ER 2210( Kindly find attached evaluation report on tender advert.)","2021-08-25","10:00","RQ21062840","adverts/RFQ-ER2210.pdf","2021-09-15 11:00:35","ER16/2021","2021-08-19","2021-08-25","2021-09-09"
"TD21091649","2021-08-19","SUPPLY AND FITTING OF NEW TYRES FOR ER 1062 ( Kindly find attached evaluation report on tender advert)","2021-08-25","10:00","RQ21060913","adverts/RFQ-TYRES 11R22.5.pdf","2021-09-16 08:52:07","ER16/2021","2021-08-19","2021-08-25","2021-08-25"
"TD21091677","2021-07-23","SUPPLY AND DELIVERY OF ZETDC STAFF ID's (Kindly find attached evaluation report on tender advert)","2021-07-29","10:00","RQ21062472","adverts/rfq-staff ids.pdf","2021-09-16 15:14:40","ER24/2021","2021-07-23","2021-07-29","2021-08-20"
"TD21091685","2021-08-19","SUPPLY AND DELIVERY OF GENUINE CLUTCH KIT FOR ER2159 ( Kindly find attached evaluation report on tender advert)","2021-08-25","10:00","RQ21060237","adverts/RFQ-Clutch kit.pdf","2021-09-16 14:43:57","ER16/2021","2021-08-19","2021-08-25","2021-09-09"
"TD21092775","2021-09-03","VALUATION OF PROPERTY 20 MILLWER MORNINGSIDE MUTARE","2021-09-10","10:00","21082432","adverts/1632739937RFQ-Valuation.pdf","2021-09-27 12:52:17","ER17/2021","2021-09-03","2021-09-10","2021-09-23"
"TD21092799","2021-09-03","SUPPLY AND DELIVERY OF SWIVEL CHAIRS FOR MUTARE URBAN DEPOT","2021-09-08","10:00","RQ21052071","adverts/1632744989RFQ-Swivel chairs urban.pdf","2021-09-27 14:16:30","ER4/2021","2021-09-03","2021-09-08","2021-09-23"
"TD21092857","2021-08-20","SUPPLY AND DELIVERY OF SWIVEL CHAIRS FOR ACCOUNTS CLERK CASH (Kindly find Evaluation Report on tender advert)","2021-08-25","10:00","RQ21061130","adverts/RRQ-Swivel chairs accounts clerk.pdf","2021-09-28 16:14:26","ER4/2021","2021-08-20","2021-08-25","2021-09-23"
"TD2109289","2021-08-20","SUPPLY AND DELIVERY OF SWIVEL CHAIRS FOR SWITCHBOARD OPERATOR (Kindly find attached Evaluation report on tender advert)","2021-08-25","10:00","RQ21062159","adverts/RFQ-swivel chairs switchboard.pdf","2021-09-28 15:38:54","ER4/2021","2021-08-20","2021-08-25","2021-09-23"
"TD21092919","2021-08-20","SUPPLY AND DELIVERY OF SWIVEL CHAIR FOR CLERK TYPIST RISK (Kindly find attached evaluation report on tender advert)","2021-08-25","10:00","RQ21062187","adverts/RFQ-Swivel chair risk clerk.pdf","2021-09-29 11:35:38","ER4/2021","2021-08-20","2021-08-25","2021-09-23"
"TD2109298","2021-08-20","SUPPLY AND DELIVERY OF SWIVEL CHAIR FOR COMMERCIAL MANAGER","2021-08-25","10:00","RQ21062117","adverts/RFQ-Swivel chair comm manager.pdf","2021-09-29 11:23:08","ER4/2021","2021-08-20","2021-08-25","2021-09-23"
"TD21092987","2021-08-20","SUPPLY AND DELIVERY OF SWIVEL CHAIR FOR COMMERCIAL MANAGER","2021-08-25","10:00","RQ21062117","adverts/1632907407RFQ-Swivel chair comm manager.pdf","2021-09-29 11:23:28","ER4/2021","2021-08-20","2021-08-25","2021-09-23"
"TD21093042","2021-09-13","SUPPLY AND FITTING OF NEW TYRES FOR ER 22O3 FOR MUTARE URBAN (Kindly find attached Evaluation Report on tender advert )","2021-09-15","10:00","RQ2080430","adverts/RFQ-ER2203.pdf","2021-09-30 16:06:28","ER16/2021","2021-09-13","2021-09-15","2021-09-30"
"TD21093055","2021-09-03","SUPPLY AND FITTING OF NEW TYRES FOR ER2148 FOR MUTARE ENVIRONS (Kindly find attached Evaluation Report on tender advert)","2021-09-08","10:00","RQ21080422","adverts/RFQ-ER2148.pdf","2021-09-30 15:32:45","ER16/2021","2021-09-03","2021-09-08","2021-09-30"
"TD21093061","2021-09-13","SUPPLY AND FITTING OF NEW TYRES FOR ER2145 FORB MUTARE  ENVIRONS","2021-09-15","10:00","RQ21080493","adverts/RFQ-ER2143.pdf","2021-09-30 16:16:50","ER16/2021","2021-09-13","2021-09-15","2021-09-30"
"TD21093080","2021-09-03","SUPPLY AND FITTING OF NEW TYRES FOR ER 2131 FOR MUTARE ENVIRONS (Kindly find attached Evaluation Report on tender advert )","2021-09-08","10:00","RQ21080419","adverts/RFQ-ER2131 Mutare environs.pdf","2021-09-30 15:12:04","ER16/2021","2021-09-03","2021-09-08","2021-09-30"
"TD21100442","2021-09-16","Supply and delivery of hand sanitizers 5litres for Eastern Region. Kindly find attached evaluation report on tender advert","2021-09-22","10:00","RQ2109146","adverts/Bids-sanitizers.pdf","2021-10-04 12:14:28","ER24/2021","2021-09-16","2021-09-22","2021-10-01"
"TD21100486","2021-09-16","SUPPLY AND DELIVERY OF FACE MASKS FOR ER ( Kindly find attached Evaluation Report on tender advert.)","2021-09-22","10:00","RQ21091466","adverts/1633338141RFQ-FACE MASKS.pdf","2021-10-04 11:02:21","ER24/2021","2021-09-16","2021-09-22","2021-10-01"
"TD21100498","2021-08-26","SUPPLY AND DELIVERY OF ZETDC E86 FORMS BOOKS FOR MANICALAND DISTRICT ( Kindly find attached Evaluation Report on the tender)","2021-09-01","10:00","RQ21042899","adverts/RFQ-E86.pdf","2021-10-04 14:24:05","ER24/2021","2021-08-26","2021-09-01","2021-10-01"
"TD21100717","2021-09-03","SUPPLY AND FITTING OF NEW TYRES ER2129 FOR NYANGA (Kindly find Evaluation Report on tender advert)","2021-09-08","10:00","RQ21080425","adverts/RFQ-TYRES ER2129.pdf","2021-10-07 12:10:29","ER16/2021","2021-09-03","2021-09-08","2021-09-30"
"TD21100739","2021-09-13","SUPPLY AND FITTING OF NEW TYRES FOR ER2204 FOR MIDDLE SABI","2021-09-15","10:00","RQ21080442","adverts/RFQ-TYRES ER2204.pdf","2021-10-07 10:48:54","ER16/2021","2021-09-13","2021-08-15","2021-09-30"
"TD2110075","2021-09-03","SUPPLY AND FITTING OF NEW TYRES FOR ER 2141 FOR CHIMANIMANI ( Kindly find attached Evaluation Report on tender advert)","2021-09-08","10:00","RQ21080423","adverts/RFQ-TYRES ER2141.pdf","2021-10-07 11:18:06","ER16/2021","2021-09-03","2021-09-08","2021-10-30"
"TD21100772","2021-09-13","SUPPLY AND FITTING OF NEW TYRES for er2146 FOR MIDDLE SABI( Kindly find Evaluation Report on tender advert)","2021-09-15","10:00","RQ21080484","adverts/RFQ-TYRES ER2146.pdf","2021-10-07 11:39:36","ER16/2021","2021-09-13","2021-09-15","2021-10-30"
"TD21100790","2021-09-03","SUPPLY AND FITTING OF NEW TYRES FOR ER2138 FOR CHIPINGE (Kindly find attached Evaluation Report on tender advert)","2021-09-08","10:00","RQ21080416","adverts/RFQ-TYRES ER2138.pdf","2021-10-07 11:50:47","ER16/2021","2021-09-03","2021-09-08","2021-09-30"
"TD21100811","2021-08-20","SUPPLY AND DELIVERY OF SWIVEL CHAIRS FOR MANICALAND DISTRICT (Kindly find attached Evaluation Report on tender advert)","2021-08-25","10:00","RQ21032227","adverts/1633683591RFQ-Swivel Manicaland.pdf","2021-10-08 10:59:51","ER4/2021","2021-08-20","2021-08-25","2021-10-04"
"TD21100817","2021-09-13","SUPPLY AND DELIVERY OF CORE i7 LAPTOPS FOR DISTRICT MANAGER MUTARE, SYSTEM ADMINISTRATOR & SYSTEM SUPPORT OFFICER (Kindly find attached Evaluation Report on tender advert) ","2021-09-15","10:00","RQ21082444","adverts/RFQ-Laptops-dm.pdf","2021-10-08 10:25:49","ER4/2021","2021-09-13","2021-09-15","2021-10-05"
"TD21100885","2021-08-20","SUPPLY AND DELIVERY OF SWIVEL CHAIRS FOR MANICALAND DISTRICT (Kindly find attached Evaluation Report on tender advert)","2021-08-25","10:00","RQ21032227","adverts/RFQ-Swivel Manicaland.pdf","2021-10-08 10:51:35","ER4/2021","2021-08-20","2021-08-25","2021-10-04"
"TD21101930","2021-09-03","VALUATION OF PROPERTY 20 MILLWER MORNINGSIDE MUTARE ","2021-09-10","10:00","RQ21082432","adverts/1634627543RFQ-Valuation.pdf","2021-10-19 09:12:24","ER17/2021","2021-09-03","2021-09-10","2021-09-24"
"TD21102015","2021-09-13","SUPPLY AND DELIVERY OF CORE i7 LAPTOPS FOR DISTRICT MANAGER MUTARE, SYSTEM ADMINISTRATOR & SYSTEM SUPPORT OFFICER (Kindly find attached Evaluation Report on tender advert) ","2021-09-15","10:00","RQ21082444","adverts/1634714029RFQ-Laptops-dm.pdf","2021-10-20 09:13:49","ER4/2021","2021-09-13","2021-09-15","2021-09-30"
"TD21102139","2021-10-04","SUPPLY AND FITTING OF NEW TYRES FOR ER 2193 ( Kindly find attached Evaluation Report on tender advert)","2021-10-06","10:00","RQ21090839","adverts/RFQ-TYRES ER2193.pdf","2021-10-21 08:33:07","ER16/2021","2021-10-04","2021-10-06","2021-10-20"
"TD21102540","2021-09-24","SUPPLY AND DELIVERY OF L-SHAPED DESK FOR RISK CLERK ( Kindly find attached Evaluation Report on tender advert)","2021-09-29","10:00","PR10209098","adverts/RFQ-L-shaped desk.pdf","2021-10-25 08:24:29","ER4/2021","2021-09-24","2021-09-29","2021-10-22"
"TD21110980","2021-11-09","qwerty","2021-11-09","10:00","12345674","adverts/zopener_8a4800ea0a3f43f4bafd7706c1a4e7ee.log","2021-11-09 17:08:49","ER10/2020","2021-11-09","2021-11-09","2021-11-09"
"TD21111034","2021-11-05","WEEDDGR","2021-11-04","10:00","RQ21080464","adverts/4500216620.pdf","2021-11-10 10:42:10","ER16/2021","2021-11-27","2021-11-18","2021-11-11"
"TD21111051","2021-11-09","WEEUTYUI","2021-11-10","10:00","RQ21040724","adverts/RFQ-ER2145.pdf","2021-11-10 09:03:20","ER4/2021","2021-11-11","2021-11-09","2021-11-10"
"TD21111081","2021-10-04","SUPPLY AND FITTING OF NEW TYRES for er2145","2021-10-06","10:00","RQ21080464","adverts/4500219985.pdf","2021-11-10 11:02:25","ER16/2021","2021-10-04","2021-10-06","2021-11-05"
"TD21111083","2021-10-04","SUPPLY AND FITTING OF NEW TYRES for er2145 (Kindly find attached Evaluation Report on tender advert)","2021-10-06","10:00","RQ21080464","adverts/RFQ-ER2145.pdf","2021-11-10 09:12:49","ER16/2021","2021-10-04","2021-10-06","2021-11-05"
"TD2111109","2021-11-09","WEEUTYUIDGDFJFGJKFGJFGJGJGJGJGJGJGJGJGJGJGJGJGJGJGJGJGGJGGJGJGJ","2021-11-10","10:00","RQ21040724","adverts/RFQ-ER2145.pdf","2021-11-10 09:03:49","ER4/2021","2021-11-11","2021-11-09","2021-11-10"
"TD21111096","2021-10-14","SUPPLY AND DELIVERY OF L-SHAPED DESK FOR RECEPTION ( Kindly find attached Evaluation Report on tender advert)","2021-10-20","10:00","RQ21100449","adverts/RFQ-Reception desk.pdf","2021-11-10 11:12:07","ER4/2021","2021-10-14","2021-10-20","2021-11-10"
"TD21111112","2021-10-04","SUPPLY AND DELIVERY OF L-SHAPED DESK FOR RECEPTION ( Kindly find attached Evaluation Report on tender advert)","2021-10-20","10:00","RQ21100449","adverts/RFQ-Reception desk.pdf","2021-11-11 12:33:53","ER4/2021","2021-10-04","2021-10-20","2021-11-09"
"TD21111118","2021-09-16","SUPPLY AND DELIVERY OF SWIVEL CHAIRS FOR MUTARE BILLING OFFICES ( Kindly find attached evaluation report on tender advert)","2021-09-22","10:00","RQ21032443","adverts/RFQ- billing chairs.pdf","2021-11-11 11:34:22","ER4/2021","2021-09-16","2021-09-22","2021-10-20"
"TD21111120","2021-10-04","SUPPLY AND DELIVERY OF OXYGEN CYLINDER FOR COVID 19 MANAGEMENT (Kindly find attached evaluation report on tender advert)","2021-10-06","10:00","RQ21082723","adverts/RFQ-Oxygen cylinder.pdf","2021-11-11 11:45:22","ER24/2021","2021-10-04","2021-09-06","2021-11-05"
"TD21111122","2021-10-13","SUPPLY AND DELIVERY OF CORE i7 LAPTOPS FOR CHIEF RISK OFFICER, COMMERCIAL MANAGER AND NETWORK DEVELOPMENT ENGINEER (Kindly find attached Evaluation Report on tender advert) ","2021-10-20","10:00","RQ2107297","adverts/evaluation report laptops.pdf","2021-11-11 09:37:13","ER6/2021","2021-10-13","2021-10-20","2021-11-10"
"TD21111125","2021-10-13","SUPPLY AND DELIVERY OF CORE i7 LAPTOPS FOR CHIEF RISK OFFICER, COMMERCIAL MANAGER AND NETWORK DEVELOPMENT ENGINEER (Kindly find attached Evaluation Report on tender advert) ","2021-10-20","10:00","RQ2107297","adverts/1636627166evaluation report laptops.pdf","2021-11-11 12:39:26","ER6/2021","2021-10-13","2021-10-20","2021-11-10"
"TD21111144","2021-09-24","SUPPLY AND DELIVERY OF OXYGEN CONCENTRATOR FOR COVID 19 MANAGEMENT ( Kindly find attached evaluation report on tender advert)","2021-09-29","10:00","RQ21062134","adverts/RFQ-Oxygen concentrator.pdf","2021-11-11 12:18:57","ER24/2021","2021-09-24","2021-09-29","2021-11-04"
"TD21111157","2021-10-04","SUPPLY AND DELIVERY OF ZETDC STAFF ID's FOR MANICALAND DISTRICT ( Kindly find attached evaluation report on tender advert)","2021-10-06","10:00","RQ21062472","adverts/RFQ-ID's.pdf","2021-11-11 12:08:40","ER24/2021","2021-10-04","2021-10-06","2021-11-05"
"TD21111160","2021-10-07","SUPPLY AND DELIVERY OF NATIONAL AND ZESA CORPORATE FLAGS FOR EASTERN REGION (Kindly find attached Evaluation Report on Tender advert)","2021-10-13","10:00","RQ21051970","adverts/1636624465RFQ-Flags.pdf","2021-11-11 11:54:26","ER24/2021","2021-10-07","2021-10-13","2021-11-05"
"TD21111196","2021-10-04","SUPPLY AND FITTING OF NEW TYRES for er2145 (Kindly find attached Evaluation Report on tender advert.)","2021-10-06","10:00","RQ21080464","adverts/ER2145.pdf","2021-11-11 09:19:01","ER16/2021","2021-10-04","2021-10-06","2021-11-05"
"TD21111592","2021-09-16","SUPPLY AND DELIVERY OF TELESCOPIC LINKSTICKS FOR MUTARE DISTRICT (Kindly find attached evaluation report on tender advert)","2021-09-22","10:00","RQ21072128","adverts/evaluation report -linkstick.pdf","2021-11-15 09:10:42","ER8/2021","2021-09-16","2021-10-22","2021-10-20"
"TD2111238","2021-11-05","SUPPLY AND DELIVERY OF FACE MASKS FOR ER ( Kindly find attached Evaluation Report on tender advert.)","2021-11-11","10:00","RQ21091466","adverts/1637670120RFQ-FACE MASKS.pdf","2021-11-23 14:22:01","ER24/2021","2021-11-05","2021-11-11","2021-11-19"
"TD21112611","2021-11-05","UPGRADE OF SOLAR POWER SYSTEM AT NYANGA SENIOR GUEST HOUSE FROM 3KVA TO 5KVA ( Kindly find attached Evaluation report on tender advert)","2021-11-11","10:00","RQ21102013","adverts/RFQ-Solar for senior guest.pdf","2021-11-26 15:37:09","ER24/2021","2021-11-05","2021-11-11","2021-11-25"
"TD21112673","2021-11-10","SUPPLY AND DELIVERY OF ZETDC STAFF ID's FOR MASVINGO DISTRICT ( Kindly find attached evaluation report on tender advert)","2021-11-17","10:00","RQ21062281","adverts/RFQ-ID's masvingo.pdf","2021-11-26 15:19:12","ER24/2021","2021-11-10","2021-11-17","2021-11-25"
"TD21112927","2021-11-05","UPGRADE OF SOLAR POWER SYSTEM AT 20 MILLER HOUSE FROM 3KVA TO 5KVA ( Kindly find attached Evaluation report on tender advert)","2021-11-11","10:00","RQ21102010","adverts/RFQ-Upgrade of solar at 20miller.pdf","2021-11-29 08:23:36","ER24/2021","2021-11-05","2021-11-11","2021-11-25"
"TD21112930","2021-11-05","UPGRADE OF SOLAR POWER SYSTEM AT NYANGA EXECUTIVE GUEST HOUSE FROM 3KVA TO 5KVA ( Kindly find attached Evaluation report on tender advert)","2021-11-11","10:00","RQ21102035","adverts/RFQ-executive guest hse.pdf","2021-11-29 08:44:47","ER24/2021","2021-11-05","2021-11-11","2021-11-25"
"TD21112996","2021-11-10","SUPPLY AND DELIVERY OF ZETDC STAFF ID's FOR MUTARE DISTRICT AND REGIONAL OFFICE (Kindly find attached evaluation report on tender advert)","2021-11-17","10:00","RQ21062450","adverts/RFQ-IDs Mutare.pdf","2021-11-29 09:07:40","ER24/2021","2021-11-10","2021-11-17","2021-11-25"
"TD21120216","2021-10-20","SERVICING OF FIRE EXTINGUISHERS FOR MASVINGO DISTRICT( Kindly find attached Evaluation Report on tender advert)","2021-10-27","10:00","RQ21091728","adverts/RFQ-Servicing of fire extinguishers.pdf","2021-12-02 14:57:41","ER24/2021","2021-10-20","2021-10-27","2021-11-18"
"TD21120232","2021-11-10","SUPPLY AND DELIVERY OF ANTI-SLIPPERY SAFETY SHOES FOR MAINTENANCE STAFF (K)","2021-12-17","10:00","RQ21100463","adverts/RFQ-SAFETY SHOES.pdf","2021-12-02 11:41:17","ER24/2021","2021-11-10","2021-11-17","2021-11-25"
"TD21120275","2021-10-20","SERVICING OF FIRE EXTINGUISHERS FOR MASVINGO DISTRICT( Kindly find attached Evaluation Report on tender advert)","2021-10-27","10:00","RQ21091728","adverts/1638450074RFQ-Servicing of fire extinguishers.pdf","2021-12-02 15:01:14","ER24/2021","2021-10-20","2021-10-27","2021-11-18"
"TD21120279","2021-11-10","Borehole Drilling, Equipment and Casing for Nyanga Senior Guest House ( Kindly find attached Evaluation Report on tender advert)","2021-11-17","10:00","RQ21110265","adverts/RFQ-SENIOR GUEST HOUSE.pdf","2021-12-02 10:00:31","ER24/2021","2021-11-10","2021-11-17","2021-12-22"
"TD21120284","2021-11-10","Borehole Drilling, Equipment and Casing for Chimanimani Customer Service Centre (Kindly find attached Evaluation Report on Tender advert)","2021-11-17","10:00","RQ21101936","adverts/RFQ-CHIMANIMANI.pdf","2021-12-02 09:46:14","ER24/2021","2021-11-10","2021-11-16","2021-12-22"
"TD21120294","2021-11-10","Borehole Drilling, Equipment and Casing for Nyanga Executive Guest House ( Kindly find attached Evaluation Report on tender advert)","2021-12-17","10:00","RQ21110276","adverts/RFQ-EXECUTIVE.pdf","2021-12-02 09:55:40","ER24/2021","2021-11-10","2021-11-17","2021-12-22"
"TD2112032","2021-11-17","SUPPLY AND DELIVERY OF 4 IN 1 PRINTER FOR MUTARE DISTRICT (Kindly find evaluation report on tender advert)","2021-11-19","10:00","RQ21111091","adverts/RFQ-PRINTER.pdf","2021-12-03 10:42:38","ER6/2021","2021-11-17","2021-11-19","2021-12-29"
"TD21120328","2021-11-10","SUPPLY AND DELIVER CORE i5 LAPTOP FOR MASVINGO LOSS CONTROL OFFICER (Kindly find attached evaluation report on tender advert)","2021-11-17","10:00","RQ21102954","adverts/RFQ-Laptop loss control.pdf","2021-12-03 10:13:34","ER6/2021","2021-11-10","2021-11-17","2021-12-29"
"TD21120347","2021-10-08","SUPPLY AND DELIVERY OF LIGHTNING ARRESTORS (Kindly find attached Evaluation Report on tender advert)","2021-10-13","10:00","RQ21092175","adverts/RFQ-LIGHTNING ARRESTORS.pdf","2021-12-03 08:56:46","ER19/2021","2021-10-08","2021-10-13","2021-11-16"
"TD21120395","2021-11-17","SUPPLY AND DELIVERY OF CORE i5 FOR MASVINGO SECRETARY (Kindly find attached evaluation report on tender advert)","2021-11-19","10:00","RQ21102970","adverts/1638522108RFQ-Laptop for masvingo secretary.pdf","2021-12-03 11:01:48","ER6/2021","2021-11-17","2021-11-19","2021-12-29"
"TD21121030","2021-11-17","Male contact","2021-11-19","10:00","21101349","adverts/male contacts.pdf","2021-12-10 10:29:03","ER 19/2021","2021-11-17","2021-11-19","2021-11-29"
"TD21121045","2021-11-17","Male contact","2021-11-19","10:00","21101349","adverts/1639124944male contacts.pdf","2021-12-10 10:29:04","ER 19/2021","2021-11-17","2021-11-19","2021-11-29"
"TD21121047","2021-11-17","SUPPLY AND DELIVERY OF FEMALE CONTACTS FOR REYROLLE 11KV C-GEAR SWITCH ( Kindly find attached evaluation report on tender advert)","2021-11-19","10:00","RQ2110137","adverts/1639138969RFQ-FEMALE CONTACTS.pdf","2021-12-10 14:22:49","ER19/2021","2021-11-17","2021-11-19","2021-11-29"
"TD21121087","2021-11-17","SUPPLY AND DELIVERY OF SWIVEL CHAIR FOR NYANGA STORES CLERK (KINDLY FIND ATTACHED EVALUATION REPORT ON TENDER ADVERT)","2021-11-19","10:00","RQ21101519","adverts/RFQ-SWIVEL CHAIR NYANGA STORES CLERK.pdf","2021-12-10 15:46:18","ER24/2021","2021-12-17","2021-11-19","2021-12-29"
"TD21121533","2021-10-07","SUPPLY AND FITTING OF NEW TYRES FOR MAZDA BT50 ER2199 (Kindly find evaluation report on tender advert )","2021-10-13","10:00","RQ21031851","adverts/RFQ-ER2199.pdf","2021-12-15 09:18:05","ER16/2021","2021-10-07","2021-10-13","2021-11-19"
"TD21121786","2021-11-17","SUPPLY AND DELIVERY OF HPE 2TB SATA 7.2K LFF S MV HDD FOR EASTERN REGION ACTIVE DIRECTORY SERVER (Kindly find attached evaluation report on tender advert)","2021-11-19","10:00","RQ21102093","adverts/RFQ-HPE.pdf","2021-12-17 14:11:12","ER6/2021","2021-11-17","2021-11-19","2021-12-10"
"TD21122961","2021-11-17","SUPPLY AND FIT NEW CCTV FOR MASVINGO BANKING HALL","2021-11-19","10:00","RQ21102978","adverts/RFQ-CCTV.pdf","2021-12-29 11:58:19","ER6/2021","2021-11-17","2021-11-19","2021-12-23"
"TD22011247","2021-11-30","SUPPLY AND FITTING OF NEW TYRES FOR ER 2216 SALES EXECUTIVE MUTARE- HONDA FIT (Kindly find attached Evaluation Report on tender advert.)","2021-12-03","10:00","RQ2110276","adverts/RFQ-Honda fit tyres.pdf","2022-01-12 11:47:10","ER16/2022","2021-11-30","2021-12-03","2022-01-05"
"TD22011257","2021-11-30","SUPPLY AND FITTING OF NEW TYRES 205/70R15 FOR QUANTUM (Kindly find attached evaluation report on tender advert)","2021-12-03","10:00","RQ21100717","adverts/1641980317RFQ-Quantum.pdf","2022-01-12 11:38:38","ER16/2022","2021-11-30","2021-12-03","2022-01-05"
"TD22011276","2021-11-30","SUPPLY AND FITTING OF NEW TYRES FOR 11R22.5 FOR UD95 NYANGA (Kindly find attached Evaluation Report on tender advert.)","2021-12-03","10:00","RQ21092947","adverts/RFQ-Nyanga tyres.pdf","2022-01-12 14:14:54","ER16/2022","2021-11-30","2021-12-03","2022-01-05"
"TD22011277","2021-09-28","DANGAMVURA 33KV FEEDER WAYLEAVE CLEARANCE, POLE REPLACEMENT AND STAY REINSTATE ( Kindly find attached evaluation report, due diligence report and site visit register on tender advert.)","2021-10-13","10:00","RQ21052040","adverts/RFQ-Dangamvura feeder.pdf","2022-01-12 08:13:48","ER25/2021","2021-09-28","2021-10-13","2021-11-19"
"TD22011397","2021-11-30","SUPPLY AND FITTING OF NEW TYRES FOR 265/75R15 FOR ER2208-RUSAPE (Kindly find attached Evaluation Report on tender advert.)","2021-12-03","10:00","RQ21100743","adverts/RFQ-Rusape tyres.pdf","2022-01-13 11:18:35","ER16/2022","2021-11-30","2021-12-03","2022-01-05"
"TD22012025","2021-09-28","VUMBA 33KV FEEDER WAYLEAVE CLEARANCE,POLE REPLACEMENT AND STAY REINSTATE (Kindly find attached evaluation report on tender advert)","2021-10-13","10:00","RQ2105204","adverts/RFQ-Vumba (2).pdf","2022-01-20 08:46:52","ER25/2021","2021-09-28","2021-10-13","2021-11-18"
"TD22012174","2022-01-11","SUPPLY AND DELIVERY OF FACE MASKS FOR ER ( Kindly find attached Evaluation Report on tender advert.)","2022-01-14","10:00","RQ21121459","adverts/1642755222RFQ-FACE MASKS.pdf","2022-01-21 10:53:42","ER24/2022","2022-01-11","2022-01-14","2022-01-20"
"TD22012420","2022-01-11","Supply and delivery of hand sanitizers 5litres for Eastern Region. Kindly find attached evaluation report on tender advert","2022-01-14","10:00","RQ21121493","adverts/1643017443RFQ-SANITIZERS.pdf","2022-01-24 11:44:03","ER24/2022","2022-01-11","2022-01-14","2022-01-20"
"TD22012469","2022-01-11","Supply and delivery of hand sanitizers 5litres for Eastern Region. Kindly find attached evaluation report on tender advert","2022-01-14","10:00","RQ21121493","adverts/1643017355RFQ-SANITIZERS.pdf","2022-01-24 11:42:36","ER24/2022","2022-01-11","2022-01-14","2022-01-20"
"TD22012499","2022-01-11","SUPPLY AND DELIVERY OF FACE MASKS FOR EASTERN REGION ( Kindly find attached Evaluation Report on tender advert)","2022-01-14","10:00","RQ21121459","adverts/1643011989RFQ-FACE MASKS.pdf","2022-01-25 09:23:36","ER24/2022","2022-01-11","2022-01-14","2022-01-20"
"TD22012584","2022-01-11","Supply and delivery of hand sanitizers 5litres for Eastern Region. (Kindly find attached evaluation report on tender advert)","2022-01-14","10:00","RQ21121493","adverts/1643095658RFQ-SANITIZERS.pdf","2022-01-25 09:27:38","ER24/2022","2022-01-11","2022-01-14","2022-01-20"
"TD22020199","2022-01-20","SUPPLY AND DELIVERY OF HYDROGEN PEROXIDE FOR EASTERN REGION( Kindly find evaluation report on tender advert)","2022-01-25","10:00","RQ21121479","adverts/RFQ-HYDROGEN.pdf","2022-02-01 11:16:54","ER24/2022","2022-01-20","2022-01-25","2022-01-31"
"TD22021426","2022-02-02","SUPPLY AND DELIVERY OF BROMACIL GRANULATED WEEDKILLER FOR MAINTANANCE (Kindly find evaluation report on tender advert)","2022-02-04","10:00","RQ22012561","adverts/RFQ-Bromacil.pdf","2022-02-14 09:27:57","ER24/2022","2022-02-02","2022-02-04","2022-02-10"
"TD22022233","2022-01-25","SUPPLY AND FITTING  OF NEW TYRES FOR ER2216 FOR EXECUTIVE MUTARE( Kindly find attached evaluation report on tender advert)","2022-01-31","10:00","RQ2110276","adverts/1645534819RFQ-ER2216.pdf","2022-02-22 15:00:20","ER16/2022","2022-01-25","2022-01-31","2022-02-17"
"TD22022242","2022-02-07","SERVICING OF FIRE EXTINGUISHERS FOR MUTARE DISTRICT( Kindly find attached Evaluation Report on tender advert)","2022-02-11","10:00","RQ22012182","adverts/1645526435RFQ-Fire ext mutare.pdf","2022-02-22 12:40:35","ER24/2022","2022-02-07","2022-02-11","2022-02-17"
"TD22022266","2022-02-02","SUPPLY AND DELIVERY OF BATTERY CUBIBLES FOR MAINTAINANCE ( Kindly find evaluation report on tender advert)","2022-02-09","10:00","RQ22012569","adverts/RFQ-Battery cubicle.pdf","2022-02-22 11:16:57","ER7/2022","2022-02-02","2022-02-09","2022-02-17"
"TD2202228","2022-02-07","SERVICING OF FIRE EXTINGUISHERS FOR MUTARE DISTRICT( Kindly find attached Evaluation Report on tender advert)","2022-02-11","10:00","RQ22012182","adverts/RFQ-Fire ext mutare.pdf","2022-02-22 12:37:50","ER24/2022","2022-02-07","2022-02-11","2022-02-17"
"TD22022290","2022-02-02","SUPPLY AND ERECT OF PERIMETER FENCE AT ZCDC VR STATION IN CHIPINGE-MAKONDO AREA ( Kindly find evaluation report on tender advert)","2022-02-09","10:00","RQ22012646","adverts/1645516575RFQ-MAKONDO FENCING.pdf","2022-02-22 09:56:15","ER7/2022","2022-02-02","2022-02-09","2022-02-16"
"TD2202232","2022-01-25","SUPPLY AND DELIVERY  OF TELESCOPIC LINK STICKS FOR MUTARE (Kindly find attached evaluation on tender advert)","2022-01-31","10:00","RQ21072128","adverts/RFQ-TELESCOPI LINK MUTARE.pdf","2022-02-23 09:24:38","ER22/2022","2022-01-25","2022-01-31","2022-02-17"
"TD22022328","2022-02-07","SERVICING OF FIRE EXTINGUISHERS FOR MUTARE DISTRICT( Kindly find attached Evaluation Report on tender advert)","2022-02-11","10:00","RQ22012182","adverts/1645596818RFQ-Fire ext mutare.pdf","2022-02-23 08:13:38","ER24/2022","2022-02-07","2022-02-11","2022-02-17"
"TD22022371","2022-01-25","SUPPLY AND FIT OF NEW TYRES FOR FOR UD95 ER 2127 FOR NYANGA","2022-01-31","10:00","RQ21092947","adverts/RFQ-U95 Nyanga.pdf","2022-02-23 10:22:01","ER16/2022","2022-01-25","2022-01-31","2022-02-17"
"TD22022386","2022-02-07","SUPPLY AND FITTING OF NEW TYRES for er2193 (Kindly find attached Evaluation Report on tender advert.)","2022-02-11","10:00","RQ22011358","adverts/RFQ-ER2193.pdf","2022-02-23 11:34:28","ER16/2022","2022-02-07","2022-02-11","2022-02-17"
"TD22022427","2022-02-07","SERVICING OF FIRE EXTINGUISHERS FOR MANICALAND  DISTRICT( Kindly find attached Evaluation Report on tender advert)","2022-02-11","10:00","RQ22012174","adverts/RFQ-FIRE EXT MANI.pdf","2022-02-24 10:08:31","ER24/2022","2022-02-07","2022-02-11","2022-02-17"
"TD22022429","2022-02-07","SUPPLY AND FITTING OF NEW TYRES for er2222  (Kindly find attached Evaluation Report on tender advert.)","2022-02-11","10:00","RQ22011377","adverts/RFQ-ER2222.pdf","2022-02-24 12:09:21","ER16/2022","2022-02-07","2022-02-11","2022-02-17"
"TD22022470","2022-02-07","SUPPLY AND FITTING OF NEW TYRES for er2149 (Kindly find attached Evaluation Report on tender advert.)","2022-02-11","10:00","RQ22011353","adverts/RFQ-ER2149.pdf","2022-02-24 11:21:48","ER16/2022","2022-02-07","2022-02-11","2022-02-17"
"TD22022587","2022-02-07","SUPPLY AND FITTING OF NEW TYRES for er2210 FOR LANDCRUISER(Kindly find attached Evaluation Report on tender advert.)","2022-02-11","10:00","RQ22012563","adverts/1645774099RFQ-ER2210.pdf","2022-02-25 09:28:19","ER16/2022","2022-02-07","2022-02-11","2022-02-17"
"TD22030183","2022-03-07","SERVICING OF FIRE EXTINGUISHERS FOR REGIONAL OFFICE( Kindly find attached Evaluation Report on tender advert)","2022-03-11","10:00","RQ22012164","adverts/RFQ-FIRE EXT REGIONAL.pdf","2022-03-01 11:10:52","ER24/2022","2022-03-07","2022-03-11","2022-03-25"
"TD22030327","2022-02-14","SUPPLY AND FITTING OF NEW TYRES for er2156 (Kindly find attached Evaluation Report on tender advert.)","2022-02-16","10:00","RQ22011313","adverts/RFQ-tyres er2156.pdf","2022-03-03 09:27:28","ER16/2022","2022-02-14","2022-03-16","2022-03-01"
"TD22030341","2022-02-14","SUPPLY AND FITTING OF NEW TYRES for er2184 (Kindly find attached Evaluation Report on tender advert.)","2022-02-16","10:00","RQ22011362","adverts/RFQ-TYRES ER2184.pdf","2022-03-03 10:24:48","ER16/2022","2022-02-14","2022-02-16","2022-03-01"
"TD22030731","2022-02-14","SUPPLY AND FITTING OF NEW TYRES for er2131 (Kindly find attached Evaluation Report on tender advert.)","2022-02-16","10:00","RQ22011314","adverts/rfq-er2131.pdf","2022-03-07 11:47:04","ER16/2022","2022-02-14","2022-02-16","2022-03-03"
"TD22030734","2022-02-14","SUPPLY AND FITTING OF NEW TYRES for er2245 (Kindly find attached Evaluation Report on tender advert.)","2022-02-16","10:00","RQ22011344","adverts/rfq-er2245.pdf","2022-03-07 08:42:36","ER16/2022","2022-02-14","2022-02-16","2022-03-03"
"TD22030745","2022-02-14","SUPPLY AND FITTING OF NEW TYRES for er2244(Kindly find attached Evaluation Report on tender advert.) RUSAPE","2022-02-16","10:00","RQ2201057","adverts/tyres-2244.pdf","2022-03-07 15:03:35","ER16/2022","2022-02-14","2022-03-16","2022-03-03"
"TD22030747","2022-02-14","SUPPLY AND FITTING OF NEW TYRES for er2136 (Kindly find attached Evaluation Report on tender advert.)","2022-02-16","10:00","RQ22011317","adverts/rfq-er2136.pdf","2022-03-07 11:54:20","ER16/2022","2022-02-14","2022-02-16","2022-03-03"
"TD22030841","2022-02-14","SUPPLY AND FITTING OF NEW TYRES for er2204 FOR MIDDLE SABI (Kindly find attached Evaluation Report on tender advert.)","2022-02-16","10:00","RQ22011330","adverts/tyres-2204.pdf","2022-03-08 08:50:16","ER16/2022","2022-02-14","2022-02-16","2022-03-03"
"TD2203091","2022-02-16","SUPPLY AND FITTING OF NEW TYRES FOR ER2157 (Kindly find attached Evaluation Report on tender advert.)","2022-02-18","10:00","RQ22021037","adverts/RFQ-ER2157.pdf","2022-03-09 11:49:33","ER16/2022","2022-02-16","2022-02-18","2022-02-28"
"TD22030911","2022-02-07","SUPPLY AND FITTING OF NEW TYRES FOR ER2132 FOR CHIREDZI (Kindly find attached Evaluation Report on tender advert.)","2022-02-11","10:00","RQ2201425","adverts/RFQ-2232.pdf","2022-03-09 11:56:43","ER16/2022","2022-02-07","2022-02-11","2022-02-28"
"TD22030920","2022-02-14","SUPPLY AND FITTING OF NEW TYRES ROR ER2238 FOR NYANGA (Kindly find attached Evaluation Report on tender advert.)","2022-02-16","10:00","RQ2201133","adverts/RFQ-ER2238.pdf","2022-03-09 10:30:16","ER16/2022","2022-02-14","2022-02-16","2022-03-04"
"TD22030934","2022-02-07","SERVICING OF FIRE EXTINGUISHERS FOR MASVINGO DISTRICT( Kindly find attached Evaluation Report on tender advert)","2022-02-11","10:00","RQ22012158","adverts/RFQ-fire ext masvingo.pdf","2022-03-09 09:54:43","ER16/2022","2022-02-07","2022-02-11","2022-03-04"
"TD22030946","2022-02-16","SUPPLY AND FITTING OF NEW TYRES FOR2150 FOR MASVINGO (Kindly find attached Evaluation Report on tender advert.)","2022-02-18","10:00","RQ22021094","adverts/RFQ-ER2150.pdf","2022-03-09 11:29:33","ER16/2022","2022-02-16","2022-02-18","2022-02-28"
"TD22030948","2022-02-14","SUPPLY AND FITTING OF NEW TYRES for ER2183 FOR RUSAPE (Kindly find attached Evaluation Report on tender advert.)","2022-02-16","10:00","RQ22011372","adverts/RFQ-ER2183.pdf","2022-03-09 08:49:18","ER16/2022","2022-02-14","2022-02-16","2022-03-03"
"TD22030954","2022-02-16","SUPPLY AND FITTING OF NEW TYRES FOR ER2190 FOR MASVINGO (Kindly find attached Evaluation Report on tender advert.)","2022-02-18","10:00","RQ22021037","adverts/RFQ-2190.pdf","2022-03-09 12:01:41","ER16/2022","2022-02-16","2022-02-18","2022-02-28"
"TD22030989","2022-02-14","SUPPLY AND FITTING OF NEW TYRES for er2227 FOR RUSAPE find attached Evaluation Report on tender advert.)","2022-02-16","10:00","RQ22010570","adverts/RFQ-ER2227.pdf","2022-03-09 09:16:39","ER16/2022","2022-02-14","2022-02-16","2022-03-03"
"TD22030998","2022-02-14","SUPPLY AND FITTING OF NEW TYRES FOR ER2153 FOR MUTARE URBAN(Kindly find attached Evaluation Report on tender advert.)","2022-02-16","10:00","RQ22011339","adverts/RFQ-ER2153.pdf","2022-03-09 10:59:46","ER16/2022","2022-02-14","2022-02-16","2022-03-04"
"TD22031076","2022-02-07","ERECTION OF PERIMETER FENCE AT FERUKA ( Kindly  find attached evaluation report on tender advert)","2022-02-23","10:00","RQ22012720","adverts/RFQ-FERUKA.pdf","2022-03-10 10:20:18","ER7/2022","2022-02-07","2022-02-23","2022-03-09"
"TD22031661","2022-02-14","SUPPLY AND FITTING OF NEW TYRES ER 2234 FOR MIDDLE SABI ( Kindly find attached evaluation report on tender advert)","2022-02-16","10:00","RQ22011310","adverts/RFQ ER2234.pdf","2022-03-16 15:53:10","ER16/2022","2022-02-14","2022-02-16","2022-03-16"
"TD22031672","2022-01-25","SUPPLY AND DELIVERY OF TELESCOPIC LINKSTICKS FOR MASVINGO DISTRICT (Kindly find evaluation report on tender advert)","2022-01-31","10:00","RQ21111029","adverts/1647437414RFQ-TELESCOPI LINK MUTARE.pdf","2022-03-16 15:30:14","ER8/2022","2022-01-25","2022-01-31","2022-02-22"
"TD22032412","2022-03-02","SUPPLY AND DELIVERY OF BROMACIL WEEDKILLER FOR MAINTENACE ","2022-03-04","10:00","RQ22021618","adverts/RFQ-WEEDKILLER.pdf","2022-03-24 10:55:28","ER24/2022","2022-03-02","2022-03-04","2022-03-18"
"TD22032423","2022-03-02","SUPPLY AND DELIVERY OF LARGE 8 BOLTS CLAMPS FOR CHIKANGA, DANGAMVURA & CHIPINGE","2022-03-07","10:00","RQ22021442","adverts/RFQ-LARGE BOLT CLAMPS.pdf","2022-03-24 11:33:47","ER8/2022","2022-03-02","2022-03-07","2022-03-17"
"TD22032488","2022-03-03","SUPPLY AND DELIVERY OF TRANSFORMER OIL FOR TRANSFOMERS AND SWITCH GEARS -MAINTENANCE","2022-03-07","10:00","RQ22021018","adverts/RFQ-Tx oil maintenance.pdf","2022-03-24 10:23:28","ER20/2022","2022-03-03","2022-03-07","2022-03-17"
"TD22032583","2022-03-02","SUPPLY AND DELIVERY OF LARGE 8 BOLTS CLAMPS FOR CHIKANGA, DANGAMVURA & CHIPINGE","2022-03-07","10:00","RQ22021442","adverts/1648189745RFQ-LARGE BOLT CLAMPS.pdf","2022-03-25 08:29:06","ER8/2022","2022-03-02","2022-03-07","2022-03-17"
"TD22032916","2022-03-02","SUPPLY AND DELIVERY OF FACE MASKS FOR THE REGION","2022-03-04","10:00","RQ22021181","adverts/RFQ-FACE MASKS 1.pdf","2022-03-29 14:56:44","ER24/2022","2022-03-02","2022-03-04","2022-03-25"
"TD22032933","2022-03-02","SUPPLY AND DELIVERY OF TRANSFORMER OIL FOR TRANSFOMERS AND SWITCH GEARS -FOR REPAIR WORKSHOP","2022-03-07","10:00","RQ2203018","adverts/RFQ-transformer workshop tx oil.pdf","2022-03-29 15:35:04","ER20/2022","2022-03-02","2022-03-07","2022-03-23"
"TD22033121","2022-03-14","SUPPLY AND DELIVERY OF CANON 737 TONER BLACK (Kindly find attached evaluation report on tender advert)","2022-03-16","10:00","RQ22022362","adverts/Evaluation Report Canon 737 i Black Cartridge.docx.pdf","2022-03-31 11:53:46","ER24/2022","2022-03-14","2022-03-16","2022-03-28"
"TD22033128","2022-03-14","SUPPLY AND DELIVERY OF 80A AND 55A TONER BLACK (Kindly find evaluation report on tender advert)","2022-03-16","10:00","RQ22022367","adverts/Evaluation Report 80A and 55A Toner Cartridges.docx.pdf4.pdf","2022-03-31 11:16:32","ER24/2022","2022-03-14","2022-03-16","2022-03-28"
"TD22033138","2022-03-14","SUPPLY AND DELIVERY OF05A TONER BLACK ( Kindly find attached evaluation report on tender advert)","2022-03-16","10:00","RQ22022366","adverts/Evaluation Report 05A Black cartridges.pdf","2022-03-31 10:52:08","ER24/2022","2022-03-14","2022-03-16","2022-03-28"
"TD22033186","2022-03-14","SUPPLY AND FITTING OF NEW TYRES ER 2147 FOR MIDDLE SABI ( Kindly find attached evaluation report on tender advert)","2022-03-16","10:00","RQ22011381","adverts/Evaluation Report 2147 RISK.docx.pdf","2022-03-31 14:19:32","ER16/2022","2022-03-14","2022-03-16","2022-03-30"
"TD2204041","2022-03-17","SUPPLY AND DELIVERY OF LAPTOP FOR PROCUREMENT ADMINSTRATOR( Kindly find attached evaluation report on tender advert)","2022-03-22","10:00","RQ22030298","adverts/1649053927Evaluation Report Laptops in Mutare -Procurement Admin.docx.pdf","2022-04-04 08:32:07","ER6/2022","2022-03-17","2022-03-22","2022-03-29"
"TD2204042","2022-03-18","SUPPLY AND DELIVERY OF 4* 4 IN PRINTER FOR PO MANICALAND, CM's Secretary, ACCOUNTING OFFICER STORES AND DM MUTARE SECRETARY","2022-03-23","10:00","RQ22020748","adverts/Evaluation Report 4 x 4 in 1 Printer for Mutare and Manicaland.docx.pdf6 (00000003).pdf","2022-04-04 09:44:55","ER6/2022","2022-03-18","2022-03-23","2022-04-29"
"TD22040438","2022-03-18","SUPPLY AND DELIVERY OF LAPTOP FOR GM' SECRETARY ( Kindly find attached evaluation report on tender advert)","2022-03-23","10:00","RQ22030310","adverts/Evaluation Report Laptops in Mutare -GM Secretary.pdf","2022-04-04 10:10:48","ER6/2022","2022-03-18","2022-03-23","2022-03-29"
"TD22040550","2022-02-23","SUPPLY AND DELIVERY OF COREI7 LAPTOPS FOR CRO AND PLANNING ENGINEER","2022-03-02","10:00","RQ22021719","adverts/EVALUATION REPORT FOR LAPTOPS - CRO MAINTENENANCE MARCH 2022 (005).pdf xx.pdfxx.pdf","2022-04-05 14:33:52","ER6/2022","2022-02-23","2022-03-02","2022-03-31"
"TD2204076","2022-03-14","SUPPLY AND FIT OF NEW TYRES 215R15 FOR ER2145 COMMERIAL VEHICLE","2022-03-16","10:00","RQ22021079","adverts/1649316707ER2145.pdf","2022-04-07 09:31:47","ER16/2022","2022-03-14","2022-03-16","2022-04-04"
"TD22041120","2022-03-14","SUPPLY AND FIT OF OFFICE BLINDS FOR RECEPTION","2022-03-16","10:00","RQ2202229","adverts/Evaluation Report Office blinds reception.pdf","2022-04-11 14:23:30","ER4/2022","2022-03-14","2022-03-16","2022-04-05"
"TD22041248","2022-03-17","SUPPLY AND DELIVERY OF SUSPENSION MATERIALS FOR NP300 4*2 FOR ER 2131 ","2022-03-22","10:00","RQ22020752","adverts/1649766462Suspension materials for er2131.pdf","2022-04-12 14:27:42","ER16/2022","2022-03-17","2022-03-22","2022-04-08"
"TD22041279","2022-03-17","SUPPLY AND DELIVERY OF SUSPENSION MATERIALS FOR NP300 4*2 FOR ER 2131 ","2022-03-22","10:00","RQ22020752","adverts/Suspension materials for er2131.pdf","2022-04-12 09:57:44","ER16/2022","2022-03-17","2022-03-22","2022-04-08"
"TD22041314","2022-03-14","SUPPLY AND DELIVERY OF ALUMINIUM DOOR FOR 3RD FLOOR RECEPTION","2022-03-18","10:00","RQ22022239","adverts/1649837301Aluminium door.pdf","2022-04-13 10:08:21","ER4/2022","2022-04-14","2022-03-18","2022-04-08"
"TD22041336","2022-03-14","SUPPLY AND DELIVERY OF ALUMINIUM DOOR FOR 3RD FLOOR RECEPTION","2022-03-18","10:00","RQ22022239","adverts/Aluminium door.pdf","2022-04-13 10:04:23","ER4/2022","2022-04-14","2022-03-18","2022-04-08"
"TD22041910","2022-03-17","SUPPLY AND FIT OF NEW TYRES 245/70R16 FOR ER 2143","2022-03-22","10:00","RQ2201138","adverts/Tyres er2143.pdf","2022-04-19 10:30:45","ER16/2022","2022-03-17","2022-03-22","2022-04-06"
"TD22041919","2022-03-14","SUPPLY AND FIT OF NEW TYRES 205/60R15 FOR ER2163 FOR MUTARE","2022-03-16","10:00","RQ22021832","adverts/Tyres Er2163.pdf","2022-04-19 15:05:51","ER16/2022","2022-03-14","2022-03-16","2022-04-06"
"TD22041998","2022-03-14","SUPPLY AND FIT OF NEW TYRES 750R16 FOR FOTON ER2205 ENVIRONS","2022-03-17","10:00","RQ22021424","adverts/Tyres 2205.pdf","2022-04-19 14:41:01","ER16/2022","2022-03-14","2022-03-17","2022-04-06"
"TD22042020","2022-03-17","SUPPLY AND FIT OF NEW TYRES 245/70R16 FOR ER 2085 FOR MUTARE","2022-03-23","10:00","RQ22021833","adverts/Tryres er2085.pdf","2022-04-20 09:11:09","ER16/2022","2022-03-17","2022-04-22","2022-04-06"
"TD22042027","2022-03-17","SUPPLY AND FIT OF NEW TYRES 215R15 FOR ER2203 MUTARE","2022-03-22","10:00","RQ22011338","adverts/Tyres er 2203.pdf","2022-04-20 09:56:30","ER16/2022","2022-03-17","2022-03-22","2022-04-06"
"TD22042056","2022-03-17","SUPPLY AND FIT OF NEW TYRES 245/70R16 FOR ER 2185 FOR MAINTENANCE","2022-03-22","10:00","RQ2201137","adverts/Tyres 2185.pdf","2022-04-20 08:40:14","ER16/2022","2022-03-17","2022-03-22","2022-04-06"
"TD22042094","2022-03-17","SUPPLY AND FIT OF NEW TYRES 215R15 FOR ER2132 MUTARE","2022-03-22","10:00","RQ22011337","adverts/Tyres ER2132.pdf","2022-04-20 09:38:06","ER16/2022","2022-03-17","2022-03-22","2022-04-06"
"TD22042795","2022-03-17","SUPPLY AND DELIVERY OF SUSPENSION MATERIALS FOR NP300 4*2 FOR ER 2131 ","2022-03-22","10:00","RQ22020752","adverts/1651043414Suspension materials for er2131.pdf","2022-04-27 09:10:16","ER16/2022","2022-03-17","2022-03-22","2022-04-08"
"TD22051118","2022-04-20","SUPPLY AND DELIVERY OF FACE MASKS FOR THE REGION","2022-04-26","10:00","RQ22041349","adverts/face mask 04.pdf","2022-05-11 09:17:46","ER24/2022","2022-04-20","2022-04-26","2022-05-06"
"TD22051129","2022-04-20","SUPPLY AND DELIVERY OF HAND SANITIZERS FOR ER ","2022-04-26","10:00","RQ22041377","adverts/Hand sanitizer 04.pdf","2022-05-11 09:25:59","ER24/2022","2022-04-20","2022-04-26","2022-05-06"
"TD22051187","2022-04-20","SUPPLY AND DELIVERY OF HYDROGEN PEROXIDE FOR ER","2022-04-26","10:00","RQ22041377","adverts/Hydrogen Peroxide.pdf","2022-05-11 09:01:06","ER24/2022","2022-04-20","2022-04-26","2022-05-06"
"TD22051811","2022-05-05","SUPPLY AND FIX OF PERIMETER FENCE FOR ZCDC VR STATION- CIF CHIPINGE-MAKONDO AREA","2022-05-10","10:00","RQ22012646","adverts/Scan0310.pdf","2022-05-18 16:21:05","RQ22012646","2022-05-18","2022-05-10","2022-05-12"
"TD2205191","2022-05-05","SUPPLY AND FIX OF PERIMETER FENCE FOR ZCDC VR STATION- CIF CHIPINGE-MAKONDO AREA","2022-05-19","10:00","RQ22012646","adverts/1652952059Scan0310.pdf","2022-05-19 11:21:01","RQ22012646","2022-05-05","2022-05-19","2022-05-12"
"TD22051958","2022-05-05","SUPPLY AND FIX OF PERIMETER FENCE FOR ZCDC VR STATION- CIF CHIPINGE-MAKONDO AREA","2022-05-10","10:00","RQ22012646","adverts/Scan0322.pdf","2022-05-19 15:04:05","ER7/2022","2022-05-19","2022-05-10","2022-05-12"
"TD22052414","2022-05-05","SUPPLY AND DELIVERY OF 4 IN 1 PRINTER FOR MUTARE - (C.I.F) MUTARE","2022-05-09","10:00","22031865","adverts/records.pdf","2022-05-24 14:47:29","ER62022","2022-05-05","2022-05-09","2022-05-17"
"TD22052455","2022-05-05","SUPPLY AND DELIVERY OF 4 IN 1 PRINTER FOR MUTARE-CIF MUTARE","2022-05-09","10:00","RQ22021635","adverts/creditors.pdf","2022-05-24 12:19:40","ER6/2022","2022-05-05","2022-05-09","2022-05-17"
"TD22052490","2022-05-05","SUPPLY AND DELIVERY OF 4 IN 1 PRINTER FOR MUTARE-CIF MUTARE","2022-05-09","10:00","RQ22031893","adverts/procurement.pdf","2022-05-24 12:03:17","ER6/2022","2022-05-05","2022-05-09","2022-05-17"
"TD22053156","2022-05-09","SUPPLY AND DELIVERY OF NECK TIES & SCARFS FOR 2021 LONG SERVICE AWARDS -  MUTARE","2022-05-12","10:00","RQ21111640","adverts/EVALUATION REPORT SUPPLY  DELIVERY 0F NECK TIES  SCARFS MAY 2022.pdf","2022-05-31 15:25:57","ER24/2022","2022-05-24","2022-05-12","2022-05-24"
"TD22053159","2022-05-09","SUPPLY AND DELIVERY OF NECK TIES & SCARFS FOR 2021 LONG SERVICE AWARDS -  MUTARE","2022-05-12","10:00","RQ21111640","adverts/1654005001EVALUATION REPORT SUPPLY  DELIVERY 0F NECK TIES  SCARFS MAY 2022.pdf","2022-05-31 15:50:02","ER24/2022","2022-05-09","2022-05-12","2022-05-24"
"TD22060177","2022-05-09","SUPPLY AND DELIVERY OF NECK TIES & SCARFS FOR 2021 LONG SERVICE AWARDS -  MUTARE","2022-05-12","10:00","RQ21111640","adverts/1654062002EVALUATION REPORT SUPPLY  DELIVERY 0F NECK TIES  SCARFS MAY 2022.pdf","2022-06-01 07:40:03","ER24/2022","2022-05-09","2022-05-12","2022-05-17"
"TD22060724","2022-05-20","SUPPLY AND DELIVERY OF LARGE 8 BOLTS CLAMP FOR CHIKANGA AND CHIPINGE CB INSTALLATIONS","2022-05-27","10:00","RQ22032451","adverts/Evaluation Report Large 8 bolt clamps 02.06.22.pdf","2022-06-07 08:45:17","ER8/2022","2022-05-20","2022-05-27","2022-06-02"
"TD22060742","2022-05-20","SUPPLY AND DELIVERY OF 200AMP WELDING MACHINE FOR MUTARE GARAGE - (C.I.F.) MUTARE ","2022-05-27","10:00","RQ22042561","adverts/Evaluation Report Welding Machine for Mutare Garage.pdf","2022-06-07 08:29:09","ER20/2022","2022-05-20","2022-05-27","2022-06-02"
"TD22060775","2022-05-20","SUPPLY AND DELIVERY OF 10 TONNE PORTA POWER FOR MUTARE GARAGE - (C.I.F.) MUTARE","2022-05-27","10:00","RQ22042594","adverts/Evaluation Report Porta Power for Mutare Garage.pdf","2022-06-07 08:57:11","ER8/2022","2022-05-20","2022-05-27","2022-06-02"
"TD22060823","2022-05-18","SUPPLY AND DELIVERY OF LAPTOPS CORE I7 FOR MUTARE - CIF MUTARE","2022-05-20","10:00","RQ22021723","adverts/Evaluation Report Laptop Mutare 24.05.22.pdf","2022-06-08 14:45:12","ER6/2022","2022-06-08","2022-05-20","2022-05-26"
"TD22060826","2022-05-18","SUPPLY AND DELIVERY OF 4 IN 1 PRINTER FOR MASVINGO- CIF MASVINGO","2022-05-20","10:00","RQ22020830","adverts/EVALUATION REPORT FOR 4 IN 1 PRINTER FOR MASVINGO  MAY 2022.pdf","2022-06-08 11:34:22","ER6/2022","2022-06-08","2022-05-20","2022-05-26"
"TD22060988","2022-05-09","SUPPLY AND DELIVERY OF SUSPENSION MATERIAL FOR NISSAN NP300 ER2144 FOR MUTARE ENVIRONS","2022-05-12","10:00","RQ22021196","adverts/EVALUATION REPORT FOR SUPPLY  DELIVERY OF SUSPENSION MATERIALS NISSAN NP300  ER2144  MAY 2022.pdf","2022-06-09 12:26:43","ER19/2022","2022-06-09","2022-05-12","2022-06-01"
"TD22060993","2022-05-09","SUPPLY AND DELIVERY OF POLYSTEEL ROPE 20MM FOR MUTARE","2022-05-12","10:00","RQ2201249","adverts/EVALUATION REPORT SUPPLY   DELIVERY OF POLYSTEEL ROPE FOR MUTARE DISTRICT MAY 2022.pdf","2022-06-09 12:12:29","ER8/2022","2022-06-09","2022-05-12","2022-06-01"
"TD22061012","2022-05-17","SUPPLY AND DELIVERY OF SUSPENSION MATERIAL FOR TOYOTA QUANTUM ER2042-(CIF) MUTARE","2022-05-20","10:00","RQ22040387","adverts/Scan0339.pdf","2022-06-10 12:37:30","ER19/2022","2022-06-10","2022-05-17","2022-06-01"
"TD22061064","2022-05-09","SUPPLY AND DELIVERY OF SUSPENSION MATERIAL FOR NISSAN NP300 ER2144 FOR MUTARE ENVIRONS","2022-05-12","10:00","RQ22021196","adverts/1654855951EVALUATION REPORT FOR SUPPLY  DELIVERY OF SUSPENSION MATERIALS NISSAN NP300  ER2144  MAY 2022.pdf","2022-06-10 12:12:31","ER19/2022","2022-06-10","2022-05-12","2022-06-01"
"TD22061470","2022-05-20","GRASS CUTTING AND BUSH CLEARING AT MAINTANANCE DEPOT - (CIF) MUTARE","2022-05-27","10:00","RQ22010625","adverts/Evaluation Report Bush Clearing Maintenance F.pdf","2022-06-14 10:45:23","ER24/2022","2022-05-20","2022-05-27","2022-06-01"
"TD22061753","2022-05-18","SUPPLY AND DELIVERY OF LAPTOPS CORE I7 FOR MUTARE - CIF MUTARE","2022-05-20","10:00","RQ22021723","adverts/1655449084Evaluation Report Laptop Mutare 24.05.22.pdf","2022-06-17 08:58:04","ER6/2022","2022-06-17","2022-05-20","2022-05-26"
"TD22061780","2022-05-18","SUPPLY AND DELIVERY OF 4 IN 1 PRINTER FOR MASVINGO- CIF MASVINGO","2022-05-20","10:00","RQ22020830","adverts/1655451524EVALUATION REPORT FOR 4 IN 1 PRINTER FOR MASVINGO  MAY 2022.pdf","2022-06-17 09:38:44","ER6/2022","2022-06-17","2022-05-20","2022-05-24"
"TD22062731","2022-05-18","SUPPLY AND DELIVERY OF FAULT REPORT BOOKS E86- (CIF) MUTARE","2022-05-24","10:00","RQ2202244","adverts/1656335789Fault report Books.pdf","2022-06-27 15:16:30","ER10/2022","2022-06-27","2022-05-24","2022-06-01"
"TD2206277","2022-05-18","SUPPLY AND DELIVERY OF FAULT REPORT BOOKS E86- (CIF) MUTARE","2022-05-24","10:00","RQ2202244","adverts/Fault report Books.pdf","2022-06-27 15:05:47","ER10/2022","2022-06-24","2022-05-24","2022-06-01"
"TD22062788","2022-05-18","SUPPLY AND DELIVERY OF FAULT REPORT BOOKS E86- (CIF) MUTARE","2022-05-24","10:00","RQ2202244","adverts/1656335148Fault report Books.pdf","2022-06-27 15:05:50","ER10/2022","2022-06-24","2022-05-24","2022-06-01"
"TD22070452","2022-06-20","FABRICATION AND INSTALLATION OF HALF CANOPY, SEATS AND GANTRIES- (CIF) MASVINGO","2022-06-24","10:00","RQ22061636","adverts/1656929812Evaluation Report capony fabrication masvingo depot.pdf","2022-07-04 12:16:52","ER16/2022","2022-07-01","2022-06-24","2022-06-30"
"TD22070494","2022-05-20","CALIBRATION OF 1* 2000LTRS OVERHEAD OF TANKS FOR MASHAVA DEPOT- MASHAVA","2022-05-27","10:00","R22042712","adverts/165692825829 June Proc 28 June calibration of overhead fuel tank mashava adjudication (2) (002).pdf","2022-07-04 11:50:58","ER9/2022","2022-07-01","2022-05-27","2022-06-29"
"TD22070541","2022-06-20","FABRICATION AND INSTALLATION OF HALF CANOPY, SEATS AND GANTRIES- (CIF) MASVINGO","2022-06-24","10:00","RQ22061636","adverts/1657031624Evaluation Report capony fabrication masvingo depot.pdf","2022-07-05 16:33:44","ER16/2022","2022-07-01","2022-06-24","2022-06-30"
"TD22070692","2022-06-20","FABRICATION AND INSTALLATION OF HALF CANOPY, SEATS AND GANTRIES- (CIF) MASVINGO","2022-06-24","10:00","RQ22061636","adverts/1657103430Evaluation Report capony fabrication masvingo depot.pdf","2022-07-06 12:30:30","ER16/2022","2022-07-01","2022-06-24","2022-06-30"
"TD22070719","2022-06-20","FABRICATION AND INSTALLATION OF HALF CANOPY, SEATS AND GANTRIES- (CIF) MASVINGO","2022-06-24","10:00","RQ22061636","adverts/1657182699Evaluation Report capony fabrication masvingo depot.pdf","2022-07-07 10:31:39","ER16/2022","2022-07-04","2022-06-24","2022-06-30"
"TD22070760","2022-06-20","FABRICATION AND INSTALLATION OF HALF CANOPY, SEATS AND GANTRIES- (CIF) MUTARE","2022-06-24","10:00","RQ22061669","adverts/Evaluation Report capony fabrication mutare urban.pdf","2022-07-07 10:36:44","ER16/2022","2022-07-04","2022-06-24","2022-06-30"
"TD22071181","2022-06-20","FABRICATION AND INSTALLATION OF HALF CANOPY, SEATS AND GANTRIES- (CIF) MASVINGO","2022-06-24","10:00","RQ22061636","adverts/1657523290Evaluation Report capony fabrication masvingo depot.pdf","2022-07-11 09:08:10","ER16/2022","2022-07-08","2022-06-24","2022-06-30"
"TD22071199","2022-06-20","FABRICATION AND INSTALLATION OF HALF CANOPY, SEATS AND GANTRIES- (CIF) MUTARE","2022-06-24","10:00","RQ22061669","adverts/1657523520Evaluation Report capony fabrication mutare urban.pdf","2022-07-11 09:12:00","ER16/2022","2022-07-08","2022-06-24","2022-06-30"
"TD22071230","2022-06-20","SUPPLY AND DELIVERY OF NOTE COUNTERS FOR MANICALAND( Kindly find attached evaluation report on tender advert)","2022-06-24","10:00","RQ22061032","adverts/Evaluation Report - Note Counters Manicaland District (Signed).pdf","2022-07-12 11:43:55","ER6/2022","2022-06-20","2022-06-24","2022-07-12"
"TD22071422","2022-06-14","SUPPLY AND DELIVERY OF VISITORS CHAIRS FOR MASVINGO ENVIRONS - (C.I.F) MASVINGO STORES","2022-06-17","10:00","RQ22032285","adverts/24 June Procurement Visitors chairs -X 6 (1).pdf","2022-07-14 15:00:18","ER4/2022","2022-07-14","2022-06-17","2022-06-22"
"TD2207143","2022-06-14","SUPPLY AND DELIVERY OF VISITORS CHAIRS FOR MASVINGO ENVIRONS - (C.I.F) MASVINGO STORES","2022-06-17","10:00","RQ22032216","adverts/24 June Procurement Visitors chairs X20 (1).pdf","2022-07-14 15:21:46","ER4/2022","2022-06-14","2022-06-17","2022-06-22"
"TD22071436","2022-06-14","SUPPLY AND DELIVERY OF SWIVEL CHAIRS FOR MASVINGO ENVIRONS - (C.I.F) MASVINGO STORES","2022-06-17","10:00","R22032389","adverts/24 June Procurement High back swivel chair (1).pdf","2022-07-14 15:13:30","ER4/2022","2022-07-14","2022-06-17","2022-06-22"
"TD22072128","2022-07-07","SUPPLY AND DELIVERY OF FACE MASKS FOR REGIONAL USE - (CIF) MUTARE","2022-07-12","10:00","RQ22060947","adverts/MASKX.pdf","2022-07-21 08:47:19","ER24/2022","2022-07-20","2022-07-12","2022-07-19"
"TD2207213","2022-07-07","SUPPLY AND DELIVERY OF 200MLS HAND SANITISERS FOR REGIONAL USE - (CIF) MUTARE","2022-07-12","10:00","RQ22061534","adverts/sanitiser.pdf","2022-07-21 08:40:23","ER24/2022","2022-07-20","2022-07-12","2022-07-19"
"TD22072841","2022-07-11","SUPPLY AND DELIVERY OF PROJECTOR FOR MUTARE DISTRICT (Kindly find attached evaluation report on tender advert)","2022-07-15","10:00","RQ22030163","adverts/Evaluation Report  for Projector for Mutare PR10226415.pdf","2022-07-28 08:59:55","ER6/2022","2022-07-11","2022-07-15","2022-07-25"
"TD22072875","2022-07-11","SUPPLY AND DELIVERY OF UTP SOLID CABLE FOR MUTARE (305M in a drum) Kindly find attached evaluation report on tender advert)","2022-07-15","10:00","RQ2206144","adverts/UTP solid cable.pdf","2022-07-28 09:14:14","ER6/2022","2022-07-11","2022-07-15","2022-07-25"
"TD22072926","2022-07-12","PAINTING SERVICES AT JOTALI -STAKEHOLDER RELATIONS OFFICE MUTARE","2022-07-15","10:00","RQ22053011","adverts/EVALUATION REPORT PAINTING SERVICES AT JOTALLI i.pdf","2022-07-29 12:23:35","ER7/2022","2022-07-12","2022-07-15","2022-07-27"
"TD22072933","2022-06-14","SUPPLY AND DELIVERY OF THERMALTILL ROLLS FOR MASVINGO","2022-06-17","10:00","RQ22051349","adverts/Thermal_till_rolls1.pdf","2022-07-29 15:54:35","ER24/2022","2022-06-14","2022-06-17","2022-06-24"
"TD2207296","2022-07-18","SUPPLY AND DELIVERY OF LARGE 8 BOLTS CLAMPS FOR CHIKANGA AND CHIPINGE CB INSTALLATIONS","2022-07-20","10:00","RQ22032451","adverts/Evaluation Report Large 8 bolt clamps 28.07.22-signed (1).pdf","2022-07-29 09:31:14","ER8/2022","2022-07-18","2022-07-20","2022-07-28"
"TD22080170","2022-07-21","SUPPLY AND DELIVERY OF SULPHUR HEXAFLUORIDE SF6 GAS FOR MAINTENANCE ","2022-07-26","10:00","RQ2203189","adverts/Evaluation Report SF6 gas PR No 10227554-signed.pdf","2022-08-01 09:18:03","ER20/2022","2022-07-21","2022-07-26","2022-07-28"
"TD22080443","2022-07-12","TRANSPORTATION OF 320 X 9M WOD POLES FROM MUTARE TO RUSAPE( Kindly find attached evaluation report on tender advert)","2022-08-15","10:00","RQ22031870","adverts/Evaluation Report- transportation rusape.pdf","2022-08-04 11:36:19","ER16/2022","2022-07-12","2022-07-15","2022-07-28"
"TD22080470","2022-07-12","TRANSPORTATION OF 320 X 9M WOD POLES FROM MUTARE TO MIDDLE SABI ( Kindly find attached evaluation report on tender advert)","2022-07-15","10:00","RQ22031830","adverts/TRANSPORTATION OF WOOD POLES - MIDDLE SABI -signed.pdf","2022-08-04 11:44:40","ER16/2022","2022-07-12","2022-07-15","2022-08-28"
"TD22080518","2022-07-25","SUPPLY AND DELIVERY OF 4 IN 1 BLACK AND WHITE PRINTERS FOR EASTERN REGION DEPOTS - (CIF) MUTARE","2022-07-27","10:00","RQ22021694","adverts/Evaluation Report 4 in 1 Black and White Printer for Eastern Region Depots PR10225753 02.08.22.pdf","2022-08-05 12:43:50","ER6/2022","2022-08-05","2022-07-27","2022-08-01"
"TD22080532","2022-07-25","SUPPLY AND DELIVERY OF 4 IN 1 BLACK AND WHITE PRINTER FOR EASTERN REGION DEPOTS - (CIF) MUTARE","2022-07-27","10:00","RQ22040530","adverts/Evaluation Report 4 in 1 Black and White Printer for Eastern Region Depots PR10228604 02.08.22.pdf","2022-08-05 12:33:34","ER6/2022","2022-08-05","2022-07-27","2022-08-01"
"TD22080585","2022-07-25","SUPPLY AND DELIVERY OF 4 IN 1 COLOR PRINTER FOR MUTARE DISTRICT- (CIF) MUTARE","2022-07-27","10:00","RQ22061475","adverts/Evaluation Report 4 in 1 Colour Printer for Mutare pr10231856 (1).pdf","2022-08-05 12:15:07","ER6/2022","2022-08-05","2022-07-27","2022-08-01"
"TD22081117","2022-07-18","SUPPLY AND DELIVERY OF TELESCOPIC LINKSTICKS FOR MASVINGO DISTRICT (Kindly find evaluation report on tender advert)","2022-07-20","10:00","RQ21111029","adverts/11 Aug Proc Evaluation report-telescopic link sticks masvingo Final.pdf","2022-08-11 10:57:54","ER8/2022","2022-07-18","2022-07-20","2022-08-03"
"TD22081846","2022-06-20","SUPPLY AND MOUNT OF FUEL PUMP AT RUSAPE DEPOT (Kindly find attached evaluation report on tender advert)","2022-06-24","10:00","RQ22051629","adverts/4. SUPPLY  MOUNT OF FUEL TANK - RUSAPEdocx 15082022-signed.pdf","2022-08-18 12:20:06","ER16/2022","2022-06-20","2022-06-24","2022-07-12"
"TD22081866","2022-06-20","SUPPLY AND MOUNT OF FUEL PUMP (Kindly find attached evaluation report on tender advert)","2022-06-20","10:00","RQ22051632","adverts/2. Evaluation Report fuel tank chipinge 15082022-signed.pdf","2022-08-18 11:42:15","ER16/2022","2022-06-20","2022-07-24","2022-07-12"
"TD22081891","2022-07-20","CALIBRATION OF FUEL TANK AT CHIPINGE DEPOT","2022-06-24","10:00","RQ22042715","adverts/1. CALIBRATION OF FUEL TANK - CHIPINGE 15082022-signed.pdf","2022-08-18 12:31:48","ER16/2022","2022-06-20","2022-06-24","2022-07-11"
"TD22081897","2022-06-20","SUPPLY AND MOUNT OF FUEL PUMP AT NYANGA (Kindly find attached evaluation report on tender advert)","2022-06-24","10:00","RQ22051697","adverts/3. SUPPLY  MOUNT OF FUEL TANK - NYANGA  ORIGdocx 15082022-signed.pdf","2022-08-18 12:13:06","ER16/2022","2022-06-20","2022-06-24","2022-07-11"
"TD22082649","2022-07-22","SUPPLY AND DELIVERY OF 70MM CRIMPING FERRULES FOR MUTARE DISTRICT - (C.I.F) MUTARE","2022-07-29","10:00","RQ22030174","adverts/Evaluation Report 70mm crimping ferrules.pdf","2022-08-26 12:56:35","ER8/2022","2022-08-26","2022-07-29","2022-08-16"
"TD22082934","2022-07-22","SUPPLY AND DELIVERY OF 70MM CRIMPING FERRULES FOR MUTARE DISTRICT - (C.I.F) MUTARE","2022-07-29","10:00","RQ22030174","adverts/1661755359Evaluation Report 70mm crimping ferrules.pdf","2022-08-29 08:42:39","ER8/2022","2022-08-29","2022-07-29","2022-08-16"
"TD22082964","2022-07-26","SUPPLY AND DELIVERY OF 20MM POLYSTEEL ROPE FOR MUTARE DISTRICT - (C.I.F) MUTARE","2022-07-29","10:00","RQ2201249","adverts/Evaluation Report 20mm polysteel rope.pdf","2022-08-29 09:07:46","ER8/2022","2022-08-29","2022-07-29","2022-08-16"
"TD22082976","2022-07-26","SUPPLY AND DELIVERY OF ZETDC FAULT REPORT BOOKS FOR MUTARE DISTRICT - (CIF) MUTARE ","2022-07-29","10:00","RQ22061393","adverts/EVALUATION OF FAULT REPORT BOOKS.pdf","2022-08-29 08:55:34","ER10/2022","2022-08-29","2022-07-29","2022-08-16"
"TD22090835","2022-08-11","SUPPLY AND DELIVERY OF 131A MULTIPACK TONER CARTRIDGE - CIF MUTARE","2022-08-17","10:00","RQ22080448","adverts/CARTRIDGES.pdf","2022-09-08 11:44:40","ER16/2022","2022-09-08","2022-08-17","2022-08-30"
"TD2209084","2022-07-26","SUPPLY AND DELIVERY OF ZETDC PERMIT TO WORK FORM BOOKS FOR MANICALAND DISTRICT - (CIF) MUTARE","2022-07-29","10:00","RQ22071976","adverts/permit to work.pdf","2022-09-08 11:54:34","ER11/2022","2022-09-08","2022-07-29","2022-08-17"
"TD22090893","2022-07-26","SUPPLY AND DELIVERY OF ZETDC CONTROLLERS INSTRUCTION FORM BOOKS FOR MANICALAND DISTRICT - CIF MUTARE","2022-07-29","10:00","RQ22071968","adverts/Controller Instruction.pdf","2022-09-08 12:01:51","ER11/2022","2022-09-08","2022-07-29","2022-08-16"
"TD22091425","2022-08-25","SUPPLY AND DELIVERY OF LAPTOP FOR EASTERN REGION _ (CIF) MUTARE","2022-08-30","10:00","RQ22082517","adverts/Evaluation Report Laptop Energy Tech Masvingo.pdf","2022-09-14 10:34:07","ER16/2022","2022-09-14","2022-08-30","2022-09-07"
"TD22091474","2022-08-25","  SUPPLY AND DELIVERY OF LAPTOP FOR EASTERN REGION - (CIF) MUTARE","2022-08-30","10:00","RQ22082590","adverts/Evaluation Report Laptop Senior Accountant.pdf","2022-09-14 10:24:28","ER16/2022","2022-09-14","2022-08-30","2022-09-07"
"TD22091544","2022-08-23","SUPPLY AND DELIVERY OF ZETDC CONTROLLERS INSTRUCTION FORM BOOK FOR MUTARE DISTRIC]T (Kindly find attached evaluation report on tender advert)","2022-08-26","10:00","RQ22072055","adverts/Evaluation of controllers instruction forms FINAL ms.pdf","2022-09-15 09:19:15","ER11/2022","2022-08-23","2022-08-23","2022-08-26"
"TD22092348","2022-08-23","SUPPLY AND DELIVERY OF STAFF IDS FOR MANICALAND - (CIF) MUTARE","2022-08-26","10:00","RQ22033084","adverts/1663928769SUPPLY  DELIVERY OF MANICALAND STAFF IDS FINAL-signed.pdf","2022-09-23 12:26:09","ER11/2022","2022-09-23","2022-08-26","2022-09-13"
"TD22092369","2022-08-23","SUPPLY AND DELIVERY OF STAFF IDS FOR MASVINGO _ (CIF) MUTARE","2022-08-26","10:00","RQ22033027","adverts/SUPPLY  DELIVERY OF MASVINGO STAFF 79 IDS-signed.pdf","2022-09-23 12:35:09","ER11/2022","2022-09-23","2022-08-26","2022-09-13"
"TD22092373","2022-08-23","SUPPLY AND DELIVERY OF MANICALAND STAFF IDS - (CIF) MUTARE","2022-09-26","10:00","RQ22033084","adverts/SUPPLY  DELIVERY OF MANICALAND STAFF IDS FINAL-signed.pdf","2022-09-23 12:17:49","ER11/2022","2022-09-23","2022-08-26","2022-09-13"
"TD22101477","2022-09-14","SUPPLY AND DELIVERY OF VISITORS CHAIRS FOR MUTARE URBAN - (C.I.F) MUTARE","2022-09-19","10:00","RQ22080128","adverts/EVALUATION REPORT FOR NINE Visitors chairs FINAL.pdf","2022-10-14 15:16:40","ER4/2022","2022-10-14","2022-09-19","2022-10-13"
"TD22101848","2022-08-23","SUPPLY AND FITTING OF INCINERATORS AT MEGAWATT BUILDING - (CIF) MUTARE","2022-08-26","10:00","RQ22061315","adverts/INCINERATOR RQ22061315.pdf","2022-10-18 15:37:29","ER24/2022","2022-08-26","2022-08-26","2022-09-22"
"TD22101965","2022-09-14","SUPPLY AND DELIVERY OF BOARDROOM CHAIRS FOR MUTARE URBAN- (CIF) MUTARE","2022-09-19","10:00","22080153","adverts/RFQ-Boardroom chairs MUTARE URBAN.docx","2022-10-19 16:18:30","ER4/2022","2022-09-14","2022-09-19","2022-10-12"
"TD22101977","2022-09-16","SUPPLY AND DELIVERY OF SWIVEL CHAIRS FOR MANICALAND DISTRICT - (CIF) MUTARE","2022-09-20","10:00","22072655","adverts/EVALUATION REPORT FOR 5 swivel chairs (5) FINAL.pdf","2022-10-19 16:02:15","ER4/2022","2022-09-16","2022-09-20","2022-10-12"
"TD22101988","2022-09-28","SUPPLY AND DELIVERY OF 50MM-100MM COME ALONG CLAMPS FOR ALUMINIUM CONDUCTORS ( Kindly find attached evaluation report on tender advert)","2022-10-04","10:00","RQ22091565","adverts/Evaluation Report 50mm - 100mm Come Along Clamps Nine FINAL 2022.pdf","2022-10-19 15:40:38","ER8/2022","2022-09-28","2022-10-04","2022-10-14"
"TD22102027","2022-09-14","SUPPLY AND DELIVRY OF BOARDROOM TABLES","2022-09-19","10:00","22080153","adverts/12 Seater boardroom tables.pdf","2022-10-20 09:18:38","ER4/2022","2022-09-14","2022-09-19","2022-10-12"
"TD22102039","2022-09-28","SUPPLY AND DELIVERY OF 38FT EXT. ALUMINIUM LINESMAN LADDER","2022-10-04","10:00","22091520","adverts/PR10237106 38Ft LINESMAN LADDER (10).pdf","2022-10-20 11:28:57","ER8/2022","2022-09-28","2022-10-04","2022-10-12"
"TD22102049","2022-09-28","SUPPLY AND DELIVERY OF 50MM-100MM COME ALONG CLAMPS FOR ALUMINIUM CONDUCTORS","2022-10-04","10:00","22091565","adverts/PR10237070 50-100MM COME ALONG (9).pdf","2022-10-20 15:14:09","ER8/2022","2022-09-28","2022-10-04","2022-10-12"
"TD22102051","2022-09-14","SUPPLY AND DELIVERY OF L-SHAPED DESK FOR MUTARE URBAN","2022-09-19","10:00","22080158","adverts/L _Shaped desk.pdf","2022-10-20 09:58:29","ER4/2022","2022-09-14","2022-09-19","2022-10-12"
"TD22102057","2022-10-05","SUPPLY AND DELIVERY OF 4 IN 1 BLACK AND WHITE PRINTER FOR  MASVINGO DISTRICT DEPOTS - (CIF) MUTARE","2022-10-07","10:00","RQ22092292","adverts/Evaluation Report 4 in 1 Printer for Chiredzi Masvingo Garage Gutu Mashava Rutenga.pdf","2022-10-20 15:05:53","ER6/2022","2022-10-05","2022-10-07","2022-10-19"
"TD22102060","2022-09-28","SUPPLY AND DELIVERY OF 50MM-100MM COME ALONG CLAMPS FOR ALUMINIUM CONDUCTORS","2022-10-04","10:00","22091511","adverts/PR10237095 50-100MM COME ALONG (30).pdf","2022-10-20 14:51:07","ER8/2022","2022-09-28","2022-10-04","2022-10-12"
"TD22102071","2022-09-28","SUPPLY AND DELIVERY OF 1,5 TONNE PULLEY","2022-10-04","10:00","22091586","adverts/PR10237080 1.5TON PULLEY (15).pdf","2022-10-20 14:14:04","ER8/2022","2022-09-28","2022-10-04","2022-10-12"
"TD22102075","2022-10-05","SUPPLY AND DELIVERY OF 4 IN 1 BLACK AND WHITE PRINTER FOR  MASVINGO DISTRICT COMMERCIAL SECTION - (CIF) MUTARE","2022-10-07","10:00","RQ22092295","adverts/Evaluation Report 4 in 1 Printer for Masvingo.pdf","2022-10-20 14:50:37","ER6/2022","2022-10-05","2022-10-07","2022-10-19"
"TD22102085","2022-09-28","SUPPLY AND DELIVERY OF 0.75 TONNE PULLEY","2022-10-04","10:00","22091520","adverts/PR10237087 0.75TON PULLEY (15).pdf","2022-10-20 11:48:16","ER8/2022","2022-09-28","2022-10-04","2022-10-12"
"TD22102088","2022-09-28","SUPPLY AND DELIVERY OF 38FT EXT. ALUMINIUM LINESMAN LADDER","2022-10-04","10:00","R2209156","adverts/PR10237067 38Ft LINESMAN LADDER (6).pdf","2022-10-20 14:34:13","ER8/2022","2022-09-28","2022-10-04","2022-10-12"
"TD22102099","2022-09-28","SUPPLY AND DELIVERY OF 1,5 TONNE PULLEY","2022-10-04","10:00","22091549","adverts/PR10237069 1.5TON PULLEY (9).pdf","2022-10-20 12:39:04","ER8/2022","2022-09-28","2022-10-04","2022-10-12"
"TD22102527","2022-09-28","SUPPLY AND DELIVERY OF 50MM - 100MM COME ALONG CLAMPS FOR ALUMINIUM CONDUCTORS - (CIF) MUTARE","2022-10-04","10:00","RQ22091565","adverts/1666702856Evaluation Report 50mm - 100mm Come Along Clamps Nine FINAL 2022.pdf","2022-10-25 15:00:56","ER8/2022","2022-10-25","2022-10-04","2022-10-17"
"TD22102544","2022-09-28","SUPPLY AND DELIVERY OF 50MM-100MM COME ALONG CLAMPS FOR ALUMINIUM CONDUCTORS","2022-10-04","10:00","RQ22091511","adverts/Evaluation Report 50mm - 100mm Come Along Clamps FINAL 2022.pdf","2022-10-25 15:16:37","ER8/2022","2022-10-25","2022-10-04","2022-10-17"
"TD22102554","2022-09-28","SUPPLY AND DELIVERY OF 38FT EXT. ALUMINIUM LINESMAN LADDER - (CIF) MUTARE","2022-10-04","10:00","RQ2209156","adverts/Evaluation Report 38ft ext. aluminium linesman ladder x 6  FINAL 2022.pdf","2022-10-25 15:28:34","ER8/2022","2022-10-25","2022-10-04","2022-10-17"
"TD22102571","2022-09-14","SUPPLY AND DELIVERY OF 59A TONER CARTRIDGE FOR TH REGION-( Kindly find attached evaluation report on tender advert)","2022-09-19","10:00","RQ22091319","adverts/Evaluation Report 59A Black Cartridges ER FINAL.pdf","2022-10-25 15:39:24","ER6/2022","2022-09-14","2022-09-19","2022-10-14"
"TD22102587","2022-09-28","SUPPLY AND DELIVERY OF 38FT EXT. ALUMINIUM LINESMAN LADDER - (CIF) MUTARE","2022-10-04","10:00","RQ22091520","adverts/Evaluation Report 38ft ext. aluminium linesman ladder FINAL 2022.pdf","2022-10-25 14:46:10","ER8/2022","2022-10-25","2022-10-04","2022-10-17"
"TD22110714","2022-10-20","SERVICING OF FIRE EXTINGUISHERS FOR MANICALAND  DISTRICT","2022-10-25","10:00","RQ2209268","adverts/fire manicaland.pdf","2022-11-07 07:49:28","ER24/2022","2022-10-20","2022-10-25","2022-11-02"
"TD22111016","2022-10-05","CALIBRATION OF FUEL TANKS FOR RUTENGA DEPOT","2022-10-07","10:00","RQ2204271","adverts/Calibration Rutenga.pdf","2022-11-10 08:16:37","ER24/2022","2022-10-05","2022-10-07","2022-10-28"
"TD22111070","2022-10-05","CALIBRATION OF FUEL TANKS FOR MASVINGO DEPOT","2022-10-07","10:00","RQ22042762","adverts/Calibration Masvingo.pdf","2022-11-10 08:30:44","ER24/2022","2022-10-05","2022-10-07","2022-10-28"
"TD22112130","2022-10-19","SUPPLY AND DELIVERY OF 10mm FINE RUBBERISED GASKETS - (C.I.F) MUTARE","2022-10-21","10:00","RQ22101147","adverts/10MM GASKETS.pdf","2022-11-21 10:44:27","ER19/2022","2022-10-21","2022-10-19","2022-11-11"
"TD22112134","2022-10-19","SUPPLY AND DELIVERY OF 6MM FINE RUBBERISED GASKETS - (C.I.F) MUTARE","2022-10-21","10:00","RQ22101137","adverts/6MM GASKETS.pdf","2022-11-21 10:52:15","ER19/2022","2022-10-21","2022-10-21","2022-11-11"
"TD22112144","2022-10-18","SUPPLY AND DELIVERY OF BROMACIL GRANULATED WEED KILLER (25KG)","2022-10-21","10:00","RQ22101168","adverts/Bromacil weed killer.pdf","2022-11-21 14:36:50","ER19/2022","2022-10-21","2022-10-21","2022-11-08"
"TD22112177","2022-10-18","SUPPLY AND DELIVERY OF BROMACIL GRANULATED WEED KILLER (25KG)","2022-10-21","10:00","RQ22101168","adverts/1669035282Bromacil weed killer.pdf","2022-11-21 14:54:43","ER19/2022","2022-10-21","2022-10-21","2022-11-08"
"TD22112179","2022-10-19","SUPPLY AND DELIVERY OF 3MM FINE RUBBERISED GASKETS - (C.I.F) MUTARE","2022-10-21","10:00","RQ22101161","adverts/3MM GASKETS.pdf","2022-11-21 11:03:43","ER19/2022","2022-10-21","2022-10-21","2022-11-11"
"TD22112824","2022-10-19","SUPPLY AND DELIVERY OF ZETDC PERMIT TO WORK FORM BOOKS FOR MUTARE DISTRICT - (CIF) MUTARE","2022-10-21","10:00","RQ22072071","adverts/1669630530Permit to work Evaluation signed (1).pdf","2022-11-28 12:15:30","ER24/2022","2022-11-03","2022-10-21","2022-11-03"
"TD22112857","2022-10-25","SUPPLY AND DELIVERY OF FIRST AID KITS FOR MANICALAND DISTRICT","2022-10-28","10:00","RQ22090883","adverts/SIGNED EVALUATION REPORT - FIRST AID KIT CONTENTS.pdf","2022-11-28 14:20:16","ER24/2022","2022-10-25","2022-10-28","2022-12-19"
"TD22112912","2022-11-09","SUPPLY AND DELIVERY OF NEW GEARBOX FOR NISSAN YD25 ER2189 (Kindly find attached evaluation report on a tender advert)","2022-11-11","10:00","RQ2211027","adverts/Evaluation report- gear box.pdf","2022-11-29 14:46:14","ER16/2022","2022-11-09","2022-11-11","2022-11-21"
"TD2211297","2022-10-25","SUPPLY AND ERECT OF FENCE AT CHIMANIMANI FOR JUNIOR STAFF HOUSES(Kindly find attached evaluation report on the tender advert)","2022-10-28","10:00","RQ22072780","adverts/Evaluation report-fencing for chimanimani.pdf","2022-11-29 13:42:09","ER7/2022","2022-10-25","2022-10-28","2022-11-21"
"TD22113067","2022-10-25","SUPPLY AND DELIVERY OF 10 OFFICE DESKS FOR MANICALAND DISTRICT (Kindly find attached evaluation report on tender advert )","2022-10-28","10:00","RQ2103970","adverts/evalution report-0fice desks manicaland.pdf","2022-11-30 10:03:40","ER4/2022","2022-10-25","2022-10-28","2022-11-21"
"TD22113094","2022-10-25","SUPPLY AND DELIVERY OF 31 VISITORS' CHIRA FOR MANICALAND DISTRICT(Kindly find attached evaluation report on tender advert)","2022-10-28","10:00","RQ22091691","adverts/1669793182evaluation report-visitors chairs manicaland.pdf","2022-11-30 09:26:22","ER4/2022","2022-10-25","2022-10-28","2022-11-21"
"TD22120566","2022-10-25","SUPPLY AND DELIVERY OF LEATHER PADDED SAFETY BELTS FOR NETWORK DEVELOPMENT( Kindly find attached evaluation report on tender advert)","2022-10-28","10:00","RQ22091518","adverts/Evaluation Report Leather Padded Safety Belts NDE FINAL_.pdf","2022-12-05 14:29:50","ER8/2022","2022-10-25","2022-10-28","2022-11-18"
"TD22121439","2022-11-01","SUPPLY AND DELIVERY OF TONER CARTRIDGE FOR HP OFFICEJET PRO X476W PRINTER - (C.I.F MUTARE)","2022-11-04","10:00","RQ22102037","adverts/1671000395Evaluation Report 971 Multipack Cartridges Regional FINAL (1).pdf","2022-12-14 08:46:37","ER24/2022","2022-11-22","2022-11-04","2022-11-22"
"TD22121459","2022-11-01","SUPPLY AND DELIVERY OF BLACK TONER CARTRIDGES (HP80A) FOR EASTERN REGION","2022-11-04","10:00","RQ22102037","adverts/Evaluation Report 80A Black Cartridges Regional FINAL (1).pdf","2022-12-14 08:55:09","ER24/2022","2022-11-22","2022-11-04","2022-12-22"
"TD2212148","2022-11-01","SUPPLY AND DELIVERY OF BLACK TONER CARTRIDGES (HP106A) FOR EASTERN REGION","2022-11-04","10:00","RQ22102068","adverts/Evaluation Report 106A Black Cartridges Regional final (1).pdf","2022-12-14 09:00:36","ER24/2022","2022-11-22","2022-11-04","2022-11-22"
"TD22121913","2022-12-02","BOREHOLE SITING, DRILLING, EQUIPMENT AND CASING FOR NYANGA DEPOT","2022-12-06","10:00","RQ22112518","adverts/1671445617Evaluation Report Borehole drilling- Nyanga FINAL-signed1.pdf","2022-12-19 12:26:57","ER7/2022","2022-12-13","2022-12-06","2022-12-13"
"TD22121929","2022-12-02","BOREHOLE SITING, DRILLING, EQUIPMENT AND CASING FOR NYANGA DEPOT","2022-12-06","10:00","rq22112518","adverts/1671446498Evaluation Report Borehole drilling- Nyanga FINAL-signed1.pdf","2022-12-19 12:41:38","ER7/2022","2022-12-19","2022-12-06","2022-12-13"
"TD22122133","2022-11-24","SUPPLY AND DELIVERY OF ACID PROOF WORKSUITS WITH ZETDC LOGO (Kindly find attached evaluation report on tender advert)","2022-11-29","10:00","RQ22111742","adverts/Evaluation Report Acid proof work suit FINAL-signed.pdf","2022-12-21 10:39:27","ER15/2022","2022-11-24","2022-11-29","2022-12-16"
"TD23010480","2022-11-23","SUPPLY AND DELIVERY OF FACE MASKS - (CIF) MUTARE","2022-11-29","10:00","RQ22110958","adverts/Evaluation Report Face masks FINAL1.pdf","2023-01-04 15:10:52","ER21/2022","2022-10-21","2022-11-29","2022-12-21"
"TD23010484","2022-11-23","SUPPLY AND DELIVERY OF FACE MASKS - (CIF) MUTARE","2022-11-29","10:00","RQ22110958","adverts/1672839040Evaluation Report Face masks FINAL1.pdf","2023-01-04 15:30:40","ER21/2022","2022-12-21","2022-11-29","2022-12-21"
"TD23010935","2022-12-01","SUPPLY AND FITTING OF OFFICE BLINDS FOR SENIOR ACCOUNTANT - (CIF) MUTARE","2022-12-06","10:00","RQ22022241","adverts/Evaluation Report Blinds.pdf","2023-01-09 14:31:04","ER24/2022","2022-12-01","2022-12-06","2023-01-05"
"TD23011020","2022-12-09","SUPPLY AND DELIVERY OF FEMALE CONTACT TIPS FOR 11KV SWITCHING GEAR - (CIF) MUTARE","2022-12-13","10:00","RQ22120861","adverts/Evaluation Report Female Contacts for 11kV Switchgear (CIF) Mutare Stores FINALE-signed.pdf","2023-01-10 13:18:43","ER23/2022","2022-12-09","2022-12-13","2023-01-05"
"TD23011033","2022-12-09","SUPPLY AND DELIVERY OF MALE CONTACT TIPS FOR 11KV SWITCHING GEAR - (CIF) MUTARE","2022-12-13","10:00","RQ22120861","adverts/Evaluation Report Male Contacts for 11kV Switchgear (CIF) Mutare Stores FINAL-signed.pdf","2023-01-10 12:28:18","ER23/2022","2022-12-09","2022-12-13","2023-01-05"
"TD23011059","2022-12-07","SUPPLY AND DELIVERY OF BROMACIL GRANULATED WEED KILLER (100KG)","2022-12-09","10:00","22101143","adverts/Evaluation Report Bromacil granulated Weed Killer for Maintenance (CIF) Mutare 03 12 23-signed.pdf","2023-01-10 16:18:59","ER24/2022","2022-12-07","2022-12-09","2023-01-05"
"TD23011089","2022-12-07","SUPPLY AND DELIVERY OF BROMACIL GRANULATED WEED KILLER (100KG)","2022-12-09","10:00","RQ22101143","adverts/1673360845Evaluation Report Bromacil granulated Weed Killer for Maintenance (CIF) Mutare 03 12 23-signed.pdf","2023-01-10 16:27:25","ER24/2022","2022-12-07","2022-12-09","2023-01-05"
"TD23011866","2022-12-05","SUPPLY AND DELIVERY OF LIMITATION OF ACCESS BOOKS FOR MANICALAND DISTRICT - (CIF) MUTARE","2022-12-07","10:00","RQ22102718","adverts/Limitation of access Manicaland.pdf","2023-01-18 08:31:52","ER24/2022","2023-01-06","2022-12-07","2023-01-06"
"TD23011877","2022-12-05","SUPPLY AND DELIVERY OF PRE TASK RISK ASSESSMENT BOOKS FOR MANICALAND DISTRICT - (CIF) MUTARE","2022-12-07","10:00","RQ22110741","adverts/Pre Task Manicaland.pdf","2023-01-18 08:39:02","ER24/2022","2023-01-06","2022-12-07","2023-01-06"
"TD23011913","2023-01-06","SUPPLY AND DELIVERY OF LIGHTNING ARRESTORS FOR MUTARE DISTRICT- (CIF) MUTARE","2023-01-10","10:00","PR10242536","adverts/lightning arrestors mutare.pdf","2023-01-19 15:08:02","ER20/2023","2023-01-19","2023-01-10","2023-01-16"
"TD23011923","2023-01-06","SUPPLY AND DELIVERY OF LIGHTNING ARRESTORS FOR MASVINGO DISTRICT- (CIF) MASVINGO","2023-01-10","10:00","PR10242538","adverts/lightning arrestors masvingo.pdf","2023-01-19 14:10:12","ER20/2023","2023-01-19","2023-01-10","2023-01-16"
"TD23011991","2023-01-06","SUPPLY AND DELIVERY OF LIGHTNING ARRESTORS FOR MASVINGO DISTRICT- (CIF) MASVINGO","2023-01-10","10:00","PR10242538","adverts/1674131744lightning arrestors masvingo.pdf","2023-01-19 14:35:44","ER20/2023","2023-01-19","2023-01-10","2023-01-16"
"TD23011992","2023-01-06","SUPPLY AND DELIVERY OF LIGHTNING ARRESTORS FOR MANICALAND DISTRICT- (CIF) MUTARE","2023-01-10","10:00","PR10242537","adverts/lightning arrestors manicaland.pdf","2023-01-19 14:49:05","ER20/2023","2023-01-19","2023-01-10","2023-01-16"
"TD23012025","2023-01-06","SUPPLY AND DELIVERY OF LIGHTNING ARRESTORS FOR MASVINGO DISTRICT- (CIF) MASVINGO","2023-01-10","10:00","PR10242538","adverts/Evaluation Lightning arrestors Masvingo (1).pdf","2023-01-20 15:32:13","ER20/2023","2023-01-20","2023-01-10","2023-01-16"
"TD23012026","2023-01-06","SUPPLY AND DELIVERY OF LIGHTNING ARRESTORS FOR MUTARE DISTRICT- (CIF) MUTARE","2023-01-10","10:00","PR10242536","adverts/Lightning arrestors Mutare (1).pdf","2023-01-20 15:10:08","ER20/2023","2023-01-19","2023-01-10","2023-01-16"
"TD23012062","2023-01-06","SUPPLY AND DELIVERY OF LIGHTNING ARRESTORS FOR MANICALAND DISTRICT- (CIF) MUTARE","2023-01-10","10:00","PR10242537","adverts/Evaluation Lightning arrestors Manicaland (1).pdf","2023-01-20 15:23:42","ER20/2023","2023-01-19","2023-01-10","2023-01-16"
"TD2301209","2023-01-06","SUPPLY AND DELIVERY OF LIGHTNING ARRESTORS FOR MUTARE DISTRICT- (CIF) MUTARE","2023-01-10","10:00","PR10242536","adverts/1674219326lightning arrestors mutare.pdf","2023-01-20 14:55:26","ER20/2023","2023-01-19","2023-01-10","2023-01-16"
"TD23012414","2022-06-12","SUPPLY AND DELIVERY OF TOOLS AND EQUIPMENTS ( LINE MATERIALS ) (CIF) MUTARE","2022-12-12","10:00","22112975","adverts/1674556000pole cap bids.pdf","2023-01-24 12:26:41","ER8/2023","2022-06-12","2022-12-12","2023-12-01"
"TD23012416","2022-07-12","SUPPLY AND DELIVERY OF TOOLS AND EQUIPMENTS (CIF) MUTARE","2022-12-12","10:00","22112965","adverts/bolts bids.pdf","2023-01-24 14:34:58","ER8/2023","2022-07-12","2022-12-12","2023-01-13"
"TD23012427","2022-07-12","SUPPLY AND DELIVERY OF STAY WIRE (CIF) MUTARE","2022-12-12","10:00","22112932","adverts/Staywire bids.pdf","2023-01-24 09:03:22","ER8/2023","2022-07-12","2022-12-12","2023-12-01"
"TD23012442","2022-07-12","SUPPLY AND DELIVERY OF TOOLS AND EQUIPMENTS (CIF) MUTARE","2022-12-12","10:00","22112965","adverts/1674569436bolts bids.pdf","2023-01-24 16:10:36","ER8/2023","2022-07-12","2022-12-12","2023-12-01"
"TD2301247","2022-06-12","SUPPLY AND DELIVERY OF TOOLS AND EQUIPMENTS ( LINE MATERIALS ) (CIF) MUTARE","2022-12-12","10:00","22112975","adverts/1674547977pole cap bids.pdf","2023-01-24 10:12:58","ER8/2023","2022-06-12","2022-12-12","2023-12-01"
"TD23012473","2022-07-12","SUPPLY AND DELIVERY OF STAY WIRE (CIF) MUTARE","2022-12-12","10:00","22112932","adverts/1674543920Staywire bids.pdf","2023-01-24 09:05:20","ER8/2023","2022-07-12","2022-12-12","2023-12-01"
"TD23012547","2022-12-07","SUPPLY AND DELIVERY OF STAY WIRE (CIF) MUTARE","2022-12-12","10:00","22112965","adverts/1674630163bolts bids.pdf","2023-01-25 09:02:44","ER8/2023","2022-12-07","2022-12-12","2023-01-13"
"TD23012584","2022-12-07","SUPPLY AND DELIVERY OF TOOLS AND EQUIPMENTS (CIF) MUTARE","2022-12-07","10:00","22112965","adverts/1674628495bolts bids.pdf","2023-01-25 08:34:56","ER8/2023","2022-07-12","2022-12-12","2023-01-13"
"TD23013148","2022-12-07","SUPPLY AND DELIVERY OF TOOLS AND EQUIPMENTS (LINE MATERIALS) MUTARE","2022-12-12","10:00","22112986","adverts/END OF DECEMBER REPORT.xlsx","2023-01-31 08:37:13","ER8/2023","2022-12-07","2022-12-12","2023-01-13"
"TD23020647","2022-12-07","SUPPLY AND DELIVERY OF TOOLS AND EQUIPMENTS ( LINE MATERIALS ) (CIF) MUTARE","2022-12-12","10:00","2211297-","adverts/stay rods & etc quotations_20230206130635.pdf","2023-02-06 15:20:47","ER8/2023","2022-12-07","2022-12-12","2023-01-13"
"TD2303061","2023-02-24","SUPPLY FOR SULPHUR HEXAFLUORIDE (SF6) GAS 90KG","2023-02-28","10:00","23012517","adverts/Evaluation Report SF6 GAS 2023-signed.pdf","2023-03-06 15:12:07","ER19/2023","2023-02-24","2023-02-28","2023-03-03"
"TD23030630","2023-02-24","SUPPLY AND DELIVERY OF BROMACIL GRANULATED WEED KILLER FOR MUTARE DISTRICT ","2023-02-28","10:00","23012030","adverts/1678109376Evaluation Report Bromacil Weed Killer 2023-signed (00000002).pdf","2023-03-06 15:29:37","ER19/2023","2023-02-24","2023-02-28","2023-03-03"
"TD23030640","2023-02-24","SUPPLY AND DELIVERY OF BROMACIL GRANULATED WEED KILLER FOR MUTARE DISTRICT ","2023-02-28","10:00","23012030","adverts/Evaluation Report Bromacil Weed Killer 2023-signed (00000002).pdf","2023-03-06 15:28:45","ER19/2023","2023-02-24","2023-02-28","2023-03-03"
"TD23030666","2023-02-24","SUPPLY AND DELIVERY OF BROMACIL GRANULATED WEED KILLER FOR MUTARE DISTRICT ","2023-02-28","10:00","23012030","adverts/1678110103Evaluation Report Bromacil Weed Killer 2023-signed (00000002).pdf","2023-03-06 15:41:43","ER19/2023","2023-02-24","2023-02-28","2023-03-03"
"TD23030712","2023-02-24","SUPPLY AND DELIVERY OF BROMACIL GRANULATED WEED KILLER FOR MUTARE DISTRICT - (CIF) MUTARE","2023-02-28","10:00","23012030","adverts/1678185715Evaluation Report Bromacil Weed Killer 2023-signed (00000002).pdf","2023-03-07 12:41:55","ER19/2023","2023-02-24","2023-02-28","2023-03-03"
"TD23030717","2023-02-24","SUPPLY AND DELIVERY OF SULPHUR HEXAFLOURIDE (SF6) GAS MUTARE DISTRICT - (CIF) MUTARE","2023-02-28","10:00","23012517","adverts/1678184920Evaluation Report SF6 GAS 2023-signed.pdf","2023-03-07 12:28:41","ER19/2023","2023-02-24","2023-02-28","2023-03-03"
"TD2303082","2023-02-24","SUPPLY AND DELIVERY OF BROMACIL GRANULATED WEED KILLER FOR MUTARE DISTRICT - (CIF) MUTARE","2023-02-28","10:00","23012030","adverts/1678260248Evaluation Report Bromacil Weed Killer 2023-signed (00000002).pdf","2023-03-08 09:24:09","ER19/2023","2023-02-24","2023-02-28","2023-03-03"
"TD23030872","2023-02-24","SUPPLY AND DELIVERY OF BROMACIL GRANULATED WEED KILLER FOR MUTARE DISTRICT - (CIF) MUTARE","2023-02-28","10:00","23012030","adverts/1678260451Evaluation Report Bromacil Weed Killer 2023-signed (00000002).pdf","2023-03-08 09:27:32","ER19/2023","2023-02-24","2023-02-28","2023-03-03"
"TD23030873","2023-02-24","SUPPLY AND DELIVERY OF BROMACIL GRANULATED WEED KILLER FOR MUTARE DISTRICT - (CIF) MUTARE","2023-02-28","10:00","23012030","adverts/1678273166Evaluation Report Bromacil Weed Killer 2023-signed (00000002).pdf","2023-03-08 12:59:26","ER19/2023","2023-02-24","2023-02-28","2023-03-03"
"TD23030891","2023-02-24","SUPPLY AND DELIVERY OF BROMACIL GRANULATED WEED KILLER FOR MUTARE DISTRICT - (CIF) MUTARE","2023-02-28","10:00","23012030","adverts/1678260426Evaluation Report Bromacil Weed Killer 2023-signed (00000002).pdf","2023-03-08 09:27:06","ER19/2023","2023-02-24","2023-02-28","2023-03-03"
"TD23030912","2023-02-17","CALIBRATION OF UNDERGROUND TANKS FOR MANICALAND - (CIF) MIDDLE SABI","2023-03-22","10:00","23012567","adverts/Appointment of Evaluation Committee - Underground Fuel Tank Calibration (Middle Sabi).pdf","2023-03-09 09:15:23","ER7/2023","2023-03-17","2023-02-22","2023-03-08"
"TD23030939","2023-02-17","CALIBRATION OF UNDERGROUND TANKS FOR MANICALAND - (CIF) NYANGA","2023-02-22","10:00","23012549","adverts/1678345244EVALUATION-NYANGA DEPOT CALIBRATION.docx","2023-03-09 09:00:44","ER7/2023","2023-02-17","2023-02-22","2023-03-08"
"TD23030946","2023-02-17","CALIBRATION OF UNDERGROUND TANKS FOR MANICALAND - (CIF) NYANGA","2023-02-22","10:00","23012549","adverts/EVALUATION-NYANGA DEPOT CALIBRATION.docx","2023-03-09 08:28:35","ER19/2023","2023-02-17","2023-02-22","2023-03-08"
"TD23030954","2023-02-17","CALIBRATION OF UNDERGROUND TANKS FOR MANICALAND - (CIF) CHIMANIMANI","2023-02-22","10:00","23012549","adverts/Appointment of Evaluation Committee - Underground Fuel Tank Calibration (Chimanimani).pdf","2023-03-09 09:09:59","ER7/2023","2023-02-17","2023-02-22","2023-03-08"
"TD23031043","2023-01-17","CALIBRATION OF FUEL TANK AT RUSAPE DEPOT","2023-03-22","10:00","RQ23012527","adverts/Evaluation report- calibration Rusape FINAL.pdf","2023-03-10 11:29:35","ER7/2023","2023-02-17","2023-02-22","2023-03-07"
"TD23031310","2023-02-28","SUPPLY AND DELIVERY OF LAPTOPS FOR EASTERN REGION - (CIF) MUTARE","2023-03-02","10:00","10245360","adverts/EVALUATION-3 laptops 2023 EDITED signed (1).pdf","2023-03-13 09:57:40","ER6/2023","2023-02-28","2023-03-02","2023-03-08"
"TD2303138","2023-02-28","SUPPLY AND DELIVERY OF LAPTOPS FOR EATERN REGION - (CIF) MUTARE","2023-03-02","10:00","10245360","adverts/1678698718EVALUATION-3 laptops 2023 EDITED signed (1).pdf","2023-03-13 11:11:58","ER6/2023","2023-02-28","2023-03-02","2023-03-08"
"TD23031450","2023-03-12","SUPPLY AND DELIVERY OF ZETDC PERMIT TO WORK FORM BOOKS FOR MUTARE DISTRICT - (CIF) MUTARE","2023-03-14","10:00","PR10242536","adverts/Xerox Scan_13032023121303.PDF","2023-03-14 08:42:05","ER7/2022","2023-03-12","2023-03-14","2023-03-14"
"TD23032350","2023-02-17","CALIBRATION OF FUEL TANKS FOR MASVINGO DISTRICT","2023-02-22","10:00","23012559","adverts/EVALUATION-GUTU DEPOT CALIBRATION  signed (1).pdf","2023-03-23 09:49:21","ER9/2023","2023-02-17","2023-02-22","2023-03-03"
"TD23032859","2023-02-17","CALIBRATION OF FUEL TANKS FOR MASVINGO DISTRICT","2023-02-22","10:00","23012559","adverts/EVALUATION-GUTU DEPOT CALIBRATION  signed (1) (2).pdf","2023-03-28 10:22:10","ER7/2023","2023-02-17","2023-02-22","2023-03-03"
"TD23050416","2023-03-30","SUPPLY AND DELIVERY OF ZETDC PERMIT TO WORK FORM BOOKS FOR MUTARE DISTRICT - (CIF) MUTARE","2023-04-03","10:00","RQ23012382","adverts/Evaluation Report Permit to work Mutare DISTRICT FINAL (1) signed (1).pdf","2023-05-04 09:15:22","ER24/2023","2023-05-04","2023-04-03","2023-04-26"
"TD23050418","2023-03-30","SUPPLY AND DELIVERY OF ZETDC LIMITATION OF ACCESS BOOKS FOR MUTARE DISTRICT - (CIF) MUTARE","2023-04-03","10:00","RQ23012311","adverts/Evaluation Report Limitation of Access books Mutare DISTRICT FINAL signed (1).pdf","2023-05-04 09:33:00","ER24/2022","2023-05-04","2023-04-03","2023-04-26"
"TD23050425","2023-03-30","SUPPLY AND DELIVERY OF PRE TASK RISK ASSESSMENT BOOKS FOR MUTARE DISTRICT - (CIF) MUTARE","2023-04-04","10:00","RQ23012374","adverts/Evaluation Report Pre Task Mutare DISTRICT FINAL signed (1).pdf","2023-05-04 09:08:49","ER24/2023","2023-05-04","2023-04-04","2023-04-26"
"TD23050470","2023-03-30","SUPPLY AND DELIVERY OF ZETDC CONTROLLERS INSTRUCTION FORM BOOKS FOR MUTARE DISTRICT - (CIF) MUTARE","2023-04-03","10:00","RQ23012316","adverts/Evaluation Report Controllers Instruction Mutare DISTRICT FINAL (1) signed (1).pdf","2023-05-04 09:23:42","ER24/2023","2023-05-04","2023-04-03","2023-04-26"
"TD23051762","2023-02-28","SUPPLY AND DELIVERY OF LINESMAN LADDERS FOR EASTERN REGION - (CIF) MUTARE","2023-03-02","10:00","PR102434","adverts/EVALUATION-ALUMINIUM LINESMAN LADDERS FINAL signed (1).pdf","2023-05-17 11:13:54","ER8/2023","2023-05-17","2023-03-02","2023-05-11"
"TD23063096","2023-06-05","PURCHASE OF BRANDED T-SHIRTS AND STATIONERY FOR EDUCATIONAL AWARENESS CAMPAIGN - (CIF) MUTARE","2023-06-07","10:00","RQ23050321","adverts/EVALUATION REPORT - PROMO T-SHIRTS final (1).pdf","2023-06-30 09:03:41","ER24/2023","2023-06-30","2023-06-07","2023-06-26"
"TD23090877","2023-07-20","SUUPLY AND FIX OF OFFICE BLINDS AT ZETDC MEGAWATT MUTARE","2023-07-21","10:00","23062880","adverts/1694156457Blinds.pdf","2023-09-08 09:00:57","ER19/2023","2023-07-20","2023-07-21","2023-07-24"
"TD23092812","2023-08-17","SUPPLY AND DELVERY OF THERMAL TILL ROLLS FOR EASTERN REGION MUTARE","2023-08-22","10:00","23080374","adverts/Till rolls 750 MUTARE.pdf","2023-09-28 11:32:05","ER10/2023","2023-08-17","2023-08-22","2023-08-24"
"TD23092854","2023-08-17","supply and delivery of till rolls for Eastern Region (C.I.F) Masvingo","2023-08-22","10:00","23070522","adverts/COMPARATIVE SCHEDULE- THERMAL TILL ROLLS MASVINGO FINAL..._.pdf","2023-09-28 11:47:59","ER10/2023","2023-08-17","2023-08-22","2023-08-24"
"TD23092898","2023-07-20","SUPPLY AND FITTING PF OFFICE BLINDS FOR MANICALAND DM'S OFFICE - (C.I.F) MEGAWATT BUILDING MUTARE.","2023-07-21","14:00","23062880","adverts/1695892140Blinds.pdf","2023-09-28 11:09:00","ER4/2023","2023-07-20","2023-07-21","2023-07-24"
"TD23101382","2023-09-25","SUPPLY AND DELIVERY OF SULPHUR HEXAFLOURIDE (SF6) GAS FOR EASTERN REGION - (CIF) MUTARE","2023-09-28","10:00","RQ23090567","adverts/EVALUATION REPORT SF6 GAS OCTOBER  2023 (2)-signed.pdf","2023-10-13 12:39:41","ER20/2023","2023-10-13","2023-09-28","2023-10-09"
"TD2310312","2023-09-25","SUPPLY AND DELIVERY OF TRANSFORMER OIL FOR TRANSFORMERS AND SWITCHING GEAR - (CIF) MUTARE","2023-09-28","10:00","RQ2309151","adverts/EVALUATION SCHEDULE- TRANSFORMER OIL-signed.pdf","2023-10-31 08:33:30","ER20/2023","2023-10-31","2023-09-28","2023-10-25"
"TD23110956","2023-10-24","supply and fitting of office roller blinds","2023-10-26","10:00","23100372","adverts/COMPARATIVE FOR ROLLER BLINDS.pdf","2023-11-09 09:04:55","ER19/2023","2023-10-24","2023-10-26","2023-11-07"
"TD23111323","2023-10-25","SUPPLY AND FITTING OF INDUSTRIAL ROLLER SHUTTERS FOR MEGAWATT BASEMENT DOORS - (CIF) MUTARE MEGAWATTBUILDING","2023-10-30","10:00","RQ23102065","adverts/EVALUATION SCHEDULE- ROLLER SHUTTERS final (3).pdf","2023-11-13 10:10:52","ER19/2023","2023-11-13","2023-10-30","2023-11-10"
"TD23113066","2023-09-13","HOUSE RENOVATIONS AT NUMBER 128 NYAKAMA CRESCENT NYANGA (FIX AND SUPPLY)","2023-09-20","10:00","RQ23021034","adverts/Evaluation house renovation Nyanga.pdf","2023-11-30 10:42:29","ER19/2023","2023-11-30","2023-09-21","2023-11-15"
"TD23113072","2023-09-13","CEILING REPAIRS FOR RUSAPE DEPOT AND STORES OFFICE (FIX AND SUPPLY)","2023-09-20","10:00","RQ23020793","adverts/Evaluation Ceiling Rusape.pdf","2023-11-30 10:29:05","ER19/2023","2023-11-30","2023-09-20","2023-11-15"
"TD23113096","2023-11-09","SUPPLY AND FITTING OF ROLLER BLINDS FOR MUTARE DISTRICT MANAGER & DISTRICT MANAGER' SECRETARY OFFICE","2023-11-14","10:00","RQ23110692","adverts/Blinds DM Mutare.pdf","2023-11-30 10:53:43","ER24/2023","2023-11-30","2023-11-14","2023-11-24"
"TD24041946","2024-01-30","Supply and delivery of acid proof worksuits for Maintanance staff","2024-01-31","14:00","24012934","adverts/1713520932Acid proof worksuits evaluation report.pdf","2024-04-19 12:02:12","ER24/2024","2024-01-30","2024-01-31","2024-03-01"
"TD24041956","2024-04-09","SUPPLY AND DELIVERY OF PROMOTIONAL MATERIALS (NAVY BLUE FLOPPY HATS) FOR MURAMBINDA INDEPENDENCE CELEBRATION EXHIBITIONS","2024-04-12","10:00","24040897","adverts/floppy hats RFQ, comparative schedule & order.pdf","2024-04-19 08:34:01","ER14/2024","2024-04-09","2024-04-12","2024-04-15"
"TD24042217","2024-01-16","FUMIGATION SERVICES AT MEGAWATT BUILDING","2024-01-22","10:00","24011597","adverts/1713776549fumigation evaluation report, site visit register & RFQ.pdf","2024-04-22 11:02:29","ER24/2024","2024-01-16","2024-01-22","2024-02-02"
"TD2404227","2023-12-15","LEVELLING AND PAINTING OF PAVERS AT MEGAWATT BUILDING - MUTARE","2023-12-20","10:00","23112360","adverts/Pavers evaluation report,order Rfq & site visit register.pdf","2024-04-22 10:14:20","ER7/2024","2023-12-15","2023-12-20","2024-03-06"
