"id","document_id","item_id","item","required_qty","unit_of_measurement","rfq_no"
"69","TD21111792","Item211117604","CABLE 120MM2 4C CU PVC/SWA","40","metres","10219987"
"71","TD21111884","Item211118468","DEGREASER ","560","litres","10214996"
"72","TD21113018","Item211130867","Removal of 200mm top soil at stores","1","each","10219417"
"73","TD21120865","Item211208555","HP 55A","50","each","10220530"
"74","TD21120865","Item211208663","HP 05A","50","each","10220530"
"75","TD21120999","Item211209395","205 R 16 TUBLESS TYRES","40","each","10212229"
"76","TD21120999","Item211209394","TUBELESS VALVE 413","40","each","10212229"
"77","TD21120979","Item211209789","CABLE","15","metres","10215905"
"78","TD21120944","Item211209432","CABLE","50","metres","10221809"
"79","TD21120971","Item211209168","CABLE","15","metres","10221805"
"80","TD21120977","Item211209527","CABLE","500","metres","10221370"
"81","TD21120923","Item211209542","CABLE","15","metres","10215905"
"82","TD21120994","Item211209392","CCTV UPGARDE","1","each","10212379"
"83","TD21120917","Item211209216","205 R 16 TUBLESS TYRES","40","each","10212229"
"84","TD21120917","Item211209650","TUBELESS VALVE 413","40","each","10212229"
"85","TD21120948","Item211209769","VINYL PRINTS","50","each","10221040"
"86","TD21120984","Item211209644","NISSAN NP300 HEAD LAMP","10","each","10221729"
"87","TD21120947","Item211209957","Test Rank","12","each","23234565"
"88","TD21120947","Item211209314","Test Rank2","3","each","23234565"
"89","TD2112137","Item21121311","Rear Brake Shoe Assy","2","each","10216732"
"90","TD2112137","Item211213112","Wheel Bearings kit","2","each","10216732"
"91","TD2112137","Item211213356","Upper Control Arms","2","each","10216732"
"92","TD2112137","Item211213296","Rear Wheel Cylinders","2","each","10216732"
"93","TD2112137","Item211213922","Brake Discs","2","each","10216732"
"94","TD2112137","Item211213669","Wheel Hubs","2","each","10216732"
"95","TD2112137","Item211213429","Brake  Calipers","2","each","10216732"
"96","TD2112137","Item211213385","Starter Motor","1","each","10216732"
"97","TD21121368","Item211213668","Rear Brake Shoe Assy","2","each","10216732"
"98","TD21121368","Item211213427","Wheel Bearings kit","2","each","10216732"
"99","TD21121368","Item211213108","Upper Control Arms","2","each","10216732"
"100","TD21121368","Item211213555","Rear Wheel Cylinders","2","each","10216732"
"101","TD21121368","Item211213913","Brake Discs","2","each","10216732"
"102","TD21121368","Item211213799","Wheel Hubs","2","each","10216732"
"103","TD21121368","Item211213198","Brake  Calipers","2","each","10216732"
"104","TD21121368","Item21121378","Starter Motor","1","each","10216732"
"105","TD21121449","Item211214713","Rear Brake Shoe Assy","2","each","10216732"
"106","TD21121449","Item211214372","Wheel Bearings kit","2","each","10216732"
"107","TD21121449","Item211214453","Upper Control Arms","2","each","10216732"
"108","TD21121449","Item211214408","Rear Wheel Cylinders","2","each","10216732"
"109","TD21121449","Item211214136","Brake Discs","2","each","10216732"
"110","TD21121449","Item211214871","Wheel Hubs","2","each","10216732"
"111","TD21121449","Item211214517","Brake  Calipers","2","each","10216732"
"112","TD21121449","Item211214271","Starter Motor","1","each","10216732"
"113","TD21121464","Item211214601","Rear brake shoe assembly","2","each","10216732"
"114","TD21121464","Item211214923","Wheel bearing kit","2","each","10216732"
"115","TD21121464","Item211214334","Upper control arms","2","each","10216732"
"116","TD21121464","Item211214483","Rear wheel cylinders","2","each","10216732"
"117","TD21121464","Item211214961","Brake disks","2","each","10216732"
"118","TD21121464","Item211214769","Wheel hubs","2","each","10216732"
"119","TD21121464","Item211214429","Brake calipers","2","each","10216732"
"120","TD21121464","Item211214625","Starter motor","1","each","10216732"
"121","TD21121484","Item211214873","Rear Brake Shoe Assy","2","each","10267334"
"122","TD21121484","Item21121479","Wheel Bearings Kit","2","each","10267334"
"123","TD21121484","Item21121411","Upper Control Arm","2","each","10267334"
"124","TD21121484","Item211214228","Rear Wheel Cylinders","2","each","10267334"
"125","TD21121484","Item211214842","Brake Discs","2","each","10267334"
"126","TD21121484","Item211214632","Wheel Hubs","2","each","10267334"
"127","TD21121484","Item211214517","Brake Calipers","2","each","10267334"
"128","TD21121484","Item211214649","Starter Motor","1","each","10267334"
"129","TD21121476","Item211214327","Rear Brake Shoe Assy","2","each","10267334"
"130","TD21121476","Item211214625","Wheel Bearings Kit","2","each","10267334"
"131","TD21121476","Item211214769","Upper Control Arm","2","each","10267334"
"132","TD21121476","Item211214740","Rear Wheel Cylinders","2","each","10267334"
"133","TD21121476","Item21121442","Brake Discs","2","each","10267334"
"134","TD21121476","Item211214191","Wheel Hubs","2","each","10267334"
"135","TD21121476","Item211214832","Brake Calipers","2","each","10267334"
"136","TD21121476","Item211214627","Starter Motor","1","each","10267334"
"137","TD21121555","Item211215700","Rear Brake Shoe Assy","2","each","10216732"
"138","TD21121555","Item211215541","Wheel Bearings kit","2","each","10216732"
"139","TD21121555","Item211215465","Upper Control Arms","2","each","10216732"
"140","TD21121555","Item211215318","Rear Wheel Cylinders","2","each","10216732"
"141","TD21121555","Item211215258","Brake Discs","2","each","10216732"
"142","TD21121555","Item21121565","Wheel Hubs","2","each","10216732"
"143","TD21121555","Item21121531","Brake  Calipers","2","each","10216732"
"144","TD21121555","Item211215687","Starter Motor","1","each","10216732"
"145","TD21121564","Item211215685","Starter Motor","1","each","10217378"
"146","TD21121564","Item211215956","Tail lamps","2","each","10217378"
"147","TD21121564","Item211215430","Primer Pump","1","each","10217378"
"148","TD21121564","Item211215888","195 R 15C TYRES","4","each","10217378"
"149","TD21121564","Item211215674","650 BATTERY","1","each","10217378"
"150","TD21121564","Item211215240","Rear Brake Assy","2","each","10217378"
"151","TD21121564","Item211215542","Front Hubs","2","each","10217378"
"152","TD21121564","Item211215566","Brake Discs","2","each","10217378"
"153","TD21121564","Item211215883","Brake Calipers","2","each","10217378"
"154","TD21121526","Item211215339","NISSAN NP300 OIL FILTER","20","each","10221472"
"155","TD21121526","Item211215183","NISSAN NP 300 FILTER SED","20","each","10221472"
"156","TD21121526","Item211215192","NISSAN NP 300 CART FILTER","20","each","10221472"
"157","TD21121526","Item211215768","NISSAN NP 300 OIL FILTER","20","each","10221472"
"158","TD21121588","Item211215641","NISSAN NP300 OIL FILTER","20","each","10221472"
"159","TD21121588","Item211215954","NISSAN NP 300 FILTER SED","20","each","10221472"
"160","TD21121588","Item211215928","NISSAN NP 300 CART FILTER","20","each","10221472"
"161","TD21121588","Item211215933","NISSAN NP300 AIR FILTER","20","each","10221472"
"162","TD2112151","Item211215547","205 R 16 TUBLESS TYRES","40","each","10212229"
"163","TD2112151","Item211215385","TUBELESS VALVE 413","40","each","10212229"
"164","TD21121551","Item211215557","IRON D-3.5 SHACKLE TYPE INSUL.DWG","8","each","10220557"
"165","TD21121551","Item211215277","WIRE GALV STAY 45 TON 7/12'' STRAIN''","30","each","10220557"
"166","TD21121551","Item211215363","STRAP SHACKLE MV C/W 16MM BOLTS","4","each","10220557"
"167","TD21121551","Item21121545","INSUL SHACKLE 78MM DIA 64MM HIGH PORCEL","12","each","10220557"
"168","TD21121551","Item21121569","EYE BOLT M16XMM","8","each","10220557"
"169","TD21121551","Item211215145","STAY BOW C/W THIMBLE 5/8''(16mm)","4","each","10220557"
"170","TD21121551","Item211215487","STAY ROD 5/8 (16MM)","4","each","10220557"
"171","TD21121551","Item211215900","STAY WASHER SQUARE 1000X100MM GALV .16MM","4","each","10220557"
"172","TD21121551","Item211215964","CABLE 95.0MM2 4C CU PVC/SWA","10","each","10220557"
"173","TD2112157","Item211215946","CABLE 120MM2 4C CU PVC/SWA 660V","15","each","10219443"
"174","TD21121663","Item211216349","Rear brake shoe assembly","2","each","10221920"
"175","TD21121643","Item211216691","CABLE 120MM2 4C CU PVC/SWA","10","metres","10219987A"
"176","TD21121635","Item211216290","new transformer oil","640","litres","10221825"
"177","TD21121632","Item211216279","RING MAIN UNIT","1","each","10221492"
"178","TD21121642","Item211216113","CLAMP STRN G/TYPE EA6 3 BOLT 100MM","24","each","10221377"
"179","TD21121616","Item211216983","CABLE 95.0MM2 4C CU PVC/SWA","20","each","10217173"
"180","TD21121623","Item211216592","CONDUCTOR SCA 200 NEW BARE/PANTHEMM2","4500","each","10222161"
"181","TD21121697","Item211216969","SUPPLY AND FIT TENT ON NISSAN NP300","1","each","10221961"
"182","TD21121626","Item211216650","FUSE LUCY POLE UNIT 400A 440V TYPE MCB","60","each","10221824"
"183","TD21121665","Item211216646","BRACKET LV FUSE ZIG ZAG","6","each","10221808"
"184","TD21121665","Item211216791","FUSE CARRIER 200/400A 82.5MM MV","24","each","10221808"
"185","TD21121665","Item211216413","ARRESTER INTERMEDIATE SURGE 11KV CLASS 2","3","each","10221808"
"186","TD21121665","Item21121618","JOINTING KIT LV SIZE 6 ,CABLE 120-240MM2","8","each","10221808"
"187","TD21121740","Item211217107","RAIN COAT MOTOR CYCLE S","3","each","10222312"
"188","TD21121740","Item211217329","RAIN COAT MOTOR CYCLE M","11","each","10222312"
"189","TD21121740","Item211217465","RAIN COAT MOTOR CYCLE L","84","each","10222312"
"190","TD21121740","Item211217744","RAINCOAT MOTOR CYCLE XL ","327","each","10222312"
"191","TD21121740","Item211217760","RAINCOAT MOTOR CYCLE XXL","336","each","10222312"
"192","TD21121740","Item211217892","RAINCOAT MOTOR CYCLE XXXL","39","each","10222312"
"193","TD21121761","Item211217491","J/KITS 120-185MM2 11KV PILC","6","each","10221265"
"194","TD21121761","Item211217618","BLADE HACKSAW 300MM 12'' X 12 MM X18","20","each","10221265"
"195","TD21121715","Item211217185","J/KITS 120-185MM2 11KV PILC","12","each","10221469"
"196","TD21122024","Item211220985","Jointing kits","18","each","10220396"
"197","TD21122053","Item211220565","Jointing kits ","17","each","10220397"
"198","TD21122030","Item21122032","Ferrules 30mm2 shear","50","each","10222433"
"199","TD21122055","Item211220721","Ferrule shear bolts","60","each","10220836"
"200","TD21122069","Item211220950","Jointing kits ","18","each","10220396"
"201","TD21122098","Item211220163","J-KIT 120-185MM2 PILC","17","each","10220397"
"202","TD21122076","Item211220664","J-KIT 120-185MM2 PILC","17","each","10220397"
"203","TD21122019","Item211220588","J-KIT 120-185MM2 PILC","17","each","10220397"
"204","TD21122083","Item211220109","J-KIT 120-185MM2 XLPE","4","each","10220216"
"205","TD21122070","Item211220151"," J-KITS 120-185 11KV 3C XLPE","2","each","10221306"
"206","TD21122034","Item21122043","J-KIT 120-185MM2 XLPE","2","each","10221305"
"207","TD21122093","Item211220482","SUPPLY & FIT TYRES 100X20","6","each","10215826"
"208","TD21122042","Item211220665","STARTER MOTOR","1","each","10222412"
"209","TD21122042","Item211220337","ALTERNATOR","1","each","10222412"
"210","TD21122079","Item211220257","STARTER MOTOR","1","each","10222412"
"211","TD21122079","Item211220583","ALTERNATOR","1","each","10222412"
"212","TD21122028","Item211220432","SPRING LEAF","2","each","10222427"
"213","TD21122071","Item211220752","HEADLAMP NP300","10","each","10221729"
"214","TD21122041","Item211220610","J-KIT 120-185MM2 PILC","6","each","10222580"
"215","TD21122096","Item211220702","J-KIT 120-185MM2 PILC","6","each","10222580"
"216","TD21122074","Item211220789","J-KIT 120-185MM2 PILC","6","each","10222580"
"217","TD21122016","Item211220542","J-KIT 120-185MM2 PILC","6","each","10222580"
"218","TD2112206","Item211220142","J-KIT 120-185MM2 PILC","6","each","10222580"
"219","TD21122061","Item211220869","J-KIT 120-185MM2 PILC","6","each","10222580"
"220","TD21122067","Item211220960","J-KIT 120-185MM2 PILC","6","each","10222580"
"221","TD21122084","Item21122099","J-KIT 120-185MM2 PILC","6","each","10222580"
"222","TD21122044","Item211220896","J-KIT 120-185MM2 PILC","6","each","10222580"
"223","TD21122021","Item211220684","J-KIT 120-185MM2 PILC","6","each","10222580"
"224","TD21122012","Item211220480","J-KIT 120-185MM2 XLPE","6","each","10222579"
"225","TD21122043","Item211220444","cable 185mm2 4c cu pvc/swa","20","each","10222425"
"226","TD21122121","Item211221322","SLEEVE CRIMPING 50MM2","250","each","10221586"
"227","TD21122126","Item211221388","SLEEVE CRIMPING 70MM2","200","each","10221587"
"228","TD21122153","Item211221867","MITSUBISH L200 REFURBUSHMENT","1","each","10213978"
"229","TD21122111","Item211221884","engine overhaul","1","each","10219298"
"230","TD21122165","Item211221149","engine overhaul","1","each","10219298"
"231","TD21122175","Item211221299","3 TONNE VEHICLE STAND","18","each","10210796"
"232","TD21122175","Item2112211","6 TONNE VEHICLE STAND","12","each","10210796"
"233","TD21122167","Item211221680","TYRE 245/70R16","40","each","10212230"
"234","TD21122167","Item211221166","TUBELESS VALVE ","40","each","10212230"
"235","TD21122312","Item211223780","THRUST BORING","130","metres","10218441"
"236","TD21122368","Item21122332","OXYGEN CYLINDERS","5","each","10217150"
"237","TD21122311","Item211223166","OXYGEN CONCENTRATOR","5","each","10217151"
"238","TD21122337","Item211223560","TRASFOMER OIL","840","litres","10220714"
"239","TD21122378","Item211223351","IRON D-3.5' SHACKLE TYPE INSULATOR","16","each","10221102"
"240","TD21122378","Item211223135","EYE BOLTS M16X180","16","each","10221102"
"241","TD21122378","Item21122310","INSULATOR SHACKLE 78MM DIA 64MM HIGH PORCELAIN","54","each","10221102"
"242","TD21122351","Item21122326","Repair of cold room","1","each","10222427"
"243","TD21122349","Item211223137","Repair of cold room","1","each","10222427"
"244","TD21122422","Item211224499","CABLE TRENCHING","20","metres","10220770"
"245","TD21122471","Item21122489","CABLE TRENCHING","20","metres","10220779"
"246","TD21122467","Item21122414","CABLE TRENCHING","20","metres","10220779"
"247","TD2112245","Item211224625","REISTATEMENT OF TARMAC","157","each","10221361"
"248","TD2112248","Item211224710","CABLE 120MM2 4C CU PVC/SWA","30","metres","10222757"
"249","TD21122417","Item211224979","CABLE 120MM2 4C CU PVC/SWA","30","metres","10222757"
"250","TD21122461","Item211224655","CLUTCH KIT FOR NISSAN UD 95","1","each","10222552"
"251","TD21122435","Item211224611","CABLE TRENCHING","100","metres","10221845"
"252","TD21122495","Item211224278","CABLE TRENCHING","100","metres","10221844"
"253","TD21122850","Item211228876","CLUTCH KIT FOR NISSAN UD 95","1","each","10222552"
"254","TD21122857","Item211228233","CLUTCH KIT FOR NISSAN UD 95","1","each","10222552"
"255","TD21123057","Item211230974","LIQUID SANITIZER","100","each","10222551"
"256","TD21123079","Item211230204","CCTV UPGARDE","1","each","10212379"
"257","TD21123065","Item211230114","HP72 BLACK","1","each","10221559"
"258","TD21123065","Item211230543","HP72 CYAN","1","each","10221559"
"259","TD21123065","Item21123088","HP72 YELLOW MATE ","3","each","10221559"
"260","TD21123065","Item211230112","HP72 GREY ","5","each","10221559"
"261","TD21123065","Item211230279","HP72 MAGENTA","2","each","10221559"
"262","TD21123065","Item211230182","HP72 MATTE BLACK ","3","each","10221559"
"263","TD21123065","Item211230610","HP72 PHOTO BLACK ","3","each","10221559"
"264","TD21123065","Item211230119","HP72 CARTRIDGES","1","each","10221559"
"265","TD21123065","Item211230193","BOND ROLLS ","20","each","10221559"
"266","TD21123050","Item211230258","HP72 YELLOW","1","each","10221559"
"267","TD21123050","Item211230701","HP72 PHOTO BLACK","1","each","10221559"
"268","TD21123050","Item211230351","HP27 CYAN","1","each","10221559"
"269","TD21123050","Item211230470","HP72 YELLOW PRINT ","3","each","10221559"
"270","TD21123050","Item211230601","HP72 GREY","5","each","10221559"
"271","TD21123050","Item211230505","HP72 MAGENTA","2","each","10221559"
"272","TD21123050","Item211230236","HP72 MATTE BLACK ","3","each","10221559"
"273","TD21123050","Item211230498","HP72 PHOTO BLACK ","3","each","10221559"
"274","TD21123050","Item211230317","HP72 CYAN ","1","each","10221559"
"275","TD21123050","Item211230294","BOND ROLLS","16","each","10221559"
"276","TD21123059","Item211230355","CARRY OUT MECHANICAL AND ELECTRICAL REPAIRS MITSUBISH L200","1","each","10216819"
"277","TD21123094","Item211230467","CABLE TRENCHING","20","metres","10220770"
"278","TD21123036","Item211230716","J/KITS 120-185MM2 11KV XLPE","20","each","10222788"
"279","TD21123018","Item211230795","CRIMPING LUGS 95X12MM","500","each","10222790"
"280","TD2112302","Item211230282","REAR BRAKE SHOE ","2","each","10216732"
"281","TD2112302","Item211230616","WHEEL BEARING","2","each","10216732"
"282","TD2112302","Item211230900","UPPER CONTROL ARM","2","each","10216732"
"283","TD2112302","Item21123075","WHEEL CYLINDER","2","each","10216732"
"284","TD2112302","Item211230904","BRAKE DISC","2","each","10216732"
"285","TD2112302","Item211230684","WHEEL HUB","2","each","10216732"
"286","TD2112302","Item211230944","BRAKE CALIPERS","2","each","10216732"
"287","TD2112302","Item211230354","STARTER MOTOR","1","each","10216732"
"288","TD21123051","Item211230116","ENGINE PISTONE ","1","each","10221552"
"289","TD21123051","Item211230396","OVERHAUL GASKET","1","each","10221552"
"290","TD21123051","Item211230220","CYLINDER HEAD","1","each","10221552"
"291","TD21123051","Item211230489","REBORE BLOCK","1","each","10221552"
"292","TD21123051","Item211230775","CRANKSHAFT","1","each","10221552"
"293","TD21123024","Item211230219","CRIMPING LUGS 95X20MM","500","each","10222791"
"294","TD21123013","Item211230577","hubs left & right","2","each","10208887"
"295","TD21123013","Item211230818","brake disc ","2","each","10208887"
"296","TD21123013","Item211230782","wheel bearing","2","each","10208887"
"297","TD21123013","Item211230781","knuckles isuzu 4x4","2","each","10208887"
"298","TD21123020","Item211230825","hubs left & right","2","each","10208887"
"299","TD21123020","Item211230550","brake disc ","2","each","10208887"
"300","TD21123020","Item211230641","wheel bearing","4","each","10208887"
"301","TD21123020","Item211230118","knuckles isuzu 4x4","2","each","10208887"
"302","TD21123060","Item211230855","BRACKET LV FUSE ZIG ZAG","6","each","10221808"
"303","TD21123060","Item211230576","FUSE CARRIER 200/400A 82.5MM MV","24","each","10221808"
"304","TD21123060","Item211230982","ARRESTER INTERMEDIATE SURGE 11KV CLASS 2","3","each","10221808"
"305","TD21123060","Item211230904","JOINTING KIT LV SIZE 6 ,CABLE 120-240MM2","8","each","10221808"
"306","TD21123071","Item211230589","NISSAN NP300 STARTER MOTOR","1","each","10221566"
"307","TD21123075","Item211230571","CLUTCHKIT ISUZU 6TH GEN","1","each","10221536"
"308","TD21123074","Item211230325","TERMINATION KITS 120-185 O/D PILC","20","each","10211337"
"309","TD21123064","Item211230877","MV BOARD 8 WAY","1","each","10219699"
"310","TD2112308","Item211230798","J-KITS 120-185 3C PILC","15","each","10222787"
"311","TD21123017","Item211230327","CRIMPING LUGS 120X12","500","each","10222789"
"312","TD21123014","Item211230741","CRIMPING LUGS 120X12","500","each","10222789"
"313","TD21123072","Item211230510","CRIMPING LUGS 120X12","500","each","10222789"
"314","TD21123026","Item211230598","CRIMPING LUGS 120X12","500","each","10222789"
"315","TD21123034","Item211230982","CRIMPING LUGS 120X12","500","each","10222789"
"316","TD21123016","Item211230799","CRIMPING LUGS 120X12","500","each","10222789"
"317","TD21123029","Item211230351","CRIMPING LUGS 185X16MM","500","each","10222828"
"318","TD21123038","Item211230440","CRIMPING LUGS 185X12MM","500","each","10222827"
"319","TD21123188","Item211231858","x-arm strain channel 100x50x3200mm","8","each","10222179"
"320","TD21123163","Item211231751","x-arm strain channel 100x50x3200mm","9","each","10222179"
"321","TD22010317","Item220103730","CABLE","15","metres","10222917"
"322","TD22010358","Item220103930","Conductor ","1300","metres","10222721"
"323","TD22010362","Item220103696","CABLE","20","metres","10222722"
"324","TD22010339","Item220103436","CLUTCH KIT","1","each","10220005"
"325","TD22010444","Item22010486","HP OMEN 17.3'' TOUCH LAPTOP","1","each","10215670"
"326","TD22010467","Item220104855","HP OMEN 17.3'' TOUCH LAPTOP","1","each","10215670"
"327","TD2201043","Item220104996","HP OMEN 17.3'' TOUCH LAPTOP","1","each","10215670"
"328","TD2201049","Item220104142","HP OMEN 17.3'' TOUCH LAPTOP","1","each","10215670"
"329","TD2201041","Item2201041000","HP OMEN 17.3'' TOUCH LAPTOP","1","each","10215670"
"330","TD22010446","Item220104957","HP OMEN 17.3'' TOUCH LAPTOP","1","each","10215670"
"331","TD2201045","Item220104474","HP OMEN 17.3'' TOUCH LAPTOP","1","each","10215670"
"332","TD22010449","Item220104715","HP OMEN 17.3'' TOUCH LAPTOP","1","each","10215670"
"333","TD22010425","Item220104433","HP OMEN 17.3'' TOUCH LAPTOP","1","each","10215670"
"334","TD22010426","Item220104331","HP OMEN 17.3'' TOUCH LAPTOP","1","each","10215670"
"335","TD22010465","Item220104540","HP OMEN 17.3'' TOUCH LAPTOP","1","each","10215670"
"336","TD22010443","Item220104933","HP OMEN 17.3'' TOUCH LAPTOP","1","each","10215670"
"337","TD22010460","Item220104409","HP OMEN 17.3'' TOUCH LAPTOP","1","each","10215670"
"338","TD22010490","Item220104782","HP OMEN 17.3'' TOUCH LAPTOP","1","each","10215670"
"339","TD22010411","Item220104228","HP OMEN 17.3'' TOUCH LAPTOP","1","each","10215670"
"340","TD22010434","Item220104484","HP OMEN 17.3'' TOUCH LAPTOP","1","each","10215670"
"341","TD22010422","Item220104450","HP OMEN 17.3'' TOUCH LAPTOP","1","each","10215670"
"342","TD22010493","Item220104180","HP OMEN 17.3'' TOUCH LAPTOP","1","each","10215670"
"343","TD22010471","Item220104444","HP OMEN 17.3'' TOUCH LAPTOP","1","each","10215669"
"344","TD2201054","Item220105875","cable 185mm2 4c cu pvc/swa","22","each","10214602"
"345","TD22010594","Item220105907","cable 185mm2 4c cu pvc/swa","22","each","10221943"
"346","TD22010628","Item220106634","CLAMP 2 BOLT 50MM","12","each","10215932"
"347","TD22010628","Item220106476","INSUL DISC PORCELAIN ","36","each","10215932"
"348","TD22010628","Item220106138","INSUL PIN ","21","each","10215932"
"349","TD22010628","Item220106134","PIN INSUL","21","each","10215932"
"350","TD22010628","Item220106199","STRAP TWISTED SHACKLE 16MM","18","each","10215932"
"351","TD22010671","Item220106880","PIN INSULATOR ","100","each","102113979"
"352","TD22010671","Item22010658","INSULATOR PIN ","100","each","102113979"
"353","TD22010641","Item220106738","J-KIT 120-185MM2 XLPE","12","each","10222824"
"354","TD22010623","Item220106692","CABLE 95.0 MM2 4C PVC/SWA","20","each","10220205"
"355","TD22010675","Item220106907","J-KIT 120-185MM2 PILC","12","each","10222826"
"356","TD22010690","Item220106425","FERRULE SHEAR BOLTS 300MM2","50","each","10222829"
"357","TD2201066","Item220106663","x-arm BOXED EARTHWIRE 33KV","9","each","10222179"
"358","TD22010625","Item22010684","CABLE 185MM 4C CU PVC/SWA","30","each","10221233"
"359","TD22010619","Item220106244","STAY WIRE 7/14","200","metres","10218036"
"360","TD22010619","Item220106128","STAYWIRE 7/10","500","metres","10218036"
"361","TD22010697","Item220106865","STAY WIRE 7/14","200","each","10218036"
"362","TD22010697","Item220106304","STAYWIRE 7/10","500","each","10218036"
"363","TD22010694","Item220106599","x-arm strain channel 100x50x3200mm","8","each","10222179"
"364","TD22011087","Item220110130","80x83mm thermal till rolls","5000","each","10202034"
"365","TD22011096","Item220110109","Application  in respect of electricity se","200","each","10220351"
"366","TD22011096","Item220110741","Application for connection and disconnection","200","each","10220351"
"367","TD22011160","Item220111879","x-arm BOXED EARTHWIRE 33KV","6","each","10223101"
"368","TD22011130","Item220111175","CLEAT WOOD 185MM2","5","each","10223106"
"369","TD22011130","Item220111360","CABLE GUARD 185MM2","10","each","10223106"
"370","TD22011126","Item220111312","BUCKLE BANDIT 5/8 16MM2","100","each","10223104"
"371","TD22011126","Item220111998","BANDIT STRAPING 16MM H/G","2","each","10223104"
"372","TD22011126","Item220111202","BOLT & NUT GALV M12X140","150","each","10223104"
"373","TD22011126","Item220111402","LUG CRIMPING 70MM X 12MM","16","each","10223104"
"374","TD22011199","Item220111116","CLAMP STRN G/TYPE 3 BOLT 100MM","20","each","10223105"
"375","TD22011199","Item220111518","CLAMP STRN G/TYPE 12/38 SCA UTS","43","each","10223105"
"376","TD22011199","Item220111381","CLAMP STRN 2 BOLT 50MM2","43","each","10223105"
"377","TD22011183","Item220111333","STAY ROD 5/8 16MM","18","each","10223102"
"378","TD22011183","Item220111585","STAY BOW 5/8 16MM","18","each","10223102"
"379","TD22011183","Item220111449","STAY WASHER SQUARE 1000 X 100MM 16MM","18","each","10223102"
"380","TD22011166","Item220111534","CABLE 120MM2 4C PVC SWA","20","each","10223107"
"381","TD22011113","Item220111867","STAYWIRE 7/12","500","each","10214813"
"382","TD22011142","Item220111153","SLEEVE CRIMPING 120MM2","500","each","10223124"
"383","TD22011186","Item22011197","STRAP SHACKLE MV 16MM BOLT","300","each","10223122"
"384","TD22011117","Item220111448","FERRULE SHEAR BOLTS 50-240MM2","50","each","10223015"
"385","TD22011172","Item22011186","TRASFOMER OIL","840","litres","10222723"
"386","TD22011122","Item220111201","CABLE TRENCHING","30","metres","10222987"
"387","TD22011149","Item220111512","TERMINATION KITS 120-185 I/D XLPE","5","each","10223103"
"388","TD22011149","Item22011178","TERMINATION KITS 120-185MM2 O/D XLPE","6","each","10223103"
"389","TD22011162","Item220111507","TERMINATION KITS 120-185 I/D XLPE","5","each","10223103"
"390","TD22011162","Item220111671","TERMINATION KITS 120-185MM2 I/D XLPE","6","each","10223103"
"391","TD22011195","Item220111677","NISSAN NP300 DIESEL CLUTCH KIT","5","each","10210968"
"392","TD22011185","Item220111736","x-arm strain channel 100x50x3200mm","5","each","10223102"
"393","TD22011196","Item220111275","TERMINATION KITS 120-185 O/D PILC","20","each","10221337"
"394","TD22011143","Item220111160","STRAP SHACKLE MV 16MM BOLT","300","each","10223122"
"395","TD22011132","Item220111181","STRAP SHACKLE MV 16MM BOLT","300","each","10223122"
"396","TD22011233","Item220112532","REISTATEMENT OF TARMAC","157","metres","10221361"
"397","TD22011224","Item220112863","CLUTCH FOR NISSAN DIESEL NP300","5","each","10210968"
"398","TD2201146","Item22011438","CABLE 120MM 4C CU PVC/SWA 600V","30","each","10223265"
"399","TD22011410","Item220114263","CONDUCTOR  100MM2 HAD BARE/WASP","1500","each","10223266"
"400","TD22011435","Item220114610","IRON D SHACKLE","20","each","10217363"
"401","TD22011435","Item220114343","EYE BOLT M16 X 180","20","each","10217363"
"402","TD22011435","Item22011411","EYE BOLT M16 X 280 X 50MM","28","each","10217363"
"403","TD22011435","Item220114947","INSUL SHACKLE 78MM DIA 64MM HIGH PORCEL","48","each","10217363"
"404","TD22011435","Item22011430","STAY ROD 16MM","7","each","10217363"
"405","TD22011435","Item220114487","WIRE GALV STAY 45 TON 7/12 STRAIN ","100","each","10217363"
"406","TD22011435","Item220114298","STAY WASHER 5/8 16MM","7","each","10217363"
"407","TD22011435","Item220114668","STAY BOWC/W THIMBLE 5/8 16MM","7","each","10217363"
"408","TD22011435","Item220114653","STAY ROD 5/8 16MM","7","each","10217363"
"409","TD22011435","Item220114214","FUSE LUCY POLE UNIT 400A 440V TYPE MCP","3","each","10217363"
"410","TD22011435","Item220114528","XARM STRAIN 100 X 50 3200 MM CHANNEL","1","each","10217363"
"411","TD22011435","Item220114271","CRIMP LUG 120X 12MM","16","each","10217363"
"412","TD22011746","Item220117792","A4 BRANDED FOLDERS","1000","each","10221539"
"413","TD22011765","Item220117468","A4 2022 DIARIES","250","each","10221535"
"414","TD22011793","Item220117298","A5 NOTEBOOK","100","each","10221537"
"415","TD22011763","Item220117216","A5 DIARIES","400","each","10221538"
"416","TD22011821","Item220118541","J-KIT 120-185MM2 PILC","500","each","10222580"
"417","TD22011868","Item220118613","16MM SINGLE BACK CABLE","100","metres","10211674"
"418","TD22011868","Item220118244","16MM SINGLE RED CABLE","100","metres","10211674"
"419","TD22011843","Item220118654","CRIMPIN GUGS 185MMX 16MM","500","each","10222828"
"420","TD22011884","Item220118876","CLUTCH KIT FOR ISUZU 6TH GENERATION","1","each","10222537"
"421","TD22011882","Item220118665","IRON D-3.5' SHACKLE TYPE INSULATOR","16","each","10221102"
"422","TD22011882","Item220118706","EYE BOLTS M16X180","16","each","10221102"
"423","TD22011882","Item220118279","INSULATOR SHACKLE 78MM DIA 64MM HIGH PORCELAIN","16","each","10221102"
"424","TD22012126","Item220121283","INSUL DISC PORCELAIN 254 DIA 44KN","24","each","10223616"
"425","TD22012126","Item220121252","EYE BOLT M16 X 300MM","12","each","10223616"
"426","TD22012126","Item220121837","X ARM STRAIN BOXED10 X 50 MM 32000MM LON","3","each","10223616"
"427","TD22012475","Item220124259","MV BOARD 8 WAY","1","each","10220954"
"428","TD22012460","Item220124877","D-IRON","16","each","10221102"
"429","TD22012460","Item220124564","EYE BOLT M16X180","16","each","10221102"
"430","TD22012460","Item2201247","INSUL SHACKLE ","54","each","10221102"
"431","TD22012447","Item220124692","WIRE GALV STAY 7/8","100","metres","10223614"
"432","TD22012447","Item220124579","STAY BOW 5/8 16MM","8","each","10223614"
"433","TD22012447","Item220124310","CLAMP STRAIN 2 BOLT","12","each","10223614"
"434","TD22012478","Item220124229","INSUL DISC PORCELAIN 254 DIA 44KN","24","each","10223616"
"435","TD22012478","Item220124327","EYE BOLT M16 X 300MM","12","each","10223616"
"436","TD22012478","Item220124460","X ARM STRAIN BOXED10 X 50 MM 32000MM LON","3","each","10223616"
"437","TD22012461","Item220124130","ALUMINIUM LADDER 26FT","4","each","10218052"
"438","TD22012497","Item220124845","FERRULE SHEAR BOLTS 50-240MM2","50","each","10224069"
"439","TD2201247","Item220124577","ARRESTER SURGE 11KV ","35","each","10223981"
"440","TD22012495","Item220124777","FIRST AID KITS WITH CONTENTS ","40","each","10219969"
"441","TD22012466","Item22012442","D-FUSE MOUNT & FUSE 11KV","19","each","10223984"
"442","TD22012469","Item22012463","D-FUSE MOUNT & FUSE 11KV","19","each","10223984"
"443","TD22012448","Item220124136","MCB 60AMP S/P","630","each","10223985"
"444","TD22012483","Item220124357","400MM2 BRASS CLAMP","4","each","10223045"
"445","TD22012434","Item220124231","ARRESTER SURGE 11KV ","35","each","10223981"
"446","TD22012678","Item220126363","CONDUCTOR  100MM HDA BARE/WASP","1500","each","10223344"
"447","TD22012786","Item220127519","CABLE 120MM2 4C CU PVC/SWA 660V","20","each","10222722"
"448","TD22012739","Item220127162","8 WAY MV BOARD","1","each","10220954"
"449","TD22012797","Item220127227","CONDUCTOR  100MM2 NEW BARE/DOG","1500","each","10222721"
"450","TD22012761","Item220127810","CONDUCTOR  100MM HDA BARE/WASP","3000","each","10223350"
"451","TD22012832","Item220128834","CLAMP STRN G/TYPE 2 BOLT 50 MM","6","each","10223616"
"452","TD22012832","Item220128791","INSUL DISC PORCELAIN 254 MM DIA 44KN","12","each","10223616"
"453","TD22012832","Item220128144","X ARM STRAIN BOXED100 X 50 MM 32000MM LON","2","each","10223616"
"454","TD22012832","Item220128852","STRAP SHACKLE MV C/W 16MM BOLTS","6","each","10223616"
"455","TD22012832","Item220128290","EYE BOLT M 16 X 180","6","each","10223616"
"456","TD22012831","Item220128443","CLUTCH KIT FOR ISUZU 6TH GENERATION","1","each","10221723"
"457","TD22012941","Item220129380","TRANSFORMER OIL","2100","litres","10223425"
"458","TD22012937","Item220129899","CABLE","200","metres","10223420"
"459","TD22012959","Item220129187","ring main unit","1","each","10223424"
"460","TD22012974","Item220129979","ring main unit","1","each","10223424"
"461","TD22012914","Item220129407","BOARD MV 8-WAY","2","each","10223609"
"462","TD22012973","Item220129700","Lug crimping 185mm x 12mm","100","each","10223467"
"463","TD22012973","Item220129827","sleeve crimping","100","each","10223467"
"464","TD22012924","Item220129711","J/KIT 120-185MM2 3C 11KV PILC","21","each","10223355"
"465","TD22012924","Item220129119","J/KIT 120-185MM2 11KV 3C XLPE","21","each","10223355"
"466","TD22012924","Item220129446","TERM KIT 120-185MM 3C 11KV I/D XLPE","21","each","10223355"
"467","TD22012924","Item220129916","TERM KIT 120-185MM 3C 11KV I/D PILC","21","each","10223355"
"468","TD22012916","Item220129884","TRANSFORMER OIL","2100","litres","10223425"
"469","TD22012986","Item220129755","CABLE","200","metres","10223420"
"470","TD22013093","Item220130147","CABLE 120MM2 4C PVC SWA","40","metres","10224130"
"471","TD22013043","Item22013073","MUTTON CLOTH","50","each","10223442"
"472","TD2201308","Item220130101","HP PRO BO OK 450 G8","1","each","10223086"
"473","TD22013099","Item220130191","MUTTON CLOTH","50","each","102233442"
"474","TD22013061","Item220130425","HP LASER JET PRO MFP 521 DN PRINTER","1","each","10221958"
"475","TD22013096","Item220130970","3 PLY SURGICAL FACE MASK","1400","each","10223523"
"476","TD22013011","Item220130608","3 PLY SURGICAL FACE MASK","1400","each","10223523"
"477","TD22013085","Item220130166","3 PLY SURGICAL FACE MASK","1400","each","10223523"
"478","TD22013018","Item220130184","3 PLY SURGICAL FACE MASK","1400","each","10223523"
"479","TD22013067","Item220130826","3 PLY SURGICAL FACE MASK","1400","each","10223523"
"480","TD22013021","Item220130634","3 PLY SURGICAL FACE MASK","1400","each","10223523"
"481","TD22013077","Item220130838","3 PLY SURGICAL FACE MASK","1400","each","10223523"
"482","TD22013059","Item220130251","3 PLY SURGICAL FACE MASK","1400","each","10223523"
"483","TD22013040","Item220130314","3 PLY SURGICAL FACE MASK","1400","each","10223523"
"484","TD22013068","Item220130444","SAFETY SHOES SIZE 3,45&6","49","each","10223613"
"485","TD22013068","Item220130136","SAFETY SHOES SIZE 7,8&9","51","each","10223613"
"486","TD22013057","Item220130172","INSUL SHACKLE 78MM DIA 64 MM PORCEL","200","each","10223483"
"487","TD22013057","Item220130943","INSUL PIN ","20","each","10223483"
"488","TD22013057","Item220130859","PIN INSUL 11 KV GALV L/ SHANK SMALL LEA","20","each","10223483"
"489","TD22013057","Item220130531","ARRESTER L/DUTY SURGE 11KV CLASS 1 LINE","90","each","10223483"
"490","TD22013024","Item220130358","SUPPLY AND FIT 2 POST HOIST 4000KGs","1","each","10202263"
"491","TD22013080","Item220130270","100MM HDA CONDUCTOR","3000","metres","10223340"
"492","TD22013079","Item220130592","100MM SCA CONDUCTOR","2000","metres","10222574"
"493","TD22013029","Item220130793","RADIATOR FOR NISSAN HARD BODY","5","each","10124552"
"494","TD22013056","Item220130907","70MM CRIMPING SLEEVES","200","each","10223345"
"495","TD2201303","Item220130926","100MM HDA CONDUCTOR","1500","metres","10223344"
"496","TD22013060","Item22013037","CABLE 120MM2 4C CU PVC/SWA","40","metres","10224129"
"497","TD22013049","Item220130269","D FUSE MOUNTS 11/22KV ","75","each","10223426"
"498","TD22013098","Item220130868","BEARING GREASE","36","kgs","10223062"
"499","TD22013035","Item22013081","CRIMPING LUGS 95X16MM","500","each","10224219"
"500","TD22013030","Item220130322","CABLE 120MM2 4C PVC SWA","30","each","10223348"
"501","TD22013097","Item220130475","CABLE 120MM2 4C PVC SWA","40","each","10224130"
"502","TD2201309","Item22013013","LADDER EXT 26FT","4","each","10224163"
"503","TD22013091","Item220130909","LADDER EXT 38FT","2","each","10224165"
"504","TD22013050","Item220130630","X-ARM STRAIN BOXED 3200MM","4","each","10221374"
"505","TD22013171","Item220131315","ACB 400AMP 660V","10","each","10223611"
"506","TD22013167","Item220131654","CABLE 120MM2 4C CU PVC/SWA","30","metres","10223345"
"507","TD2201311","Item220131566","100MM HDA CONDUCTOR","3000","metres","10223350"
"508","TD22013183","Item220131730","70MM CRIMPING SLEEVES","200","each","10221587"
"509","TD22013128","Item220131516","INSULATOR SHACLE 78MM DIA 64MM HIGH","60","each","10223967"
"510","TD22013128","Item220131986","STRAP SHACKLE MV C/W 16MM BOLTS","20","each","10223967"
"511","TD22013128","Item220131854","D IRON 3.5 SHACKLE TYPE INSULATOR","20","each","10223967"
"512","TD22013128","Item220131646","EYE BOLT M16 X 280X16MM","20","each","10223967"
"513","TD22013128","Item220131319","EYE BOLT M16 X 180","20","each","10223967"
"514","TD2201319","Item220131929","STAY ROD 5/8 16MM","50","each","10223725"
"515","TD2201319","Item220131450","STAY PLATE 5/8 16MM","50","each","10223725"
"516","TD2201319","Item220131835","STAY BOW 5/8 16MM","50","each","10223725"
"517","TD2201319","Item220131608","STAY WASHER SQUARE 16MM","50","each","10223725"
"518","TD2201315","Item220131383","INSULATOR SHACKLE 78MM DIA 64MM HIGH","60","each","10223967"
"519","TD2201315","Item220131842","STRAP SHACKLE MV C/W 16MM BOLTS","20","each","10223967"
"520","TD2201315","Item220131426","D IRON 3.5 SHACKLE TYPE INSULATOR","20","each","10223967"
"521","TD2201315","Item220131525","EYE BOLT M16 X 280X16MM","20","each","10223967"
"522","TD2201315","Item220131761","EYE BOLT M16 X 180","20","each","10223967"
"523","TD22013130","Item220131464","CABLE TRENCHING","20","each","10224191"
"524","TD22013120","Item220131357","CABLE TRENCHING","40","metres","10224190"
"525","TD22013134","Item220131519","RECOVERY OF HT CABLE","100","metres","10222803"
"526","TD22013114","Item220131297","CABLE TRENCHING","20","each","10222802"
"527","TD22020167","Item220201642","STAY ROD 5/8 16MM","50","each","10223725"
"528","TD22020167","Item220201522","STAY PLATE 5/8 16MM","50","each","10223725"
"529","TD22020167","Item220201745","STAY BOW 5/8 16MM","50","each","10223725"
"530","TD22020167","Item220201989","STAY WASHER SQUARE 16MM","50","each","10223725"
"531","TD22020199","Item220201248","CABLE 185MM2 3C 11KV","60","each","10223354"
"532","TD22020122","Item220201683","CABLE 95MM2 4C PVC/SWA","300","metres","10223418"
"533","TD2202013","Item220201291","CONDUCTOR 100MM2 HDA","3000","metres","10223721"
"534","TD22020185","Item220201696","CONDUCTOR 50MM2 HDA","3000","metres","10223723"
"535","TD22020142","Item22020129","CONDUCTOR 100MM2 SCA","3000","each","10223723"
"536","TD22020170","Item220201573","CONDUCTOR 50MM2 SCA","3000","each","10223724"
"537","TD22020145","Item220201942","CONDUCTOR 50MM2 HDA","3000","each","10223722"
"538","TD2202019","Item220201270","CONDUCTOR 100MM2 HDA","6000","each","10223478"
"539","TD2202019","Item220201922","CONDUCTOR 500MM2 SCA","3000","each","10223478"
"540","TD22020171","Item22020187","CONDUCTOR 100MM2 HDA","6000","each","10223478"
"541","TD22020171","Item220201713","CONDUCTOR 500MM2 SCA","3000","each","10223478"
"542","TD22020130","Item220201595","CONDUCTOR 100MM2 HDA","1500","each","10224125"
"543","TD22020163","Item220201772","SLEEVE CRIMPING 16MM","200","each","10223718"
"544","TD22020163","Item220201121","SLEEVE CRIMPING 50MM2","200","each","10223718"
"545","TD22020163","Item220201872","SLEEVE CRIMPING 70MM2","200","each","10223718"
"546","TD22020163","Item220201157","SLEEVE CRIMPING 95MM2","200","each","10223718"
"547","TD22020163","Item220201704","SLEEVE CRIMPING 100MM2","200","each","10223718"
"548","TD22020162","Item2202012","100MM HDA CONDUCTOR","3000","each","10223350"
"549","TD22020141","Item220201974","100MM HDA CONDUCTOR","1500","each","10223344"
"550","TD22020176","Item220201757","D FUSE MOUNTS 11/22KV ","75","each","10223426"
"551","TD22020295","Item220202525","COVID-19 TESTS","400","each","10223795"
"552","TD22020242","Item220202739","PIN INSULATOR ","100","each","10223720"
"553","TD22020267","Item220202558","Jointing kit 120-185mm 3c 11kV PILC","50","each","10223466"
"554","TD22020267","Item220202520","Termibation kit 120-185mm 11kV 3C  I/D PILC","50","each","10223466"
"555","TD22020267","Item220202290","Termination kit 120-185mm 11kV 3C PILC O/D","50","each","10223466"
"556","TD22020267","Item22020261"," Jointing kit 120-185mm 11kV 3C XLPE","50","each","10223466"
"557","TD22020267","Item220202921","Term kit 120-185mm 3C 11kV I/D XLPE","50","each","10223466"
"558","TD22020267","Item220202657","Term kit 120-185mm 3C 11kV","50","each","10223466"
"559","TD22020267","Item220202753","Jointing kit 50-95mm 3C 11kV  PILC","50","each","10223466"
"560","TD22020267","Item220202201","Jointing kit 50-95mm 3C 11kV XLPE","50","each","10223466"
"561","TD22020223","Item22020247","PIN INSULATOR ","100","each","10223720"
"562","TD22020255","Item220202246","STAY ROD 5/8 16MM","18","each","10223102"
"563","TD22020255","Item220202417","STAY BOW 5/8 16MM","18","each","10223102"
"564","TD22020255","Item220202126","STAY WASHER SQUARE 1000 X 100MM 16MM","18","each","10223102"
"565","TD22020264","Item220202758","X-ARM STRAIN BOXED 3200MM","16","each","10223455"
"566","TD22020246","Item220202156","X-ARM STRAIN BOXED 3200MM","18","each","10223101"
"567","TD22020266","Item22020216","ARRESTER SURGE 11KV ","35","each","10223981"
"568","TD22020279","Item220202498","CABLE 95MM2 4C PVC/SWA","300","each","10223418"
"569","TD22020269","Item220202580","CABLE 120MM2 4C PVC SWA","40","each","10224130"
"570","TD22020219","Item220202665","CABLE 120MM2 4C PVC SWA","40","each","10224130"
"571","TD22020220","Item220202287","CABLE 185MM2 3C 11KV","2000","each","10224487"
"572","TD22020284","Item220202496","CABLE 120MM2 4C CU PVC/SWA 660V","30","each","10224128"
"573","TD2202024","Item220202450","CABLE AIRDAC FIG 8 ALU","10000","each","10224489"
"574","TD22020215","Item220202160","REPAIR OF POWERSTAR CRANE","1","each","10223757"
"575","TD22020236","Item220202956","CABLE 16MM2 2CORE ","8000","each","10224490"
"576","TD22020250","Item220202839","Jointing kit 120-185mm 3c 11kV PILC","50","each","10223466"
"577","TD22020250","Item220202266","Termibation kit 120-185mm 11kV 3C  I/D PILC","50","each","10223466"
"578","TD22020250","Item220202421","Termination kit 120-185mm 11kV 3C PILC O/D","50","each","10223466"
"579","TD22020250","Item220202884"," Jointing kit 120-185mm 11kV 3C XLPE","50","each","10223466"
"580","TD22020250","Item220202892","Term kit 120-185mm 3C 11kV I/D XLPE","50","each","10223466"
"581","TD22020250","Item220202839","Termination Kit 120-185mm 3C 11kV O/D XLPE","50","each","10223466"
"582","TD22020250","Item220202511","Jointing kit 50-95mm 3C 11kV  PILC","50","each","10223466"
"583","TD22020250","Item220202655","Jointing kit 50-95mm 3C 11kV XLPE","50","each","10223466"
"584","TD22020245","Item220202435","TYRES  245/70R16","20","each","10212230"
"585","TD22020245","Item220202546","TUBLESS VALVES 413","20","each","10212230"
"586","TD22020273","Item220202440","RADIATOR FOR NISSAN HARD BODY","5","each","10124552"
"587","TD22020232","Item220202249","cable 185mm2 4c cu pvc/swa","500","each","10224492"
"588","TD22020297","Item220202704","16MM SINGLE BACK CABLE","100","metres","10211674"
"589","TD22020297","Item220202764","16MM SINGLE RED CABLE","100","each","10211674"
"590","TD22020294","Item220202742","GAS CONTROL CUBICLES","2","each","10223610"
"591","TD22020248","Item220202587","GAS CONTROL CUBICLES","2","each","10223610"
"592","TD22020286","Item220202270","100MM HDA CONDUCTOR","1500","each","10223968"
"593","TD2202038","Item220203982","CABLE 120MM2 4C PVC SWA","1500","each","10224495"
"594","TD22020338","Item220203850","CABLE 95MM2 4C PVC/SWA","5000","each","10224493"
"595","TD22020320","Item220203166","PIN INSULATOR ","100","each","10223720"
"596","TD22020362","Item220203156","CABLE 95.0 MM2 4C PVC/SWA","50","each","10223474"
"597","TD22020362","Item220203295","CABLE 120MM 4C CU PVC/SWA 600V","200","each","10223474"
"598","TD22020362","Item220203222","CABLE 185.0MM2 4C CU PVC/SWA","300","each","10223474"
"599","TD22020354","Item220203641","CABLE 185MM CU 3C 11 KV  XLPE","300","each","10223476"
"600","TD22020348","Item220203305","CONDUCTOR  100MM2 NEW BARE/DOG","6000","each","10223422"
"601","TD22020328","Item220203487","FUSE HRC 440V 250A WEDGE TYPE 3.25 CTRS","250","each","10223728"
"602","TD22020316","Item220203475","FUSE HRC 440V 250A WEDGE TYPE 3.25 CTRS","250","each","10223728"
"603","TD22020387","Item220203508","FUSE HRC 440V 200A WEDGE TYPE 3.25 CTRS","250","each","10223727"
"604","TD22020395","Item220203470","ACB 150A 600V 3 PHASE TP","15","each","10223716"
"605","TD22020395","Item220203969","ACB 175A600V 3 PHASE TP","15","each","10223716"
"606","TD22020314","Item220203830","CONDUCTOR  100MM2 NEW BARE/DOG","10000","each","10223459"
"607","TD22020314","Item220203171","CONDUCTOR 100MM2 HDA BARE/WASP","10000","each","10223459"
"608","TD22020317","Item220203601","D FUSE MOUNT C/W M.BRACKET AND FUSE 11KV","21","each","10223731"
"609","TD22020430","Item220204480","ARRESTOR L/DUTY SURGE 11KV CLASS 1 LINE","48","each","10223715"
"610","TD22020455","Item220204890","INSUL DISC PORCELAIN 254MMDIA 44KN","50","each","10223714"
"611","TD22020474","Item220204516","STARTER MOTOR NISSAN YD25","1","each","10223472"
"612","TD2202041","Item220204570","INSUL STAY PORCELAIN 1015A","100","each","10223726"
"613","TD22020460","Item220204346","INSUL SHACKLE 78MM DIA 64 MM  HIGH PORCEL","200","each","10223483"
"614","TD22020460","Item220204731","INSUL PIN ","20","each","10223483"
"615","TD22020460","Item220204799","PIN INSUL 11 KV GALV L/ SHANK SMALL LEA","20","each","10223483"
"616","TD22020460","Item220204258","ARRESTER L/DUTY SURGE 11KV CLASS 1 LINE","90","each","10223483"
"617","TD22020435","Item220204796","SHACKE INSULATORSS","600","each","10223713"
"618","TD22020443","Item220204818","3 PLY SURGICAL FACE MASK","1400","each","10223523"
"619","TD22020456","Item220204779","FERRULE SHEAR BOLTS 50-240MM2","50","each","10224699"
"620","TD22020420","Item220204892","TERM KIT 50-95MM 11KV 3C XLPE","10","each","10223710"
"621","TD22020454","Item220204982","J/KITS 50-95MM2 3C 11KV XLPE","10","each","10223708"
"622","TD22020784","Item220207287","FUSE HRC 440V 200A WEDGE TYPE 3.25 CTRS","250","each","10223727"
"623","TD22020785","Item220207281","CABLE 95.0MM2 4C CU PVC/SWA 660V","50","each","10223474"
"624","TD22020785","Item220207520","CABLE 120MM 4C CU PVC/SWA 600V","200","each","10223474"
"625","TD22020785","Item220207839","CABLE 185.0MM2 4C CU PVC/SWA","300","each","10223474"
"626","TD22020817","Item220208776","INSUL STAY PORCELAIN 1015A H.T 11/33KV","100","each","10223726"
"627","TD22020894","Item220208894","CLUTCH KIT FOR ISUZU 5TH GENERATION","1","each","10222715"
"628","TD22020824","Item220208624","CABLE TRENCHING","10","each","101224280"
"629","TD2202087","Item22020846","CABLE TRENCHING","10","each","10224285"
"630","TD22020849","Item220208650","SLEEVE CRIMPING 16MM","200","each","10223718"
"631","TD22020849","Item220208813","SLEEVE CRIMPING 50MM2","200","each","10223718"
"632","TD22020849","Item220208917","SLEEVE CRIMPING 70MM2","200","each","10223718"
"633","TD22020849","Item22020873","SLEEVE CRIMPING 95MM2","200","each","10223718"
"634","TD22020849","Item22020852","SLEEVE CRIMPING 100MM2","200","each","10223718"
"635","TD22020851","Item220208214","PIN INSULATORS 11KV","100","each","10223719"
"636","TD22020896","Item220208505","CLAMP STRN G/TYPE 2 BOLT 50MM","100","each","10223712"
"637","TD22020880","Item220208545","NISSAN NP300 DIESEL CLUTCH KIT","5","each","10210968"
"638","TD22020870","Item220208355","CABLE TRENCHING","20","each","10224191"
"639","TD2202089","Item220208350","CABLE TRENCHING","10","metres","10224282"
"640","TD22020895","Item220208658","TERMINATION KITS 120-185 I/D XLPE","10","each","10223711"
"641","TD22020823","Item220208475","JOINTING KIT 120-185MM2 3C 11KV XLPE","10","each","10223709"
"642","TD22020893","Item220208351","CRIMPING SLEEVES 120MM2","500","each","10224886"
"643","TD22020821","Item220208791","CABLE 185MM2 4C PVC SWA","500","each","10224699"
"644","TD22020927","Item2202098","cable 185mm2 4c cu pvc/swa","300","each","10223423"
"645","TD2202096","Item220209784","CONDUCTOR 100MM2 HDA","1500","each","10224127"
"646","TD22020943","Item220209311","CRIMPING SLEEVES 150MM2","500","each","10223947"
"647","TD22020979","Item220209100","CABLE 185MM2 4C PVC SWA","50","each","10223866"
"648","TD22020992","Item220209394","JOINTING KIT 120-185MM2 3C 11KV PILC","50","each","10223466"
"649","TD22020992","Item220209147","TERMINATION KITS 120-185MM2 I/D PILC","50","each","10223466"
"650","TD22020992","Item220209149","TERMINATION KIT 120-185 11KV 3C PILC O/D","50","each","10223466"
"651","TD22020992","Item220209145","JOINTING KIT 120-185MM2 11KV 3C XLPE","50","each","10223466"
"652","TD22020992","Item220209305","TERMINATION KIT 120-185MM2 3C 11KV I/D XLPE","50","each","10223466"
"653","TD22020992","Item220209837","TERMINATION KIT 120-185MM2 3C 11KV O/D XLPE","50","each","10223466"
"654","TD22020992","Item220209581","JOINTING KIT 50-95MM2 3C 11KV PILC ","50","each","10223466"
"655","TD22020992","Item220209642","JOINTING KIT 50-95MM2 3C 11KV XLPE ","50","each","10223466"
"656","TD22020921","Item220209131","D-FUSE MOUNT & FUSE 11KV","120","each","10223462"
"657","TD22020921","Item220209509","CLAMP STRN G/TYPE 12/38 SCA UTS","120","each","10223462"
"658","TD22020921","Item22020960","INSUL PIN ","120","each","10223462"
"659","TD22020921","Item220209762","INSUL DISC PORCELAIN","120","each","10223462"
"660","TD22020921","Item2202099","PIN INSULATOR","120","each","10223462"
"661","TD22020921","Item220209663","STAY WIRE 7/14","4000","each","10223462"
"662","TD22020921","Item220209459","STAY WIRE 7/10","4000","each","10223462"
"663","TD22020921","Item220209988","STAY WASHER 16MM","120","each","10223462"
"664","TD22020921","Item220209236","STAY INSULATOR 11/33KV ","120","each","10223462"
"665","TD22020921","Item22020924","SPACER SPINDLE ","200","each","10223462"
"666","TD22020921","Item220209336","INSUL SHACKLE ","120","each","10223462"
"667","TD22020921","Item220209632","D-IRON ","120","each","10223462"
"668","TD22020921","Item220209165","EYE BOLT M16 X 180","120","each","10223462"
"669","TD22020960","Item220209148","CRIMPING SLEEVES 185MM2","500","each","10224700"
"670","TD22020954","Item220209193","TYRES 700X16","4","each","10218925"
"671","TD22020951","Item220209372","TYRES 1000X20 WITH FLAPS","6","each","10217536"
"672","TD22020940","Item22020941","BEARING GREASE","36","each","10223062"
"673","TD22020977","Item220209176","BEARING GREASE","36","each","10223062"
"674","TD22020991","Item2202095","STUDS & NUTS NP300","24","each","10223057"
"675","TD22020911","Item22020989","STUDS & NUTS NP300","24","each","10223058"
"676","TD22020933","Item220209116","STUDS & NUTS NP300","24","each","10223059"
"677","TD22020982","Item2202099","STUDS & NUTS NP300","24","each","10223059"
"678","TD22020990","Item220209448","RIM 215 X 15 NP300","4","each","10223326"
"679","TD22020942","Item220209459","CLUTCHKIT ISUZU 5TH GEN","1","each","10221163"
"680","TD22020939","Item220209256","4 FRONT SPRING SHACKLE HANGERS AND PINS FOR BOTH ENDS OF FRONT SPRINGS FOR UD 70","4","each","10220209"
"681","TD22020983","Item220209917","DOOR SIGNS","4","each","10224801"
"682","TD22020983","Item220209706","BANNER 1m X 1m","1","each","10224801"
"683","TD22021498","Item220214763","Sleeve crimping 16mm","200","each","10223718"
"684","TD22021498","Item220214123","Sleeve crimping 50mm","200","each","10223718"
"685","TD22021498","Item22021426","Sleeve crimping 70mm","200","each","10223718"
"686","TD22021498","Item220214224","Sleeve crimping 95mm","200","each","10223718"
"687","TD22021498","Item22021475","Sleeve crimping 120mm","200","each","10223718"
"688","TD22021485","Item22021499","CRIMPING LUGS 150MM2","500","each","10225311"
"689","TD22021419","Item220214310","CRIMPING LUGS 185X20MM","300","each","10225310"
"690","TD22021480","Item220214194","CRIMPING SLEEVES 95MM2","500","each","10225204"
"691","TD22021482","Item220214823","FERRULE SHEAR BOLTS 50-240MM2","50","each","10225205"
"692","TD22021442","Item220214559","CRIMPING LUGS 185X16MM","500","each","10225309"
"693","TD22021574","Item220215482","D-FUSE MOUNT & FUSE 11KV","120","each","10223462"
"694","TD22021574","Item220215964","CLAMP STRN G/TYPE 12/38 SCA UTS","120","each","10223462"
"695","TD22021574","Item220215245","INSUL PIN ","120","each","10223462"
"696","TD22021574","Item220215816","INSUL DISC PORCELAIN","120","each","10223462"
"697","TD22021574","Item220215198","PIN INSULATOR","120","each","10223462"
"698","TD22021574","Item220215643","STAY WIRE 7/14","4000","each","10223462"
"699","TD22021574","Item220215618","STAY WIRE 7/10","4000","each","10223462"
"700","TD22021574","Item220215587","STAY WASHER 16MM","120","each","10223462"
"701","TD22021574","Item220215493","STAY INSULATOR 11/33KV ","120","each","10223462"
"702","TD22021574","Item220215540","SPACER SPINDLE ","200","each","10223462"
"703","TD22021574","Item220215694","INSUL SHACKLE ","120","each","10223462"
"704","TD22021574","Item220215637","D-IRON ","120","each","10223462"
"705","TD22021574","Item220215524","EYE BOLT M16 X 180","120","each","10223462"
"706","TD22021533","Item220215297","TRANSFORMER OIL","2090","each","10223443"
"707","TD2202156","Item220215579","IRON D-3.5 SHACKLE TYPE INSUL.DWG","88","each","10224956"
"708","TD2202156","Item220215476","INSUL SHACCKLE 78 MM DIA 64MM HIGH PORCEL","88","each","10224956"
"709","TD22021551","Item220215946","STRAP SHACKLE MV C/W 16 MM BOLTS","88","each","10224961"
"710","TD22021551","Item220215924","EYE BOLT M16 X 180","80","each","10224961"
"711","TD22021640","Item220216128","Sleeve crimping 16mm","200","each","10223718"
"712","TD22021640","Item220216359","Sleeve crimping 50mm","200","each","10223718"
"713","TD22021640","Item220216268","Sleeve crimping 70mm","200","each","10223718"
"714","TD22021640","Item220216554","Sleeve crimping 95mm","200","each","10223718"
"715","TD22021640","Item220216363","Sleeve crimping 120mm","200","each","10223718"
"716","TD22021697","Item220216230","Sleeve crimping 16mm","200","each","10223718"
"717","TD22021697","Item220216214","Sleeve crimping 50mm","200","each","10223718"
"718","TD22021697","Item220216222","Sleeve crimping 70mm","200","each","10223718"
"719","TD22021697","Item220216812","Sleeve crimping 95mm","200","each","10223718"
"720","TD22021697","Item220216344","Sleeve crimping 120mm","200","each","10223718"
"721","TD22021728","Item220217783","NISSAN NP 300 STUDS WITH WHEEL NUTS","100","each","10224517"
"722","TD22021728","Item220217743","NISSAN NP 300 YD FAB BELT POWER STEERING","10","each","10224517"
"723","TD22021718","Item220217773","NISSAN NP300 REAR WHEEL BEARING","10","each","10224446"
"724","TD22021718","Item220217310","NISSAN NP300 FRONT WHEEL BEARING","10","each","10224446"
"725","TD22021718","Item220217486","NISSAN HARD BODY 2.7 BRAKE PADS","4","each","10224446"
"726","TD22021862","Item22021866","Sleeve crimping 16mm","200","each","10223718"
"727","TD22021862","Item220218551","Sleeve crimping 50mm","200","each","10223718"
"728","TD22021862","Item220218251","Sleeve crimping 70mm","200","each","10223718"
"729","TD22021862","Item220218203","Sleeve crimping 95mm","200","each","10223718"
"730","TD22021862","Item220218178","Sleeve crimping 120mm","200","each","10223718"
"731","TD22021814","Item220218639","WORKERS COMMITTE TRAINING","1","each","10220401"
"732","TD22022066","Item220220922","Ringman Unit 2 way 11kV","1","each","10223424"
"733","TD22022183","Item220221845","STAY WASHER 5/8","6","each","10224959"
"734","TD22022183","Item220221509","STAY BOW 5/8","6","each","10224959"
"735","TD22022183","Item220221390","STAY ROD 5/8","6","each","10224959"
"736","TD22022183","Item220221117","STAY PLATE 5/8","6","each","10224959"
"737","TD22022331","Item220223883","STRAP SHACKLE MV C/W 16 MM BOLTS","88","each","10224961"
"738","TD22022331","Item22022376","EYE BOLT M16 X 180","80","each","10224961"
"739","TD22022311","Item220223747","ZIMBABWE NATIONAL FLAG","30","each","10225382"
"740","TD22022320","Item220223725","ZESA FLAG WIRH RAISING AND LOWERING TOGG","30","each","10225383"
"741","TD22022326","Item22022384","SUPPLY AND INSTALLATION OF24000 BTU'S AIRCON","1","each","10225499"
"742","TD22022360","Item220223360","SUPPLY AND INSTALLATION OF 18 000 BTU'S AIRCON","1","each","10223914"
"743","TD22022330","Item220223965","CONDUCTOR  100MM HDA BARE/WASP","1500","each","10221278"
"744","TD22022353","Item220223419","CLUTCH KIT FOR ISUZU 6TH GENERATION","1","each","10222548"
"745","TD22022383","Item220223346","100MM HDA CONDUCTOR","1500","each","10224954"
"746","TD22022370","Item220223608","MITSUBISH L200 FUEL FILTER","10","each","10221342"
"747","TD22022370","Item220223125","MITSUBISH L200 OIL FILTER","10","each","10221342"
"748","TD22022370","Item220223917","MITSUBISH L200 AIR FILTER","10","each","10221342"
"749","TD22022322","Item220223187","ACCERATOR CABLE FOR NISSAN HARD BODY FOR NISSAN HARD BODY 2.7D","10","each","10221349"
"750","TD22022322","Item22022390","CLUTCH CABLE FOR NISSAN HARD BODY ","10","each","10221349"
"751","TD22022390","Item220223481","HPCF540 # 203A BLACK","1","each","10224988"
"752","TD22022390","Item220223290","HPCF541A # 203 CYAN","1","each","10224988"
"753","TD22022390","Item22022336","HPCF542A # 203 YELLOW","1","each","10224988"
"754","TD22022390","Item220223748","HPCF543A # 203A MGENTA","1","each","10224988"
"755","TD22022390","Item220223738","HPCE401A # 507A CYAN","1","each","10224988"
"756","TD22022390","Item220223363","HPCE402A # 507A YELLOW","1","each","10224988"
"757","TD22022390","Item220223829","HPCE403A # 507A MAGENTA","1","each","10224988"
"758","TD22022390","Item220223277","HPCE400A # 507A BLACK","2","each","10224988"
"759","TD22022379","Item220223113","CABLE 16MM 4C PVC SWA","30","metres","10225094"
"760","TD22022416","Item220224854","sleeve crimping 185mm","500","each","10223948"
"761","TD22022483","Item2202247","sleeve crimping 185mm","500","each","10223948"
"762","TD22022488","Item220224542","ENGINE OIL  SAE 10 W40","840","each","10220351"
"763","TD22022437","Item22022427","CLUTCH KIT FOR ISUZU 6TH GENERATION","1","each","10221723"
"764","TD22022429","Item220224393","NISSAN NP300  YD 25 AMARTURE","5","each","10224527"
"765","TD22022429","Item220224534","NISSAN NP 300 4X4 LOWER BALL JOINT","10","each","10224527"
"766","TD22022429","Item220224729","NISSAN NP300 REAR LAMP","10","each","10224527"
"767","TD22022450","Item220224434","INSULATOR DISC PORCELAIN","30","each","10224830"
"768","TD2202244","Item220224768","CONDUCTOR  100MM HDA BARE/WASP","200","each","10225399"
"769","TD2202244","Item220224681",,"0","each","10225399"
"770","TD2202246","Item220224578","ENGINE OIL  SAE 10 W40","840","each","10222925"
"771","TD22022590","Item220225182","Application  in respect of electricity se","200","each","10220351"
"772","TD22022590","Item220225961","Application for connection and disconnection","200","each","10220351"
"773","TD22022541","Item220225893","TIT MOTORS SPARES","2090","each","10223443"
"774","TD22022539","Item220225463","TRANSFORMER OIL","2090","each","10223443"
"775","TD22022517","Item220225136","TRASFOMER OIL","420","each","10226040"
"776","TD2202256","Item220225278","TONER CARTRIDGE HPCF 540A/203 BLACK","1","each","10225015"
"777","TD2202256","Item220225978","TONER CARTRIDGE HPCF 541A/203 CYAN","1","each","10225015"
"778","TD2202256","Item220225630","TONER CARTRIDGE HPCF 542A/203 YELLOW","1","each","10225015"
"779","TD2202256","Item220225479","TONER CARTRIDGE HPCF 543A/203 MAGENTA","1","each","10225015"
"780","TD22022544","Item22022544","HPCF540A/203 TONER CARTRIDGE BLACK","1","each","10225015"
"781","TD22022544","Item220225436","HPCF541A/203 TONER CARTRIDGE CYAN","1","each","10225015"
"782","TD22022544","Item220225703","HPCF542A/203 TONER CARTRIDGE YELLOW","1","each","10225015"
"783","TD22022544","Item220225941","HPCF543A/203 TONER CARTRIDGE MAGENT","1","each","10225015"
"784","TD22030111","Item220301740","WELDING CABLE","30","metres","10223604"
"785","TD22030147","Item220301334","WELDING CABLE","30","metres","10223604"
"786","TD22030135","Item220301736","WELDING CABLE","30","metres","10223604"
"787","TD22030119","Item220301818","EXHIBTOR'S  TENT","2","each","10223191"
"788","TD22030119","Item220301181","BANNER (2MX1M)","2","each","10223191"
"789","TD22030195","Item220301705","TRANSFORMER OIL","2090","each","10223443"
"790","TD22030187","Item220301238","CABLE 16MM 2CORE CU PVC SWA","25","metres","10226012"
"791","TD22030172","Item220301745","ENGINE OIL  SAE 10 W40","840","each","10222925"
"792","TD2203018","Item220301679","CONDUCTOR  100MM HDA BARE/WASP","200","each","10225399"
"793","TD22030178","Item220301128","CABLE 185MM2  CU 4C XLPE","30","each","10225622"
"794","TD22030164","Item220301350","CONDUCTOR  SCA 100MM NEW BARE/DOG","3000","each","10222316"
"795","TD22030166","Item220301512","CABLE 2.5MM2 2CORE PVC SWA ","100","metres","10222777"
"796","TD22030121","Item220301200","CABLE 95MM 4C PVC SWA ","20","metres","10226101"
"797","TD22030210","Item220302988","TRANSFPRMER OIL","240","each","10223060"
"798","TD22030236","Item220302255","BOLT CUTTER 18 LONG ","4","each","10223732"
"799","TD22030236","Item220302597","BOLT CUTTER 24 LONG ","4","each","10223732"
"800","TD22030252","Item220302359","AUGER WOOD ","20","each","10223733"
"801","TD2203034","Item220303225","CONDUCTOR  100MM HDA BARE/WASP","1500","each","10226027"
"802","TD22030382","Item220303237","CONDUCTOR  100MM HDA BARE/WASP","1500","each","10226026"
"803","TD22030330","Item220303126","SAFETY SHOES SIZE 3","4","each","10223602"
"804","TD22030330","Item220303610","SAFETY SHOES SIZE  4","8","each","10223602"
"805","TD22030330","Item220303954","SAFETY SHOES SIZE 5","15","each","10223602"
"806","TD22030330","Item220303252","SAFETY SHOES SIZE 6","21","each","10223602"
"807","TD22030330","Item220303171","SAFETY SHOES SIZE 7","30","each","10223602"
"808","TD22030330","Item220303811","SAFETY SHOES SIZE 8","16","each","10223602"
"809","TD22030330","Item220303891","SAFETY SHOES SIZE 9","6","each","10223602"
"810","TD22030379","Item220303487","REPAIR NEUTRAL CURRENT TRANSFORMER","1","each","10223040"
"811","TD22030448","Item220304145","TRANSFORMER OIL","2090","each","10223443"
"812","TD22030475","Item220304609","TYRE 215 R 15","40","each","10222922"
"813","TD22030475","Item22030423","TUBELESS VALVE ","40","each","10222922"
"814","TD22030446","Item220304148","BOREHOLE SITTING & DRILLING ","1","each","10210054"
"815","TD22030431","Item220304591","HIGH CUT SAFETY SHOE SIZE 7","1","each","10224986"
"816","TD22030431","Item220304159","HIGH CUT SAFETY SHOE SIZE 8","5","each","10224986"
"817","TD22030431","Item220304895","HIGH CUT SAFETY 0SHOE SIZE 9","7","each","10224986"
"818","TD22030431","Item220304776","HIGH CUT SAFETY SHOE SIZE 10","2","each","10224986"
"819","TD22030431","Item220304647","HIGHCUT LADIES SAFETY SHOE 4","1","each","10224986"
"820","TD22030431","Item220304434","HIGHCUT LADIES SAFETY SHOE 5","2","each","10224986"
"821","TD22030431","Item220304753","HIGHCUT LADIES SAFETY SHOE 6","1","each","10224986"
"822","TD22030431","Item220304761","HIGHCUT LADIES SAFETY SHOE 8","2","each","10224986"
"823","TD22030451","Item220304747","TRANSFORMER OIL","2090","each","10223443"
"824","TD22030477","Item220304799","TRANSFORMER OIL","1050","each","10223443"
"825","TD22030441","Item220304791","DISHWASHING LIQUID","50","each","10224983"
"826","TD22030463","Item220304727","8 WAY MV BOARD","5","each","10216906"
"827","TD22030794","Item220307107","CONDUCTOR 100MM2 HDA","2200","each","10225399"
"828","TD22030733","Item220307896","CONDUCTOR 100MM2 HDA","1500","each","10226025"
"829","TD22030743","Item220307418","MV BOARD 8 WAY","5","each","10216906"
"830","TD22030789","Item220307665","D-IRON","300","each","10226260"
"831","TD22030730","Item220307623","INSUL SHACKLE","1000","each","10226352"
"832","TD22030741","Item220307575","CRIMPING LUGS 185MMX20MM","300","each","10225310"
"833","TD22030791","Item220307590","CRIMPING LUGS 185MMX20MM","300","each","10225310"
"834","TD22030725","Item220307897","STAY ROD 3/4 20MM","50","each","10224966"
"835","TD22030725","Item220307872","STAY BOW 3/4 20MM","50","each","10224966"
"836","TD22030725","Item220307199","STAY WASHER 3/4 16MM","50","each","10224966"
"837","TD22030716","Item220307469","stay plate galv 5/8 16mm","6","each","10226100"
"838","TD22030716","Item220307310","stay rod galv 5/8 16mm","6","each","10226100"
"839","TD22030716","Item220307250","STAY BOW 5/8 16MM","6","each","10226100"
"840","TD22030754","Item220307457","INSUL SHACKLE","45","each","10226098"
"841","TD22030754","Item220307870","EYE BOLT M16X180","40","each","10226098"
"842","TD22030754","Item220307434","D-IRON","20","each","10226098"
"843","TD22030774","Item22030752","FUMIGATION & RODENT BAITING","1","each","10222890"
"844","TD22030796","Item220307632","CABLE 16MM2 2CORE ","200","each","10223420"
"845","TD22030715","Item220307107","SANITIZER DISPENSER","25","each","10224985"
"846","TD2203077","Item220307887","INFRARED THERMOMETER","15","each","10224989"
"847","TD22030786","Item220307699","INFRARED THERMOMETER","15","each","10224989"
"848","TD22030759","Item220307644","CABLE TRENCHING","1","each","10225625"
"849","TD22030795","Item220307889","CABLE TRENCHING","1","each","10225627"
"850","TD22030732","Item220307429","CABLE TRENCHING","1","each","10225627"
"851","TD22030737","Item22030763","CABLE TRENCHING","1","each","10225627"
"852","TD22030775","Item220307377","CABLE TRENCHING","1","each","10225627"
"853","TD22030745","Item220307456","CABLE TRENCHING","1","each","10225635"
"854","TD22030755","Item220307131","A4 PAPER FOLDERS","1000","each","10221539"
"855","TD22030758","Item220307815","A4 PAPER FOLDERS","1000","each","10221539"
"856","TD22030742","Item220307403","A5 NOTEBOOK","100","each","10221537"
"857","TD22030773","Item220307986","12 FT LADDER ","1","each","10225086"
"858","TD2203082","Item220308720","BOREHOLE SITTING & DRILLING ","1","each","10210054"
"859","TD22030890","Item220308476","HRC FUSE 400A","200","each","10223730"
"860","TD2203085","Item220308820","ACB 250AMP 660V","15","each","10223717"
"861","TD2203085","Item220308555","ACB 225AMP 660V","15","each","10223717"
"862","TD2203081","Item220308998","ACB 250AMP 660V","10","each","10223717"
"863","TD2203081","Item220308454","ACB 225AMP 660V","10","each","10223717"
"864","TD22030838","Item220308594","D-FUSE MOUNT & FUSE 11KV","34","each","10223426"
"865","TD22030877","Item220308484","CRIMPING SLEEVES0 185MM","500","each","10223948"
"866","TD22030843","Item220308612","INSUL SHACKLE","1000","each","10226352"
"867","TD22030899","Item220308493","CABLE 16MM2 2CORE ","8000","each","10224490"
"868","TD22030891","Item220308705","D-FUSE MOUNT & FUSE 11KV","120","each","10223462"
"869","TD22030891","Item220308650","CLAMP STRN G/TYPE 2 BOLT 50MM","120","each","10223462"
"870","TD22030891","Item220308433","INSUL PIN ","120","each","10223462"
"871","TD22030891","Item220308448","INSUL DISC PORCELAIN","120","each","10223462"
"872","TD22030891","Item220308461","PIN INSUL 11KV L/SHANK SMALL","120","each","10223462"
"873","TD22030891","Item220308856","WIRE GALV STAY 7/14","4000","each","10223462"
"874","TD22030891","Item220308137","WIRE GALV STAY 7/10","4000","each","10223462"
"875","TD22030891","Item220308705","STAY WASHER 16MM","120","each","10223462"
"876","TD22030891","Item220308626","INSUL STAY PORCELAIN","120","each","10223462"
"877","TD22030891","Item220308722","SPACER SPINDLE ","200","each","10223462"
"878","TD22030891","Item220308703","INSUL SHACKLE ","120","each","10223462"
"879","TD22030891","Item220308706","D-IRON ","120","each","10223462"
"880","TD22030891","Item220308976","EYE BOLT M16 X 180","120","each","10223462"
"881","TD22030811","Item220308370","D-FUSE MOUNT & FUSE 11KV","120","each","10223462"
"882","TD22030835","Item220308892","D-FUSE MOUNT & FUSE 11KV","120","each","10223462"
"883","TD22030835","Item220308395","CLAMP STRN G/TYPE 12/38 SCA UTS","120","each","10223462"
"884","TD22030835","Item220308215","INSUL PIN ","120","each","10223462"
"885","TD22030835","Item220308664","INSUL DISC PORCELAIN","120","each","10223462"
"886","TD22030835","Item220308813","PIN INSUL 11KV L/SHANK SMALL","120","each","10223462"
"887","TD22030835","Item220308964","WIRE GALV STAY 7/14","4000","each","10223462"
"888","TD22030835","Item220308736","WIRE GALV STAY 7/10","4000","each","10223462"
"889","TD22030835","Item220308733","STAY WASHER 16MM","120","each","10223462"
"890","TD22030835","Item220308508","INSUL STAY PORCELAIN","120","each","10223462"
"891","TD22030835","Item220308415","SPACER SPINDLE ","200","each","10223462"
"892","TD22030835","Item220308555","INSUL SHACKLE ","120","each","10223462"
"893","TD22030835","Item220308854","D-IRON ","120","each","10223462"
"894","TD22030835","Item220308337","EYE BOLT M16 X 180","120","each","10223462"
"895","TD22030943","Item220309375","CONDUCTOR 100MM2 HDA","1505","each","10223865"
"896","TD22030933","Item220309271","DISHWASHING LIQUID","50","each","10224983"
"897","TD22030978","Item220309573","CONDUCTOR 100MM2 HDA","1500","each","10226025"
"898","TD2203095","Item220309567","CONDUCTOR 100MM2 HDA","2200","each","10225399"
"899","TD22031085","Item220310171","CLAMP 2 BOLT 50MM","65","each","10226538"
"900","TD22031085","Item220310840","INSUL SHACKLE","50","each","10226538"
"901","TD22031085","Item22031094","EYE BOLT 280 X 16MM","50","each","10226538"
"902","TD22031030","Item220310705","CLAMP 2 BOLT 50MM","65","each","10226538"
"903","TD22031030","Item22031016","INSUL SHACKLE","50","each","10226538"
"904","TD22031030","Item220310357","EYE BOLT 280 X 16MM","50","each","10226538"
"905","TD22031036","Item220310688","CRIMPING SLEEVES 120MM2","500","each","10226853"
"906","TD22031035","Item220310358","4 DOOR CUBICLE METERING PANEL","1","each","10226557"
"907","TD22031037","Item220310143","CONDUCTOR 100MM2 HDA","3000","each","10226623"
"908","TD22031071","Item220310756","CLAMP 2 BOLT 50MM","20","each","10217630"
"909","TD22031071","Item220310250","TWISTED SHACKLE 16MM","20","each","10217630"
"910","TD22031071","Item220310809","D-IRON ","20","each","10217630"
"911","TD22031071","Item220310342","FUSE HRC 400A","100","each","10217630"
"912","TD22031081","Item220310828","CRIMPING LUGS 185X16MM","500","each","10226855"
"913","TD22031088","Item220310808","CRIMPING LUGS 185X16MM","320","each","10226855"
"914","TD22031061","Item22031074","CABLE 16MM2 2CORE ","8000","each","10224490"
"915","TD22031026","Item220310327","TERMINATION KITS 120-185 O/D PILC","20","each","10225940"
"916","TD22031074","Item220310923","TERMINATION KITS 120-185 O/D PILC","20","each","10225940"
"917","TD22031015","Item220310842","TERMINATION KITS 120-185 O/D XLPE","20","each","10225941"
"918","TD22031099","Item220310219","JOINTING KIT 120-185MM2 3C 11KV XLPE","15","each","10226259"
"919","TD22031098","Item220310275","FERRULE SHEAR BOLTS 50-240MM2","50","each","10225570"
"920","TD22031072","Item220310444","A4 PAPER FOLDERS","1000","each","10221539"
"921","TD22031147","Item220311254","CLUTCHKIT ISUZU 5TH GEN","1","each","10226088"
"922","TD22031147","Item220311580","CLUTCH SLAVE CYLINDER ","1","each","10226088"
"923","TD22031147","Item220311211","CLUTCH MASTER CYLINDER ","1","each","10226088"
"924","TD22031180","Item220311446"," J-KITS 120-185 11KV 3C XLPE","50","each","10226282"
"925","TD22031157","Item220311558","stay plate galv 5/8 16mm","3","each","10226282"
"926","TD22031157","Item220311138","stay rod galv 5/8 16mm","3","each","10226282"
"927","TD22031157","Item220311969","STAY WASHER SQUARE 1000 X 100MM 16MM","3","each","10226282"
"928","TD22031157","Item220311519","D-IRON","8","each","10226282"
"929","TD2203119","Item220311960","LINK ISOLATOR SOLID FOR  11 KV","6","each","10216926"
"930","TD22031166","Item220311540","CABLE 35MM 1C PVC 660 BLACK","12","each","10226544"
"931","TD22031166","Item220311197","CABLE 120MM 4C CU PVC/SWA 600V","10","each","10226544"
"932","TD22031166","Item220311276","LUG CRIMPING 35 MMX 16MM","3","each","10226544"
"933","TD22031166","Item220311484","LUG CRIMPING 120MM X 12 MM","4","each","10226544"
"934","TD22031166","Item220311114","LUG CRIMPING 120MM X 16 MM","4","each","10226544"
"935","TD22031153","Item220311139","CABLE 35MM 1C  PVC 660 BLACK","12","each","10226544"
"936","TD22031153","Item220311848","CABLE 120MM 4C CU PVC/SWA 600V","10","each","10226544"
"937","TD22031153","Item220311924","LUG CRIMPING 35 MMX 16MM","3","each","10226544"
"938","TD22031153","Item220311298","LUG CRIMPING 120MM X 12 MM","4","each","10226544"
"939","TD22031153","Item220311204","LUG CRIMPING 120MM X 16 MM","4","each","10226544"
"940","TD22031146","Item220311481","STAY PLATE GALV 5/8","2","each","10226284"
"941","TD22031146","Item220311336","STAY BOW C/W THIMBLE 5/8","2","each","10226284"
"942","TD22031146","Item220311730","STAY ROD 5/8","2","each","10226284"
"943","TD22031112","Item220311934","SURGICAL MASKS","1450","each","10226517"
"944","TD22031181","Item220311257","HAND SANITIZER","100","each","10226365"
"945","TD22031167","Item220311202","SANITIZER DISINFACTENT ","50","each","10226628"
"946","TD22031155","Item220311153","CARRY OUT BIRD CONTROL","1","each","10220217"
"947","TD22031196","Item220311983","EARTH CLAMP CONNECTOR 11KV","10","each","10226558"
"948","TD22031196","Item220311406","ACB 250A 600V 3 PHASE","1","each","10226558"
"949","TD22031196","Item220311231","5/8 EARTH RODS/ SPIKES","5","each","10226558"
"950","TD22031196","Item220311951","TXF PLATFORM 11 KV 4 POLE","1","each","10226558"
"951","TD22031128","Item220311853","EYE BOLT M16X300","8","each","10226283"
"952","TD22031128","Item220311465","INSULATOR SHACKLE 78MM DIA 64MM HIGH","20","each","10226283"
"953","TD22031128","Item220311158","D IRON 3.5 SHACKLE TYPE INSULATOR","8","each","10226283"
"954","TD22031128","Item220311452","WIRE GALV STAY 45TON 7/14","20","metres","10226283"
"955","TD22031128","Item220311364","INSULATOR STAY PORCELAIN ","1","each","10226283"
"956","TD22031148","Item220311432","CABLE 185MM 1C PVC BUTYL CU RED","150","metres","10216908"
"957","TD22031191","Item220311651","IGNITION SWITCH FOR NISSAN NP300","1","each","10224743"
"958","TD22031132","Item220311287","LUG CRIMPING 185MM X 16MM","10","each","10226412"
"959","TD2203116","Item22031149","STARTER MOTOR NISSAN YD25","1","each","10223472"
"960","TD22031161","Item220311776","CONDUCTOR  100MM HDA BARE/WASP","2500","each","10226096"
"961","TD22031169","Item220311587","CABLE 185MM 4C CU PVC/SWA","30","each","10225064"
"962","TD22031172","Item220311515","RING MAIN UNIT 11 KV 2 WAY","1","each","10226411"
"963","TD22031494","Item220314211","COMPLETE IGNITION SWITCH FOR NISSAN NP 300","1","each","10224743"
"964","TD22031490","Item220314398","TRANSFORMER GASKETS 8MM","10","each","10219597"
"965","TD22031490","Item220314945","TRANSFORMER GASKETS 10MM","10","each","10219597"
"966","TD22031582","Item220315138","TYRE 215 R 15","40","each","10222922"
"967","TD22031582","Item220315896","TUBELESS VALVE ","40","each","10222922"
"968","TD2203153","Item220315576","CLUTCHKIT ISUZU 5TH GEN","1","each","10226088"
"969","TD2203153","Item22031587","CLUTCH SLAVE CYLINDER ","1","each","10226088"
"970","TD2203153","Item220315653","CLUTCH MASTER CYLINDER ","1","each","10226088"
"971","TD2203172","Item220317755","CHANNEL X-ARM 2.6M","2","each","10226281"
"972","TD2203172","Item220317235","INSUL SHACKLE","20","each","10226281"
"973","TD2203172","Item22031726","EYE BOLT 180 X 16MM","8","each","10226281"
"974","TD2203172","Item220317609","STAY WIRE 7/10","60","each","10226281"
"975","TD2203172","Item220317670","STAY INSUL ","3","each","10226281"
"976","TD22031795","Item220317418","CONTROLLERS INSTRUCTION FORM","200","each","10226192"
"977","TD22031795","Item220317492","PERMIT TO WORK ON EQUIPMENT","200","each","10226192"
"978","TD22031795","Item220317664","SAFETY RULES LIMITATION TO ACCESS","200","each","10226192"
"979","TD22031795","Item220317714","SANCTION FOR TEST FORM","200","each","10226192"
"980","TD22031717","Item220317310","CONTROLLERS INSTRUCTION FORM","200","each","10226192"
"981","TD22031717","Item220317700","PERMIT TO WORK ON EQUIPMENT","200","each","10226192"
"982","TD22031717","Item220317238","SAFETY RULES LIMITATION TO ACCESS","200","each","10226192"
"983","TD22031717","Item22031788","SANCTION FOR TEST FORM","200","each","10226192"
"984","TD22031729","Item220317540","SEAT UPHOLSTERY","1","each","10226144"
"985","TD22031889","Item220318533","CABLE TRENCHING","81","each","10226780"
"986","TD22031864","Item220318157","CABLE TRENCHING","15","each","10226314"
"987","TD22031890","Item220318731","CABLE TRENCHING","350","metres","10226780"
"988","TD22031892","Item220318884","CABLE TRENCHING","370","metres","10226775"
"989","TD22031881","Item220318147","CABLE 70MM2 X4CORE SWA","80","metres","10226278"
"990","TD22031829","Item220318405","CABLE 185MM 4CORE PVC SWA","80","metres","10225063"
"991","TD22031830","Item220318612","CABLE 95MM 1CORE FLEX","150","metres","10207902"
"992","TD2203181","Item22031858","MITSUBISH L200 FUEL FILTER","10","each","10221342"
"993","TD2203181","Item220318211","MITSUBISH L200 OIL FILTER","10","each","10221342"
"994","TD2203181","Item22031861","MITSUBISH L200 AIR FILTER","10","each","10221342"
"995","TD22031833","Item220318144","Fluke multi-meters","2","metres","10225075"
"996","TD22031821","Item220318945","HP 973 Black ink cartridge","2","each","10226698"
"997","TD22031821","Item220318898","HP 973 Cyan ink cartridge","2","each","10226698"
"998","TD22031821","Item220318168","HP 973 Yellow ink cartridge","2","each","10226698"
"999","TD22031821","Item220318367","HP 973 Magenta ink cartridge","2","each","10226698"
"1000","TD22031851","Item220318762","HP 973 Black ink cartridge","2","each","10226698"
"1001","TD22031851","Item220318993","HP 973 Cyan ink cartridge","2","each","10226698"
"1002","TD22031851","Item220318755","HP 973 Yellow ink cartridge","2","each","10226698"
"1003","TD22031851","Item220318268","HP 973 Magenta ink cartridge","2","each","10226698"
"1004","TD22031850","Item220318728","NISSAN NP200 OIL FILTER","10","each","10224444"
"1005","TD22031850","Item220318396","NISSAN NP 200  DIESEL FILTER ","10","each","10224444"
"1006","TD22031850","Item220318856","NISSAN NP 200 AIR FILTER","10","each","10224444"
"1007","TD22031817","Item220318952","HP 201A toner cartridges for risk","10","each","10226677"
"1008","TD22031858","Item220318899","HP 201A toner cartridges for risk","10","each","10226677"
"1009","TD22031859","Item220318873","EARTH CLAMP CONNECTOR 11KV","10","each","10226558"
"1010","TD22031859","Item220318149","ACB 250A 600V 3 PHASE","1","each","10226558"
"1011","TD22031859","Item220318951","5/8 EARTH RODS/ SPIKES","5","each","10226558"
"1012","TD22031859","Item22031880","TXF PLATFORM 11 KV 4 POLE","1","each","10226558"
"1013","TD22032173","Item220321513","120mm2 4C CUPVC/SWA 660V","30","each","10227230"
"1014","TD22032189","Item220321585","''CABLE, 120MM2 4C CU PVC/SWA 660V''","20","each","10227232"
"1015","TD2203213","Item220321345","''CABLE,120mm2 4C CU PVC/SWA 660V","20","each","10227232"
"1016","TD22032268","Item220322485","A4 BRANDED FOLDERS","1000","each","10221539"
"1017","TD22032273","Item220322447","CONDUCTOR 100MM2 HDA","1500","each","10226025"
"1018","TD22032213","Item220322324","JIK 5L","10","each","10226061"
"1019","TD22032213","Item220322702","HANDY ANDY 5L","10","each","10226061"
"1020","TD22032213","Item220322306","VIM 10KG","1","each","10226061"
"1021","TD22032213","Item220322237","WASHING POWDER 25KG","1","each","10226061"
"1022","TD22032213","Item220322877","DISHWASHING LIQUID 5L","10","each","10226061"
"1023","TD22032213","Item220322680","TOILET CLEANER 5L","10","each","10226061"
"1024","TD22032213","Item220322942","RUST REMOVER 5L","10","each","10226061"
"1025","TD22032213","Item220322135","MUTTON CLOTH 2KG","5","each","10226061"
"1026","TD22032213","Item220322656","COBRA 5L","4","each","10226061"
"1027","TD22032213","Item22032240","AIR FRESHNER 150ML","20","each","10226061"
"1028","TD22032225","Item220322485","120mm2 4C CUPVC/SWA 660V","30","each","10227230"
"1029","TD22032271","Item220322929","120mm2 4C CUPVC/SWA 660V","30","each","10227230"
"1030","TD22032245","Item220322784","CABLE TRENCHING","81","each","10226780"
"1031","TD22032513","Item220325432","''Cable,120mm2 4C CUPVC/SWA 660V","30","each","10227230"
"1032","TD22032558","Item220325952","HP CF201A Black toner cartridge","4","each","10226677"
"1033","TD22032558","Item220325789","HP  CF201A Cyan toner cartridge","2","each","10226677"
"1034","TD22032558","Item220325763","HP CF201A Yellow toner cartridge","2","each","10226677"
"1035","TD22032558","Item220325739","HP CF201A  Magenta cartridge","2","each","10226677"
"1036","TD22032517","Item22032532","''Cable,120mm2 4C CUPVC/SWA 660V","30","each","10227230"
"1037","TD22032859","Item220328740","HP 973 Black ink cartridge","2","each","10226698"
"1038","TD22032859","Item22032818","HP 973 Cyan ink cartridge","2","each","10226698"
"1039","TD22032859","Item220328430","HP 973 Yellow ink cartridge","2","each","10226698"
"1040","TD22032859","Item220328119","HP 973 Magenta ink cartridge","2","each","10226698"
"1041","TD22032860","Item220328800","28 FIT ALUMINIUM EXTENSION LADDERS","4","each","10226459"
"1042","TD22032836","Item220328392","Fluke multi-meters","2","each","10225075"
"1043","TD22032810","Item220328377","VACCUM CIRCUIT BREAKER TESTER","1","each","10226482"
"1044","TD22032963","Item220329489","28 FIT ALUMINIUM EXTENSION LADDERS","4","each","10226459"
"1045","TD22033162","Item220331783","TRENCHING","1","each","10227982"
"1046","TD2203319","Item220331766","NISSAN NP 300 UPPER CONTROL ARM LHS","10","each","10224525"
"1047","TD2203319","Item22033195","NISSAN NP 300 UPPER CONTROL ARM RHS ","10","each","10224525"
"1048","TD2203319","Item220331245","NISSAN NP 300 LOWER CONTROL ARM LHS","10","each","10224525"
"1049","TD2203319","Item220331297","NISSAN NP300 LOWER CONTROL ARM RHS","10","each","10224525"
"1050","TD22033123","Item220331116","NISSAN NP 300 UPPER CONTROL ARM LHS","10","each","10224525"
"1051","TD22033123","Item220331930","NISSAN NP 300 UPPER CONTROL ARM RHS ","10","each","10224525"
"1052","TD22033123","Item220331144","NISSAN NP 300 LOWER CONTROL ARM LHS","10","each","10224525"
"1053","TD22033123","Item220331897","NISSAN NP300 LOWER CONTROL ARM RHS","10","each","10224525"
"1054","TD22033146","Item22033130","NISSAN NP200 OIL FILTER","10","each","10224444"
"1055","TD22033146","Item220331415","NISSAN NP 200  DIESEL FILTER ","10","each","10224444"
"1056","TD22033146","Item220331906","NISSAN NP 200 AIR FILTER","10","each","10224444"
"1057","TD22033129","Item220331980","LINK STICKS","4","each","10226465"
"1058","TD22033156","Item220331640","HRC FUSE 300A","250","each","10223729"
"1059","TD2203311","Item220331375","LUGS 150MM2 X 12MM2","500","each","10227791"
"1060","TD22033121","Item22033143","CRIMPING LUGS 150MMX16MM","500","each","10227438"
"1061","TD22033113","Item220331628","LUGS 35MM2 X 12MM2","300","each","10227119"
"1062","TD2203312","Item220331658","FERRULE SHEAR BOLTS 50-240MM2","50","each","10227439"
"1063","TD22033192","Item220331872","LADDER EXT 26FT","3","each","10225889"
"1064","TD22033192","Item220331641","LADDER 38FT","1","each","10225889"
"1066","TD22033198","Item220331214","LUGS 35MM2 X 16MM2","300","each","10227192"
"1067","TD22033189","Item220331427","FERRULE SHEAR BOLTS 50-240MM2","50","each","10226852"
"1068","TD22033130","Item220331271","LADDER EXT 26FT","5","each","10228007"
"1069","TD22033131","Item220331641","LADDER EXT 38FT","3","each","10228008"
"1070","TD22040182","Item220401575","XEROX VERSALINK  YELLOW","6","each","10227454"
"1071","TD22040182","Item220401490","XEROX VERSALINK CYAN","3","each","10227454"
"1072","TD22040182","Item220401779","XEROX VERSALINK MAGENTA","3","each","10227454"
"1073","TD22040182","Item220401624","XEROX VERSALINK BLACK","3","each","10227454"
"1074","TD22040148","Item220401942","SAFETY PERFOMANCE BOARD","1","each","10226192"
"1075","TD22040148","Item22040164","EMERGENCY ASSEMBLY POINT","1","each","10226192"
"1076","TD22040148","Item220401135","REVERSE PARKING","4","each","10226192"
"1077","TD22040148","Item220401636","EMERGENCY EXIT","1","each","10226192"
"1078","TD22040148","Item220401955","FIRE POINT","5","each","10226192"
"1079","TD22040148","Item220401576","FIRST AID BOX","1","each","10226192"
"1080","TD22040148","Item220401992","EMEGENCY ALARM  CALL POINT","1","each","10226192"
"1081","TD22040148","Item220401886","DRINKING WATER","1","each","10226192"
"1082","TD22040148","Item22040110","WORKSHOP AREA","1","each","10226192"
"1083","TD22040148","Item220401445","LABELS OF OFFICE NAMES","4","each","10226192"
"1084","TD22040148","Item220401758","ABLUTION FACILITIES FOR GENTS AND LADIES","4","each","10226192"
"1085","TD22040148","Item220401832","ESCAPE ROUTES","5","each","10226192"
"1086","TD2204015","Item22040125","CURTAINS AND CURTAIN RODS","1","each","10227253"
"1087","TD22040198","Item220401942","ENGINE OIL  SAE 10 W40","840","each","10222529"
"1088","TD22040178","Item220401231","CONDUCTOR  100MM HDA BARE/WASP","200","each","10225399"
"1089","TD22040166","Item220401517","CONDUCTORSCA  100MM NEW BARE/DOG","1200","each","10223616"
"1090","TD22040162","Item220401588","BELT SAFETY TERYLENE C/W 6' CHAIN","15","each","102228169"
"1091","TD22040194","Item220401820","TRANSFORMER OIL","1050","each","10226453"
"1092","TD2204019","Item220401243","6 INCH BENCH VICE","4","each","10225080"
"1093","TD22040174","Item220401969","NISSAN UD CLUTCH KIT","3","each","10226912"
"1094","TD22040154","Item22040166","NISSAN UD CLUTCH KITCBP 12","1","each","10227964"
"1095","TD22040144","Item220401157","ENGINE SUB ASSEMBLY","1","each","10227975"
"1096","TD22040110","Item220401256","ISUZU FUEL PUMP","10","each","10226918"
"1097","TD22040168","Item220401194","ENGINE SUB ASSEMBLY","1","each","10227973"
"1098","TD22040160","Item220401491","NISSAN NP 300 BRAKES DRUM AND SHOES","10","each","10224532"
"1099","TD22040448","Item220404207","XEROX VERSALINK  YELLOW","6","each","10227454"
"1100","TD22040448","Item220404724","XEROX VERSALINK CYAN","3","each","10227454"
"1101","TD22040448","Item220404416","XEROX VERSALINK MAGENTA","3","each","10227454"
"1102","TD22040448","Item220404306","XEROX VERSALINK BLACK","3","each","10227454"
"1103","TD22040487","Item220404490","100MM HDA CONDUCTOR","1000","each","10226279"
"1104","TD22040459","Item220404140","XEROX VERSALINK  YELLOW","6","each","10227454"
"1105","TD22040459","Item220404318","XEROX VERSALINK CYAN","3","each","10227454"
"1106","TD22040459","Item220404758","XEROX VERSALINK MAGENTA","3","each","10227454"
"1107","TD22040459","Item220404136","XEROX VERSALINK BLACK","3","each","10227454"
"1108","TD22040429","Item220404544","XEROX VERSALINK C7025 DRUM R1","2","each","10227455"
"1109","TD22040429","Item220404684","XEROX VERSALINK C7025 R2","2","each","10227455"
"1110","TD22040429","Item220404194","XEROX VERSALINK C7025 R3","2","each","10227455"
"1111","TD22040429","Item220404950","XEROX VERSALINK C7025 R4","2","each","10227455"
"1112","TD22040434","Item220404908","SEAT UPHOLSTERY","1","each","10226144"
"1113","TD22040492","Item220404144","SEAT UPHOLSTERY","1","each","10226179"
"1114","TD22040471","Item22040421","SEAT UPHOLSTERY","1","each","10226178"
"1115","TD22040420","Item220404710","SEAT UPHOLSTERY","1","each","10226137"
"1116","TD22040491","Item220404816","SEAT UPHOLSTERY","1","each","10226140"
"1117","TD22040414","Item220404793","SEAT UPHOLSTERY","1","each","10226412"
"1118","TD22040438","Item220404157","SEAT UPHOLSTERY","1","each","10226177"
"1119","TD22040440","Item220404404","SEAT UPHOLSTERY","1","each","10224743"
"1120","TD22040483","Item220404329","SEAT UPHOLSTERY","1","each","10226139"
"1121","TD2204042","Item220404953","SEAT UPHOLSTERY","1","each","10226211"
"1122","TD22040489","Item220404377","SEAT UPHOLSTERY","1","each","10226180"
"1123","TD2204051","Item220405196","100MM HDA CONDUCTOR","1000","metres","10226279"
"1124","TD22040568","Item22040515","CABLE 70MM X 4C","80","metres","10226278"
"1125","TD22040553","Item220405172","CABLE TRENCHING","26","metres","10227732"
"1126","TD22040669","Item220406433","5 KV INSULATION RESISTANCE TESTER","3","each","10225083"
"1127","TD22040670","Item220406624","1.2m by 2.6m guard room cabin structure","1","each","10227836"
"1128","TD22040634","Item220406964","Oil filters","10","each","10224444"
"1129","TD22040634","Item220406618","Air Filters","10","each","10224444"
"1130","TD22040634","Item220406824","Diesel Filters","10","each","10224444"
"1131","TD22040758","Item220407349","HEAVY DUTY DEGREASER 5L","40","each","10227572"
"1132","TD22040788","Item220407646","HEAVY DUTY DEGREASER 5L","40","each","10227572"
"1133","TD22040739","Item220407276","Electrical cleaner","40","each","10227570"
"1134","TD22040716","Item220407213","HEAVY DUTY DEGREASER 5L","40","each","10227572"
"1135","TD22040762","Item220407372","JIK 5L","10","each","10226061"
"1136","TD22040762","Item220407696","HANDY ANDY 5L","10","each","10226061"
"1137","TD22040762","Item220407521","VIM 10KG","1","each","10226061"
"1138","TD22040762","Item220407292","WASHING POWDER 25KG","1","each","10226061"
"1139","TD22040762","Item220407625","DISHWASHING LIQUID 5L","10","each","10226061"
"1140","TD22040762","Item220407639","TOILET CLEANER 5L","10","each","10226061"
"1141","TD22040762","Item220407978","RUST REMOVER 5L","10","each","10226061"
"1142","TD22040762","Item220407254","MUTTON CLOTH 2KG","5","each","10226061"
"1143","TD22040762","Item220407513","COBRA 5L","4","each","10226061"
"1144","TD22040762","Item220407266","AIR FRESHNER 150ML","20","each","10226061"
"1145","TD22040773","Item220407746","HP 973x Black toner cartridge","2","each","10226698"
"1146","TD22040773","Item220407910","HP 973x Yellow toner cartridge","2","each","10226698"
"1147","TD22040773","Item220407336","HP 973x Cyan toner cartridge","2","each","10226698"
"1148","TD22040773","Item220407696","HP 973X Magenta toner cartridge","2","each","10226698"
"1149","TD22040841","Item220408103","28 FIT ALUMINIUM EXTENSION LADDERS","4","each","10226459"
"1150","TD22040850","Item220408419","STATISTICS BOARD REINSTALLATION ","1","each","10226365"
"1151","TD2204087","Item220408619","CISCO 48 PORT SWITCH","3","each","10228208"
"1152","TD22041166","Item220411317","CLUTCHKIT ISUZU 5TH GEN","1","each","10226594"
"1153","TD22041159","Item220411119","STATISTICS BOARD REINSTALLATION ","1","each","10223543"
"1154","TD22041146","Item220411168","BRUSH CUTTER","4","each","10226463"
"1155","TD2204117","Item220411561","FIRE ALARMING SYSTEM INSTALLATION ","1","each","10227201"
"1157","TD22041160","Item220411322","LADDER EXT 38FT","4","each","10228008"
"1158","TD22041165","Item220411748","SAFETY PERFORMANCE BOARD","1","each","10226192"
"1159","TD22041165","Item220411167","EMERGENCY ASSEMBLY POINT","1","each","10226192"
"1160","TD22041165","Item220411259","REVERSE PARKING","4","each","10226192"
"1161","TD22041165","Item220411223","EMERGENCY EXIT","1","each","10226192"
"1162","TD22041165","Item220411392","FIRE POINT","5","each","10226192"
"1163","TD22041165","Item220411914","FIRST AID BOX","1","each","10226192"
"1164","TD22041165","Item220411384","EMEGENCY ALARM  CALL POINT","1","each","10226192"
"1165","TD22041165","Item220411551","DRINKING WATER","1","each","10226192"
"1166","TD22041165","Item220411271","WORKSHOP AREA","1","each","10226192"
"1167","TD22041165","Item220411883","LABELS OF OFFICE NAMES","4","each","10226192"
"1168","TD22041165","Item220411927","ABLUTION FACILITIES FOR GENTS AND LADIES","4","each","10226192"
"1169","TD22041165","Item22041164","ESCAPE ROUTES","5","each","10226192"
"1170","TD22041139","Item220411303","LADDER EXT 26FT","4","each","10225889"
"1171","TD22041139","Item220411213","LADDER 38FT","2","each","10225889"
"1172","TD22041125","Item220411669","STICK LINK 8 SECT EXPOXYRESIN TRIANG XSEC","1","each","10228002"
"1173","TD22041140","Item220411198","STICK LINK 8 SECT EXPOXYRESIN TRIANG XSEC","1","each","10228002"
"1174","TD22041442","Item220414579","MITSUBISHI L200 HEAD LAMP RH ","10","each","10226342"
"1175","TD22041442","Item220414139","MITSUBISH L200 SHOCK ABSORBER # MB176291","10","each","10226342"
"1176","TD22041442","Item220414353","MITSUBISHI L200 SHOCK ABSORBER MB111214","10","each","10226342"
"1177","TD22041425","Item220414615","MITSUBISHI L200 HEAD LAMP RH ","10","each","10226342"
"1178","TD22041425","Item22041439","MITSUBISH L200 SHOCK ABSORBER # MB176291","10","each","10226342"
"1179","TD22041425","Item220414348","MITSUBISHI L200 SHOCK ABSORBER MB111214","10","each","10226342"
"1180","TD22041917","Item220419871","SURGICAL MASKS","1500","each","10228702"
"1181","TD22041993","Item220419905","SURGICAL MASKS","1500","each","10228702"
"1182","TD22041974","Item220419353","SURGICAL MASKS","1500","each","10228702"
"1183","TD22041945","Item22041957","NISSAN NP300 SUCTION CONTROL VALVE","10","each","10226921"
"1184","TD22042020","Item220420473","NISSAN NP300 SUCTION CONTROL VALVE","10","each","10226921"
"1185","TD22042010","Item220420101","NISSAN NP300 SUCTION CONTROL VALVE","10","each","10226921"
"1186","TD22042036","Item220420420","MITSUBISH L200 STATER BRUSHES","50","each","10224217"
"1187","TD22042125","Item220421191","NISSAN UD CROONER OIL FILTER","10","each","10226911"
"1188","TD22042125","Item220421765","NISSAN UD CROONER AIR FILTER INNER","10","each","10226911"
"1189","TD22042125","Item220421492","NISSAN UD CROONER CHASSIS FILTER","10","each","10226911"
"1190","TD22042125","Item220421596","NISSAN UD CROONER OUTER AIR FILTER","10","each","10226911"
"1191","TD22042125","Item220421652","NISSAN UD CROONER DIESEL SEAL LIFT PUMP","10","each","10226911"
"1192","TD22042136","Item22042184","MITSUBISHI L200 HEAD LAMP RH ","10","each","10226342"
"1193","TD22042136","Item220421490","MITSUBISH L200 SHOCK ABSORBER # MB176291","10","each","10226342"
"1194","TD22042136","Item220421750","MITSUBISHI L200 SHOCK ABSORBER MB111214","10","each","10226342"
"1195","TD22042126","Item220421569","SURGICAL MASKS","1500","each","10227570"
"1196","TD22042145","Item220421766","ISUZU 5TH GENERATIN HT CABLES","10","each","10226916"
"1197","TD22042184","Item220421120","FUSE LUCY POLE UNIT 400A","3","each","10228979"
"1198","TD22042164","Item220421465","NISSAN NP300 YD25 STARTER MOTOR","10","each","10224454"
"1199","TD22042168","Item220421940","NISSAN NP300 YD25 STARTER MOTOR","3","each","10224454"
"1200","TD22042122","Item220421262","NISSAN NP300 CLUTCH FORK","10","each","10224530"
"1201","TD22042122","Item220421717","NISSAN NP300 FORK SPRING","10","each","10224530"
"1202","TD2204212","Item220421472","NISSAN NP300 CLUTCH FORK","10","each","10224530"
"1203","TD2204212","Item220421242","NISSAN NP300 FORK SPRING","10","each","10224530"
"1204","TD22042223","Item220422246","FUSE LUCY POLE UNIT 400A","3","each","10228979"
"1205","TD2204226","Item220422555","FUSE LUCY POLE UNIT 400A","3","each","10228979"
"1206","TD22042246","Item220422871","SURGICAL MASKS","1500","each","10228702"
"1207","TD22042238","Item22042251","HP 55A","20","each","10223016"
"1208","TD22042238","Item22042263","HP 05A","20","each","10223016"
"1209","TD22042273","Item220422261","FABRIC","44","each","10227253"
"1210","TD22042273","Item220422184","VOIL","50","each","10227253"
"1211","TD22042273","Item220422311","POLYCOTTON","75","each","10227253"
"1212","TD22042273","Item220422169","TAPE","51","each","10227253"
"1213","TD22042273","Item220422269","RINGS","306","each","10227253"
"1214","TD22042273","Item220422216","RODS","1","each","10227253"
"1215","TD22042273","Item220422258","LABOUR","1","each","10227253"
"1216","TD22042273","Item220422481","PRELIMINARY AND GENERAL","1","each","10227253"
"1217","TD22042547","Item220425823","HP 210A BLACK","4","each","10226677"
"1218","TD22042547","Item220425657","HP210A CYAN","2","each","10226677"
"1219","TD22042547","Item22042578","HP210A YELLOW","2","each","10226677"
"1220","TD22042547","Item220425269","HP MAGENTA","2","each","10226677"
"1221","TD22042574","Item220425159","TONER CARTRIDGE HP 131 CF210","1","each","10225125"
"1222","TD22042574","Item22042579","TONER CARTRIDGE HP 131 CF 211","1","each","10225125"
"1223","TD22042574","Item220425195","TONER CARTRIDGE HP131 CF 212","1","each","10225125"
"1224","TD22042574","Item220425101","TONER CARTRIDGE HP 131 CF 213","1","each","10225125"
"1225","TD22042572","Item220425812","ISUZU 5TH GENERATION TIMING BELT","10","each","10224448"
"1226","TD22042572","Item220425124","ISUZU 5TH GENERATION BRAKE PADS","5","each","10224448"
"1227","TD22042572","Item220425982","ISUZU 6TH GENERATION BRAKE PADS","5","each","10224448"
"1228","TD22042683","Item220426720","CIRCUIT BREAKER ANALYSER","1","each","10226474"
"1229","TD22042637","Item220426278","PORTABLE EARTH SETS 33KV","6","each","102264621"
"1230","TD22042690","Item220426817","TRANSFOMER TURNS RATIO METER","1","each","10226477"
"1231","TD22042692","Item220426918","CISCO 48 PORT SWITCH","3","each","10228208"
"1232","TD22042616","Item22042697","CISCO 4431 ROUTER","1","each","10228209"
"1233","TD22042616","Item220426659","CISCO 4331 ROUTER","1","each","10228209"
"1234","TD22042691","Item220426450","HPCF 410A (305A) BK TONERCARTRIDGES","4","each","10229175"
"1235","TD22042691","Item220426599","HPCF 411A (305) CYAN TONER CARTRIDGES","2","each","10229175"
"1236","TD22042691","Item220426154","HPCF 413A (305A) YELLOW TONER CARTRIDGES","2","each","10229175"
"1237","TD22042691","Item220426215","HPCF 412A (305A0 MAG TONER CARTRIDGES","2","each","10229175"
"1238","TD22042688","Item220426886","LUG CRIMPING 95MM X 16MM","500","each","10227790"
"1239","TD22042626","Item220426326","TWO POST HOIST ","1","each","10202263"
"1240","TD22042646","Item220426124","TRANSMISSION OIL ","50","litres","10224465"
"1241","TD22042646","Item220426762","HYDROLIC OIL ","210","litres","10224465"
"1242","TD22042685","Item220426934","TYRES 245/70 R16","30","each","10222924"
"1243","TD22042685","Item220426852","VALVE 413 TUBELESS","30","each","10222924"
"1244","TD22042649","Item220426689","FUEL PUMP ","10","each","10226918"
"1245","TD22042613","Item220426912","NISSAN UD70 CLUTCH KIT ","3","each","10226912"
"1246","TD2204277","Item220427939","CISCO 48 PORT SWITCH","3","each","10228208"
"1247","TD22042863","Item220428899","HPCF410A (305A) BK TONER CARTRIDGES","4","each","10229175"
"1248","TD22042863","Item22042839","HPCF 411A (305A) CYAN TONER CARTRIDGES","2","each","10229175"
"1249","TD22042863","Item220428628","HPCF 413(305A) YELLOW TONER CARTRIDGES","2","each","10229175"
"1250","TD22042863","Item220428226","HPCF 412A (305A) MAG TONER CARTRIGES","2","each","10229175"
"1251","TD22042812","Item220428170","CCTV REPLACEMENTS","1","each","10227178"
"1252","TD22050267","Item2205027","J-KIT 120-185MM2 PILC","20","each","10228478"
"1253","TD22050253","Item220502449","J-KIT 120-185MM2 XLPE","20","each","10228477"
"1254","TD22050325","Item220503931","CABLE TRENCHING","20","metres","10229551"
"1255","TD22050313","Item220503368","CABLE TRENCHING","40","metres","10229692"
"1256","TD22050582","Item220505992","DIGITAL MULTIMETER","13","each","10228096"
"1257","TD22050576","Item220505880","FUSE UNIT 32A TYPE NSP","9","each","10229133"
"1258","TD22050553","Item220505149","INSUL SHACKLE","36","each","10227885"
"1259","TD22050553","Item22050571","BOLT & NUT M12X120","30","each","10227885"
"1260","TD22050518","Item220505591","FUSE CARRIER 200/400A","9","each","10227888"
"1261","TD22050518","Item220505976","FUSE LUCY POLE 400A","12","each","10227888"
"1262","TD22050631","Item220506110","stay plate galv 5/8 16mm","35","each","10228692"
"1263","TD22050631","Item220506583","WIRE GALV 7/8","800","each","10228692"
"1264","TD22050631","Item220506616","ELECTRIC SOLDERING IRON ","35","each","10228692"
"1265","TD22050617","Item220506972","FUSE CARRIER 200/400A","9","each","10227888"
"1266","TD22050617","Item220506251","FUSE LUCY POLE 400A","12","each","10227888"
"1267","TD2205061","Item220506529","LUG CRIMPING 120MM X 20MM","24","each","10228640"
"1268","TD2205061","Item220506150","LUG CRIMPING 35MM X 12MM ","3","each","10228640"
"1269","TD2205061","Item220506987","STAY PLATE 5/8 16MM","4","each","10228640"
"1270","TD2205061","Item22050652","STAY WASHER SQUARE 16MM","4","each","10228640"
"1271","TD2205062","Item220506818","INSUL DISC PORCELAIN","30","each","10228687"
"1272","TD2205062","Item220506744","STAY PLATE 5/8 16MM","5","each","10228687"
"1273","TD2205062","Item220506871","WIRE GALV STAY 7/10","500","each","10228687"
"1274","TD2205066","Item220506205","NISSAN NP300 YD25 INJECTORS","8","each","10226925"
"1275","TD2205068","Item220506695","NISSAN NP300 YD25 INJECTORS","8","each","10226925"
"1276","TD22050620","Item22050673","NISSAN NP300 BRAKE DRUM & SHOES","10","each","10224532"
"1277","TD2205064","Item220506267","NISSAN NP300 YD25 INJECTORS","6","each","10226913"
"1278","TD22050976","Item220509512","SAFETY BELTS ","5","each","10225219"
"1279","TD22050967","Item220509614","INSUL DISC PORCELAIN","30","each","10228687"
"1280","TD22050967","Item220509892","STAY PLATE 5/8 16MM","5","each","10228687"
"1281","TD22050967","Item220509822","WIRE GALV STAY 7/10","500","each","10228687"
"1282","TD2205094","Item220509830","INSUL DISC PORCELAIN","30","each","10228687"
"1283","TD2205094","Item220509252","STAY PLATE 5/8 16MM","5","each","10228687"
"1284","TD2205094","Item220509371","WIRE GALV STAY 7/10","500","each","10228687"
"1285","TD22050964","Item220509678","INSUL DISC PORCELAIN","200","each","10228690"
"1286","TD22050946","Item220509485","TYRES 175/70R13","20","each","10228230"
"1287","TD22050946","Item220509263","TUBELESS VALVE 413","20","each","10228230"
"1288","TD22050924","Item220509877","TYRES 175/70R13","20","each","10228230"
"1289","TD22050924","Item220509921","TUBELESS VALVE 413","20","each","10228230"
"1290","TD22050938","Item220509734","STAY WASHER 5/8 16MM","6","each","10224959"
"1291","TD22050938","Item220509627","STAY BOW 5/8 16MM","6","each","10224959"
"1292","TD22050938","Item220509471","STAY ROD 16MM 5/8","6","each","10224959"
"1293","TD22050938","Item220509622","STAY PLATE  5/8 16MM","6","each","10224959"
"1294","TD22050917","Item220509678","WIRE GALV STAY 7/10","100","each","10229136"
"1295","TD22050917","Item220509941","EYE BOLT M16X180","12","each","10229136"
"1296","TD22050965","Item220509334","NISSAN NP300 BRAKE DRUM & SHOES","10","each","10224532"
"1297","TD22050956","Item22050987","NISSAN NP300 BRAKE DRUM & SHOES","10","each","10224532"
"1298","TD22050970","Item220509189","NISSAN NP300 BRAKE DRUM & SHOES","10","each","10224532"
"1299","TD22051130","Item220511354","SAFETY SHOES SIZE 3,4,5,6,7,8 & 9","100","each","10223613"
"1300","TD22051147","Item220511870","ZIMBABWE NATIONAL FLAG","30","each","10225382"
"1301","TD22051111","Item22051150","STRAP SHACKLE MV 16MM BOLT","300","each","10229778"
"1302","TD2205119","Item220511916","CRIMPING LUGS 185X16MM","500","each","10229776"
"1303","TD22051193","Item220511192","CRIMPING LUGS 185X12","500","each","10229775"
"1304","TD22051198","Item220511620","J-KIT 120-185MM2 XLPE","20","each","10229679"
"1305","TD22051121","Item220511786","JOINTING KIT 120-185MM2 3C 11KV PILC","20","each","10229777"
"1306","TD22051173","Item220511534","FLASHER UNIT","5","each","10227297"
"1307","TD22051166","Item22051145","FLASHER UNIT","5","each","10227297"
"1308","TD22051184","Item220511973","RELAY ASSY FLASH","20","each","10227296"
"1309","TD22051184","Item220511592","BULB # 264590","100","each","10227296"
"1310","TD22051184","Item220511940","BULB # 264591","100","each","10227296"
"1311","TD22051117","Item220511921","MITSUBISH L200 COLUMN SWITCH","5","each","10227302"
"1312","TD22051116","Item220511830","ISUZU KB 5TH GEN HT CABLES ","10","each","10226919"
"1313","TD22051118","Item220511222","BATTERY TERMINALS","50","each","10227312"
"1314","TD22051161","Item22051141","MITSUBISH L200 HEAD LAMP RH","10","each","10226342"
"1315","TD22051161","Item220511980","MITSUBISH SHOCK ABSORBER MB176291","10","each","10226342"
"1316","TD22051161","Item220511720","MITSUBISH SHOCK ABSORBER MB111214","10","each","10226342"
"1317","TD22051171","Item220511865","CRIMPING LUGS 185mmX12mm","500","each","10229775"
"1318","TD22051170","Item220511885","STRAP SHACKLE MV 16MM BOLT","300","each","10229778"
"1319","TD22051165","Item220511580","MITSUBISH L200 STARTER BUSHES ","50","each","10224217"
"1320","TD22051220","Item22051276","XEROX VERSALINK C7025 DRUM R1","2","each","10227455"
"1321","TD22051220","Item220512697","XEROX VERSALINK C7025 R2","2","each","10227455"
"1322","TD22051220","Item220512497","XEROX VERSALINK C7025 R3","2","each","10227455"
"1323","TD22051220","Item220512385","XEROX VERSALINK C7025 R4","2","each","10227455"
"1324","TD22051242","Item220512817","XEROX VERSALINK C7025 DRUM R1","2","each","10227455"
"1325","TD22051242","Item220512843","XEROX VERSALINK C7025 R2","2","each","10227455"
"1326","TD22051242","Item220512581","XEROX VERSALINK C7025 R3","2","each","10227455"
"1327","TD22051242","Item22051229","XEROX VERSALINK C7025 R4","2","each","10227455"
"1328","TD22051288","Item220512898","ZIMBABWE NATIONAL FLAG","30","each","10225382"
"1329","TD22051292","Item220512903","ZESA FLAG WIRH RAISING AND LOWERING TOGG","30","each","10225383"
"1330","TD2205182","Item220518899","FUSE LUCY POLE UNIT 400A 440V TYPE MCB","15","each","10230130"
"1331","TD22051846","Item220518400","FUSE LUCY POLE UNIT 400A 440V TYPE MCB","15","each","10230132"
"1332","TD22051815","Item220518718","FUSE LUCY POLE UNIT 400A 440V TYPE MCB","15","each","10230130"
"1333","TD22051862","Item220518159","XEROX VERSALINK  YELLOW","6","each","10227454"
"1334","TD22051862","Item220518409","XEROX VERSALINK CYAN","3","each","10227454"
"1335","TD22051862","Item22051842","XEROX VERSALINK MAGENTA","3","each","10227454"
"1336","TD22051862","Item220518176","XEROX VERSALINK BLACK","3","each","10227454"
"1337","TD22051947","Item220519921","J/KITS 120-185MM2 3C 11KV PILC","10","each","10230582"
"1338","TD22051947","Item220519112","J/KITS 120-185MM2 3C 11KV XLPE","10","each","10230582"
"1339","TD22051972","Item220519211","CABLE RECOVERY ","500","metres","10229745"
"1340","TD22051962","Item220519521","CABLE TRENCHING","350","each","10226880"
"1341","TD22051934","Item220519756","CABLE TRENCHING","20","each","10230111"
"1342","TD2205192","Item220519464","CABLE TRENCHING","50","each","10230021"
"1343","TD22051915","Item220519330","CABLE TRENCHING","200","each","10226314"
"1344","TD22052029","Item220520768","ROOF  REPAIRS","1","each","10227568"
"1345","TD22052080","Item220520406","DUST SUCTION/ CLEANING ","1","each","10229193"
"1346","TD22052025","Item220520722","SURGICAL MASKS","1500","each","10228702"
"1347","TD22052088","Item220520429","GEARBOX OIL ","210","each","10226928"
"1348","TD22052030","Item220520385","BRANDED SHIRTS","40","each","10221542"
"1349","TD22052086","Item220520660","NISSAN NP300 SUCTION CONTROL VALVE","10","each","10226921"
"1350","TD22052055","Item220520531","NISSAN NP300 IDLER ARM ","10","each","10226924"
"1351","TD22052018","Item220520909","NISSAN NP300 YD25 TIE ROD ","20","each","10226926"
"1352","TD2205207","Item220520820","TYRE 215 R 15","40","each","10222922"
"1353","TD2205207","Item220520840","TUBELESS VALVE 413","40","each","10222922"
"1354","TD22052014","Item220520880","SUPPLY AND FIT  CURTAINS","1","each","10229735"
"1355","TD2205209","Item22052062","TYRE 11R22.5","6","each","10222750"
"1356","TD22052074","Item22052020","TYRES 245/70R16","30","each","10222924"
"1357","TD22052074","Item220520687","TUBELESS VALVE 413","30","each","10222924"
"1358","TD22052077","Item220520481","NAVY BLUE HATS","20","each","10228110"
"1359","TD22052071","Item220520151","TIE ROD END OUTER ","50","each","10225012"
"1360","TD22052071","Item220520114","UPPER CONTROL ARM ","20","each","10225012"
"1361","TD22052063","Item220520595","NISSAN NP300 OIL COOLER","5","each","10226923"
"1362","TD22052022","Item220520965","NISSAN UD70 CHASSIS FILTER","10","each","10226921"
"1363","TD22052022","Item22052015","NISSAN UD90 CHASSIS FILTER","10","each","10226921"
"1364","TD22052064","Item220520322","NISSAN YD25 INJECTORS","8","each","10226925"
"1365","TD22052050","Item220520561","SLEEVE CRIMPING 185MM2","500","each","10230411"
"1366","TD22052036","Item22052078","SLEEVE CRIMPING 95MM2","500","each","10230410"
"1367","TD22052037","Item220520864","SLEEVE CRIMPING 185MM2","500","each","10229677"
"1368","TD2205208","Item220520713","SLEEVE CRIMPING 150MM2","500","each","10230413"
"1369","TD22052013","Item220520816","LUG CRIMPING 185MM X 12MM","500","each","10230408"
"1370","TD22052070","Item2205202","LUG CRIMPING 185MM X 16MM","500","each","10230409"
"1371","TD22052015","Item220520480","FERRULE SHEAR BOLTS 50-240MM2","50","each","10230245"
"1372","TD22052024","Item220520887","JOINTING KIT 120-185MM2 3C 11KV PILC","20","each","10230244"
"1373","TD22052130","Item220521945","WIRE GALV STAY 45 TON 7/12 STRAIN ","700","each","10229651"
"1374","TD2205213","Item220521986","WIRE GALV STAY 45 TON 7/12 STRAIN ","700","each","10229651"
"1375","TD22052169","Item220521342","CLAMP  G/TYPE 100MM","15","each","10230220"
"1376","TD22052169","Item220521743","INSUL DISC PORCELAIN 254 MM DIA 44KN","15","each","10230220"
"1377","TD22052118","Item220521204","CLAMP  G/TYPE 100MM","15","each","10230220"
"1378","TD22052118","Item220521435","INSUL DISC PORCELAIN 254 MM DIA 44KN","15","each","10230220"
"1379","TD22052141","Item220521518","STRAP SHACKLE MV C/W 16 MM BOLTS","300","each","10229778"
"1380","TD22052115","Item220521710","JOINTING KIT 120-185MM2 3C 11KV XLPE","20","each","10230553"
"1381","TD22052142","Item220521155","INSUL DISC PORCELAIN","246","each","10229975"
"1382","TD22052161","Item220521419","GUN CLAMP 50-100MM2 CAST IRON ","100","each","10229977"
"1383","TD22052161","Item220521942","STRAP TWISTED SHACKLE 16MM BOLT","80","each","10229977"
"1384","TD22052161","Item220521145","CHANNEL X-ARM ","24","each","10229977"
"1385","TD22052171","Item220521124","PIN INSUL 11KV GALV L/SHANK SMALL","500","each","10229780"
"1386","TD22052156","Item220521747","PIN INSUL 11KV GALV L/SHANK SMALL","500","each","10229780"
"1387","TD22052198","Item22052113","STAY WASHER 5/8 16MM","80","each","10229979"
"1388","TD22052144","Item220521696","WIRE GALV STAY 7/10","2000","each","10229981"
"1389","TD22052144","Item220521481","WIRE GALV 7/14","7000","each","10229981"
"1390","TD22052125","Item220521409","INSULATOR POLYMER STRING","150","each","10230430"
"1391","TD22052329","Item220523247","WIRE GALV STAY 45 TON 7/12 STRAIN ","700","each","10229651"
"1392","TD22052385","Item220523960","PIN INSUL 11KV GALV L/SHANK SMALL","500","each","10229780"
"1393","TD22052318","Item220523590","PIN INSUL 11KV GALV L/SHANK SMALL","500","each","10229780"
"1394","TD22052338","Item220523607","PIN INSUL 11KV GALV L/SHANK SMALL","500","each","10229781"
"1395","TD22052339","Item22052365","NISSAN UD70 CHASSIS FILTER","10","each","10226922"
"1396","TD22052339","Item220523979","NISSAN UD90 CHASSIS FILTER","10","each","10226922"
"1397","TD22052398","Item220523762","RING MAIN UNIT 2 WAY ","1","each","10226411"
"1398","TD22052326","Item220523188","RING MAIN UNIT 2 WAY ","1","each","10225613"
"1399","TD22052375","Item220523995","SURGICAL MASKS","1500","each","10228702"
"1400","TD22052396","Item220523420","SURGICAL MASKS","1500","each","10228702"
"1401","TD22052364","Item220523932","ALL IN ONE INTERACTIVE LED SCREEN","1","each","10229670"
"1402","TD22052355","Item220523221","CISCO 48 PORT SWITCH","3","each","10228208"
"1403","TD22052370","Item220523369","STAY WASHER 5/8 16MM","80","each","10229979"
"1404","TD22052357","Item220523440","SUCTION CONTRL VALVE","10","each","10226921"
"1405","TD2205231","Item220523141","BATTERY TERMINALS","50","each","10227312"
"1406","TD22052389","Item220523854","NISSAN NP300 YD25 OIL COOLER ","5","each","10226923"
"1407","TD22053162","Item220531110","CABLE TRENCHING","100","metres","10230059"
"1408","TD22053195","Item220531601","CABLE TRENCHING","200","metres","10226314"
"1409","TD22060110","Item220601127","HP  LASER JET ENTERPRISE MFP m 528 dn","1","each","10230578"
"1410","TD22060162","Item220601776","CABLE TRENCHING","50","metres","10230011"
"1411","TD22060141","Item220601816","12 000 BTU'S AIRCON","3","each","10229131"
"1412","TD22060141","Item220601561","48 000 BTU'S AIRCON","1","each","10229131"
"1413","TD22060138","Item220601932","PLATFORM FOR 2 POLE TRANSFORMER","1","each","10230935"
"1414","TD22060138","Item220601125","XARM STRAIN 100 X 50 X 32 CHANNEL00","3","each","10230935"
"1415","TD22060112","Item220601230","PLATFORM FOR 2 POLE TRANSFORMER","1","each","10230935"
"1416","TD22060112","Item220601641","XARM STRAIN 100 X 50 X 32 CHANNEL00","3","each","10230935"
"1417","TD2206018","Item220601446","BOLTS AND NUTS  GALV M16","3","each","10230932"
"1418","TD2206018","Item220601161","BOLTS AND NUTS GALV M16 X 160","4","each","10230932"
"1419","TD2206018","Item220601675","BOLTS AND NUTS M16 X 300","8","each","10230932"
"1420","TD22060152","Item220601233","INSUL DISC PORCELAIN 254 DIA 44KN","6","each","10230931"
"1421","TD22060152","Item220601245","EYE BOLT M16 X 180","6","each","10230931"
"1422","TD22060152","Item220601191","LUG CRIMPING 185 MM X  20MM","6","each","10230931"
"1423","TD22060237","Item220602585","BOLTS AND NUTS  GALV M16  X 100","3","each","10230932"
"1424","TD22060237","Item220602853","BOLTS AND NUTS GALV M16 X 160","4","each","10230932"
"1425","TD22060237","Item22060248","BOLTS AND NUTS M16 X 300","8","each","10230932"
"1426","TD22060253","Item220602447","12 000 BTU'S AIRCON","3","each","10229131"
"1427","TD22060253","Item220602723","48 000 BTU'S AIRCON","1","each","10229131"
"1428","TD22060299","Item220602800","SERVICE AND REPAIR OF 24 000 BTU'S","1","each","10217208"
"1429","TD22060299","Item22060293","SERVICE AND REPAIR 240   BTU'S","1","each","10217208"
"1430","TD22060299","Item220602872","SERVICE AND REPAIR 24 000 BTU'S","1","each","10217208"
"1431","TD22060299","Item220602117","SERVICE AND REPAIR LG","1","each","10217208"
"1432","TD22060240","Item220602135","SUPPLY AND FIT  CURTAINS","1","each","10229735"
"1433","TD22060217","Item220602892","XARM STRAIN 100 X BOXED 3200 MM LON50 MM ","7","each","10230672"
"1434","TD22060217","Item220602161","XARM CHANNEL STRAIN 11KV 2600 MM WD H PO","5","each","10230672"
"1435","TD22060217","Item22060276","XARM BOXED EARTHWIRE 33 KV 1730 X 100","7","each","10230672"
"1436","TD22060337","Item220603115","CABLE TRENCHING","250","metres","10230963"
"1437","TD22060314","Item220603778","CABLE TRENCHING","100","metres","10230961"
"1438","TD22060365","Item220603394","LINK STICKS 8 SECT EPOXY RESIN TRIANG XSEC","1","each","10228002"
"1439","TD22060333","Item220603760","CABLE TRENCHING","20","metres","10226320"
"1440","TD22060378","Item220603394","CABLE TRENCHING","15","each","10228201"
"1441","TD2206036","Item220603535","WORKERS COMMITTEE TRAINING","1","each","10231040"
"1442","TD22060387","Item220603480","CABLE TRENCHING","10","each","10226316"
"1443","TD22060344","Item220603773","CABLE TRENCHING","10","each","10226316"
"1444","TD22060358","Item220603213","CABLE TRENCHING","15","each","10226321"
"1445","TD22060324","Item220603509","CABLE TRENCHING","15","each","10226317"
"1446","TD22060343","Item220603758","WASHER ROUND TAPER GALV 16 MM 5/8","150","each","10230677"
"1447","TD22060343","Item220603846","BUCKLES 5/8 16 MM","100","each","10230677"
"1448","TD22060343","Item220603519","BANDIT STRAPPING 16 M H/G","3","each","10230677"
"1449","TD2206034","Item220603807","STAY WASHER  1000 X 100MM GAL 16 MMSQUARE","34","each","10230670"
"1450","TD2206034","Item220603678","BOLTS& NUTS GALV M 16 X 300","44","each","10230670"
"1451","TD2206034","Item220603202","BOLT & NUT GALVANISED M 16 X 200","18","each","10230670"
"1452","TD22060715","Item220607460","WIRE GALV STAY 7/10 STRAIN ","680","each","10230671"
"1453","TD22060715","Item220607783","WIRE GALV STAY 45 TON 7/14'' STRAIN''","2540","each","10230671"
"1454","TD22060815","Item22060847","STRAP TWISTED SHACKLE 16 MM BOLTS ","30","each","10230673"
"1455","TD22060815","Item220608702","CLAMP STRN. G/TYPE EA6 3 BOLT 100MM","69","each","10230673"
"1456","TD22060815","Item22060831","CLAMP STRN. S/TYPE .12/.38SCA UTS 80","30","each","10230673"
"1457","TD22060815","Item220608784","CLAMP STRN SNAIL.ESC.025","20","each","10230673"
"1458","TD22060815","Item220608739","CLAMP STRN.G/TYPE 2 BOLT 50 MM","20","each","10230673"
"1459","TD22060815","Item220608364","CLAMP SUSPENSION 16 MM","10","each","10230673"
"1460","TD22060850","Item220608495","TONNER HP 55A","20","each","10223016"
"1461","TD22060850","Item220608254","TONNER HP 05A","20","each","10223016"
"1462","TD22060866","Item220608794","CLAMP  G/TYPE 100MM","15","each","10230220"
"1463","TD22060866","Item22060821","INSUL DISC PORCELAIN 254 MM DIA 44KN","15","each","10230220"
"1464","TD2206147","Item220614204","VOIP IP HANDSETS ","4","each","10225691"
"1465","TD2206147","Item220614757","HANDS FREE SPEAKER TELEPHONE ANALOGUE","2","each","10225691"
"1466","TD22061482","Item220614325","HPCE411A 305A CYAN ","4","each","10229175"
"1467","TD22061482","Item220614906","HPCE412A 305A YELLOW","2","each","10229175"
"1468","TD22061482","Item220614659","HPCE413A 305A MAGENTA","2","each","10229175"
"1469","TD22061482","Item220614688","HPCE410A 305A BLACK","2","each","10229175"
"1470","TD22061571","Item22061514","VOIP IP HANDSETS","4","each","10225691"
"1471","TD22061571","Item220615468","HANDS FREE SPEAKER TELEPHONE ANALOGUE","2","each","10225691"
"1472","TD22061594","Item220615110","BOARD MV 6 WAY","1","each","10231385"
"1473","TD22061522","Item220615851","BOARD MV 6 WAY","1","each","10231385"
"1474","TD22061519","Item220615594","REFURBISHMENT OF STATICSTICS BOARDS","11","each","10228587"
"1475","TD22061765","Item220617550","IRON D-3.5SHACKLE TYPE INSUL. DWG","1000","each","10231186"
"1476","TD22061715","Item220617218","MCB S/P AC 60AMP","1000","each","10231026"
"1477","TD22062037","Item220620991","3 PLY SURGICAL FACE MASK","1450","each","10231435"
"1478","TD22062035","Item220620806","FIX AND SUPPLY PRECAST WALL","1","each","10231021"
"1479","TD22062095","Item220620772","FIX AND SUPPLY PRECAST WALL","1","each","10231021"
"1480","TD22062077","Item220620720","CURTAINS AND CURTAIN RODS","1","each","10230018"
"1481","TD22062281","Item220622592","JOINTING KIT 120-185MM2 3C 11KV XLPE","4","each","10231090"
"1482","TD22062281","Item220622850","JOINTING KIT 120-185MM2 3C 11KV PILC","4","each","10231090"
"1483","TD22062259","Item220622724","INSUL SHACKLE","1000","each","10231185"
"1484","TD22062229","Item220622695","FUSE LUCY POLE UNIT ","21","each","10231016"
"1485","TD22062314","Item220623115","HR MARK OUT CARDS","2500","each","10230153"
"1486","TD22062711","Item220627341","WINDING RESISTANCE TESTER","1","each","10226480"
"1487","TD22062777","Item220627620","CLAMP STRN G/TYPE 3 BOLT 100MM","15","each","10230220"
"1488","TD22062777","Item22062781","INSUL DISC PORCELAIN ","15","each","10230220"
"1489","TD22062728","Item220627988","D-IRON","36","each","10231204"
"1490","TD22062728","Item220627387","BOLT & NUT M16X180","25","each","10231204"
"1491","TD22062938","Item220629594","REFLECTIVE VESTS","150","each","10228548"
"1492","TD22062992","Item220629586","CABLE TRENCHING","50","metres","10231757"
"1493","TD22062993","Item220629355","CABLE TRENCHING","250","metres","10231753"
"1494","TD22062926","Item220629529","HP OMEN 17.3'' TOUCH LAPTOP","1","each","10226432"
"1495","TD22062954","Item220629383","HR MARK OUT CARDS","2500","each","10230153"
"1496","TD22070424","Item220704189","HP OMEN 17.3'' TOUCH LAPTOP","1","each","10226432"
"1497","TD22070472","Item220704236","THRUST BORING","20","metres","10232573"
"1498","TD22070450","Item220704293","CABLE TRENCHING","13","metres","10228987"
"1499","TD22070488","Item220704609","CURTAINS AND CURTAIN RODS","1","each","10230018"
"1500","TD22070494","Item220704280","LUG CRIMPING 120MM X 20MM","24","each","10228640"
"1501","TD22070494","Item220704837","LUG CRIMPING 35MM X 12MM ","3","each","10228640"
"1502","TD22070494","Item220704741","STAY PLATE 5/8 16MM","4","each","10228640"
"1503","TD22070494","Item220704938","STAY WASHER SQUARE 16MM","4","each","10228640"
"1504","TD22070427","Item220704753","INSUL DISC PORCELAIN","30","each","10228687"
"1505","TD22070414","Item220704715","stay plate galv 5/8 16mm","35","each","10228692"
"1506","TD22070414","Item220704912","WIRE GALV 7/8","640","each","10228692"
"1507","TD22070414","Item220704410","STAY WASHER SQUARE 1000 X 100MM 16MM","35","each","10228692"
"1508","TD22070429","Item220704791","JOINTING KIT 240-300MM2 3C 11KV PILC","10","each","10232112"
"1509","TD2207048","Item220704973","JOINTING KIT 120-185MM2 3C 11KV PILC","20","each","10228478"
"1510","TD22070590","Item220705799","26 A TONER CARTRIDGE","3","each","10232140"
"1511","TD22070550","Item220705857","JOINTING KIT 120-185MM2 3C 11KV XLPE","20","each","10228477"
"1512","TD22070617","Item220706281","LADDER EXTENSION 28FT 9M EXTENDABLE","59","each","10232687"
"1513","TD22070662","Item220706415","EYE BOLT M16X180","60","each","10228682"
"1514","TD22070662","Item220706869","STAY PLATE 5/8 16MM","25","each","10228682"
"1515","TD22070662","Item220706612","D-IRON","60","each","10228682"
"1516","TD22070673","Item220706801","LADDER EXT 38FT","18","each","10232656"
"1517","TD22070670","Item220706593","LADDER EXT 26FT","20","each","10232657"
"1518","TD22070625","Item220706284","LADDER EXT 36FT","18","each","10232656"
"1519","TD22070696","Item220706353","REPAIR AND SERVICE AIRCON","2","each","10232345"
"1520","TD22070635","Item220706776","LINK STICKS","4","each","10226465"
"1521","TD2207073","Item220707249","XEROX VERSALINK  YELLOW","6","each","10227454"
"1522","TD2207073","Item220707370","XEROX VERSALINK CYAN","3","each","10227454"
"1523","TD2207073","Item22070777","XEROX VERSALINK MAGENTA","3","each","10227454"
"1524","TD2207073","Item220707385","XEROX VERSALINK BLACK","3","each","10227454"
"1525","TD22070763","Item22070789","HP  LASER JET  MFP m 428 fdw","1","each","10230578"
"1526","TD22070873","Item220708388","HP  LASER JET  MFP m 428 fdw","1","each","10230578"
"1527","TD22070812","Item220708973","VOIP HANDSETS","4","each","10223111"
"1528","TD22070877","Item22070826","VOIP HANDSETS","4","each","10223111"
"1529","TD22070821","Item220708616","HANDFREE ANALOGUE","9","each","10221155"
"1530","TD22070897","Item220708259","HANDFREE ANALOGUE","9","each","10221155"
"1531","TD2207127","Item220712834","12 000 BTU'S AIRCON","3","each","10229131"
"1532","TD2207127","Item220712948","48 000 BTU'S AIRCON","1","each","10229131"
"1533","TD2207123","Item22071226","CURTAINS AND RODS","1","each","10230018"
"1534","TD22071369","Item220713108","I.D CARDS","45","each","10232126"
"1535","TD22071331","Item220713703","I.D CARDS","45","each","10232126"
"1536","TD22071422","Item220714402","HANDFREE ANALOGUE","9","each","10221155"
"1537","TD22071497","Item220714449","VOIP HANDSETS","4","each","10223111"
"1538","TD22071439","Item220714956","FUSE LUCY POLE UNIT 400A 440V TYPE MCB","12","each","10228998"
"1539","TD22071426","Item220714492","EARTH CLAMP CONNECTOR 11KV","10","each","10226558"
"1540","TD22071475","Item220714379","EARTH CLAMP CONNECTOR 11KV","10","each","10226558"
"1541","TD22071475","Item22071440","ACB 250A 600V 3 PHASE","1","each","10226558"
"1542","TD22071475","Item220714189","5/8 EARTH RODS/ SPIKES","5","each","10226558"
"1543","TD22071475","Item220714767","TXF PLATFORM 11 KV 4 POLE","1","each","10226558"
"1544","TD22071447","Item220714127","SAFETY SHOES ","100","each","10223613"
"1545","TD22071414","Item220714725","EYE BOLT M 16 X 180","60","each","10228682"
"1546","TD22071414","Item220714407","STAY PLATE GALV 5/8 X 6MM","25","each","10228682"
"1547","TD22071414","Item220714780","IRON D 3.5 SHACKLE TYPE INSUL DWG","25","each","10228682"
"1548","TD22071424","Item220714944","INSPECTION AND REPAIR OF FIRE ALARM","1","each","10232636"
"1549","TD2207146","Item220714345","WOODEN GUARD ROOMS","4","each","10230147"
"1550","TD22071816","Item22071852","CABLE, 120MM2 4C CU PVC/SWA 660V","30","each","10221494"
"1551","TD22071849","Item220718622","FERRULE SHEAR BOLTS 50-240MM2","50","each","10231896"
"1552","TD22071877","Item220718555","RING MAIN UNIT","2","each","10231384"
"1553","TD22071979","Item220719573","METAL CLAD STEEL SUBSTATION KIOSK","1","each","10232754"
"1554","TD22071938","Item220719199","BOARD MV 8- WAY","1","each","10232755"
"1555","TD22071964","Item220719321","BOARD MV 8-WAY","1","each","10232755"
"1556","TD22071929","Item220719670","METAL CLAD STEEL SUBSTATION KIOSK","1","each","10232754"
"1557","TD2207224","Item220722506","GUARDROOMS","3","each","10233255"
"1558","TD22072237","Item220722573","GUARDROOMS","3","each","10233255"
"1559","TD22072283","Item22072286","LINK STICKS 8 SECT EPOXY RESIN TRIANG XSEC","1","each","10232985"
"1560","TD22072244","Item22072295","LUG CRIMPING 185MM X 12MM","20","each","10228457"
"1561","TD22072244","Item220722395","BOLTS AND NUTS GALV M12 X 50","24","each","10228457"
"1562","TD22072244","Item220722876","BOLTS AND NUTS M16 X 70","24","each","10228457"
"1563","TD22072260","Item220722710","TERM KITS 120-185MM 3C PILC O/D","20","each","10225940"
"1564","TD22072241","Item220722898","JOINTING KITS 50-95 MM2 3C 11KV PILC","20","each","10230939"
"1565","TD22072225","Item220722925","REFUSE COLLECTION FOR 6 MONTHS","1","each","10228920"
"1566","TD22072266","Item220722180","CRIMPING LUGS 95X16MM","500","each","102277990"
"1567","TD22072255","Item220722117","REPAIR 33KV AND MODIFY NEUTRAL CURRENT TRANSFORMER","1","each","10231371"
"1568","TD22072256","Item220722141","QUARY STONES","140","each","10232977"
"1569","TD22072226","Item220722713","CRIMPING SLEEVES 120MM2","300","each","10231523"
"1570","TD22072218","Item220722936","DISHWASHING LIQUID","50","each","10233412"
"1571","TD22072257","Item220722738","SANITIZER LIQUID ","100","each","10233408"
"1572","TD22072257","Item220722824","SANITIZER GEL","20","each","10233408"
"1573","TD22080294","Item220802490","SURGICAL FACE MASKS","1500","each","10233516"
"1574","TD22080266","Item220802509","SURGICAL FACE MASKS","1500","each","10233516"
"1575","TD22080364","Item220803918","WOODEN GUARD ROOMS","3","each","10233255"
"1576","TD22080381","Item220803704","REPAIR CEILING WATER PIPES","1","each","10229832"
"1577","TD22080596","Item220805893","HP CF540A","2","each","10232684"
"1578","TD22080596","Item220805765","HP CF 541A","1","each","10232684"
"1579","TD22080596","Item220805490","HP CF 542A","1","each","10232684"
"1580","TD22080596","Item220805433","HP CF 543A","1","each","10232684"
"1581","TD22080548","Item22080536","INSPECTION AND REPAIR OF FIRE ALARM","1","each","10232636"
"1582","TD2208055","Item220805647","METAL CLAD STEEL SUBSTATION KIOSK ","2","each","10231388"
"1583","TD22080579","Item220805820","HP CE 410A","4","each","10233705"
"1584","TD22080579","Item220805987","HP CE 411A","2","each","10233705"
"1585","TD22080579","Item220805835","HP CE 412A","2","each","10233705"
"1586","TD22080579","Item220805722","HP CE 413A","2","each","10233705"
"1587","TD22080554","Item220805786","TRENCHING","1","each","10234350"
"1588","TD22080519","Item22080578","TRENCHING","1","each","10226498"
"1589","TD22080587","Item220805202","TRENCHING","1","each","10234292"
"1590","TD22081015","Item220810973","VOIP IP HANDSETS","2","each","10226401"
"1591","TD22081095","Item220810402","VOIP IP HANDSETS","2","each","10226401"
"1592","TD22081010","Item22081085","VOIP IP HANDSETS","2","each","10226401"
"1593","TD22081126","Item220811299","BRANDED SHIRTS","40","each","10221542"
"1594","TD22081116","Item220811206","48 000 BTUS AIRCON","1","each","10233938"
"1595","TD22081197","Item220811638","12 000 BTU'S AIRCON","3","each","10233940"
"1596","TD2208114","Item220811251","HP 72 YELLOW INK 130","3","each","10233715"
"1597","TD2208114","Item220811297","HP 72 GREY INK 130","5","each","10233715"
"1598","TD2208114","Item220811823","HP 72 CYAN 130","2","each","10233715"
"1599","TD2208114","Item22081143","HP 72 MAGENTA 130","3","each","10233715"
"1600","TD2208114","Item220811218","HP MATTE BLACK 130","3","each","10233715"
"1601","TD2208114","Item220811330","BOND ROLLS 84ML X 50 ML","20","each","10233715"
"1602","TD22081229","Item220812914","sleeve crimping 185mm2","50","each","10234144"
"1603","TD22081229","Item220812421","sleeve crimping 150mm2","50","each","10234144"
"1604","TD22081229","Item220812346","sleeve crimping 120mm2","50","each","10234144"
"1605","TD22081229","Item220812681","sleeve crimping 95mm2","50","each","10234144"
"1606","TD22081265","Item22081230","Ferrule shear bolts 50-240mm2","50","each","10234143"
"1607","TD22081654","Item220816270","Rear brake shoe assembly","6","each","10221920"
"1608","TD22081879","Item220818776","VISION ZERO BROUCHER ","1400","each","10234603"
"1609","TD22081810","Item220818397","DIENEL A5 NOTEBOOK","100","each","10234818"
"1610","TD22081810","Item220818758","PRODOX PENS","100","each","10234818"
"1611","TD22081810","Item220818506","WATER BOTTLES","100","each","10234818"
"1612","TD22081863","Item220818597","MEN BAILEY T-SHIRTS ATLANTIC BLUE","30","each","10234816"
"1613","TD22081863","Item220818980","LADIES BAILEY T-SHIRT ATLANTIC BLUE ","20","each","10234816"
"1614","TD22081863","Item220818991","MAN BAILEY CREW T-SHIRTS RED","30","each","10234816"
"1615","TD22081863","Item220818943","LADIES BAILEY T-SHIRT RED/BLACK","20","each","10234816"
"1616","TD22081863","Item220818305","MEN BERLIN LOUNGE SHIRT BLUE","30","each","10234816"
"1617","TD22081863","Item220818533","LADIES BERLIN BLOUSE BLUE","20","each","10234816"
"1618","TD22081863","Item220818647","MOISTURE MANAGEMENT CAP","50","each","10234816"
"1619","TD22081851","Item22081877","FUSE LUCY POLE UNIT ","9","each","10229133"
"1620","TD22081928","Item220819155","JOINTING KITS 240-300 MM2 3C 33KV XLPE","10","each","10234311"
"1621","TD2208194","Item22081916","JOINTING KITS 240-300 MM2 3C 33KV XLPE","10","each","10234311"
"1622","TD22082219","Item220822871","DIENEL A5 NOTEBOOK","100","each","10234818"
"1623","TD22082219","Item220822573","Branded Prodox Pen","100","each","10234818"
"1624","TD22082219","Item220822245","Branded Water Bottle","100","each","10234818"
"1625","TD22082249","Item220822685","BRANDED NOTEBOOK ","100","each","10234818"
"1626","TD22082249","Item220822403","PODOX PENS","100","each","10234818"
"1627","TD22082249","Item220822294","WATER BOTTLE","100","each","10234818"
"1628","TD22082238","Item220822454","MEN T-SHIRT BLUE","30","each","10234816"
"1629","TD22082238","Item220822466","LADIES T-SHIRT BLUE","20","each","10234816"
"1630","TD22082238","Item220822809","MEN T-SHIRT RED","30","each","10234816"
"1631","TD22082238","Item220822402","LADIES T-SHIRT RED","20","each","10234816"
"1632","TD22082238","Item22082290","MEN SHIRT BLUE","30","each","10234816"
"1633","TD22082238","Item220822236","LADIES BLOUSE BLUE","20","each","10234816"
"1634","TD22082238","Item22082295","MOISTURE MANAGEMENT CAP","50","each","10234816"
"1635","TD22082252","Item220822204","Strap Twisted shackle 16mm Bolts","36","each","10232613"
"1636","TD22082252","Item220822808","Clamp suspension Hawthorn","27","each","10232613"
"1637","TD22082252","Item22082291","Insulator Disc Porcelain 254mm Dia KNmm","72","each","10232613"
"1638","TD22082226","Item220822522","3m x 3m Gazebo with walls","1","each","10234800"
"1639","TD22082226","Item220822285","3m x 3m  Gazebo without walls","1","each","10234800"
"1640","TD22082226","Item220822151","Deluxe pull up banners","6","each","10234800"
"1641","TD22082226","Item220822715","3m Teardrop banners","6","each","10234800"
"1642","TD22082226","Item220822522","X frame banners","4","each","10234800"
"1643","TD22082226","Item220822894","Promotional tables","2","each","10234800"
"1644","TD22082226","Item22082238","Foldable exhibition chairs","2","each","10234800"
"1645","TD22082226","Item220822901","Branded table cloth","1","each","10234800"
"1646","TD22082226","Item220822698","3m x 3m banner wall","1","each","10234800"
"1647","TD2208228","Item220822644","Xarm boxed earthwire 1730mm x 10033 KV","5","each","10232611"
"1648","TD2208228","Item220822253","Xarm strain 100mm x50mm X3200mm","5","each","10232611"
"1649","TD22082243","Item220822578","HP CORE I9 11TH GENERATION","1","each","10233546"
"1650","TD22082264","Item22082276","HP CORE I9 11TH GENERATION","1","each","10234011"
"1651","TD22082373","Item220823635","Insul. disc polymer 11KV","45","each","10233111"
"1652","TD22082362","Item220823630","EYE BOLTS M16 X 300MM","18","each","10233112"
"1653","TD22082362","Item2208231000","XARM STRAIN 100X50X3200MM Channel","8","each","10233112"
"1654","TD22082325","Item22082334","CONFLICT MANAGEMENT AND GRIEVANCE HANDLING FOR SUPERVISORS","1","each","10234772"
"1655","TD22082310","Item220823139","CONFLICT MANAGEMENT AND GRIEVANCE HANDLING FOR SUPERVISORS","1","each","10234772"
"1656","TD22082562","Item220825318","Lug crimping 185mm x 12mm","500","each","10234905"
"1657","TD22082575","Item220825635","EARTH CLAMP  CONNECTORS","100","each","10235187"
"1658","TD22082544","Item22082520","CRIMPING LUGS 120MMX12MM","500","each","10234908"
"1659","TD22082557","Item220825175","Lug crimping 185mm x 16mm","500","each","10234907"
"1660","TD22082657","Item22082639","xarm boxed earthwire 33kv 1730x100","5","each","10232611"
"1661","TD22082657","Item220826967","Xarm strain 100mm x50mm X3200mm","5","each","10232611"
"1662","TD22082633","Item220826311","CONFLICT MANAGEMENT AND GRIEVANCE HANDLING FOR SUPERVISORS","1","each","10234772"
"1663","TD22082685","Item220826922","washer round taper gal.16mm (5/8)","150","each","10230677"
"1664","TD22082685","Item22082685","buckles bandit 5/8 16mm","100","each","10230677"
"1665","TD22082685","Item220826949","bandit srapping 16m H/G","3","each","10230677"
"1666","TD2208268","Item22082686","washer round taper gal.16mm (5/8)","150","each","10230677"
"1667","TD2208268","Item220826503","buckles bandit 5/8 16mm","100","each","10230677"
"1668","TD2208268","Item22082698","bandit srapping 16m H/G","3","each","10230677"
"1669","TD22082616","Item220826343","washer round taper gal.16mm (5/8)","150","each","10230677"
"1670","TD22082616","Item220826879","buckles bandit 5/8 16mm","100","each","10230677"
"1671","TD22082616","Item220826165","bandit srapping 16m H/G","3","each","10230677"
"1672","TD22082671","Item220826613","washer round taper gal.16mm (5/8)","150","each","10230677"
"1673","TD22082671","Item22082680","buckles bandit 5/8 16mm","100","each","10230677"
"1674","TD22082671","Item220826712","bandit srapping 16m H/G","3","each","10230677"
"1675","TD22082658","Item220826389","washer round taper gal.16mm (5/8)","150","each","10230677"
"1676","TD22082658","Item220826322","buckles bandit 5/8 16mm","100","each","10230677"
"1677","TD22082658","Item220826470","bandit srapping 16m H/G","3","each","10230677"
"1678","TD22082922","Item220829208","CRIMPING LUGS 120MMX12MM","500","each","10234908"
"1679","TD22082957","Item220829719","Insul. disc polymer 11KV","45","each","10233111"
"1680","TD22082978","Item220829654","TRANSFOMER PLATFORM  11K 2POLE","3","each","10230678"
"1681","TD22082978","Item220829175","COPPER FLAT BAR 25X3MM","30","metres","10230678"
"1682","TD22083061","Item220830570","STRAP TWISTED SHACKLE 16MM BOLT","30","each","10230673"
"1683","TD22083061","Item220830554","CLAMP STRN. G/TYPE EA6 3BOLT 100MM","69","each","10230673"
"1684","TD22083061","Item220830922","CLAMP STRN. S/TYPE 12/.38 SCA UTS 80","30","each","10230673"
"1685","TD22083061","Item220830743","CLAMP STRN SNAIL ECS .025","20","each","10230673"
"1686","TD22083061","Item220830454","CLAMP STRN.G/TYPE 2 BOLT 50MM","20","each","10230673"
"1687","TD22083061","Item220830589","SUSPENSION CLAMP 16MM","10","each","10230673"
"1688","TD22083034","Item220830686","STRAP TWISTED SHACKLE 16MM BOLT","30","each","10230673"
"1689","TD22083034","Item220830351","CLAMP STRN. G/TYPE EA6 3BOLT 100MM","69","each","10230673"
"1690","TD22083034","Item220830449","CLAMP STRN. S/TYPE 12/.38 SCA UTS 80","30","each","10230673"
"1691","TD22083034","Item220830360","CLAMP STRN SNAIL ECS .025","20","each","10230673"
"1692","TD22083034","Item220830441","CLAMP STRN.G/TYPE 2 BOLT 50MM","20","each","10230673"
"1693","TD22083034","Item220830538","CLAMP SUSPENSION 16MM","10","each","10230673"
"1694","TD22090166","Item22090130","BOOMGATE","2","each","10235249"
"1695","TD22090196","Item220901989","CARTRIDGE  HP80A","2","each","10227899"
"1696","TD22090163","Item220901470","CARTRIDGE  HP80A","4","each","10227899"
"1697","TD22090158","Item220901325","STAY WIRE 7/14","3000","each","10232614"
"1698","TD22090158","Item220901784","STAY WIRE 7/8","500","each","10232614"
"1699","TD22090182","Item220901183","SURGICAL MASKS","1500","each","10235342"
"1700","TD22090174","Item220901288","ID PRINTER","1","each","10234147"
"1701","TD22090174","Item220901475","BLANK CARDS","400","each","10234147"
"1702","TD22090174","Item22090145","PRINTER RIBBON","1","each","10234147"
"1703","TD22090122","Item220901804","LAPTOP HP OMEN","1","each","10233982"
"1704","TD22090134","Item220901690","LAPTOP HP OMEN","1","each","10233982"
"1705","TD22090128","Item220901598","TILL ROLLS ","500","each","10235022"
"1706","TD22090262","Item220902535","Insul. disc polymer 11KV","45","each","10233111"
"1707","TD22090588","Item220905525","Insul. disc polymer 11KV","45","each","10233111"
"1708","TD22090681","Item220906803","LUG CRIMPING 120MM x 12MM","500","each","10235102"
"1709","TD22090615","Item220906437","STAY WIRE 7/10","680","each","10230671"
"1710","TD22090615","Item220906124","STAY WIRE 7/10","2540","each","10230671"
"1711","TD22090633","Item220906900","SLEEVE CRIMPING 120MM2","500","each","10235100"
"1712","TD22090642","Item220906290","FEMALE CONTACTS FOR 33KV CIRCUIT BREAKER","6","each","10234941"
"1713","TD22090922","Item220909615","Insul. disc polymer 11KV","45","each","10233111"
"1714","TD22090920","Item220909392","STATISTICS BOARD REINSTALLATION ","1","each","10223543"
"1715","TD22090930","Item220909120","CISCO 4331 ROUTER","2","each","10236646"
"1716","TD22090940","Item220909103","CISCO 48 PORT SWITCH","3","each","10236648"
"1717","TD22090965","Item220909459","LUG CRIMPING 120MM x 12MM","500","each","10235102"
"1718","TD22091258","Item220912888","INTERACTIVE TV","1","each","10229670"
"1719","TD22091296","Item220912326","STAYWIRE 7/10","680","each","10230671"
"1720","TD22091296","Item220912470","STAYWIRE 7/14","2540","each","10230671"
"1721","TD22091273","Item220912494","x-arm BOXED EARTHWIRE 33KV","5","each","10232611"
"1722","TD22091273","Item220912248","x-arm boxed 100x50mm boxed 3200mm long","5","each","10232611"
"1723","TD2209135","Item220913854","CABLE TRENCHING","48","each","10236409"
"1724","TD22091358","Item220913426","CABLE TRENCHING","48","each","10236412"
"1725","TD22091397","Item220913564","CABLE TRENCHING","47","metres","10236401"
"1726","TD2209131","Item220913407","CABLE TRENCHING","47","each","10236417"
"1727","TD22091346","Item220913253","CABLE TRENCHING","23","each","10235903"
"1728","TD22091372","Item220913323","CABLE TRENCHING","23","each","10235899"
"1729","TD22091384","Item220913148","CABLE TRENCHING","23","metres","10235901"
"1730","TD22091323","Item220913619","CABLE TRENCHING","23","metres","10235904"
"1731","TD22091367","Item220913748","CABLE TRENCHING","23","metres","10235902"
"1732","TD2209143","Item220914246","sleeve crimping 185mm2","300","each","10232400"
"1733","TD22091452","Item220914684","J/KIT 120-185MM2 11KV 3C XLPE","20","each","10233502"
"1734","TD2209142","Item220914523","JOINTING KITS 120-185 MM2 3C 11KV PILC","20","each","10233503"
"1735","TD22091526","Item22091599","LAPTOP STANDARD 15""'","1","each","10226430"
"1736","TD22091592","Item22091545","LAPTOP STANDARD 15""'","1","each","10226427"
"1737","TD22092212","Item220922156","sleeve crimping 185mm2","300","each","10232400"
"1738","TD2209238","Item220923245","sleeve crimping 185mm2","300","each","10232400"
"1739","TD22092652","Item220926495","Digital camera","1","each","10236660"
"1740","TD22092637","Item220926609","Printer plotter","1","each","PR10235399"
"1741","TD22092723","Item220927266","Digital camera","1","each","10236660"
"1742","TD22092789","Item220927451","CURTAINS AND RODS","1","each","10236842"
"1743","TD22092751","Item220927725","SUPPLY AND SERVICE OF SANITARY BINS","27","each","10234594"
"1744","TD22092740","Item220927845","LAPTOP STANDARD 15""'","1","each","10226427"
"1745","TD2209272","Item22092795","LAPTOP STANDARD 15""'","1","each","22091526"
"1746","TD22092718","Item220927222","LAPTOP STANDARD 15""'","2","each","10226426"
"1747","TD22092784","Item220927677","VOIP IP HANDSETS","25","each","10236169"
"1748","TD22092784","Item220927189","MATRIX HANDSFREE SPEAKER","25","each","10236169"
"1749","TD22092885","Item220928515","CABLE TRENCHING","50","metres","10237119"
"1750","TD2209283","Item220928640","CABLE TRENCHING","200","metres","10237175"
"1751","TD2209281","Item220928261","CABLE TRENCHING","50","metres","10237118"
"1752","TD22092866","Item220928687","CABLE TRENCHING","100","each","10237117"
"1753","TD22092882","Item22092882","CABLE TRENCHING","107","each","10237010"
"1754","TD22092894","Item220928195","CABLE TRENCHING","7","each","10237625"
"1755","TD22092859","Item220928411","CLEANING OF DORSET HOUSE","1","each","10236840"
"1756","TD22100625","Item221006612","THERMAL TILL ROLLS 80*83MM","500","each","10237390"
"1757","TD22100667","Item221006153","EYE BOLT M 16 X 230MM","1000","each","10237372"
"1758","TD22100672","Item221006781","J KITS 120-185 MM 3C 11 KV XLPE","20","each","10235827"
"1759","TD22100696","Item221006640","J KITS 120-185 MM 3C 11 KV XLPE","20","each","10235827"
"1760","TD22100610","Item221006569","J KITS 120-185 MM 3C 11 KV XLPE","20","each","10235827"
"1761","TD22100697","Item221006599","J/KITS 120-185MM2 11KV PILC","20","each","10235828"
"1762","TD22100686","Item22100658","INSUL SHACKLE 78MM DIA 64 MM  HIGH PORCEL","1000","each","10237239"
"1763","TD22100640","Item221006720","FIRST AID ROOM SIGN ","1","each","10235755"
"1764","TD22100640","Item221006861","TRAFFIC STOP SIGNS","2","each","10235755"
"1765","TD22100640","Item221006500","TRAFFIC SPEED LIMIT SIGNS","17","each","10235755"
"1766","TD22100640","Item221006388","PEDESTRAIN CROSSING SIGN","2","each","10235755"
"1767","TD22100640","Item22100636","TOILET CHECKLIST BOARD A2","22","each","10235755"
"1768","TD22100640","Item22100681","ASSEMBLY POINT SIGNS ","2","each","10235755"
"1769","TD22100640","Item221006692","SITE SAFETY BOARDS ","16","each","10235755"
"1770","TD22100640","Item221006335","EMERGENCY RESPONSE PLAN AT ASSEMBLY POINT","16","each","10235755"
"1771","TD22100640","Item221006663","FUEL STATION SAFETY BOARDS","2","each","10235755"
"1772","TD22100640","Item221006996","A3 PAPER PRINTED SIGNS ","70","each","10235755"
"1773","TD22100666","Item221006836","FERRULE SHEAR BOLTS 50-240MM2","100","each","10233966"
"1774","TD22100642","Item221006936","FERRULE SHEAR BOLTS 300MM2","60","each","10235410"
"1775","TD22100663","Item22100681","JOINTING KIT TRANSITION 120-185MM2 11KV","20","each","10237366"
"1776","TD22100660","Item221006805","SLEEVE CRIMPOING 150MM2","40","each","10236697"
"1777","TD22100660","Item221006377","SLEEVE CRIMPOING 185MM2","40","each","10236697"
"1778","TD22100680","Item221006958","FERRULE SHEAR BOLTS 50-240MM2","50","each","10235946"
"1779","TD22100683","Item221006962","SLEEVE CRIMPING 150MM2","500","each","10236683"
"1780","TD22100614","Item221006461","STAY WIRE 7/10","680","each","10230671"
"1781","TD22100614","Item221006151","STAY WIRE 7/14","2540","each","10230671"
"1782","TD22100662","Item221006100","x-arm BOXED EARTHWIRE 33KV","5","each","10232611"
"1783","TD22100662","Item221006746","X-ARM STRAIN 100*50MM BOXED","5","each","10232611"
"1784","TD22100616","Item221006527","LUG CRIMPING 120MM x 12MM","500","each","10235102"
"1785","TD22100777","Item221007208","SLEEVE CRIMPING 95MM2","500","each","10235099"
"1786","TD22100738","Item221007764","FUSE LUCY POLE UNIT ","21","each","10237413"
"1787","TD22100746","Item22100792","NISSAN NP300 HEAD LAMP","10","each","10230289"
"1788","TD22100774","Item221007149","JOINTING KIT 120-185MM2 3C 11KV PILC","8","each","10231031"
"1789","TD22100774","Item221007576","JOINTING KIT 120-185MM2 3C 11KV PILC","8","each","10231031"
"1790","TD22100784","Item22100733","x-arm BOXED EARTHWIRE 33KV","5","each","10232611"
"1791","TD22100784","Item221007927","X-ARM STRAIN 100*50MM BOXED","5","each","10232611"
"1792","TD22100780","Item221007701","SLEEVE CRIMPING 120MM2","500","each","10235409"
"1793","TD22100776","Item221007918","SLEEVE CRIMPING 150MM2","500","each","10237993"
"1794","TD22100759","Item221007976","J-KIT 50-95MM2 11KV XLPE","20","each","10230937"
"1795","TD22100715","Item221007392","x-arm BOXED EARTHWIRE 33KV","5","each","10232611"
"1796","TD22100715","Item221007349","X-ARM STRAIN 100*50MM BOXED","5","each","10232611"
"1797","TD22100755","Item221007274","SLEEVE CRIMPING 120MM2","500","each","10235409"
"1798","TD22100758","Item221007956","CONTROLLERS INSTRUCTION FORMS ","200","each","10235418"
"1799","TD22100758","Item221007441","NOTIFICATION OF COMPLETION OF WIRING ","200","each","10235418"
"1800","TD22101051","Item221010677","CONTROLLERS INSTRUCTION FORMS ","200","each","10235418"
"1801","TD22101051","Item22101035","NOTIFICATION OF COMPLETION OF WIRING ","200","each","10235418"
"1802","TD22101122","Item221011890","Printer plotter","1","each","10235399"
"1803","TD22101188","Item221011185","Printer plotter","1","each","10235399"
"1804","TD22101294","Item22101276","STAY WASHER 5/8","50","each","10238236"
"1805","TD22101283","Item221012230","STAT PLATE GALV 5/8 16MM","220","each","10237240"
"1806","TD22101259","Item221012977","D-IRON","520","each","10237237"
"1807","TD22101288","Item221012448","FERRULE SHEAR BOLTS 50-240MM2","150","each","10237373"
"1808","TD22101282","Item221012225","JOINTING KIT 50-95MM2 3C 11KV XLPE","25","each","10237368"
"1809","TD22101236","Item221012676","J-KIT 50-95MM2 11KV PILC","25","each","10237369"
"1810","TD22101262","Item221012905","JOINTING KIT 120-185MM2 3C 11KV XLPE","25","each","10237370"
"1811","TD22101251","Item221012241","JOINTING KIT 120-185MM2 3C 11KV PILC","25","each","10237371"
"1812","TD22101393","Item221013310","SLEEVE CRIMPING 185MM2","680","each","10237375"
"1813","TD2210138","Item221013968","SLEEVE CRIMPING 150MM2","730","each","10237374"
"1814","TD22101323","Item221013690","REFLECTIVE VEST","150","each","10228548"
"1815","TD2210133","Item221013652","RAZOR BLADE LAPTOP","1","each","10237350"
"1816","TD22101433","Item22101458","TAPS LINE 25MM FULL TIN PLATED","20","each","10238443"
"1817","TD22101433","Item221014442","XARM BOXED TERMINAL 11 KV AND 33 KV 2730","1","each","10238443"
"1818","TD22101433","Item221014937","GUN CLAMP 50-100mm2 CAST IRON","15","each","10238443"
"1819","TD22101812","Item221018313","CABLE TRENCHING","50","metres","10238840"
"1820","TD22101886","Item221018507","CABLE TRENCHING","64","metres","10238829"
"1821","TD22101830","Item221018621","CABLE TRENCHING","20","each","10238830"
"1822","TD2210188","Item221018442","CABLE TRENCHING","52","each","10238828"
"1823","TD22101864","Item221018238","CABLE TRENCHING","20","metres","10238802"
"1824","TD22101988","Item221019512","LINK STICKS 8 SECT EPOXY RESIN TRIANG XSEC","3","each","10238070"
"1825","TD22102578","Item221025882","SANITARY BINS","27","each","10234594"
"1826","TD22102635","Item221026365","sleeve crimping 185mm2","300","each","10233453"
"1827","TD22102658","Item22102668","sleeve crimping 185mm2","300","each","10233453"
"1828","TD22102620","Item221026143","sleeve crimping 70.0mm2","700","each","10239398"
"1829","TD22102792","Item221027703","D FUSE MOUNT C/W M.BRACKET & FUSE 11KV","50","each","10231029"
"1830","TD22102784","Item221027480","sleeve crimping 50.0mm2","700","each","10239397"
"1831","TD22102720","Item221027545","Toner 55A HP LASERJET","15","each","10233937"
"1832","TD22102720","Item221027286","Toner HPCE505A (05A)","15","each","10233937"
"1833","TD22102779","Item221027274","Puller cm 2 ton 5' with 4mt chain","4","each","10223240"
"1834","TD22102779","Item221027521","Come along 150mm2-300mm2 sca/hda","4","each","10223240"
"1835","TD22102819","Item221028771","Puller cm 2 ton 5' with 4mt chain","4","each","10223240"
"1836","TD22102819","Item221028999","Come along 150mm2-300mm2 sca/hda","4","each","10223240"
"1837","TD22102821","Item221028151","FUSE LUCY POLE UNIT 400A 440V ","30","each","10231734"
"1838","TD22103194","Item221031239","LAPTOP RASER BLADE 15","1","each","10237350"
"1839","TD22103123","Item221031115","LAPTOP RASER BLADE 15","1","each","10237350"
"1840","TD22103141","Item221031151","CAR HIRE","3","each","10238311"
"1841","TD22103198","Item221031266","PARAQUAT LIQUID","60","litres","10235094"
"1842","TD22110144","Item221101942","3 PLY SURGICAL FACE MASK","1500","each","10238470"
"1843","TD22110179","Item221101581","REPAIR 33KV  CURRENT TRANSFORMER","1","each","10238126"
"1844","TD22110445","Item221104210","FIRE EXTINGUISHER INSPECTION & SERVICE","1","each","10228564"
"1845","TD22110730","Item221107128","METAL CLAD STEEL KIOSK","1","each","10238884"
"1846","TD22110727","Item22110757","REGENERATION OF TRANSFOMER OIL","10400","litres","10238993"
"1847","TD22110834","Item221108564","PHOTO SHOOT","160","each","10239234"
"1848","TD2211098","Item221109355","D-FUSE MOUNT & FUSE 11KV","50","each","10239704"
"1849","TD22110933","Item221109854","BRACKET LV FUSE ZIGZAG","60","each","10239706"
"1850","TD22110933","Item221109431","FUSE LUCY POLE 400A","60","each","10239706"
"1851","TD22110948","Item221109671","STRAP TWISTED SHACKLE ","51","each","10233789"
"1852","TD22110948","Item221109722","50MM CLAMP STRAIN 2 BOLT","8","each","10233789"
"1853","TD22110948","Item22110956","100MM CLAMP STRAIN 3 BOLT ","51","each","10233789"
"1854","TD22110948","Item22110994","POLE TOP CENTRE BRACKET ","9","each","10233789"
"1855","TD22110992","Item221109870","INSULATOR DISC POLYMER","60","each","10233790"
"1856","TD22110992","Item221109519","INSULATOR POLYMER STRING ","51","each","10233790"
"1857","TD22110973","Item221109228","SUPPLY AND SERVICE OF SANITARY BINS","1","each","10234594"
"1858","TD22110940","Item221109424","STAY WASHER 5/8","48","each","10233786"
"1859","TD22110940","Item221109976","STAY RODS 3/4 ","48","each","10233786"
"1860","TD22110940","Item22110994","STAY BOW GALV 3/4","48","each","10233786"
"1861","TD22110967","Item22110978","STRAP SHACKLE ","8","each","10238442"
"1862","TD22110967","Item22110952","STAY BOW 5/8 16MM","14","each","10238442"
"1863","TD22110967","Item221109905","PIN INSUL","12","each","10238442"
"1864","TD22110967","Item221109399","INSUL PIN 11KV","12","each","10238442"
"1865","TD22110967","Item221109139","INSUL DISC POLYMER","48","each","10238442"
"1866","TD22110967","Item221109850","M16X280MM BOLT & NUT","20","each","10238442"
"1867","TD22110967","Item221109338","INSUL SHACKLE ","6","each","10238442"
"1868","TD22110967","Item221109346","7/14 STAY WIRE ","300","each","10238442"
"1869","TD22110967","Item221109535","TWISTED SHACKLE 16MM BOLT","15","each","10238442"
"1870","TD22110941","Item221109191","JOINTING KIT 120-185MM2 3C 11KV XLPE","5","each","10239700"
"1871","TD22110941","Item221109933","JOINTING KIT 120-185MM2 3C 11KV PILC","5","each","10239700"
"1872","TD22110970","Item221109910","CARTRIDGE HPCF400A BLACK","2","each","10237582"
"1873","TD22110970","Item221109217","CARTRIDGE HPCF401A CYAN","2","each","10237582"
"1874","TD22110970","Item221109337","CARTRIDGE HPCF402A YELLOW","2","each","10237582"
"1875","TD22110970","Item221109375","CARTRIDGE HPCF403A MAGENTA","2","each","10237582"
"1876","TD22110986","Item221109582","PHOTO FRAME ","120","each","10239233"
"1877","TD2211161","Item221116187","6 Way MV Board","1","each","10238886"
"1878","TD22111684","Item221116922","6 Way MV Board","1","each","10238886"
"1879","TD22111682","Item221116883","6 Way MV Board","1","each","10238886"
"1880","TD22112396","Item221123588","6 Way MV Board","1","each","102388861"
"1881","TD22112379","Item221123398","6 Way MV Board","1","each","102388861"
"1882","TD22112580","Item221125754","Stores delivery note","100","each","10238255"
"1883","TD22112866","Item221128996","FIX AND SUPPLY BOARDROOM CURTAINS","1","each","10239814"
"1884","TD22112860","Item221128991","DESK  CALENDERS ","500","each","10239893"
"1885","TD22112868","Item221128794","DESK  CALENDERS ","500","each","10239893"
"1886","TD22112868","Item221128839","WALL CALENDERS","1500","each","10239893"
"1887","TD22112852","Item22112842","A5 DIARIES","400","each","10240163"
"1888","TD22112862","Item221128791","A4 BRANDED DIARIES","400","each","10239892"
"1889","TD22112828","Item221128401","A5 STANDARD NOTE BOOK","200","each","10240168"
"1890","TD22112828","Item221128914","EXECUTIVE BOXED USB NOTE BOOK","25","each","10240168"
"1891","TD22112941","Item221129824","Seat upholstery","10","each","10235960"
"1892","TD22112975","Item221129613","Seat upholstery","1","each","10240138"
"1893","TD22112983","Item221129963","FIX ND SUPPLY TRIPPLE CAR SHADE","1","each","10240398"
"1894","TD22112993","Item221129574","FIX ND SUPPLY TRIPPLE CAR SHADE","1","each","10240398"
"1895","TD22112925","Item221129238","Toner HP201A Black","4","each","10240981"
"1896","TD22112925","Item22112965","Toner HP201A Cyan","2","each","10240981"
"1897","TD22112925","Item221129487","Toner HP201A  Yellow ","2","each","10240981"
"1898","TD22112925","Item221129386","Toner HP201A Magenta","2","each","10240981"
"1899","TD22120183","Item221201143","PRE-RETIREMENT TRAINING","1","each","10231040"
"1900","TD22120122","Item221201129","INTERACTIVE TV","1","each","10229670"
"1901","TD22120189","Item221201279","CARTRIDGE HPCF 210 BLACK","2","each","10237582"
"1902","TD22120189","Item221201457","CARTRIDGE HPCF401A CYAN","2","each","10237582"
"1903","TD22120189","Item221201821","CARTRIDGE HPCF402A YELLOW","2","each","10237582"
"1904","TD22120189","Item221201131","CARTRIDGE HPCF403A MAGENTA","2","each","10237582"
"1905","TD2212027","Item221202546","CABLE TRENCHING","20","metres","10240336"
"1906","TD22120281","Item221202907","CABLE RECOVERY ","200","metres","10238882"
"1907","TD2212024","Item221202428","CABLE TRENCHING","20","metres","10240335"
"1908","TD22120272","Item221202753","CABLE TRENCHING","100","metres","10239374"
"1909","TD22120211","Item22120258","CABLE TRENCHING","50","metres","10239375"
"1910","TD22120247","Item221202467","BACK FILLING AND RESRFACING CABLE TRENCHES","50","metres","10239496"
"1911","TD22120236","Item221202771","D-FUSE MOUNT & FUSE 11KV","50","each","10239704"
"1912","TD22120266","Item221202926","BRACKET LV FUSE ZIGZAG","60","each","10239706"
"1913","TD22120266","Item221202474","FUSE","60","each","10239706"
"1914","TD22120215","Item221202722","STRAP SHACKLE 16MM BOLT","8","each","10238442"
"1915","TD22120215","Item221202683","STAY BOW 5/8 16MM","14","each","10238442"
"1916","TD22120215","Item221202219","INSUL PIN ","12","each","10238442"
"1917","TD22120215","Item221202378","PIN INSUL","12","each","10238442"
"1918","TD22120215","Item221202499","INSUL DISC POLYMER","48","each","10238442"
"1919","TD22120215","Item221202525","EYE BOLT M16 X 280","20","each","10238442"
"1920","TD22120215","Item221202660","INSUL SHACKLE ","6","each","10238442"
"1921","TD22120215","Item221202690","7/14 STAY WIRE ","300","each","10238442"
"1922","TD22120215","Item221202864","STRAP TWISTED SHACKLE 16MM BOLT","15","each","10238442"
"1923","TD22120213","Item221202876","Stores delivery note","100","each","10238255"
"1924","TD22120256","Item221202920","Stores delivery note","100","each","10238255"
"1925","TD22120299","Item221202913","Stores delivery note","100","each","10238255"
"1926","TD22120241","Item221202141","Stores delivery note","100","each","10238255"
"1927","TD22120248","Item221202112","Stores delivery note","100","each","10238255"
"1928","TD22120277","Item221202696","Stores delivery note","100","each","10238255"
"1929","TD22120296","Item221202188","SITTING AND DRILLING BOREHOLE","1","each","10240545"
"1930","TD22120265","Item221202116","SERVICING OF AIRCONS","2","each","10238917"
"1931","TD22120223","Item221202519","HPCE 410A","4","each","10233705"
"1932","TD22120223","Item221202468","HPCE411A","2","each","10233705"
"1933","TD22120223","Item221202978","HPCE412A","2","each","10233705"
"1934","TD22120223","Item221202426","HPCE413A","2","each","10233705"
"1935","TD22120284","Item221202390","CABLE TRENCHING","10","metres","10240629"
"1936","TD22120276","Item221202212","CABLE TRENCHING","50","metres","10240631"
"1937","TD22120254","Item221202683","CABLE TRENCHING","10","metres","10240620"
"1938","TD22120252","Item221202616","CABLE TRENCHING","10","each","10240624"
"1939","TD22120218","Item221202477","CABLE TRENCHING","10","each","10240624"
"1940","TD2212023","Item221202301","CABLE TRENCHING","10","metres","10240626"
"1941","TD22120235","Item221202104","Insul disc porcelain 254mm dia 44kn","40","each","10240618"
"1942","TD22120235","Item221202597","Insul stay sa/ porcelain 1015A .T 11/33KV","20","each","10240618"
"1943","TD22120232","Item221202577","HP201A BLACK","4","each","10240981"
"1944","TD22120232","Item221202863","HP201A CYAN","2","each","10240981"
"1945","TD22120232","Item221202142","HP201A YELLOW","2","each","10240981"
"1946","TD22120232","Item221202586","HP201A MAGENTA","2","each","10240981"
"1947","TD2212025","Item221202277","HP ENVY LAPTOP","1","each","10237349"
"1948","TD22120565","Item221205841","RAZER BLADE  LAPTOP","1","each","10237350"
"1949","TD22120548","Item221205393","OIL REGENERATION","10400","litres","10238993"
"1950","TD22120546","Item221205432","LAPTOP STANDARD 15""'","2","each","10226426"
"1951","TD22120543","Item221205473","LAPTOP STANDARD 15""'","1","each","10226430"
"1952","TD22120560","Item221205895","J/KIT 120-185MM2 3C 11KV PILC","20","each","10240991"
"1953","TD22120590","Item221205325","Conductor 100mm2 hda bare/wasp","1500","each","10240160"
"1954","TD22120568","Item221205209","Conductor 100mm2 hda bare/wasp","1500","each","10240308"
"1955","TD22120588","Item221205433","J/KIT 120-185Mm2 11kv 3c XLPE","20","each","10240987"
"1956","TD22120597","Item221205984","J/KIT 240-300MM2 3C 33KV XLPE","10","each","10240994"
"1957","TD22120522","Item221205426","STAY ROD 16MM    ","15","each","10240871"
"1958","TD22120522","Item221205397","INSUL STAY SA/PORCELAIN 1015A H.T 11/33KV","15","each","10240871"
"1959","TD22120522","Item221205316","STAY BOW C/W THIMBLE 5/8 [16MM]","15","each","10240871"
"1960","TD22120522","Item221205784","WIRE GALV STAY 7/10","200","each","10240871"
"1961","TD22120620","Item22120639","CABLE TRENCHING","40","metres","10240540"
"1962","TD22120679","Item221206260","CABLE TRENCHING","25","metres","10240384"
"1963","TD22120617","Item22120636","CABLE TRENCHING","40","metres","10240541"
"1964","TD22120762","Item221207909","50KG SF6 GAS","1","each","10240287"
"1965","TD22120765","Item221207561","REFLECTIVE VESTS","150","each","10228548"
"1966","TD22120996","Item221209463","Toner HP201A Black","4","each","10240981"
"1967","TD22120996","Item221209332","Toner HP201A Cyan","2","each","10240981"
"1968","TD22120996","Item221209117","Toner HP201A  Yellow ","2","each","10240981"
"1969","TD22120996","Item22120921","Toner HP201A Magenta","2","each","10240981"
"1970","TD2212097","Item221209639","J/KIT 120-185Mm2 11kv 3c XLPE","20","each","10240991"
"1971","TD22121484","Item221214345","J/KIT 120-185MM2 11KV 3C XLPE","10","each","10241828"
"1972","TD22121484","Item221214570","J/KIT 120-185MM2 3C 11KV PILC","10","each","10241828"
"1973","TD22122118","Item221221539","SLEEVE CRIMPING 185MM 2","500","each","10240510"
"1974","TD22122133","Item221221692","SLEEVE CRIMPING 150MM 2","500","each","10240512"
"1975","TD2212223","Item221222231","JOINTING KIT 120-185 XLPE","10","each","10241894"
"1976","TD2212223","Item221222216","JOINTING KIT 120*185 PILC","10","each","10241894"
"1977","TD22122229","Item221222341","TRANSFORMER PLATFORM 2 POLE ","5","each","10240155"
"1978","TD22122229","Item22122247","TRANSFORMER PLATFORM 4 POLE ","5","each","10240155"
"1979","TD22122237","Item221222878","FERRULE SHEAR 300MM2","100","each","10240084"
"1980","TD22122218","Item221222746","CRIMOING LUGS 150MM X 12MM","500","each","10242050"
"1981","TD22122268","Item221222314","LUG CRIMOING 150MM X 16MM","500","each","10242051"
"1982","TD22122214","Item221222405","LUG CRIMOING 150MM X 16MM","500","each","102420051"
"1983","TD22122235","Item221222108","LUG CRIMPING 95MM X 12MM","500","each","10242053"
"1984","TD2212224","Item221222714","CRIMPING SLEEVES 120MM","500","each","10242047"
"1985","TD22122260","Item221222201","CRIMPING SLEEVES 95MM","500","each","10242048"
"1986","TD22122242","Item221222753","CRIMOING LUGS 185MM X 16MM","500","each","10242049"
"1987","TD22122299","Item221222108","CRIMOING LUGS 120MM X 16MM","500","each","10242052"
"1988","TD22122247","Item221222836","FUSER UNIT ","1","each","10241160"
"1989","TD22122326","Item221223363","J/KITS 120-185MM2 3C 11KV PILC","15","each","10236826"
"1990","TD22122398","Item221223603","J/KITS 120-185MM2 3C 11KV PILC","15","each","10236827"
"1991","TD22122911","Item221229258","TILL ROLLS ","500","each","10228983"
"1992","TD22122965","Item221229339","CAR-SHED REPAIR ","1","each","10240398"
"1993","TD22122948","Item22122933","COWBOY HATS LARGE","30","each","10247885"
"1994","TD22122948","Item221229340","COWBOY HATS X-LARGE","25","each","10247885"
"1995","TD22122984","Item221229976","ACID PROOF WORKSUITS SIZE 38","2","each","10240415"
"1996","TD22122984","Item221229190","ACID PROOF WORKSUITS SIZE 40","2","each","10240415"
"1997","TD22122984","Item221229453","ACID PROOF WORKSUITS SIZE 42","18","each","10240415"
"1998","TD22122984","Item22122919","ACID PROOF WORKSUITS SIZE 44","8","each","10240415"
"1999","TD22122984","Item221229863","ACID PROOF WORKSUITS SIZE 46","20","each","10240415"
"2000","TD22122984","Item221229483","ACID PROOF WORKSUITS SIZE 48","16","each","10240415"
"2001","TD22122984","Item221229874","ACID PROOF WORKSUITS SIZE 50","4","each","10240415"
"2002","TD22122959","Item221229624","WHEELIE DUST BIN ","51","each","10241905"
"2003","TD22122991","Item221229343","CISCO GIGABYTE SWITCH ","1","each","10229785"
"2004","TD23010687","Item230106751","DISHWASHING LIQUID","30","each","10241948"
"2005","TD23011165","Item230111455","BOREHOLE FLASHING","1","each","10242455"
"2006","TD23011696","Item23011654","SF6 GAS 50KG CYLINDER","1","each","10240287"
"2007","TD23011675","Item230116783","MV BOARD 6 WAY","1","each","10242490"
"2008","TD23011693","Item230116311","MV BOARD 6 WAY","1","each","10242489"
"2009","TD23011633","Item230116815","11KV PIN INSULATOR","60","each","10239962"
"2010","TD23011633","Item230116696","11KV INSULATOR PIN","60","each","10239962"
"2011","TD23011633","Item230116633","STAY WIRE","200","each","10239962"
"2012","TD23011992","Item230119379","D-IRON","8","each","10242943"
"2013","TD23011992","Item230119837","EYE BOLT M16X180","8","each","10242943"
"2014","TD23011992","Item23011944","EYE BOLT 280 X 16MM","10","each","10242943"
"2015","TD23011971","Item230119988","TRENCHING","1","each","10242952"
"2016","TD23011921","Item230119525","TRENCHING","1","each","10243081"
"2017","TD2301196","Item230119781","TRENCHING","1","each","10243003"
"2018","TD23011943","Item230119991","TRENCHING","1","each","10243006"
"2019","TD23011995","Item23011996","TRENCHING","1","each","10243006"
"2020","TD23011946","Item230119429","TRENCHING","1","each","10243008"
"2021","TD23011993","Item23011992","THRUST BORING","1","each","10239653"
"2022","TD23012071","Item230120716","INSULATION RESISTANT TESTER","1","each","10238307"
"2023","TD23012032","Item230120124","FUMIGATION & RODENT BAITING","1","each","10242071"
"2024","TD23012013","Item230120498","16mm2 single core black","500","each","10242421"
"2025","TD23012013","Item230120876","16mm2 single core red","500","each","10242421"
"2026","TD23012013","Item230120437","crimping ferruls 16mm2","500","each","10242421"
"2027","TD23012013","Item230120539","insulation tape black","50","each","10242421"
"2028","TD23012013","Item230120299","insulation tape red","50","each","10242421"
"2029","TD23012063","Item230120637","16mm2 single core black","500","each","10242452"
"2030","TD23012063","Item230120540","16mm2 single core red","500","each","10242452"
"2031","TD23012063","Item230120949","crimping ferruls 16mm2","500","each","10242452"
"2032","TD23012063","Item230120179","insulation tape black","50","each","10242452"
"2033","TD23012063","Item230120611","insulation tape red","50","each","10242452"
"2034","TD2301205","Item230120765","16mm2 single core black","500","each","10242450"
"2035","TD2301205","Item230120449","16mm2 single core red","500","each","10242450"
"2036","TD2301205","Item230120187","crimping ferruls 16mm2","500","each","10242450"
"2037","TD2301205","Item230120181","insulation tape black","50","each","10242450"
"2038","TD2301205","Item230120916","insulation tape red","50","each","10242450"
"2039","TD23012019","Item230120736","SCOTCH TAPE ","30","each","10243079"
"2040","TD23012078","Item230120304","SLEEVE CRIMPING 185MM2","30","each","10243080"
"2041","TD23012078","Item230120286","SLEEVE CRIMPING 120MM2","30","each","10243080"
"2042","TD23012092","Item230120251","JOINTING KIT 120-185MM2 3C 11KV XLPE","10","each","10243078"
"2043","TD23012061","Item230120585","16mm2 single core red","1350","each","10243066"
"2044","TD23012082","Item230120270","16mm2 single core black","1350","each","10243068"
"2045","TD2301206","Item230120195","GALVANISED PIPE 110MM","3","each","10239654"
"2046","TD23012099","Item230120610","GALVANISED PIPE 110MM","3","each","10239655"
"2047","TD23012088","Item230120664","16mm2 single core YELLOW","675","each","10243060"
"2048","TD23012088","Item23012075","16mm2 single core BLUE","675","each","10243060"
"2049","TD23012495","Item230124521","SLEEVE CRIMPING 150MM2","50","each","10243252"
"2050","TD23012495","Item230124464","SLEEVE CRIMPOING 185MM2","50","each","10243252"
"2051","TD23012495","Item230124919","TAPE SCOTCH PUTTY","96","each","10243252"
"2052","TD23012430","Item230124634","MAGNETIC STICKERS","120","each","10242862"
"2053","TD23012543","Item230125889","CABLE 185MM 4CORE PVC SWA","30","metres","10243559"
"2054","TD23012530","Item230125572","TAPE SCOTCH ","30","each","10243079"
"2055","TD23012567","Item230125568","LUG CRIMPING 185MM X 16MM","50","each","10243465"
"2056","TD23012649","Item230126669","J KITS 120-185 MM 3C 11 KV XLPE","10","each","10243417"
"2057","TD23012649","Item230126859","J/KITS 120-185MM2 3C 11KV PILC","10","each","10243417"
"2058","TD23012684","Item230126633","SCOTCH FILLED PUTTY","24","each","10243500"
"2059","TD23012656","Item230126751","JOINTING KITS 120-185 MM2 3C 11KV XLPE","20","each","10242820"
"2060","TD23012633","Item230126189","TRENCHING","1","each","10243003"
"2061","TD23012627","Item230126641","TRENCHING","1","each","10243006"
"2062","TD2301263","Item230126611","TRENCHING","1","each","10242952"
"2063","TD2301272","Item2301276","JOINTING KITS 120-185 MM2 3C 11KV XLPE","20","each","10242820"
"2064","TD23012737","Item230127219","TAPE SCOTCH FILLED PUTTY","24","each","10243500"
"2065","TD23012719","Item23012763","ACCESS CONTROL","1","each","10242786"
"2066","TD23012748","Item230127880","VOIP HANDSET","5","each","10238480"
"2067","TD23013094","Item230130320","SPREAD & COMPACT 750M3  GRAVEL","1","each","10240961"
"2068","TD23013049","Item230130109","SPREAD & COMPACT 750M3  GRAVEL","1","each","10240961"
"2069","TD23013151","Item23013141","TRENCHING","1","each","10243896"
"2070","TD23013138","Item230131377","TRENCHING","1","each","10243897"
"2071","TD23013171","Item230131837","TRENCHING","1","each","10243898"
"2072","TD23013153","Item230131294","TRENCHING","1","each","10243899"
"2073","TD23013110","Item230131642","TRANSPORTATION OF GRAVEL","1","each","10241608"
"2074","TD23013159","Item23013195","TRANSPORTATION OF CONCRETE STONES","1","each","10240958"
"2075","TD23013154","Item230131972","SPREAD & COMPACT 750M3  GRAVEL","1","each","10240961"
"2076","TD23020771","Item230207414","CABLE TRENCHING","21","metres","10244113"
"2077","TD23020789","Item230207641","CABLE TRENCHING","10","metres","10244144"
"2078","TD23020713","Item230207431","CABLE TRENCHING","10","metres","10244144"
"2079","TD23020759","Item230207116","CABLE TRENCHING","40","each","10244142"
"2080","TD23020794","Item230207782","CABLE TRENCHING","40","each","10244142"
"2081","TD23020778","Item230207666","CABLE TRENCHING","30","metres","10244307"
"2082","TD23020830","Item230208842","HP 201A  BLACK","4","each","10240981"
"2083","TD23020830","Item230208465","HP 201A CYAN","2","each","10240981"
"2084","TD23020830","Item230208454","HP 201A YELLOW","2","each","10240981"
"2085","TD23020830","Item23020828","HP 201A MAGENTA","2","each","10240981"
"2086","TD23020866","Item230208229","TONER CARTRIDGE HP 80A","5","each","10243660"
"2087","TD23020876","Item230208810","J KITS 120-185 MM 3C 11 KV XLPE","10","each","10244120"
"2088","TD23020876","Item230208345","J/KITS 120-185MM2 11KV 3C PILC","10","each","10244120"
"2089","TD23020932","Item230209726","TRANSFORMER PLATFORM 4 POLE ","4","each","10242738"
"2090","TD23020949","Item23020937","TRANSFORMER PLATFORM 4 POLE ","4","each","10242738"
"2091","TD23020976","Item230209129","CABLE 95MM2 4C PVC/SWA","17","each","10242740"
"2092","TD2302091","Item230209498","CONDUCTOR 100MM2 HDA","1000","each","10242945"
"2093","TD23020966","Item230209129","cable 185mm2 4c cu pvc/swa","40","each","10242738"
"2094","TD2302096","Item230209117","BRACKET LV FUSE ZIGZAG","60","each","10239706"
"2095","TD2302096","Item230209997","FUSE LUCY POLE 400A","60","each","10239706"
"2096","TD23020919","Item230209808","DURAWALL REPAIRS","1","each","10240959"
"2097","TD23021028","Item230210967","DISCONNECTION STICKERS","5000","each","10244356"
"2098","TD23021021","Item23021063","DISCONNECTION STICKERS","5000","each","10244356"
"2099","TD23021066","Item230210915","compacting","1","each","10244413"
"2100","TD23021022","Item230210187","CABLE 16MM2 2CORE ","100","each","10243659"
"2101","TD23021022","Item230210651","CABLE 2.5MM2 4 CORE","60","each","10243659"
"2102","TD23021258","Item230212566","TRANSFORMER PLATFORM 4 POLE ","4","each","10242739"
"2103","TD23021424","Item230214161","FUSE HRC  200A ","375","each","10243011"
"2104","TD23021428","Item230214586","FUSE HRC  250A ","370","each","10243012"
"2105","TD23021440","Item230214161","FUSE HRC  300A ","358","each","10243014"
"2106","TD23021465","Item230214936","FUSE HRC  355A ","336","each","10243015"
"2107","TD23021473","Item230214986","FUSE HRC  400A ","328","each","10243017"
"2108","TD23021470","Item230214830","D-FUSE MOUNT & FUSE 11KV","65","each","10243020"
"2109","TD23021447","Item230214286","FUSE LUCY POLE UNIT ","75","each","10243021"
"2110","TD23021476","Item230214498","TRENCHING","1","each","10244642"
"2111","TD23021489","Item230214716","TRENCHING","1","each","10244266"
"2112","TD23021583","Item230215103","ELECTRICIAN GLOVES SIZE 9","14","each","10244587"
"2113","TD23021583","Item230215141","ELECTRICIAN GLOVES SIZE 11","13","each","10244587"
"2114","TD23021528","Item230215295","LEATHER GLOVES SHORT","500","each","10244587"
"2115","TD23021528","Item230215617","LEATHER GLOVES SHORT ","500","each","10244587"
"2116","TD23021644","Item230216982","HIRE OF 7 TON CRANE","8","each","10244333"
"2117","TD23021694","Item230216684","HIRE OF 8 TON CRANE","8","each","10244334"
"2118","TD23021676","Item230216595","HP 80A TONNER","5","each","10243660"
"2119","TD23021626","Item230216180","HIRE 10 TON CRANE","8","each","10244335"
"2120","TD2302169","Item230216741","FIX AND SUPPLY ACCESS CONTROL","1","each","10231388"
"2121","TD23021619","Item2302167","TRENCHING","1","each","10244657"
"2122","TD23021647","Item230216472","TRENCHING","1","each","10244267"
"2123","TD23021652","Item230216334","TRENCHING","1","each","10244658"
"2124","TD23021672","Item230216710","CRIMPING LUGS 185MMX12MM","45","each","10244683"
"2125","TD23021672","Item230216349","SCOTCH TAPE ","135","each","10244683"
"2126","TD23021672","Item230216863","FERRULE SHEAR 50-240MM2","90","each","10244683"
"2127","TD23021663","Item230216317","LAPTOP RAZER BLADE ","1","each","10237350"
"2128","TD23021636","Item230216244","HP ENVY LAPTOP","1","each","10239098"
"2129","TD23021643","Item230216755","LAPTOP HP ENVY ","1","each","10237349"
"2130","TD23021768","Item230217987","HP ENVY LAPTOP","1","each","10237349"
"2131","TD23021784","Item23021718","CABLE 185MM2 11KV 3C XLPE AL","6600","each","10244681"
"2132","TD23022386","Item230223129","TRENCHING","1","each","10244659"
"2133","TD23022363","Item230223627","TRENCHING","1","each","10244634"
"2134","TD23022391","Item230223208","TRENCHING","1","each","10244635"
"2135","TD23022316","Item230223929","CABLE 25MM2 4 CORE ","100","each","10244947"
"2136","TD23022397","Item230223669","line tap 25mm","20","each","10238443"
"2137","TD23022397","Item230223207","x-arm boxed 11kv","1","each","10238443"
"2138","TD23022397","Item230223111","GUN CLAMP 50-100mm2 CAST IRON","15","each","10238443"
"2139","TD23022337","Item230223603","x-arm BOXED EARTHWIRE 33KV","5","each","10232611"
"2140","TD23022337","Item230223238","X-ARM STRAIN 100*50MM BOXED","5","each","10232611"
"2141","TD23022325","Item230223922","TRANSFORMER PLATFORM 4 POLE ","10","each","10240155"
"2142","TD23022325","Item230223596","TRANSFORMER PLATFORM 2 POLE ","10","each","10240155"
"2143","TD23022317","Item230223212","CABLE 16MM2 2 CORE","100","each","10244946"
"2144","TD23022328","Item230223957","CABLE 25MM2 4 CORE ","100","each","10244947"
"2145","TD2302236","Item230223393","SLEEVE CRIMPING 95MM2","500","each","10242048"
"2146","TD23022398","Item230223174","SLEEVE CRIMPING 95MM2","500","each","10242048"
"2147","TD23022342","Item23022374","SLEEVE CRIMPING 95MM2","500","each","10242048"
"2148","TD23022354","Item230223977","JOINTING KIT 120-185MM2 3C 11KV XLPE","20","each","10245045"
"2149","TD23022327","Item230223567","J-KIT 120-185MM2 PILC","20","each","10245046"
"2150","TD23022382","Item23022356","6 WAY MV BOARD","1","each","10244749"
"2151","TD23022332","Item23022348","6 WAY MV BOARD","1","each","10244749"
"2152","TD23022321","Item230223945","6 WAY MV BOARD","1","each","10244749"
"2153","TD23022320","Item230223742","6 WAY MV BOARD","1","each","10244748"
"2154","TD23022335","Item230223464","3 PLY SURGICAL FACE MASK","1020","each","10244621"
"2155","TD23022385","Item230223124","3 PLY SURGICAL FACE MASK","1020","each","10244621"
"2156","TD23022414","Item230224192","CABLE 185MM 4CORE ALUMINIUM","80","metres","10244034"
"2157","TD23022473","Item230224344","100MM HDA CONDUCTOR","1502","each","10244021"
"2158","TD23022461","Item230224109","100MM HDA CONDUCTOR","1502","metres","10244023"
"2159","TD23022484","Item230224656","100MM HDA CONDUCTOR","3005","metres","10244020"
"2160","TD23022818","Item230228476","TRENCHING","1","each","10245105"
"2161","TD23022830","Item230228601","TRENCHING","1","each","10245107"
"2162","TD23022898","Item230228970","INSUL DISC PORCELAIN","50","each","10244324"
"2163","TD23022898","Item230228721","INSUL STAY PORCEAIN","50","each","10244324"
"2164","TD23022898","Item230228478","D-IRON ","50","each","10244324"
"2165","TD23022853","Item230228759","CABLE TRENCHING","20","metres","10245208"
"2166","TD23022832","Item230228269","CABLE TRENCHING","20","metres","10245219"
"2167","TD23022882","Item230228192","CABLE 16MM SINGLE CORE RED CABLE","400","each","10239914"
"2168","TD23022882","Item230228716","CABLE 16MM SINGLE CORE BLACK CABLE","400","each","10239914"
"2169","TD23022816","Item23022867","CABLE 16MM SINGLE CORE RED CABLE","400","each","10239914"
"2170","TD23022816","Item230228975","CABLE 16MM SINGLE CORE BLACK CABLE","400","each","10239914"
"2171","TD23030132","Item230301722","CABLE MARKER RIBBON","80","kgs","10244684"
"2172","TD23030124","Item230301128","CABLE PVC INSULATED 4C 70 MM2 CU SWA","15","each","10245380"
"2173","TD23030181","Item230301847","MV BOARD 6 WAY","1","each","10245381"
"2174","TD23030189","Item230301924","CABLE 185MM2 11KV 3C XLPE AL","6600","each","10244681"
"2175","TD2303025","Item230302249","CABLE 185MM2 11KV 3C XLPE AL","6600","each","10244681"
"2176","TD23030343","Item230303402","JOINTING KITS 120-185MM 11KV XLPE ","10","each","10244975"
"2177","TD23030362","Item230303888","JOINTING KIT 120-185MM2 3C 11KV XLPE","6","each","10245355"
"2178","TD23030335","Item230303985","MCB 60AMP S/P","900","each","10233273"
"2179","TD23030319","Item230303723","MCB 60AMP S/P","900","each","10233273"
"2180","TD23030396","Item230303816","MCB 60AMP S/P","900","each","10233273"
"2181","TD2303039","Item230303355","METAL KIOSK","1","each","10240169"
"2182","TD23030391","Item230303777","MV BOARD 8 WAY","1","each","10240171"
"2183","TD23030367","Item230303292","MV BOARD 8 WAY","1","each","10218027"
"2184","TD23030313","Item230303218","CAUTION NOTICE","20","each","10244342"
"2185","TD23030313","Item230303881","DANGER NOTICE","20","each","10244342"
"2186","TD23030313","Item230303745","DANGER NOTICE POLE ","20","each","10244342"
"2187","TD23030313","Item230303669","PLATE DANGER LARGE","20","each","10244342"
"2188","TD23030313","Item230303516","PLATE DANGER CAUTION","20","each","10244342"
"2189","TD23030339","Item230303593","TRENCHING","1","each","10245107"
"2190","TD23030338","Item230303120","TRENCHING","1","each","10245510"
"2191","TD23030390","Item230303385","TRENCHING","1","each","10245511"
"2192","TD23030352","Item23030350","TRENCHING","1","each","10245220"
"2193","TD23030324","Item230303425","TRENCHING","1","each","10245221"
"2194","TD23030638","Item230306180","CABLE 185MM 4CORE PVC SWA","1000","each","10244685"
"2195","TD2303074","Item230307567","COPPER FLAT BAR ","30","metres","10244704"
"2196","TD23030758","Item230307526","CRIMPING TOOL","3","each","10238307"
"2197","TD23030913","Item230309621","SHIRTS","20","each","10241420"
"2198","TD23030913","Item23030955","TIES","9","each","10241420"
"2199","TD23030914","Item230309769","MV BOARD 6 WAY","1","each","10245572"
"2200","TD23030995","Item230309818","MV BOARD 6 WAY","1","each","10244593"
"2201","TD23030951","Item230309972","CONDUCTOR 100MM2 HDA","1502","each","10244023"
"2202","TD2303094","Item230309820","TRENCHING","1","each","10245496"
"2203","TD23030988","Item230309525","TRENCHING","1","each","10245498"
"2204","TD23030972","Item230309418","CONDUCTOR 100MM2 HDA","1502","each","10244021"
"2205","TD23030950","Item230309135","CONDUCTOR 100MM2 HDA","3005","each","10244020"
"2206","TD23030975","Item230309492","CONDUCTOR 100MM2 HDA","2500","each","10240737"
"2207","TD23030932","Item2303097","CABLE 120MM2 4C CU PVC/SWA 660V","17","each","10242742"
"2208","TD23031029","Item230310829","CABLE 120MM2 4C CU PVC/SWA 660V","120","each","10242743"
"2209","TD23031083","Item230310740","CABLE 120MM2 4C CU PVC/SWA 660V","120","each","10242743"
"2210","TD23031066","Item230310972","CABLE 16MM2 2 CORE  CU PVC SWA 660V","1000","each","10242744"
"2211","TD2303135","Item230313833","FIX AND SUPPLY ACCESS CONTROL","1","each","10245190"
"2212","TD23031562","Item230315520","JOINTING KITS 120-185MM 11KV XLPE ","5","each","10246093"
"2213","TD23031562","Item230315132","JOINTING KITS 120-185MM PILC","5","each","10246093"
"2214","TD23031753","Item230317351","TAPE SCOTCH FILLED PUTTY","100","each","10244569"
"2215","TD23031790","Item230317746","MCB 60AMP S/P","1000","each","10233273"
"2216","TD2303174","Item230317929","stay plate galv 5/8 16mm","243","each","10245969"
"2217","TD2303174","Item230317325","stay rod galv 5/8 16mm","243","each","10245969"
"2218","TD2303174","Item23031719","STAY WASHER SQUARE 1000 X 100MM 16MM","243","each","10245969"
"2219","TD23032056","Item230320163","CABLE RECOVERY ","100","metres","10244144"
"2220","TD23032034","Item230320388","CABLE TRENCHING","20","metres","10246128"
"2221","TD23032065","Item230320354","TRENCHING BETWEEN S/S 581 AND 3582 CB59 GREYSTONES BORROWDALE CSC","15","metres","10246367"
"2222","TD23032084","Item230320857","TRENCHING BETWEEN S/S 185 AND 596 CB89 GREYSTONEBORROWDALE CSC","15","metres","10246366"
"2223","TD23032083","Item230320456","FUSE CARRIER 200/400 A","30","each","10245889"
"2224","TD23032018","Item230320543","RING MAIN UNIT 2 WAY ","1","each","10244743"
"2225","TD23032054","Item230320987","RING MAIN UNIT 3 WAY ","1","each","10244744"
"2226","TD23032023","Item230320228","RING MAIN UNIT 4 WAY ","1","each","RE10244743"
"2227","TD2303209","Item23032093","RING MAIN UNIT 4 WAY ","1","each","RE10244743"
"2228","TD23032045","Item230320404","RING MAIN UNIT 3 WAY ","1","each","RE10244744"
"2229","TD2303202","Item230320418","WIRE GALV STAY 7/12","3650","each","10245972"
"2230","TD23032019","Item230320285","CABLE AIRDAC FIG 8 ALU","500","each","10244168"
"2231","TD23032035","Item230320173","CARTRIDGE  HP55A","20","each","10245825"
"2232","TD23032035","Item230320277","CARTRIDGE HP05A","20","each","10245825"
"2233","TD23032095","Item230320723","JOINTING KIT 120-185MM2 3C 11KV PILC","20","each","10245972"
"2234","TD23032081","Item230320507","JOINTING KIT 120-185MM2 3C 11KV XLPE","20","each","10245793"
"2235","TD2303219","Item230321264","THERMAL TILL ROLLS 80*83MM","500","each","10242567"
"2236","TD23032126","Item230321535","MCB S/P AC 60 AMP","1538","each","10246091"
"2237","TD23032187","Item230321684","INSUL SHACKLE 78MM DIA 64 MM  HIGH PORCEL","4842","each","10245967"
"2238","TD2303222","Item230322506","INSULATOR DISC POLYMER","100","each","10245184"
"2239","TD23032252","Item23032239","INSULATOR DISC POLYMER","100","each","10245184"
"2240","TD23032212","Item230322708","MV BOARD 8 WAY","1","each","RE10240171"
"2241","TD23032237","Item23032254","MV BOARD 8 WAY","5","each","RE10218027"
"2242","TD23032271","Item230322875","METAL KIOSK","1","each","RE10240169"
"2243","TD2303225","Item230322573","WEED KILLER GRANULAR","200","kgs","10245108"
"2244","TD2303223","Item230322519","SAFETY RULES - LIMITATION OF ACCESS","200","each","10242572"
"2245","TD2303223","Item230322311","SANCTION FOR TEST FORM","200","each","10242572"
"2246","TD2303223","Item23032266","PERMIT TO WORK ON EQUIPMENT","200","each","10242572"
"2247","TD2303223","Item230322531","APPLICATION IN RESPECT OF ELECTRICITY","200","each","10242572"
"2248","TD2303223","Item230322411","APPLICATION FOR CONNECTION & DISCONNECTION","200","each","10242572"
"2249","TD2303223","Item230322247","INSPECTION OF INSTALLATION ","200","each","10242572"
"2250","TD23032263","Item230322820","FUSE LUCY POLE UNIT ","18","each","10246092"
"2251","TD23032263","Item230322542","BRACKET ZIG ZAG","6","each","10246092"
"2252","TD23032256","Item230322625","MV BOARD 8 WAY","1","each","10245621"
"2253","TD23032269","Item230322919","METAL KIOSK","1","each","RE10245572"
"2254","TD23032224","Item230322897","D-IRON","4842","each","10245966"
"2255","TD23032281","Item230322620","WIRE GALV STAY 7/12","3650","each","10245792"
"2256","TD23032287","Item230322798","CARTRIDGE  HP55A","20","each","10245825"
"2257","TD23032287","Item230322682","CARTRIDGE HP05A","20","each","10245825"
"2258","TD23032262","Item230322292","STRAP TWISTED SHACKLE ","20","each","10246286"
"2259","TD23032262","Item230322671","STAY BOLTED BRACKET","30","each","10246286"
"2260","TD23032262","Item230322144","INSUL STAY PORCELAIN","30","each","10246286"
"2261","TD23032262","Item23032284","INSUL SHACKLE PORCELAIN","50","each","10246286"
"2262","TD23032235","Item230322292","PIN INSULATOR ","60","each","10246287"
"2263","TD23032235","Item230322560","INSULATOR PIN ","60","each","10246287"
"2264","TD23032235","Item230322606","GUN CLAMP 50-100mm2 CAST IRON","20","each","10246287"
"2265","TD23032235","Item230322288","INSUL DISC PORCELAIN","30","each","10246287"
"2266","TD23033074","Item23033031","INSULATION TAPE PVC BLACK ADHESIVE","6900","each","10245963"
"2267","TD23033015","Item230330841","INSUL.STAY SA/ PORCELAIN 1015A H.TV 11/33KV","243","each","10245968"
"2268","TD23033186","Item230331936","IRON D-3.5 SHACKLE TYPE INSUL.DWG","50","each","10247003"
"2269","TD23033186","Item230331671","INSUL SHACCKLE 78 MM DIA 64MM HIGH PORCEL","120","each","10247003"
"2270","TD23033186","Item230331171","INSUL.STAY SA/PORCELAIN 1015 H.T 11/33KV ","50","each","10247003"
"2271","TD23033186","Item230331480","STRAP TWISTED SHACKLE 16MM BOLTS ","50","each","10247003"
"2272","TD23033172","Item230331222","TAPE SCOTCH FILLED PUTTY","96","each","10247002"
"2273","TD23033118","Item230331424","CABLE PVC INSULATED 4C 70 MM2 CU SWA","12","each","10243548"
"2274","TD23033143","Item230331862","CABLE PVC INSULATED 4C 70 MM2 CU SWA","20","each","10243546"
"2275","TD23041192","Item230411569","MV BOARD 8 WAY","1","each","10242477"
"2276","TD2304117","Item230411570","MV BOARD 8 WAY","1","each","10242478"
"2277","TD23041129","Item230411397","MV BOARD 8 WAY","1","each","10242480"
"2278","TD23041116","Item230411446","MV BOARD 8 WAY","1","each","10242482"
"2279","TD23041189","Item230411797","MV BOARD 8 WAY","1","each","10242483"
"2280","TD23041194","Item230411285","MV BOARD 8 WAY","1","each","10242484"
"2281","TD23041167","Item230411575","VOIP HANDSET ","14","each","10244898"
"2282","TD23041167","Item230411223","VIDEO IP HANDSET","1","each","10244898"
"2283","TD23041167","Item230411796","MATRIX DKP HANDSET","2","each","10244898"
"2284","TD23041167","Item230411332","MATRIX ANALOGUE ","3","each","10244898"
"2285","TD2304119","Item230411715","TRENCHING ","1","each","10247082"
"2286","TD23041139","Item230411203","TRENCHING","1","each","10247084"
"2287","TD23041152","Item230411186","TRENCHING","1","each","10247087"
"2288","TD23041150","Item23041168","MV BOARD 8 WAY","1","each","10244593"
"2289","TD2304111","Item230411973","MAGNETIC STICKERS","360","each","10245514"
"2290","TD23041110","Item23041183","CONTROLLERS INSTRUCTION FORMS ","200","each","RE10245529"
"2291","TD23041148","Item230411929","FUSE LUCY POLE UNIT ","6","each","10243870"
"2292","TD23041166","Item230411429","JOINTING KIT 120-185MM2 3C 11KV XLPE","20","each","10247000"
"2293","TD23041169","Item230411196","TRENCHING","1","each","10247239"
"2294","TD23041124","Item230411342","TRENCHING","1","each","10247243"
"2295","TD23041111","Item230411575","TRENCHING","1","each","10244641"
"2296","TD23041136","Item230411468","TRENCHING","1","each","10247306"
"2297","TD23041130","Item23041118","REMOVABLE STICKERS","4320","each","10245513"
"2298","TD2304112","Item230411915","FUSE LUCY POLE UNIT ","18","each","RE10246092"
"2299","TD2304112","Item230411314","BRACKET ZIG ZAG","6","each","RE10246092"
"2300","TD23041173","Item230411820","INSUL SHACKLE","24","each","10246738"
"2301","TD23041173","Item230411879","IRON D-SHACKLE","32","each","10246738"
"2302","TD23041298","Item23041271","FUSE LUCY POLE UNIT 400A 440V TYPE MCP","1000","each","10246743"
"2303","TD23041214","Item230412613","70MM 4 CORE PVC SWA CABLE ","20","each","10243549"
"2304","TD23041215","Item230412557","FUSE LUCY POLE UNIT 400A 440V TYPE MCP","6","each","10243871"
"2305","TD23041226","Item230412303","CABLE PVC INSULATED 4C 70 MM2 CU SWA","30","each","10243552"
"2306","TD23041227","Item23041218","FUSE LUCY POLE UNIT 400A 440V TYPE MCP","6","each","10243869"
"2307","TD23041210","Item230412405","BOLTS AND NUTS  GALV M12 X 40 CADIUM PLATED","900","each","10246918"
"2308","TD23041299","Item230412757","NP300 REPAIR & UPHOLSTERY","10","each","10245903"
"2309","TD23041265","Item230412619","NP300 REPAIR & UPHOLSTERY","10","each","10245903"
"2310","TD2304123","Item230412411","FUMIGATION OF COACKROACHES AND RODENTS","1","each","10246208"
"2311","TD23041266","Item23041284","JOINTING KIT 120-185MM2 3C 11KV XLPE","20","each","10247000"
"2312","TD23041272","Item230412164","JOINTING KIT 120-185MM2 3C 11KV XLPE","20","each","10247000"
"2313","TD23041225","Item230412206","JOINTING KIT 120-185MM2 3C 11KV PILC","20","each","10247001"
"2314","TD23041366","Item230413569","CABLE 185MM 4CORE PVC SWA","40","each","10242738"
"2315","TD23041346","Item230413258","JOINTING KIT 120-185MM2 3C 11KV PILC","20","each","10247001"
"2316","TD2304145","Item230414879","CABLE 120MM2 4C CU PVC/SWA","40","metres","10242738"
"2317","TD23042079","Item230420179","CABLE TRENCHING","40","metres","10247684"
"2318","TD23042039","Item230420608","CABLE TRENCHING","50","each","10247682"
"2319","TD23042034","Item230420305","CABLE RECOVERY","50","metres","10247756"
"2320","TD23042035","Item230420800","CABLE TRENCHING","17","metres","10247683"
"2321","TD23042060","Item230420828","CABLE TRENCHING","17","metres","10247683"
"2322","TD2304202","Item230420315","CABLE TRENCHING","30","metres","10244637"
"2323","TD23042023","Item230420608","80 X 83mm THERMAL TILL ROLLS","500","each","10242567"
"2324","TD23042092","Item230420515","A5 BROCHURE WITH 24 PAGES","10000","each","10247277"
"2325","TD23042010","Item230420750","A5 BROCHURE WITH 24 PAGES","10000","each","10247277"
"2326","TD23042055","Item230420621","THERMAL TILL ROLLS 80*83MM","500","each","10242567"
"2327","TD2304287","Item230428699","REFUSE COLLECTION ","6","each","10247191"
"2328","TD23050479","Item230504258","JOINTING KIT 120-185MM2 3C 11KV PILC","20","each","10247383"
"2329","TD23050493","Item230504990","JOINTING KIT 120-185MM2 3C 11KV XLPE","20","each","10247389"
"2330","TD23050475","Item230504216","JOINTING KIT 120-185MM2 3C 11KV XLPE","20","each","10247389"
"2331","TD23050440","Item230504569","CUSTOMISED NOTEBOOKS","100","each","10246989"
"2332","TD23050466","Item230504683","WEED KILLER GRANULAR","200","each","RE10245108"
"2333","TD23050462","Item230504900","HP 55A TONNER CARTRIDGE","20","each","RE10245825"
"2334","TD23050462","Item23050435","HP05A TONNER CARTRIDGE","20","each","RE10245825"
"2335","TD23050557","Item230505100","SLEEVE CRIMPING 185MM 2","72","each","10248381"
"2336","TD23050571","Item230505832","J KITS 120-185 MM 3C 11 KV XLPE","10","each","10248380"
"2337","TD23050571","Item230505874","J/KITS 120-185MM2 3C 11KV PILC","10","each","10248380"
"2338","TD23051074","Item230510236","PRINTING OF A5 BROCHURE ON GLOSS 24 PAGES ","10000","each","10247277"
"2339","TD23051053","Item230510798","PROVISION OF SANITARY BINS AND SERVICES","28","each","10247724"
"2340","TD23051122","Item230511960","THERMAL TILL ROLLS 80*83MM","500","each","10245267"
"2341","TD23051189","Item230511386","PRE RETIREMENT TRAINING  FOR 80 PEOPLE","1","each","10247270"
"2342","TD23051279","Item230512744","MONEY COUNTING MACHINE","7","each","10244505"
"2343","TD23051658","Item230516635","CABLE TRENCHING","118","metres","102468684"
"2344","TD23051687","Item230516158","CABLE TRENCHING","96","metres","10248682"
"2345","TD2305162","Item23051614","CABLE TRENCHING","86","metres","10248683"
"2346","TD23051692","Item230516481","CABLE TRENCHING","150","metres","10248687"
"2347","TD23051670","Item230516148","CABLE TRENCHING","120","metres","10248686"
"2348","TD23051616","Item230516759","CABLE TRENCHING","60","metres","10248688"
"2349","TD23051779","Item230517194","IRON D-3.5 SHACKLE TYPE INSUL.DWG","8","each","10248534"
"2350","TD23051779","Item230517992","INSUL SHACCKLE 78 MM DIA 64MM HIGH PORCEL","8","each","10248534"
"2351","TD23051779","Item23051771","EYE BOLT M16 X300 MM","18","each","10248534"
"2352","TD23051779","Item230517727","CLAMP PG AL/ALM (50-100MM)2 BOLT ","12","each","10248534"
"2353","TD23051779","Item230517575","CLAMP PG CU/ALM (16-100MM)2 BOLT ","12","each","10248534"
"2354","TD23051779","Item230517859","CHANEL CROSS ARM ","2","each","10248534"
"2355","TD23051722","Item230517804","MCB S/P AC 60 AMP","1538","each","10246091"
"2356","TD23051776","Item230517617","J/KITS 120-185MM 3C 11KV PILC","2","each","10248713"
"2357","TD23051775","Item230517144","WIRE GALV STAY 45 TON 7/14 STRAIN ","1000","each","10248577"
"2358","TD23051712","Item230517189","J/KITS 120-185MM2 11KV PILC","5","each","10248759"
"2359","TD23051712","Item230517230","J/KITS 120-185MM2 3C 11KV XLPE","6","each","10248759"
"2360","TD23051771","Item230517169","JOINTING KITS 120-185 MM2 3C 11KV XLPE","20","each","10248754"
"2361","TD23051758","Item230517963","J/KITS 120-185MM2 11KV PILC","20","each","10248755"
"2362","TD23052274","Item230522509","TRENCHING","1","each","10249161"
"2363","TD23052239","Item230522474","CABLE MARKER ","80","each","RE10244684"
"2364","TD23052277","Item2305229","MV BOARD 6 WAY","1","each","10248264"
"2365","TD23052244","Item23052289","MV BOARD 6 WAY","1","each","10248265"
"2366","TD2305226","Item230522586","CRIMPING TOOL","3","each","RE10238307"
"2367","TD23052287","Item230522479","ALL IN ONE DESK TOPS ","2","each","10247273"
"2368","TD23052240","Item230522447","J-KIT 120-185MM2 XLPE","5","each","10248948"
"2369","TD23052240","Item230522184","JOINTING KIT 120-185MM2 3C 11KV PILC","5","each","10248948"
"2370","TD23052266","Item230522706","J-KIT 120-185MM2 XLPE","5","each","10248962"
"2371","TD23052266","Item230522851","JOINTING KIT 120-185MM2 3C 11KV PILC","5","each","10248962"
"2372","TD23052266","Item23052258","crimping Sleeves 185mm2","50","each","10248962"
"2373","TD23052228","Item230522278","X-ARM D-FUSE 11KV","20","each","10248984"
"2374","TD23052217","Item230522215","D-IRON","4842","each","10245966"
"2375","TD23052265","Item23052242","JOINTING KIT 120-185MM2 3C 11KV XLPE","2","each","10248486"
"2376","TD23052265","Item230522497","SLEEVE CRIMPING 185MM2","20","each","10248486"
"2377","TD23052285","Item230522375","THRUST BORING","410","metres","10246119"
"2378","TD23052288","Item230522396","INSULATOR POLYMER STRING","100","each","RE10245184"
"2379","TD23052292","Item230522488","INSULATOR POLYMER STRING","100","each","RE10245184"
"2380","TD23052222","Item23052239","INSUL SHACKLE","4842","each","10245967"
"2381","TD23052280","Item23052261","LADDER EXT 26FT","4","each","RE10246094"
"2382","TD23052220","Item230522586","SLEEVE CRIMPING 185MM2","500","each","10248757"
"2383","TD23052229","Item23052298","FERRULE SHEAR BOLTS 50-240MM2","100","each","10245906"
"2384","TD23052253","Item230522187","MCB 600V 3 PHASE 175A","20","each","10246731"
"2385","TD23052253","Item230522490","MCB 600V 3 PHASE 250A","20","each","10246731"
"2386","TD23052253","Item230522735","MCB 600V 3 PHASE 350A ","20","each","10246731"
"2387","TD23052261","Item230522629","WOCI BOOK","100","each","10248789"
"2388","TD23052241","Item230522142","WOMI BOOK ","200","each","10243253"
"2389","TD23052377","Item230523149","INSULATION TAPE PVC BLACK ADHESIVE","6900","each","10245963"
"2390","TD23052436","Item23052468","SLEEVE CRIMPING 120MM2","500","each","10242047"
"2391","TD2305245","Item230524195","LUG CRIMPING 185MM X 16MM","500","each","10248096"
"2392","TD23052456","Item230524745","LUG CRIMPING 185MM X 12MM","500","each","10248099"
"2393","TD23052410","Item230524434","D-FUSE MOUNT & FUSE 11KV","200","each","10249023"
"2394","TD23052473","Item230524916","STAY WIRE 7/12","8000","each","10249094"
"2395","TD23052452","Item23052452","METAL KIOSK","1","each","10240169"
"2396","TD23052437","Item230524123","METAL KIOSK","1","each","RE10240171"
"2397","TD2305246","Item230524353","BRACKET LV FUSE ZIGZAG","100","each","10249063"
"2398","TD23052430","Item230524250","HRC FUSE 400A","1000","each","10249013"
"2399","TD23052439","Item230524148","SCOTCH TAPE ","500","each","10242822"
"2400","TD23052431","Item230524212","HRC FUSE 250A","1000","each","10249000"
"2401","TD23052480","Item230524391","INSUL DISC PORCELAIN","50","each","10244324"
"2402","TD23052480","Item230524971","INSUL STAY PORCEAIN","50","each","10244324"
"2403","TD23052480","Item230524166","D-IRON","50","each","10244324"
"2404","TD23052918","Item230529230","CRIMPING SLEEVES 95MM2","1000","each","10248966"
"2405","TD23052974","Item230529737","CRIMPING LUGS 150MMX12MM","500","each","10248967"
"2406","TD2305295","Item230529765","CRIMPING LUGS 70MMX20MM","500","each","10248969"
"2407","TD23052953","Item23052944","CRIMPING LUGS 150MMX16MM","500","each","10248103"
"2408","TD23052923","Item23052949","CRIMPING LUGS 95MMX20MM","500","each","10248968"
"2409","TD23052919","Item230529564","TAPE 18MMX0.18MM X20M YELLOW ADHESIVE","1000","each","10248931"
"2410","TD23052919","Item230529102","TAPE 18MMX018MMX20M PVC GREEN ADHESIVE","1000","each","10248931"
"2411","TD23052919","Item230529375","TAPE 18MMX0.18MMX20M PVC WHITE AHESIVE","1000","each","10248931"
"2412","TD23052956","Item230529175","TAPE 18MMX0.18MM X20M  RED ADHESIVE","2000","each","10244122"
"2413","TD23053137","Item230531861","GLOVE ELECTRICIAN RUBBER 10 TO BS697","30","each","10248927"
"2414","TD23053137","Item230531948","LOVE ELECTRICIAN RUBBER SIZE 9 TO BS","30","each","10248927"
"2415","TD23053137","Item230531235","GLOVE ELECTRICIAN 11 TO BS697","30","each","10248927"
"2416","TD23053190","Item230531881","H26A TONER CARTRIDGE BLACK","10","each","10247218"
"2417","TD23053170","Item230531494","WIRE GALV STAY 45 TON 7/14 STRAIN ","6000","each","10249093"
"2418","TD23053112","Item230531169","INSULATION TAPE PVC BLACK ADHESIVE18mmx0.18mmx20m","50","each","10249322"
"2419","TD23053164","Item230531991","GLAD CABLE SIZE 2","500","each","10249134"
"2420","TD23060151","Item230601325","JOINTING KIT 240-300MM2 3C 33KV XLPE","10","each","10248978"
"2421","TD23060166","Item230601944","JOINTING KIT 120-185MM2 3C 11KV XLPE","7","each","10249483"
"2422","TD23060166","Item23060110","JOINTING KIT 120-185MM2 3C 11KV PILC","8","each","10249483"
"2423","TD23060169","Item230601520","INSULATOR DISC POLYMER","18","each","10249262"
"2424","TD23060111","Item230601839","CCTV REPLACEMENTS","1","each","10248447"
"2425","TD23060121","Item230601867","CHANNEL X-ARM","4","each","10249260"
"2426","TD23060121","Item230601367","FUSE LUCY POLE 400A","6","each","10249260"
"2427","TD23060121","Item230601624","LUG CRIMPING 120X16MM","16","each","10249260"
"2428","TD23060257","Item230602964","CLAMP STRN G/TYPE 2 BOLT 100MM","12","each","10249263"
"2429","TD23060257","Item230602769","STRAP TWISTED SHACKLE 16MM BOLT","12","each","10249263"
"2430","TD23060257","Item230602191","STRAP SHACKLE 16MM","12","each","10249263"
"2431","TD23060257","Item230602471","INSUL SHACKLE PORCELAIN","16","each","10249263"
"2432","TD23060257","Item230602868","STAY ROD 5/8","4","each","10249263"
"2433","TD23060257","Item230602561","INSUL STAY 11/33KVPORCELAINE ","16","each","10249263"
"2434","TD23060588","Item23060528","Counselling Training","25","each","10249490"
"2435","TD23060555","Item2306051000","Jointing kits","2","each","10249723"
"2436","TD23060547","Item23060547","hp 201 black","1","each","10249752"
"2437","TD23060547","Item230605618","hp 201 cyan","1","each","10249752"
"2438","TD23060547","Item230605219","hp 201 yellow","1","each","10249752"
"2439","TD23060547","Item230605146","hp 201 magenta","1","each","10249752"
"2440","TD23060516","Item230605378","30 ton truck hire ","1","each","10245717"
"2441","TD2306057","Item230605142","hp26A toner cartridge","10","each","10247218"
"2442","TD23060526","Item230605428","INSULATOR DISC PORCELAIN","40","each","10249498"
"2443","TD23060526","Item230605110","INSULATOR PIN ","10","each","10249498"
"2444","TD23060526","Item230605226","PIN INSUL","10","each","10249498"
"2445","TD23060526","Item230605124","STAY ROD 5/8","20","each","10249498"
"2446","TD23060526","Item230605985","STAY INSUL","20","each","10249498"
"2447","TD23060592","Item230605797","INSUL DISC PORCELAIN","200","each","10249543"
"2448","TD23060672","Item230606907","Jointing kits 3C XLPE","10","each","10249821"
"2449","TD23060672","Item230606485","Jointing kits 3C PILC","10","each","10249821"
"2450","TD2306065","Item230606897","Tape scotch filled putty","100","each","10244569"
"2451","TD23060684","Item230606364","Tape scotch filled putty","100","each","10244569"
"2452","TD23060727","Item230607350","Tape scotch filled putty","100","each","10244569"
"2453","TD23060780","Item230607768","Tape scotch filled putty","100","each","10244569"
"2454","TD23060751","Item230607832","GLOVE ELECTRICIAN RUBBER 10 TO BS697","30","each","10248927"
"2455","TD23060751","Item230607335","GLOVE ELECTRICIAN RUBBER SIZE 9 TO BS","30","each","10248927"
"2456","TD23060751","Item230607635","GLOVE ELECTRICIAN 11 TO BS697","30","each","10248927"
"2457","TD23060821","Item230608174","WIRE GALV STAY 45 TON 7/14 STRAIN ","6000","each","10249093"
"2458","TD23060869","Item230608987","GLAD CABLE SIZE 2","500","each","10249134"
"2459","TD23060839","Item230608945","GLAD CABLE SIZE 2","500","each","10249134"
"2460","TD23060987","Item230609703","H26A TONER CARTRIDGE BLACK","10","each","10247218"
"2461","TD23060918","Item230609194","Tape scotch filled putty","100","each","10244569"
"2462","TD23061261","Item230612747","CRIMPING SLEEVES185MM2","50","each","10249321"
"2463","TD23061261","Item230612540","CRIMPING SLEEVE 150MM2","50","each","10249321"
"2464","TD23061252","Item230612129","WORKERS COMMITTE TRAINING","1","each","10249830"
"2465","TD23061234","Item230612617","WORKERS COMMITTE TRAINING","1","each","10249830"
"2466","TD23061273","Item230612645","CONTROLLERS INSTRUCTION FORMS ","200","each","RE10245529"
"2467","TD2306121","Item230612732","SAFETY RULES - LIMITATION OF ACCESS","200","each","RE10242572"
"2468","TD2306121","Item230612821","SANCTION FOR TEST FORM","200","each","RE10242572"
"2469","TD2306121","Item230612398","PERMIT TO WORK ON EQUIPMENT","200","each","RE10242572"
"2470","TD2306121","Item230612274","APPLICATION IN RESPECT OF ELECTRICITY","200","each","RE10242572"
"2471","TD2306121","Item230612486","APPLICATION FOR CONNECTION & DISCONNECTION","200","each","RE10242572"
"2472","TD2306121","Item230612831","INSPECTION OF INSTALLATION ","200","each","RE10242572"
"2473","TD23061231","Item23061265","SAFETY RULES - LIMITATION OF ACCESS","200","each","RE10242572"
"2474","TD23061231","Item230612688","SANCTION FOR TEST FORM","200","each","RE10242572"
"2475","TD23061231","Item230612849","PERMIT TO WORK ON EQUIPMENT","200","each","RE10242572"
"2476","TD23061231","Item230612400","APPLICATION IN RESPECT OF ELECTRICITY","200","each","RE10242572"
"2477","TD23061231","Item230612708","APPLICATION FOR CONNECTION & DISCONNECTION","200","each","RE10242572"
"2478","TD23061231","Item230612205","INSPECTION OF INSTALLATION ","200","each","RE10242572"
"2479","TD23061267","Item230612171","HP 55A TONER CARTRIDGE BLACK","20","each","10245825"
"2480","TD23061267","Item230612234","HP CE505A TONER CARTRIDGE BLACK","20","each","10245825"
"2481","TD23061258","Item230612624","Hydraulic crimping tool","3","each","10238307"
"2482","TD23061461","Item230614601","SEAT UPHOLSTERY NP300","10","each","10245903"
"2483","TD23061618","Item230616749","FERRULE SHEAR BOLTS 50-240MM2","100","each","10248756"
"2484","TD23061619","Item230616255","J-KIT 120-185MM2 XLPE","2","each","10249723"
"2485","TD23061644","Item230616691","FUSE HRC  400A ","100","each","10250018"
"2486","TD23061617","Item230616699","J-KIT 120-185MM2 XLPE","12","each","10249425"
"2487","TD23061673","Item230616224","J-KIT 120-185MM2 PILC","6","each","10250019"
"2488","TD23061673","Item23061629","JOINTING KIT 120-185MM2 3C 11KV XLPE","6","each","10250019"
"2489","TD23061673","Item23061667","SLEEVE CRIMPING 150MM2","50","each","10250019"
"2490","TD2306167","Item230616844","J-KIT 120-185MM2 PILC","2","each","10249817"
"2491","TD2306167","Item230616424","JOINTING KIT 120-185MM2 3C 11KV XLPE","2","each","10249817"
"2492","TD2306167","Item230616170","FERRULE SHEAR 50-240MM2","12","each","10249817"
"2493","TD23061685","Item230616962","JOINTING KIT 120-185MM2 3C 11KV XLPE","5","each","10250057"
"2494","TD23061685","Item230616788","JOINTING KIT 120-185MM2 3C 11KV PILC","5","each","10250057"
"2495","TD23061955","Item230619289","toner 55A laser jet","20","each","10245825"
"2496","TD23061955","Item230619911","toner hp CE505A (05A)","20","each","10245825"
"2497","TD23061981","Item230619496","HP26A BLACK TONER CARTRIDGE","10","each","10247218"
"2498","TD23061990","Item230619730","TRENCHING","1","each","10250234"
"2499","TD23061942","Item230619911","REMOVAL OF RUBBLES","1","each","10249175"
"2500","TD23062036","Item230620924","FIRE EXTINGUISHER INSPECTION & SERVICE","1","each","10249359"
"2501","TD23062182","Item23062114","TRENCHING","20","metres","10250331"
"2502","TD23062199","Item230621770","TRENCHING","20","metres","10250104"
"2503","TD23062170","Item230621228","TRENCHING","20","metres","10250331"
"2504","TD23062197","Item230621997","all in one desk top touch","2","each","10247273"
"2505","TD23062383","Item230623497","STRAP SHACKLE MV 16MM BOLT","12","each","10248537"
"2506","TD23062383","Item230623739","INSUL DISC PORCELAIN ","16","each","10248537"
"2507","TD23062383","Item230623198","CLAMP STRAIN 2 BOLT","12","each","10248537"
"2508","TD23062320","Item230623499","FUSE HRC  400A ","100","each","RE10250018"
"2509","TD23062361","Item230623250","JOINTING KIT 120-185MM2 3C 11KV XLPE","12","each","RE10249425"
"2510","TD23062372","Item230623123","JOINTING KIT 120-185MM2 3C 11KV PILC","6","each","RE10250019"
"2511","TD23062372","Item230623915","JOINTING KIT 120-185MM2 3C 11KV XLPE","6","each","RE10250019"
"2512","TD23062372","Item230623106","SLEEVE CRIMPING 150MM2","50","each","RE10250019"
"2513","TD23062319","Item230623215","JOINTING KIT 120-185MM2 3C 11KV XLPE","2","each","RE10249817"
"2514","TD23062319","Item23062321","JOINTING KIT 120-185MM2 3C 11KV PILC","2","each","RE10249817"
"2515","TD23062319","Item230623531","FERRULE SHEAR 50-240MM2","12","each","RE10249817"
"2516","TD23062354","Item230623351","FERRULE SHEAR BOLTS 50-240MM2","100","each","RE10248956"
"2517","TD23062336","Item230623180","MV BOARD 6 WAY","1","each","10250121"
"2518","TD23062348","Item23062346","MV BOARD 6 WAY","1","each","10250123"
"2519","TD23062323","Item230623147","MV BOARD 6 WAY","1","each","10248264"
"2520","TD23062397","Item230623378","MV BOARD 6 WAY","1","each","10248265"
"2521","TD23062394","Item230623788","MV BOARD 8 WAY","1","each","10240171"
"2522","TD23062311","Item230623506","VOIP IP HANDSET","14","each","RE10244898"
"2523","TD23062311","Item230623384","VIDEO IP HANDSET","1","each","RE10244898"
"2524","TD23062311","Item230623460","MATRIX DKP HANDSET","2","each","RE10244898"
"2525","TD23062311","Item230623360","MATRIX ANALOGUE ","3","each","RE10244898"
"2526","TD23070755","Item230707796","TERM KIT 120-185MM2 I/D XLPE","3","each","10251087"
"2527","TD23070755","Item230707421","JOINTING KIT 120-185MM2 3C 11KV XLPE","2","each","10251087"
"2528","TD23070788","Item230707880","stay plate galv 5/8 16mm","2","each","10250804"
"2529","TD23070788","Item230707693","stay rod galv 5/8 16mm","2","each","10250804"
"2530","TD23070788","Item230707421","STAY WASHER SQUARE 1000 X 100MM 16MM","2","each","10250804"
"2531","TD23070788","Item230707196","STRAP SHACKLE 16MM BOLT ","16","each","10250804"
"2532","TD23070788","Item230707896","INSUL SHACKLE","10","each","10250804"
"2533","TD23070761","Item230707384","D-IRON","8","each","10248534"
"2534","TD23070761","Item230707793","SHACKLE INSUL","8","each","10248534"
"2535","TD23070761","Item230707282","EYE BOLT 16MM X 300MM","18","each","10248534"
"2536","TD23070761","Item230707167","PG CLAMP 50-100MM2","12","each","10248534"
"2537","TD23070761","Item230707256","PG CLAMP 16-100MM2","12","each","10248534"
"2538","TD23070761","Item230707403","CHANNEL CROSS ARM ","2","each","10248534"
"2539","TD23070720","Item230707740","FERRULE SHEAR BOLTS 50-240MM2","100","each","RE10248756"
"2540","TD23070765","Item230707244","REMOVABLE STICKERS","4320","each","10245513"
"2541","TD23070782","Item230707851","MAGNETIC STICKERS","360","each","RE10245514"
"2542","TD23070799","Item230707969","MV BOARD 6 WAY","1","each","10250121"
"2543","TD23070797","Item230707315","MV BOARD 6 WAY","1","each","10250123"
"2544","TD23070752","Item230707703","MV BOARD 8 WAY","1","each","10240171"
"2545","TD23070792","Item23070735","METAL KIOSK","1","each","10240169"
"2546","TD23071120","Item230711190","INSULATION TAPE PVC BLACK ADHESIVE18mmx0.18mmx20m","6900","each","10245963"
"2547","TD2307114","Item230711918","INSULATION TAPE PVC BLACK ADHESIVE18mmx0.18mmx20m","6900","each","10245963"
"2548","TD23071182","Item230711451","INSULATION TAPE PVC BLACK ADHESIVE18mmx0.18mmx20m","50","each","10249322"
"2549","TD2307115","Item230711291","GLOVE ELECTRICIAN RUBBER 10 TO BS697","30","each","10248927"
"2550","TD2307115","Item230711407","GLOVE ELECTRICIAN RUBBER SIZE 9 TO BS","30","each","10248927"
"2551","TD2307115","Item230711702","GLOVE ELECTRICIAN 11 TO BS697","30","each","10248927"
"2552","TD23071210","Item230712835","TONER CATRIDGE HP 201 BLACK","1","each","10249752"
"2553","TD23071210","Item230712271","TONER CATRIDGE HP 201 CYAN","1","each","10249752"
"2554","TD23071210","Item230712525","TONER CATRIDGE HP 201 YELLOW","1","each","10249752"
"2555","TD23071210","Item230712528","TONER CATRIDGE HP 201 MAGENTA","1","each","10249752"
"2556","TD23071257","Item230712261","GLAND CABLE SIZE 2","500","each","10249134"
"2557","TD23071362","Item230713919","TONER CATRIDGE HP 201 BLACK","1","each","10249752"
"2558","TD23071362","Item230713951","TONER CATRIDGE HP 201 CYAN","1","each","10249752"
"2559","TD23071362","Item230713354","TONER CATRIDGE HP 201 YELLOW","1","each","10249752"
"2560","TD23071362","Item230713322","TONER CATRIDGE HP 201 MAGENTA","1","each","10249752"
"2561","TD23071365","Item230713737","TRENCHING","1","each","10247803"
"2562","TD2307132","Item230713873","TRENCHING ","1","each","10247803"
"2563","TD23071373","Item23071361","DISHWASHING LIQUID","30","each","10250046"
"2564","TD23071340","Item230713103","DISHWASHING LIQUID","30","each","10250046"
"2565","TD23071327","Item230713727","A5 CERTIFICATE","1000","each","10247274"
"2566","TD23071370","Item230713785","SKY BLUE WORKSUIT SIZE 40","50","each","10250126"
"2567","TD23071370","Item230713118","SKY BLUE WORKSUIT SIZE 42","50","each","10250126"
"2568","TD23071370","Item230713800","SKY BLUE WORKSUIT SIZE 44","75","each","10250126"
"2569","TD23071370","Item230713805","SKYBLUE WORKSUIT SIZE 46","75","each","10250126"
"2570","TD23071370","Item230713387","SKYBLUE WORKSUIT SIZE 48","30","each","10250126"
"2571","TD23071370","Item23071370","SKYBLUE WORKSUIT SIZE 50","20","each","10250126"
"2572","TD23071367","Item230713220","METAL KIOSK","1","each","10251085"
"2573","TD23071390","Item230713964","MV BOARD 6 WAY","1","each","10251084"
"2574","TD23071366","Item230713772","METAL KIOSK","1","each","10240169"
"2575","TD23071310","Item23071351","TYRES 295/80R 22.5","2","each","10246248"
"2576","TD23071854","Item230718184","PIT SAND","804","each","10246122"
"2577","TD23071833","Item23071824","TERM KIT 120-185MM2 I/D XLPE","3","each","10251087"
"2578","TD23071833","Item230718918","JOINTING KIT 120-185MM2 3C 11KV XLPE","2","each","10251087"
"2579","TD2307188","Item230718761","JOINTING KIT 120-185MM2 3C 11KV XLPE","5","each","10251586"
"2580","TD2307188","Item230718327","JOINTING KIT 120-185MM2 3C 11KV PILC","5","each","10251586"
"2581","TD23071839","Item230718659","J-KIT 120-185MM2 XLPE","12","each","10251498"
"2582","TD2307182","Item230718605","TAPE DEMARCATING RED & WHITE","5","each","10251418"
"2583","TD23071857","Item230718330","JOINTING KIT 120-185MM2 3C 11KV XLPE","5","each","10251568"
"2584","TD23071857","Item230718454","JOINTING KIT 120-185MM2 3C 11KV PILC","5","each","10251568"
"2585","TD23071935","Item230719500","THERMAL TILL ROLLS 80*83MM","1000","each","10250186"
"2586","TD23071978","Item230719821","LIGHT WEIGHT WAIST COAT WITH ID POCKET","50","each","10247305"
"2587","TD23071978","Item230719972","6 PANEL CORNER INSERT CAP ","100","each","10247305"
"2588","TD23071960","Item230719748","PRINTING OF A5 BROCHURE ON GLOSS 24 PAGES ","10000","each","10247277"
"2589","TD2307205","Item230720719","toner hp 201 black ","1","each","10249752"
"2590","TD2307205","Item230720923","toner hp 201 cyan ","1","each","10249752"
"2591","TD2307205","Item230720411","toner hp 201 yellow","1","each","10249752"
"2592","TD2307205","Item23072010","toner hp 201 magenta","1","each","10249752"
"2593","TD23072013","Item23072086","TONER CARTRIDGE HP LASER JET 59 ","6","each","10248594"
"2594","TD23072021","Item230720532","TONER CARTRIDGE HP LASER JET 59 ","1","each","10249769"
"2595","TD23072162","Item230721275","PIT SAND","804","each","10246122"
"2596","TD23072134","Item230721308","PIT SAND","804","each","10246122"
"2597","TD2307216","Item23072173","PIT SAND","804","each","10246122"
"2598","TD23072155","Item230721930","PIT SAND","804","each","10246122"
"2599","TD23072689","Item23072648","METAL CLAD STEEL KIOSK","1","each","10251545"
"2600","TD2307269","Item230726117","METAL CLAD STEEL KIOSK","1","each","10251545"
"2601","TD2307266","Item230726700","METAL CLAD STEEL KIOSK","1","each","10251545"
"2602","TD23072629","Item230726359","8 WAY MV BOARD","1","each","10251546"
"2603","TD23072740","Item230727153","GLAD CABLE SIZE 2","500","each","10249134"
"2604","TD23072879","Item230728630","AIR DAC CABLE 25MM (2/2.21) FIG 8 AL","2000","metres","10251800"
"2605","TD23072853","Item230728381","HRC FUSE 400A","50","each","10252174"
"2606","TD23072853","Item230728179","HRC FUSES 315A","50","each","10252174"
"2607","TD23072853","Item230728140","HRC 25A","50","each","10252174"
"2608","TD23072833","Item230728291","JOINTING KIT 120-185MM2 3C 11KV XLPE","10","each","10251801"
"2609","TD23072878","Item230728105","CABLE 185MM 4CORE PVC SWA","25","metres","10250177"
"2610","TD23072878","Item230728770","CABLE 120MM X4C PVC SWA ","25","metres","10250177"
"2611","TD23072877","Item230728826","JOINTING KIT 120-185MM2 3C 11KV PILC","10","each","10251802"
"2612","TD23072877","Item230728111","JOINTING KITS TRANSITION 120-185MM2 11KV","5","each","10251802"
"2613","TD23072831","Item230728283","OIL REGENERATION ","7326","each","10250459"
"2614","TD23072810","Item230728958","CABLE RECOVERY","1","each","10251725"
"2615","TD23072887","Item230728886","TRENCHING","1","each","10251718"
"2616","TD23072871","Item230728100","TRENCHING","1","each","10251720"
"2617","TD23072845","Item2307281000","TRENCHING","1","each","10251723"
"2618","TD23072856","Item230728797","TRENCHING","1","each","10251724"
"2619","TD23073156","Item230731622","HIRE OF PA SYSTEM & STAGE","1","each","10251872"
"2620","TD23080321","Item230803369","JOINTING KIT 120-185MM2 3C 11KV XLPE","15","each","10249496"
"2621","TD23080321","Item230803294","JOINTING KIT 120-185MM2 3C 11KV XLPE","15","each","10249496"
"2622","TD23080379","Item230803371","LAPTOP HP OMEN","1","each","10249424"
"2623","TD23080351","Item230803922","REPAIR GAZEBO","1","each","10241533"
"2624","TD23080382","Item230803405","CUSTOMISED NOTEBOOKS","100","each","RE10246989"
"2625","TD23080319","Item230803224","DUST SUCKING","1","each","10248092"
"2626","TD23080365","Item230803335","TRENCHING","1","each","10252362"
"2627","TD23080350","Item230803272","TRENCHING","1","each","10252363"
"2628","TD23080375","Item230803754","TRENCHING","1","each","10252364"
"2629","TD23080795","Item230807566","J-KIT 50-95MM2 11KV XLPE","10","each","10252512"
"2630","TD23080795","Item230807793","J-KIT 50-95MM2 11KV PILC ","10","each","10252512"
"2631","TD2308073","Item230807947","J-KIT 120-185MM2 XLPE","10","each","10252513"
"2632","TD2308073","Item230807234","J-KIT 50-95MM2 11KV PILC ","10","each","10252513"
"2633","TD23080735","Item230807940","D-FUSE MOUNT & FUSE 11KV","3","each","10252528"
"2634","TD23080735","Item230807298","CHANNEL X-ARM","2","each","10252528"
"2635","TD23080735","Item230807719","ZIG ZAG","30","each","10252528"
"2636","TD23080743","Item230807243","SANCTION FOR TEST BOOK","300","each","10251647"
"2637","TD23080772","Item230807702","SAFETY RULES - LIMITATION OF ACCESS","300","each","10251711"
"2638","TD23080746","Item230807934","PERMIR TO WROK BOOK ","300","each","10251712"
"2639","TD23081147","Item230811643","8 BOLT 300MM ALUMINIUM CLAMPS","20","each","10251376"
"2640","TD23081195","Item230811181","  3 BOLT 300MM BRASS CLAMPS","20","each","10251374"
"2641","TD23081119","Item230811763","TUNGSTEN C GEAR MALE CONTACTS TIPS","20","each","10251377"
"2642","TD23081183","Item230811257","PRE RETIREMENT TRAINING  FOR 80 PEOPLE","1","each","10252539"
"2643","TD23081695","Item230816500","J-KIT 120-185MM2 XLPE","5","each","10251088"
"2644","TD23081695","Item230816810","JOINTING KIT 120-185MM2 3C 11KV PILC","5","each","10251088"
"2645","TD23081695","Item230816995","SLEEVE CRIMPING 120MM2","20","each","10251088"
"2646","TD23081695","Item230816562","SLEEVE CRIMPING 185MM2","20","each","10251088"
"2647","TD23081695","Item230816634","SLEEVE CRIMPING 150MM2","20","each","10251088"
"2648","TD23082282","Item230822335","PROVISION OF RUBBLE REMOVAL","1","each","10249175"
"2649","TD23082286","Item230822547","X ARM STRAIN BOXED 5P 1200M WOOD CONSTR","4","each","10252281"
"2650","TD23082286","Item2308224","X ARM STRAIN 100X50X3200MM CHANNEL","6","each","10252281"
"2651","TD23082263","Item230822557","EYE BOLT M 16 X 300MM","100","each","10252320"
"2652","TD23082263","Item23082286","STRAP TWISTED SHACKLE 16MM BOLTS","100","each","10252320"
"2653","TD23082263","Item23082280","CLAMP STRN G/TYPE EA6 3 BOLT 100MM","100","each","10252320"
"2654","TD23082263","Item230822143","EYE BOLT M 16X280X16MM","100","each","10252320"
"2655","TD23082293","Item230822295","J-KIT 120-185MM2 XLPE","8","each","10252592"
"2656","TD23082293","Item230822177","JOINTING KIT 120-185MM2 3C 11KV PILC","8","each","10252592"
"2657","TD23082214","Item230822905","CUSTOMER INFO BROUCHER","5000","each","10252824"
"2658","TD23082285","Item230822611","FUSE LUCY POLE UNIT ","20","each","10252701"
"2659","TD23082279","Item230822669","CLAMP STRN G/TYPE 2 BOLT 50MM","120","each","10252321"
"2660","TD23082274","Item230822945","stay plate galv 5/8 16mm","80","each","10252322"
"2661","TD23082274","Item230822807","stay rod galv 5/8 16mm","80","each","10252322"
"2662","TD23082274","Item230822245","STAY WASHER SQUARE 1000 X 100MM 16MM","80","each","10252322"
"2663","TD23082256","Item230822539","ABC CONDUCTOR","20","each","10252510"
"2664","TD23082254","Item230822393","CONDUCTOR 100MM2 SCA","1200","each","10249265"
"2665","TD2308226","Item230822910","CABLE 25MM2 4 CORE ","30","each","10252528"
"2666","TD23082997","Item23082963","TERM KIT 120-185MM2 O/D XLPE","20","each","10251338"
"2667","TD23082977","Item230829686","TERM KIT 120-185MM2 I/D XLPE","20","each","10251339"
"2668","TD23082995","Item230829612","FERRULE SHEAR BOLTS 50-240MM2","100","each","10252179"
"2669","TD2308297","Item230829886","SLEEVE CRIMPING 185MM2","500","each","10252546"
"2670","TD23082917","Item230829564","SKY BLUE WORKSUIT SIZE 40","50","each","10252771"
"2671","TD23082917","Item230829812","SKY BLUE WORKSUIT SIZE 42","50","each","10252771"
"2672","TD23082917","Item230829179","SKY BLUE WORKSUIT SIZE 44","75","each","10252771"
"2673","TD23082917","Item230829952","SKYBLUE WORKSUIT SIZE 50","15","each","10252771"
"2674","TD23083057","Item230830432","PRE RETIREMENT TRAINING  FOR 80 PEOPLE","1","each","10252539"
"2675","TD2308304","Item23083053","STAY ROD 5/8 16mm C/W NUT & WASHER","12","each","10253480"
"2676","TD2308304","Item230830260","GUN CLAMP 50-100 mm2 CAST IRON","18","each","10253480"
"2677","TD23083018","Item230830319","TRENCHING","1","each","10253491"
"2678","TD23083068","Item230830449","TRENCHING","1","each","10253495"
"2679","TD2308305","Item230830136","TRENCHING","1","each","10253496"
"2680","TD23083099","Item230830437","TERM KIT 120-185MM2 O/D PILC","20","each","10251340"
"2681","TD23083027","Item230830481","TERM KIT 120-185MM2 I/D PILC","20","each","10251341"
"2682","TD23083072","Item230830492","J-KIT 120-185MM2 XLPE","3","each","10251829"
"2683","TD23083072","Item23083014","J-KIT 50-95MM2 11KV PILC ","3","each","10251829"
"2684","TD23083072","Item230830527","TERM KITS 120-185mm2 3C 11KV O/D XLPE","2","each","10251829"
"2685","TD23083072","Item230830226","SLEEVE CRIMPING 185MM2","30","each","10251829"
"2686","TD23083010","Item230830726","JOINTING KIT 120-185MM2 3C 11KV PILC","15","each","10252066"
"2687","TD23083116","Item23083188","J-KIT 120-185MM2 XLPE","4","each","10253566"
"2688","TD23083116","Item230831155","J-KIT 50-95MM2 11KV PILC ","4","each","10253566"
"2689","TD23083116","Item230831740","SLEEVE CRIMPING 120MM2","40","each","10253566"
"2690","TD23083123","Item230831188","CABLE TRENCHING AND RECLAIMING OF A FAULTY CABLE","1","each","10253476"
"2691","TD23083131","Item230831274"," FAULTY CABLE TRENCHING SUBSTATION 2047 TAFARA X 50 MTS ","50","each","10252837"
"2692","TD23083161","Item23083119","J-KIT 50-95MM2 11KV XLPE","2","each","10253570"
"2693","TD23083161","Item230831465","J-KIT 50-95MM2 11KV PILC ","2","each","10253570"
"2694","TD23083128","Item230831247","FAULT CABLE TRENCING 5 UPLANDS CLOSE ","40","each","10242834"
"2695","TD23083151","Item230831406","TRENCHING","1","each","10253630"
"2696","TD23083171","Item230831291"," FAULT CABLE TRENCHING UZ COMPLEX","150","each","10252835"
"2697","TD23090546","Item230905220","TONER CARTRIDGE HP 05A ","30","each","10253233"
"2698","TD23090546","Item230905566","TONER CARTRIDGE HP 55A","30","each","10253233"
"2699","TD23090538","Item230905677","HP CE 255A BLACK TONER CARTRIDGE","3","each","10253662"
"2700","TD23090558","Item230905113","HP CE 255A BLACK TONER CARTRIDGE","3","each","10253662"
"2701","TD23090516","Item230905938","HP CE 255A BLACK TONER CARTRIDGE","3","each","10253662"
"2702","TD23090797","Item230907577","HP CF 411A CYAN TONER CARTRIDGE","1","each","10251016"
"2703","TD23090797","Item230907470","HP CF 412A YELLOW TONER CARTRIDGE TONER CARTRIDGE","1","each","10251016"
"2704","TD23090797","Item230907542","HP CF 413A MAGENTA TONER CARTRIDGE","1","each","10251016"
"2705","TD23090855","Item23090822","PRE RETIREMENT TRAINING  FOR 80 PEOPLE","1","each","10252539"
"2706","TD23090872","Item230908395","TRENCHING 40 METRES","1","each","10252834"
"2707","TD23090873","Item230908791","TRENCHING 53 METERS","1","each","10252837"
"2708","TD23090831","Item230908711","TRENCHING 122 M","1","each","10253476"
"2709","TD23090853","Item230908320","TRENCHING 150M","1","each","10252835"
"2710","TD23090857","Item230908597","Surge arrestors crossarm","78","each","27Q/2023"
"2711","TD23090899","Item230908472","FUSE LUCY POLE UNIT ","15","each","10254487"
"2712","TD23090892","Item230908705","HRC FUSE 300A","100","each","10254488"
"2713","TD23090892","Item230908476","HRC FUSES 200A","100","each","10254488"
"2714","TD23090892","Item23090840","HRC FUSE250A","100","each","10254488"
"2715","TD23090823","Item230908333","JOINTING KIT 240-300mm2 30 33kv xlpe","10","each","10253257"
"2716","TD23091157","Item230911521","2.6M BOXED CROSSARM","16","each","27L-2023"
"2717","TD23091114","Item230911412","SERVICE OF 51 TON CRANE","1","each","10254326"
"2718","TD23091228","Item230912111","SERVICE OF 51 TON CRANE","1","each","10254326"
"2719","TD23091281","Item23091217","HP CF411A CYAN TONER CARTRIDGE","1","each","10251016"
"2720","TD23091281","Item230912671","HP CF412A YELLOW TONER CARTRIDGE","1","each","10251016"
"2721","TD23091281","Item2309127","HP CF413A MAGENTA TONER CARTRIDGE","1","each","10251016"
"2722","TD23091234","Item230912368","1.6m channel cross arm ","9","each","10254304"
"2723","TD23091517","Item230915203","PRE RETIREMENT TRAINING  FOR 80 PEOPLE","1","each","10252539"
"2724","TD23091516","Item230915400","DRILLING OF BOREHORE","1","each","10252732"
"2725","TD23091816","Item230918914","borehole drilling ","1","each","10252738"
"2726","TD23091899","Item23091820","borehole drilling ","1","each","10252738"
"2727","TD23091921","Item230919292","CABLE EXCAVATION","1","each","10254998"
"2728","TD2309192","Item230919406","J-KIT 120-185MM2 XLPE","20","each","10251308"
"2729","TD23091918","Item230919461","J-KIT 50-95MM2 11KV PILC","20","each","10251309"
"2730","TD23091971","Item230919491","VOIP HANDSET","26","each","10254646"
"2731","TD23092146","Item230921891","FABRICATION OF C-GEAR","20","each","10254666"
"2732","TD23092169","Item230921433","FABRICATION OF C-GEAR 132KV","20","each","10254667"
"2733","TD23092122","Item230921355","HIRE OF JACK HAMMER ","1","each","10252509"
"2734","TD23092137","Item230921779","HRC FUSE 400A","200","each","10254630"
"2735","TD23092137","Item230921698","HRC FUSES 315A","400","each","10254630"
"2736","TD23092137","Item230921294","HRC FUSE250A","200","each","10254630"
"2737","TD2309254","Item230925131","9KG DRY CHEMICAL POWDER FIRE EXTINGUISHER","6","each","10254890"
"2738","TD23092528","Item230925529","THERMAL TILL ROLLS 80*83MM","1000","each","10251877"
"2739","TD23092615","Item230926291","THERMAL TILL ROLLS 80*80MM","1000","each","10251877"
"2740","TD23092731","Item230927484","FUMIGATION OF COACKROACHES AND BAITING OF RATS","1","each","10254201"
"2741","TD23092721","Item230927987","THERMAL TILL ROLLS 80*80MM","1000","each","10251877"
"2742","TD23092782","Item230927101","9KG DRY CHEMICAL POWDER FIRE EXTINGUISHER","6","each","10254890"
"2743","TD23092724","Item230927513","FUMIGATION OF COACKROACHES AND BAITING OF RATS","1","each","10254201"
"2744","TD23092798","Item230927530","CURTAINS AND RODS","1","each","10255097"
"2745","TD23092814","Item230928599","9KG DRY CHEMICAL POWDER FIRE EXTINGUISHER","6","each","10254890"
"2746","TD23092824","Item230928946","SUPPLY AND INSTALL DOUBLE CAR SHED","1","each","10254474"
"2747","TD23092989","Item230929991","FUSE HRC TYPE J(WEDGE) 300A/315A","100","each","10255295"
"2748","TD23092989","Item230929642","FUSE HRC 44OV 250A WEDGE TYPE 3.25 CTRS","100","each","10255295"
"2749","TD23100251","Item23100235","J-KIT 120-185MM2 XLPE","5","each","10255540"
"2750","TD23100251","Item231002883","J-KIT 50-95MM2 11KV PILC ","5","each","10255540"
"2751","TD23100290","Item231002749","J-KIT 120-185MM2 XLPE","7","each","10255214"
"2752","TD23100290","Item231002320","J-KIT 50-95MM2 11KV PILC ","7","each","10255214"
"2753","TD23100235","Item231002860","FUSE LUCY POLE UNIT ","18","each","RE10246092"
"2754","TD23100235","Item231002568","BRACKET ZIG ZAG","6","each","RE10246092"
"2755","TD23100256","Item23100220","DRAW VICE 3/4 TONNE","6","each","10254964"
"2756","TD23100256","Item231002865","COME ALONG 25-100MM2 SCA/HDA","6","each","10254964"
"2757","TD23100292","Item23100217","CASHBAG SEALS","10000","each","10253707"
"2758","TD23100325","Item231003767","LUG CRIMPING 120MM X 16MM","100","each","10252276"
"2759","TD23100321","Item231003748","LUG CRIMPING 120MM X 16MM","100","each","10252276"
"2760","TD23100352","Item231003172","WORKERS COMMITTE TRAING","1","each","10255608"
"2761","TD23100316","Item231003132","cable 185mm2 CU 3C 11KV XLPE","700","each","10255812"
"2762","TD23100395","Item231003724","WORKERS COMMITTE TRAINING","1","each","10255608"
"2763","TD23100342","Item231003646","CONDUCTOR SCA 100MM2 NEW BARE/ DOG","6000","each","10252801"
"2764","TD23100311","Item231003789","CONDUCTOR SCA 100MM2 NEW BARE/ DOG","6000","each","10252801"
"2765","TD23100330","Item231003399","INSUL PIN ","42","each","10252792"
"2766","TD23100330","Item231003237","PIN INSUL 11KV  GALV L/SHANK SMALL LEA","42","each","10252792"
"2767","TD23100330","Item231003654","INSUL DISC PORCELAIN 254 MM DIA 44KN","48","each","10252792"
"2768","TD23100330","Item231003805","XARM STRAIN 100 X 50 MM BOXED 3200MM LON","4","each","10252792"
"2769","TD23100330","Item231003472","STRAP TWISTED TWISTED SHACKLE 16MM BOLTS ","27","each","10252792"
"2770","TD23100330","Item23100345","CLAMP STRN. G/TYPE 25/339 DIA .SC","18","each","10252792"
"2771","TD23100330","Item231003819","EYE BOLT M 16 X 300 MM","10","each","10252792"
"2772","TD23100330","Item231003919","STAY RODS 3/4''","16","each","10252792"
"2773","TD23100330","Item231003904","STAY BOW GAL 3/4'''''' 20MM","16","each","10252792"
"2774","TD23100391","Item23100357","STAY WASHER SQUARE 1000 X 100MM GAL. 16 MM","16","each","10252799"
"2775","TD23100391","Item231003918","CLAMP POLE STAY","20","each","10252799"
"2776","TD23100391","Item23100365","WIRE GAL STAY ","320","each","10252799"
"2777","TD23100391","Item231003404","XARM STRAIN 100 X 50 MM 3200MM CHANNEL","4","each","10252799"
"2778","TD23100391","Item231003799","BOLTS AND NUTS GALV M 16 X 40","30","each","10252799"
"2779","TD23100391","Item231003544","WIRE GALV STAY 7/10","320","each","10252799"
"2780","TD23100473","Item231004260","J/KITS 120-185MM2 11KV PILC","10","each","10255754"
"2781","TD23100470","Item231004494","J/KITS 120-185MM2 11KV 3C XLPE","15","each","10255753"
"2782","TD23100579","Item231005183","TONER CATRIDGE HP CE505A (05A)","25","each","10255810"
"2783","TD23100579","Item231005733","TONER 55A HP LASER JET","25","each","10255810"
"2784","TD23100555","Item231005509","crimping tool 16-400mm hydraulic","3","each","10255815"
"2785","TD23100555","Item231005481","cutter, bolt 5/8 ''24'' long","4","each","10255815"
"2786","TD23100555","Item231005536","cutter, bolt 3/8 (8mm) 18 long","4","each","10255815"
"2787","TD23100582","Item231005681","sleeve crimping 120mm2","60","each","10255755"
"2788","TD23100582","Item231005919","sleeve crimping 150mm2","60","each","10255755"
"2789","TD23100582","Item231005186","sleeve crimping 185mm2","120","each","10255755"
"2790","TD23100614","Item23100620","MCB S/P AC 60 AMP","300","each","10256146"
"2791","TD23100662","Item23100651","CABLE 16MM2 PVC CU 600V 1C UVP BLACK","200","each","10254971"
"2792","TD23100662","Item231006992","CABLE 16MM2 PVC CU 600V 1C UVP RED","200","each","10254971"
"2793","TD23100626","Item231006999","CABLE 16MM2 PVC CU 600V 1C UVP BLACK","300","each","10256147"
"2794","TD23100626","Item231006263","CABLE 16MM2 PVC CU 600V 1C UVP RED","300","each","10256147"
"2795","TD23101678","Item231016311","HP131A, CF210 ORIG","1","each","10255514"
"2796","TD23101678","Item231016161","HP131A, CF211 ORIG","1","each","10255514"
"2797","TD23101678","Item231016292","HP131A, CF212 ORIG","1","each","10255514"
"2798","TD23101678","Item231016808","HP131A, CF213 ORIG","1","each","10255514"
"2799","TD23101633","Item231016207","RTU 560 FOR 33/11KV SELOUS S/S","1","each","10250820"
"2800","TD23101665","Item231016957","RTU 560 FOR 33/11KV MANICAS/S","1","each","10250912"
"2801","TD23101685","Item231016906","RTU 560 FOR 33/11KV STATE HOUSE S/S","1","each","10250955"
"2802","TD23101649","Item231016442","BRANDED NECK TIES","500","each","10255444"
"2803","TD23101649","Item231016447","BRANDED SCARVES","200","each","10255444"
"2804","TD23101752","Item231017977","CONTROLLERS INSTRUCTION FORMS ","1000","each","10255807"
"2805","TD23101720","Item231017188","fuse lucy pole unit 400a 400v","60","each","10256569"
"2806","TD23101756","Item231017447","J/KITS 120-185MM2 11KV 3C XLPE","10","each","10256130"
"2807","TD23101855","Item231018534","HP410 TONER CATRIDGE BLACK","6","each","10256433"
"2808","TD23101855","Item231018392","HP411 TONER CATRIDGE CYAN","2","each","10256433"
"2809","TD23101855","Item23101852","HP412 TONER CATRIDGE YELLOW","2","each","10256433"
"2810","TD23101855","Item231018328","HP413 TONER CATRIDGE","2","each","10256433"
"2811","TD23101836","Item231018712","9KG DCP FIRE EXTINGUISHER ","3","each","10255775"
"2812","TD23101836","Item231018669","25KG DCP FIRE EXTINGUISHER","3","each","10255775"
"2813","TD23101832","Item23101834","J-KIT 120-185MM2 PILC","5","each","10255896"
"2814","TD23101832","Item231018204","J-KIT 50-95MM2 11KV PILC ","5","each","10255896"
"2815","TD23101832","Item231018397","SLEEVE CRIMPING 185MM2","42","each","10255896"
"2816","TD23101815","Item231018383","CARTRIDGE CANNON 725","3","each","10255886"
"2817","TD23101815","Item231018538","CARTRIDGE HP36A","3","each","10255886"
"2818","TD23101958","Item231019165","HP 410A TONER CATRIDGE BLACK","6","each","10256433"
"2819","TD23101958","Item231019710","HP 411A TONER CATRIDGE CYAN","2","each","10256433"
"2820","TD23101958","Item231019382","HP 412A TONER CATRIDGE YELLOW","2","each","10256433"
"2821","TD23101958","Item23101920","HP 413A TONER CATRIDGE MAGENTA","2","each","10256433"
"2822","TD23101953","Item231019327","LASER JET BLACK CF 410A","2","each","10255564"
"2823","TD23101953","Item231019308","LASER JET CYAN CF 411A","1","each","10255564"
"2824","TD23101953","Item231019900","LASER JET YELLOW CF 412A","1","each","10255564"
"2825","TD23101953","Item231019630","LASER JET MAGENTA CF 413A","1","each","10255564"
"2826","TD23101923","Item231019947","DISHWASHER 5L","30","each","10256830"
"2827","TD23101951","Item231019881","SANITIZER 5L","50","each","10256827"
"2828","TD23101911","Item231019865","SLEEVE CRIMPING 95MM2","1000","each","10254105"
"2829","TD23101986","Item231019495","16mm2 4C CU PVC SWA 660","500","each","10256664"
"2830","TD23101933","Item231019913","16mm2 4C CU PVC SWA 660","500","each","10256664"
"2831","TD23101998","Item231019790","COME-ALONG 25-104MM2 SCA/HDA","5","each","10255758"
"2832","TD23101932","Item231019299","COME-ALONG 25-104MM2 SCA/HDA","5","each","10255758"
"2833","TD23101920","Item231019144","16mm2 2C CU PVC SWA 660","1000","each","10256663"
"2834","TD23101997","Item231019426","CONDUCTOR  100MM2 HDA BARE/WASP","1600","metres","10255177"
"2835","TD23101978","Item231019483","insul.shackle78mm DIA 64mm High Porcel","300","each","10246222"
"2836","TD23101978","Item231019997","stay plate galv 5/8 x 6mm [5/8''/16mm]","50","each","10246222"
"2837","TD23101978","Item23101981","stay rod 5/8 [16mm]C/W nut & washer ","50","each","10246222"
"2838","TD23101979","Item231019587","SLEEVE CRIMPING 95MM2","1000","each","10254105"
"2839","TD23101921","Item231019702","EARTH ROD 2400MM X 16MM GALVANISED","50","each","10246218"
"2840","TD23101921","Item231019147","EARTH CLAMPS CONNECTOR 11KV","50","each","10246218"
"2841","TD23101921","Item231019243","""CLIP,  CROSBY 5/8' (16MM)""","50","each","10246218"
"2842","TD23101921","Item231019786","BOLTS & NUTS GALV M16 X 300","50","each","10246218"
"2843","TD23101936","Item231019242","EARTH ROD 2400MM X 16MM GALVANISED","50","each","10246218"
"2844","TD23101936","Item23101974","EARTH CLAMPS CONNECTOR 11KV","50","each","10246218"
"2845","TD23101936","Item231019141","""CLIP,  CROSBY 5/8' (16MM)""","50","each","10246218"
"2846","TD23101936","Item231019813","BOLTS & NUTS GALV M16 X 300","50","each","10246218"
"2847","TD23101967","Item231019177","CABLE AIRDAC 25MM 2/2.2 FIG 8 AL","5000","each","10256665"
"2848","TD23101924","Item231019852","CABLE AIRDAC 25MM 2/2.2 FIG 8 AL","5000","each","10256665"
"2849","TD23101980","Item231019849","CABLE AIRDAC 25MM 2/2.2 FIG 8 AL","5000","each","10256665"
"2850","TD23101949","Item231019557","EARTH ROD 2400MM X 16MM GALVANISED","50","each","10246218"
"2851","TD23101949","Item231019414","EARTH CLAMPS CONNECTOR 11KV","50","each","10246218"
"2852","TD23101949","Item231019933","""CLIP,  CROSBY 5/8' (16MM)""","50","each","10246218"
"2853","TD23101949","Item231019111","BOLTS & NUTS GALV M16 X 300","50","each","10246218"
"2854","TD23101926","Item231019149","EARTH ROD 2400MM X 16MM GALVANISED","50","each","10246218"
"2855","TD23101926","Item231019592","EARTH CLAMPS CONNECTOR 11KV","50","each","10246218"
"2856","TD23101926","Item23101949","""CLIP,  CROSBY 5/8' (16MM)""","50","each","10246218"
"2857","TD23101926","Item231019720","BOLTS & NUTS GALV M16 X 300","50","each","10246218"
"2858","TD23101959","Item231019252","MCB 600V 3 PHASE 250A","20","each","10246214"
"2859","TD2310191","Item231019507","STAY WIRE 7/10","2000","each","10246234"
"2860","TD23101946","Item231019440","D-FUSE MOUNT & FUSE 11KV","30","each","10246212"
"2861","TD23101946","Item231019884","LIGHTNING ARRESTOR ","30","each","10246212"
"2862","TD23101910","Item23101986","LUG CRIMPING 95MM x 12MM","200","each","10246215"
"2863","TD23101910","Item231019589","LINE TAPS 50MM","100","each","10246215"
"2864","TD23101910","Item231019972","GLAND CABLE 70-120MM2","40","each","10246215"
"2865","TD23101910","Item231019864","CABLE GLAND SHROUD SIZE 4","40","each","10246215"
"2866","TD23101919","Item231019673","LUG CRIMPING 70MM x 12MM","500","each","10256788"
"2867","TD23101917","Item231019969","SLEEVE CRIMPING 150MM2","500","each","10252547"
"2868","TD23101993","Item23101989","CRIMPING LUGS 150MMX16MM","500","each","10256785"
"2869","TD23101962","Item231019902","LUG CRIMPING 120MM x 12MM","500","each","10252051"
"2870","TD23102081","Item231020190","MCB S/P AC 60 AMP","1000","each","10248991"
"2871","TD23102089","Item231020722","EMERGENCY SIGN","250","each","10256639"
"2872","TD23102089","Item231020196","EMERGENCY EXIT SIGN ","250","each","10256639"
"2873","TD23102051","Item23102057","TXF PLATFORM 11KV 2 POLE","20","each","10246230"
"2874","TD23102051","Item23102036","TXF PLATFORM 11KV 4 POLE","10","each","10246230"
"2875","TD23102051","Item23102017","X-ARM DFUSE 11KV WOOD H POLE","20","each","10246230"
"2876","TD23102013","Item231020245","LUG CRIMPING 150MM X 16MM","500","each","10254135"
"2877","TD23102087","Item231020148","LUG CRIMPING 120MM X 16MM","500","each","10256789"
"2878","TD23102070","Item231020272","LUG CRIMPING 120MM X 16MM","500","each","10256789"
"2879","TD23102033","Item231020180","EARTH ROD 2400MM X 16MM GALVANISED","50","each","10246218"
"2880","TD23102033","Item231020784","EARTH CLAMPS CONNECTOR 11KV","50","each","10246218"
"2881","TD23102033","Item23102016","""CLIP,  CROSBY 5/8' (16MM)""","50","each","10246218"
"2882","TD23102033","Item231020628","BOLTS & NUTS GALV M16 X 300","50","each","10246218"
"2883","TD23102058","Item231020673","WORKERS COMMITTE TRAINING","1","each","10255608"
"2884","TD23102020","Item231020104","""WIRE GALV STAY 45 TON 7/14"""""""" STRAIN""","4100","each","10256983"
"2885","TD23102037","Item231020997","""WIRE GALV STAY 45 TON 7/14"""""""" STRAIN""","4100","each","10256983"
"2886","TD23102039","Item231020170","LUG CRIMPING 95MM X 16MM","500","each","10252551"
"2887","TD23102044","Item231020449","""WIRE GALV STAY 45 TON 7/14"""""""" STRAIN""","2000","each","10246232"
"2888","TD23102038","Item231020351","GUN CLAMPS","20","each","10256623"
"2889","TD23102038","Item231020841","TWISTED SHACKLE STAPES","12","each","10256623"
"2890","TD23102096","Item23102055","""SLEEVE, CRIMPING  120MM2""","500","each","10252548"
"2891","TD23102060","Item23102050","LUG CRIPMING 185MM X 16MM","500","each","10252550"
"2892","TD23102042","Item231020262","LUG CRIMPING 70MM X 12MM","500","each","10256786"
"2893","TD2310206","Item231020257","JOINTING KIT 120-185MM2 3C 11KV XLPE","15","each","10256902"
"2894","TD23102078","Item231020177","JOINTING KIT 120-185MM2 3C 11KV PILC","15","each","10256903"
"2895","TD23102099","Item23102073","TERM KIT 120-185MM2 I/D PILC","20","each","10255105"
"2896","TD23102024","Item231020163","TERM KIT 120-185MM2 O/D PILC","20","each","10255106"
"2897","TD2310205","Item23102054","TERM KIT 120-185MM2 I/D XLPE","20","each","10255107"
"2898","TD2310209","Item231020155","TERM KIT 120-185MM2 O/D XLPE","20","each","10255108"
"2899","TD23102097","Item231020303","FUSE CARRIER 200/400A ","51","each","10256980"
"2900","TD23102047","Item231020231","BOREHOLE FLASHING","1","each","10256885"
"2901","TD23102025","Item231020691","BOREHOLE FLASHING","1","each","10256885"
"2902","TD23102363","Item231023973","INSUL. DISC PORCELAIN 254MM DIA 44KN","48","each","10246220"
"2903","TD23102363","Item231023716","CLAMP STRN. G/TYPE  2 BOLT 50MM","100","each","10246220"
"2904","TD23102363","Item231023542","IRON D-3.5SHACKLE TYPE INSUL. DWG","100","each","10246220"
"2905","TD23102390","Item231023513","PIN INSULATOR ","500","each","10257190"
"2906","TD23102390","Item231023304","INSULATOR PIN ","500","each","10257190"
"2907","TD23102465","Item231024676","INSUL SHACKLE","1000","each","10255273"
"2908","TD23102438","Item231024901","CLAMP STRN G/TYPE 2 BOLT 50MM","500","each","10257187"
"2909","TD23102464","Item231024858","INSUL SHACKLE 78MM DIA 64 MM  HIGH PORCEL","1000","each","10255273"
"2910","TD23102418","Item23102420","SHACKLE STRAP 16MM2","1000","each","10255275"
"2911","TD23102475","Item231024481","J/KITS 120-185MM2 11KV PILC","20","each","10255110"
"2912","TD23102442","Item231024989","J-KIT 120-185MM2 XLPE","20","each","10255109"
"2913","TD23102451","Item23102489","FUSE HRC TYPE WEDGE 300A/315A","1000","each","10254911"
"2914","TD23102458","Item231024559","INSUL. DISC PORCELAIN 254MM DIA 44KN","48","each","10246220"
"2915","TD23102458","Item231024155","CLAMP STRN. G/TYPE  2 BOLT 50MM","100","each","10246220"
"2916","TD23102458","Item231024729","IRON D-3.5SHACKLE TYPE INSUL. DWG","100","each","10246220"
"2917","TD23102467","Item231024510","FUSE HRC TYPE WEDGE 300A/315A","1000","each","10254911"
"2918","TD23102477","Item231024563","PULLER, CM 3/4 TON 5' WITH 4MT CHAIN""","4","each","10251569"
"2919","TD23102560","Item231025464","J/ KIT 240-300MM2 3C 33KV XLPE","10","each","10255689"
"2920","TD23102551","Item231025666","LUG CRIMPING 95MM x 16MM","500","each","10252551"
"2921","TD23102563","Item231025589","LUG CRIMPING 120MM x 16MM","500","each","10256789"
"2922","TD23102518","Item231025634","2 TON COME ALONG","4","each","10256086"
"2923","TD23102518","Item231025810","0.75 TON LEVER HOISTM 3 METERS LIFT","4","each","10256086"
"2924","TD23102573","Item231025944","MCB 600V 3 PHASE 100A","20","each","10256986"
"2925","TD23102573","Item231025244","MCB 600V 3 PHASE 125A","20","each","10256986"
"2926","TD23102573","Item231025611","MCB 600V 3 PHASE 150A ","20","each","10256986"
"2927","TD23102573","Item23102527","MCB 600V 175AMP ","20","each","10256986"
"2928","TD23102532","Item231025982","2 TON COME ALONG","4","each","10256086"
"2929","TD23102532","Item231025557","0.75 TON LEVER HOISTM 3 METERS LIFT","4","each","10256086"
"2930","TD23102580","Item231025457","SCARFS","200","each","10255444"
"2931","TD23102580","Item231025210","TIES","500","each","10255444"
"2932","TD23102641","Item23102669","J/KIT 120-185MM2 11KV 3C XLPE","10","each","10257381"
"2933","TD23102641","Item231026400","J/KIT  120 - 185MM2 3C 11KV  PILC","10","each","10257381"
"2934","TD23102616","Item231026252","J/KIT 120-185MM2 11KV 3C XLPE","10","each","10256935"
"2935","TD23102616","Item231026951","J/KIT  120 - 185MM2 3C 11KV  PILC","10","each","10256935"
"2936","TD23102615","Item231026673","J-KIT 120-185 MM2 11KV XLPE","6","each","10257396"
"2937","TD23102615","Item231026837","J-KIT 120-185 MM2 11KV PILC ","6","each","10257396"
"2938","TD23102645","Item231026272","J-KIT 120-185MM2 PILC","5","each","10257359"
"2939","TD23102645","Item231026661","J-KIT 50-95MM2 11KV PILC ","5","each","10257359"
"2940","TD23102645","Item231026158","FERRULE SHEAR 50-240MM2","30","each","10257359"
"2941","TD23102771","Item231027127","SLEEVE CRIMPING 185MM2","100","each","10257383"
"2942","TD23102738","Item23102737","EYE BOLT M16X280","100","each","10257270"
"2943","TD23102738","Item231027506","EYE BOLT M16X280","100","each","10257270"
"2944","TD23102738","Item231027738","SHACKLE STRAPS 16MM BOLT ","100","each","10257270"
"2945","TD23102738","Item231027168","STAY ROD 5/8","40","each","10257270"
"2946","TD23102750","Item231027384","D-IRON","100","each","10257269"
"2947","TD23102750","Item231027219","SHACKLE INSUL","100","each","10257269"
"2948","TD23102750","Item231027725","STAY INSUL ","40","each","10257269"
"2949","TD23102744","Item231027642","J-KIT 120-185MM2 XLPE","5","each","10257359"
"2950","TD23102744","Item231027917","J-KIT 50-95MM2 11KV PILC ","5","each","10257359"
"2951","TD23102744","Item231027630","FERRULE SHEAR 50-240MM2","30","each","10257359"
"2952","TD23110786","Item231107697","J/KITS 120-185MM2 11KV 3C XLPE","8","each","10257903"
"2953","TD23110786","Item231107822","J/KIT  120 - 185MM2 3C 11KV  PILC","8","each","10257903"
"2954","TD23110785","Item231107440","ALUMINIUM EXTENSION LADDERS","3","each","10255756"
"2955","TD23110763","Item231107525","J-KIT 120-185MM2 XLPE","9","each","10257963"
"2956","TD23110763","Item231107509","JOINTING KIT 120-185MM2 3C 11KV PILC","9","each","10257963"
"2957","TD23110763","Item231107738","SLEEVE CRIMPING 185MM2","90","each","10257963"
"2958","TD23110867","Item231108326","VEHICLE LOG BOOK","500","each","10257621"
"2959","TD23110898","Item231108216","ALUMINIUM EXTENSION LADDERS","3","each","10255756"
"2960","TD23110894","Item231108223","J-KIT 120-185MM2 XLPE","6","each","10257964"
"2961","TD23110894","Item231108406","JOINTING KIT 120-185MM2 3C 11KV PILC","6","each","10257964"
"2962","TD23110894","Item231108716","SLEEVE CRIMPING 185MM2","60","each","10257964"
"2963","TD23110839","Item231108338","FUSE LUCY POLE UNIT ","18","each","10257399"
"2964","TD23110885","Item2311081000","ALUMINIUM EXTENSION LADDERS 26FT","5","each","10257382"
"2965","TD23110818","Item231108405","SKY BLUE WORKSUIT SIZE 42","110","each","10257143"
"2966","TD23110810","Item231108446","FUSE HRC  400A ","100","each","10258143"
"2967","TD23110810","Item23110828","FUSE HRC 355A","100","each","10258143"
"2968","TD23110810","Item231108769","FUSE HRC 300A","100","each","10258143"
"2969","TD23110828","Item231108133","D FUSE MOUNT 11KV","60","each","10258041"
"2970","TD23110828","Item231108517","FUSE LUCY POLE 400A","40","each","10258041"
"2971","TD23110864","Item231108764","J-KIT 120-185MM2 XLPE","9","each","10257963"
"2972","TD23110864","Item231108243","JOINTING KIT 120-185MM2 3C 11KV PILC","9","each","10257963"
"2973","TD23110864","Item231108485","SLEEVE CRIMPING 185MM2","90","each","10257963"
"2974","TD23110952","Item231109262","C-GEAR CONTACTS","20","each","10256268"
"2975","TD23110955","Item231109527","C-GEAR CONTACTS","20","each","10256268"
"2976","TD23111015","Item231110217","TRENCHING","1","each","10254998"
"2977","TD23111342","Item231113100","185mm2 4c swa b/s ","15","metres","10258489"
"2978","TD23111342","Item231113620","cac 17 packaging drum/reel","1","each","10258489"
"2979","TD2311149","Item231114323","TRENCHING ","1","each","10254998"
"2980","TD23111434","Item231114781","TRENCHING ","1","each","10254998"
"2981","TD23111437","Item231114222","CONDUCTOR 100MM2 HDA","4000","each","10255038"
"2982","TD2311143","Item231114832","CONDUCTOR 100MM2 HDA","1500","each","10257271"
"2983","TD23111493","Item231114128","MV BOARD 6 WAY","3","each","10257341"
"2984","TD23111466","Item23111410","MV BOARD 8 WAY","1","each","10257389"
"2985","TD23111429","Item231114859","MV BOARD 8 WAY","1","each","10257390"
"2986","TD23111486","Item231114996","METAL KIOSK","1","each","10257401"
"2987","TD2311141","Item231114327","J-KIT 240-300MM2 33KV XLPE","6","each","10257519"
"2988","TD23111592","Item231115701","SUPPLY AND SERVICE OF SANITARY BINS","28","each","10255965"
"2989","TD23111558","Item231115123","SUPPLY AND SERVICE OF SANITARY BINS","28","each","10255956"
"2990","TD23111555","Item231115270","PROVISION OF REFUSE COLLECTION ","1","each","10256093"
"2991","TD23111625","Item231116502","""XARM, STRAIN 100x50x 3200MM CHANNEL","30","each","10257647"
"2992","TD23111625","Item231116899","3.8MTRS  BOXED CROSS ARM","10","each","10257647"
"2993","TD23111659","Item231116627","METAL KIOSK","1","each","10258517"
"2994","TD23111612","Item231116285","CISCO CATALYST 1000 24 PORT GE,FULL POE, 4 X 10G SFP","2","each","10256224"
"2995","TD23111667","Item231116148","CISCO CATALYST 1000 24PORT GE FULL POE ,4X10G SFP ","2","each","10256224"
"2996","TD23111781","Item231117514"," FUSE LUCY POLE UNIT 400A 440V TYPE MCP","60","each","10258382"
"2997","TD23111783","Item231117804","ARRESTER INTERMEDIATE SURGE 11KV CLASS 2","60","each","10258384"
"2998","TD23111760","Item231117747","COME-ALONG 25-104MM2 SCA/HDA","4","each","10251569"
"2999","TD23111794","Item231117104","C-GEAR CONTACTS","20","each","10256268"
"3000","TD23111797","Item231117259","D FUSE MOUNT  C/W M.BRACKET & FUSE 11KV","60","each","10258383"
"3001","TD23111773","Item231117258","Gun Clamp 200mm","34","each","10257524"
"3002","TD23111773","Item231117244","Earth wire Suspension Clamp","60","each","10257524"
"3003","TD23111773","Item231117439","""STRAP, TWISTED SHACKLE  16MM BOLTS""","134","each","10257524"
"3004","TD23112087","Item231120597","J/KIT 120 -185mm2 11kv 3c xlpe","5","each","10258396 "
"3005","TD23112087","Item23112090","J/kit 120-185mm2 3C 11KV PILC","5","each","10258396 "
"3006","TD23112032","Item231120686","channel cross arm","30","each","10257649 "
"3007","TD23112032","Item231120127","x - arm earthwire 33kv 1730 x 100 x 5","10","each","10257649 "
"3008","TD23112169","Item231121586","J/KIT 120-185MM2 11KV 3C XLPE","8","each","10258916"
"3009","TD23112169","Item231121340","J/KIT  120 - 185MM2 3C 11KV  PILC","8","each","10258916"
"3010","TD23112236","Item231122687","BOREHOLE GEO SURVEY","1","each","10258667"
"3011","TD23112233","Item231122889","SUPPLY AND SERVICE OF SANITARY BINS","28","each","10255965"
"3012","TD23112275","Item231122390","WIRE GALV STAY45 TON 7/14 STRAIN","6200","each","10257515"
"3013","TD23112275","Item231122237","WIRE GALV STAY45 TON 7/12STRAIN","1100","each","10257515"
"3014","TD23112269","Item231122766","WIRE GALV STAY45 TON 7/14 STRAIN","6200","each","10257515"
"3015","TD23112269","Item231122965","WIRE GALV STAY45 TON 7/12 STRAIN","1100","each","10257515"
"3016","TD2311226","Item231122480","WIRE GALV STAY45 TON 7/14 STRAIN","6200","each","10257515"
"3017","TD2311226","Item231122312","WIRE GALV STAY45 TON 7/12 STRAIN","1100","each","10257515"
"3018","TD23112259","Item231122993","WIRE GALV STAY 45 TON 7/14 STRAIN","4100","each","10256983"
"3019","TD23112336","Item231123228","STAY RODS 3/4 (20MM)","88","each","10257518"
"3020","TD23112336","Item231123992","STAY BOW GALV 3/4 (2OMM)","88","each","10257518"
"3021","TD23112336","Item231123665","STAY WASHER 3/4","88","each","10257518"
"3022","TD23112480","Item231124332","BELT SAFETY LINESMAN TYPE 1 TO","5","each","10255757"
"3023","TD23112479","Item23112433","cable 185mm2 4c cu pvc/swa","50","each","10258872"
"3024","TD23112414","Item231124802","cable 185mm2 4c cu pvc/swa","130","each","10258641"
"3025","TD23112423","Item231124420","cable 185mm2 4c cu pvc/swa","45","each","10258642"
"3026","TD23112475","Item231124831","cable 185mm2 4c cu pvc/swa","50","each","10258641"
"3027","TD23112459","Item231124705","MCB 60AMP S/P","1000","each","10258681"
"3028","TD23112461","Item231124941","MCB 60AMP S/P","1000","each","10258681"
"3029","TD23112450","Item231124344","LUG CRIMPING 185MM X 12MM","500","each","10252549"
"3030","TD23112416","Item231124486","INSULATOR POLYMER STRING","100","each","102451184"
"3031","TD23112424","Item231124666","TERM KIT 120-185MM2 I/D XLPE","20","each","10258845"
"3032","TD23112477","Item231124385","TERM KIT 120-185MM2 O/D PILC","20","each","10258846"
"3033","TD23112467","Item231124480","TERM KIT 120-185MM2 O/D XLPE","20","each","10258848"
"3034","TD23112474","Item231124880","TERM KIT 120-185MM2 I/D PILC","20","each","10258849"
"3035","TD23112495","Item231124344","FERRULE SHEAR BOLTS 50-240MM2","100","each","10257538"
"3036","TD23112482","Item231124173","FERRULE SHEAR BOLTS 300MM2","100","each","10257537"
"3037","TD23112412","Item231124243","J-KITS TRANSITION 120-185MM2 11KV 3C","10","each","10256134"
"3038","TD23112439","Item231124641","SCOTCH TAPE ","50","each","10256135"
"3039","TD23112427","Item231124261","FUSE LUCY POLE UNIT ","24","each","10259328"
"3040","TD23112444","Item231124503","FUSE LUCY POLE UNIT ","24","each","10259328"
"3041","TD23112417","Item231124887","FUSE LUCY POLE UNIT ","30","each","10259149"
"3042","TD23112541","Item231125325","METAL KIOSK","1","each","10258830"
"3043","TD2311254","Item231125415","MV BOARD 6 WAY","1","each","10258516"
"3044","TD23112510","Item231125742","MV BOARD 6 WAY","1","each","10250435"
"3045","TD23112521","Item231125374","MV BOARD 8 WAY","1","each","10252838"
"3046","TD23112560","Item231125623","LUG CRIMPING 185MM X 12MM","500","each","102525549"
"3047","TD23112874","Item231128508","J/KIT 120-185MM2 11KV 3C XLPE","10","each","10258258"
"3048","TD23112874","Item231128911","J/KIT  120 - 185MM2 3C 11KV  PILC","10","each","10258258"
"3049","TD23112872","Item231128822","D-FUSE MOUNT & FUSE 11KV","60","each","10258383"
"3050","TD23112818","Item231128424","D-FUSE MOUNT & FUSE 11KV","24","each","10259150"
"3051","TD23112890","Item231128958","D-FUSE MOUNT & FUSE 11KV","200","each","10249022"
"3052","TD23112850","Item231128295","X-ARM STRAIN CHANNEL 100X50X3200MM","30","each","10257647"
"3053","TD23112850","Item231128856","3.8 MTS BOXED X-ARM","10","each","10257647"
"3054","TD23112862","Item231128617","STAY INSUL ","102","each","10250793"
"3055","TD23112862","Item231128128","SHACKLE INSUL","60","each","10250793"
"3056","TD23112883","Item23112847","FUSE LUCY POLE UNIT ","12","each","10250015"
"3057","TD23112883","Item231128996","D- FUSE MOUNT 11KV","12","each","10250015"
"3058","TD23112883","Item231128169","CHANNEL X-ARM","6","each","10250015"
"3059","TD23112832","Item23112877","JOINTING KIT 120-185MM2 3C 11KV XLPE","5","each","10257385"
"3060","TD23112832","Item231128118","JOINTING KIT 120-185MM2 3C 11KV PILC","5","each","10257385"
"3061","TD23112842","Item231128655","STRAP TWISTED SHACKLE ","30","each","10257574"
"3062","TD23112842","Item231128517","IRON D-SHACKLE","60","each","10257574"
"3063","TD23112842","Item23112863","SHACKLE INSUL","200","each","10257574"
"3064","TD23112842","Item231128406","EYE BOLT M16X280","150","each","10257574"
"3065","TD23112842","Item231128590","EYE BOLT M16X230","60","each","10257574"
"3066","TD23112880","Item231128753","D-IRON","30","each","10258315"
"3067","TD23112880","Item231128726","EYE BOLT M16X180","40","each","10258315"
"3068","TD23112880","Item231128165","EYE BOLT 280 X 16MM","16","each","10258315"
"3069","TD23112880","Item231128794","STRAP SHACKLE 16MM BOLT ","16","each","10258315"
"3070","TD23112880","Item231128252","INSUL SHACKLE","50","each","10258315"
"3071","TD23112879","Item231128404","D-IRON","50","each","10258507"
"3072","TD23112879","Item231128177","SHACKLE INSUL","50","each","10258507"
"3073","TD23112879","Item23112830","EYE BOLT 280 X 16MM","50","each","10258507"
"3074","TD23112879","Item231128581","EYE BOLT M16X300","50","each","10258507"
"3075","TD23112879","Item231128580","SHACKLE STRAP 16MM BOLTS","50","each","10258507"
"3076","TD23112879","Item231128772","STAY BOW 5/8","50","each","10258507"
"3077","TD23112879","Item231128208","STAY PLATE 5/8","50","each","10258507"
"3078","TD23112879","Item23112887","STAY ROD 5/8","50","each","10258507"
"3079","TD23112975","Item231129275","eye bolt M16 x 280 x 16mm","96","each","10257516"
"3080","TD23112975","Item231129999","eye bolt M16 X 180 X 16MM C/W NUT AND WASHER","110","each","10257516"
"3081","TD23112975","Item231129243","Eye bolt M16 X300MM","34","each","10257516"
"3082","TD23112975","Item231129666","Bolts and nuts Galv M16 X 300","34","each","10257516"
"3083","TD23113049","Item23113050","A4 BRANDED NOTEBOOKS","100","each","10259128"
"3084","TD23113077","Item231130794","THERMAL TILL ROLLS 80*83MM","1000","each","10253234"
"3085","TD23120159","Item23120166","THERMAL TILL ROLLS 80*83MM","1000","each","10253234"
"3086","TD2312015","Item231201534","SUPPLY AND SERVICE OF SANITARY BINS","28","each","10255965"
"3087","TD23120197","Item23120144","M16 SQUARE WASHERS 30 X 30 X 17 X 3 MM","270","each","10257522"
"3088","TD23120263","Item231202304","J-KIT 50-95MM2 11KV XLPE","10","each","10258259"
"3089","TD23120263","Item231202759","J-KIT 50-95MM2 11KV PILC ","10","each","10258259"
"3090","TD23120219","Item231202415","J-KIT 120-185MM2 XLPE","10","each","10258258"
"3091","TD23120219","Item231202366","J-KIT 50-95MM2 11KV PILC ","10","each","10258258"
"3092","TD23120268","Item231202962","J-KIT 120-185MM2 XLPE","20","each","10258841"
"3093","TD23120270","Item231202745","J-KIT 120-185MM2 PILC","20","each","10258841"
"3094","TD23120261","Item231202419","FUSE LUCY POLE UNIT ","24","each","102593228"
"3095","TD23120260","Item231202856","CONDUCTOR 50MM2 SCA","3000","each","10259273"
"3096","TD23120248","Item231202566","CONDUCTOR 50MM2 HDA","3000","each","10259275"
"3097","TD23120224","Item231202602","CONDUCTOR 100MM2 SCA","1000","each","10259276"
"3098","TD23120293","Item231202314","CONDUCTOR 100MM2 HDA","1500","each","10259279"
"3099","TD23120294","Item231202995","CONDUCTOR 100MM2 SCA","18250","each","RE10216909"
"3100","TD23120247","Item231202695","CONDUCTOR 100MM2 HDA","4000","each","RE10255038"
"3101","TD23120249","Item231202687","CONDUCTOR 100MM2 SCA","1500","each","RE10257271"
"3102","TD23120492","Item231204746","GLOVES LEATHER INDUSTRIAL","450","each","10253235"
"3103","TD23120492","Item231204519","GLOVES LEATHER SHORT LENGTH","450","each","10253235"
"3104","TD23120475","Item231204675","GLOVES LEATHER IND LONG","450","each","10253235"
"3105","TD23120475","Item231204100","GLOVES LEATHER SHORT ","450","each","10253235"
"3106","TD23120444","Item231204994","GLOVES LEATHER SHORT LENGTH","450","each","10258363"
"3107","TD23120444","Item231204475","GLOVES LEATHER INDUSTRIAL LONG","450","each","10258363"
"3108","TD23120449","Item231204945","GLOVES LEATHER INDUSTRIAL LONG","450","each","10253235"
"3109","TD23120449","Item231204713","GLOVES LEATHER SHORT LENGTH","450","each","10253235"
"3110","TD23121287","Item231212207","A4 CUSTOMISED NOTEBOOK","100","each","10259128"
"3111","TD23122292","Item231222990","A5 BRANDED DIARIES","30","each","10260110"
"3112","TD23122288","Item231222895","BRANDED NOTE BOOKS","200","each","10260113"
"3113","TD23122240","Item231222804","A4 BRANDED DIARIES","250","each","10260116"
"3114","TD23122248","Item231222487","A2 DESK CALENDAR","500","each","10260123"
"3115","TD23122232","Item231222798","A2 WALL CALENDARS","1500","each","10260122"
"3116","TD23122859","Item23122818","KNIFE TRIMMING BLADES","300","each","10253930"
"3117","TD23122859","Item2312282","""BLADE, HACKSAW 300MM (12"""") X 12MM X 18","800","each","10253930"
"3118","TD23122859","Item231228264","HACKSAW FRAME 300MM","150","each","10253930"
"3119","TD23122859","Item23122837","STANLEY TRIMMING KNIVES","150","each","10253930"
"3120","TD23122941","Item231229236","KNIFE TRIMMING BLADES","300","each","10253930"
"3121","TD23122941","Item231229253","""BLADE, HACKSAW 300MM (12"""") X 12MM X 18","600","each","10253930"
"3122","TD23122941","Item231229848","HACKSAW FRAME 300MM","150","each","10253930"
"3123","TD23122941","Item231229401","STANLEY TRIMMING KNIVES","150","each","10253930"
"3124","TD2401047","Item240104990","BRANDED A5 DIARY","400","each","10260114"
"3125","TD24010458","Item240104473","A4 BRANDED NOTEBOOKS","100","each","10259128"
"3126","TD24010896","Item240108509","SLEEVE CRIMPING 150MM2","100","each","10261135"
"3127","TD24010896","Item240108481","SLEEVE CRIMPING 185MM2","100","each","10261135"
"3128","TD24011073","Item24011046","TAPE SCOTCH FILLED PUTTY","100","each","10261535"
"3129","TD24011177","Item240111779","TERM KIT 120-185MM2 I/D PILC","20","each","10261129"
"3130","TD24011141","Item240111155","TERM KIT 120-185MM2 O/D PILC","20","each","10261130"
"3131","TD2401114","Item240111518","TERM KIT 120-185MM2 I/D XLPE","20","each","10261131"
"3132","TD24011142","Item240111672","TERM KIT 120-185MM2 I/D XLPE","20","each","10261132"
"3133","TD24011132","Item240111627","J-KIT 120-185MM2 XLPE","20","each","10261133"
"3134","TD24011158","Item240111652","J-KIT 120-185MM2 PILC","20","each","10261134"
"3135","TD24011123","Item240111385","SLEEVE CRIMPING 150MM2","100","each","10261135"
"3136","TD24011123","Item24011177","SLEEVE CRIMPING 185MM2","100","each","10261135"
"3137","TD24011134","Item240111245","SLEEVE CRIMPING 120MM2","100","each","10261135"
"3138","TD24011134","Item240111481","SLEEVE CRIMPING 185MM2","100","each","10261135"
"3139","TD24011197","Item24011159","SLEEVE CRIMPING 150MM2","100","each","10261135"
"3140","TD24011197","Item240111349","SLEEVE CRIMPOING 185MM2","100","each","10261135"
"3141","TD24011129","Item240111936","BOLT & NUT M16X280","300","each","10239612"
"3142","TD24011120","Item240111708","INSUL ANCHOR BRACKET ","100","each","10259336"
"3143","TD24011152","Item240111456","CLAMP STRN 2 BOLT ","100","each","10259289"
"3144","TD24011147","Item240111588","INSUL SHACKLE","500","each","10259470"
"3145","TD24011160","Item24011187","PIN INSULATOR ","100","each","10259299"
"3146","TD24011160","Item240111950","INSULATOR PIN ","100","each","10259299"
"3147","TD2401117","Item240111746","D-FUSE MOUNT & FUSE 11KV","3","each","10255528"
"3148","TD2401117","Item240111940","FUSE CARRIER TUBE 11KV","3","each","10255528"
"3149","TD2401117","Item240111950","ELEMENT FUSE 1KV 10A","3","each","10255528"
"3150","TD2401117","Item240111716","ARRESTER  LIGHTNING 11KV","3","each","10255528"
"3151","TD2401117","Item240111558","ACB 250A","1","each","10255528"
"3152","TD2401117","Item240111823","GLAND CABLE SIZE 5","2","each","10255528"
"3153","TD2401117","Item240111215","LUG 150X12MM","10","each","10255528"
"3154","TD2401117","Item240111284","LUG 120X20MM","5","each","10255528"
"3155","TD2401117","Item240111889","LUG 16X12MM","5","each","10255528"
"3156","TD24011144","Item240111969","SLEEVE CRIMPING 150MM2","100","each","10261135"
"3157","TD24011144","Item240111152","SLEEVE CRIMPOING 185MM2","100","each","10261135"
"3158","TD24011244","Item240112562","cable 185mm2 4c cu pvc/swa","50","each","10261640"
"3159","TD24011617","Item240116978"," LIGHT BOXES 1.5M X 0.5M","4","each","10259156"
"3160","TD24011790","Item240117104","THERMAL TILL ROLLS 80*83MM","1000","each","10261616"
"3161","TD24011717","Item240117524","ROOF LEAKS REPAIRS","1","each","10261046"
"3162","TD24011738","Item240117537","ROOF LEAKS REPAIRS","1","each","10261046"
"3163","TD2401176","Item240117628","ROOF LEAKS REPAIRS","1","each","10261046"
"3164","TD24011727","Item24011719","ROOF LEAKS REPAIRS","1","each","10261046"
"3165","TD24011765","Item24011740","ROOF LEAKS REPAIRS","1","each","10261046"
"3166","TD24011748","Item240117436","LIGHT BOXES 1.5m x 0.5m","4","each","10259156"
"3167","TD24011716","Item240117215","ROOF LEAKS REPAIRS","1","each","10261046"
"3168","TD24011777","Item240117774","ROOF LEAKS REPAIRS","1","each","10261046"
"3169","TD24011793","Item24011776","J/KITS 120-185MM2 11KV 3C XLPE","8","each","10261541"
"3170","TD24011793","Item240117176","J/KITS 120-185MM2   3C 11KV PILC        3C 11KV PILC","8","each","10261541"
"3171","TD24011785","Item240117775","J/KITS 120-185MM2 11KV 3C XLPE","8","each","10261541"
"3172","TD24011785","Item240117275","J/KITS 120-185MM2   3C 11KV PILC        3C 11KV PILC","8","each","10261541"
"3173","TD24011742","Item240117377","J/KITS 120-185MM2 11KV 3C XLPE","8","each","10261541"
"3174","TD24011742","Item24011711","J/KITS 120-185MM2   3C 11KV PILC        3C 11KV PILC","8","each","10261541"
"3175","TD24011737","Item240117988","silica gel","50","kgs","10261046"
"3176","TD24011847","Item24011821","HP CARTRIDGES BLACK 410A CF410A","2","each","10255639"
"3177","TD24011847","Item240118519","HP CARTRIDGES CYAN 410A CF411A","2","each","10255639"
"3178","TD24011847","Item240118773","HP CARTRIDGES YELLOW 410A CF412A","2","each","10255639"
"3179","TD24011847","Item240118717","HP CARTRIDGES MAGENTA 410A CF413A","2","each","10255639"
"3180","TD24011839","Item240118858","ROOF LEAKS REPAIRS","1","each","10261046"
"3181","TD24012238","Item240122978","J KITS 120-185 MM 3C 11 KV XLPE","6","each","10262138"
"3182","TD24012238","Item240122603","J/KITS 120-185MM2 3C 11KV PILC","6","each","10262138"
"3183","TD24012238","Item240122380","SLEEVE CRIMPING 185MM2","60","each","10262138"
"3184","TD24012486","Item240124110","MCB S/P AC 60AMP","1000","each","10260417"
"3185","TD24012588","Item240125250","TAPE 18MM X0.18MM X20M PVC BLACK ADHESIVE","2000","each","10261711"
"3186","TD24012633","Item240126828","BOREHOLE DRILLING AND CASING","1","each","10261418"
"3187","TD24012672","Item24012645","J KITS 120-185 MM 3C 11 KV XLPE","6","each","10262138"
"3188","TD24012672","Item240126585","J/KITS 120-185MM2 3C 11KV PILC","6","each","10262138"
"3189","TD24012672","Item240126733","SLEEVE CRIMPING 185MM2","60","each","10262138"
"3190","TD24012617","Item240126103","WINDOW CLEANING","1","each","10261045"
"3191","TD24012695","Item240126334","FUMIGATION SERVICES","1","each","10261044"
"3192","TD24012740","Item240127847","FERRULE SHEAR BOLTS 50-240MM2","100","each","10261710"
"3193","TD24012784","Item240127399","FUSE FUSE HRC440V 400A WEDGE TYPE 3.25 CTRS","400","each","10254913"
"3194","TD2401271","Item240127683","FUSE FUSE HRC440V 250A WEDGE TYPE 3.25 CTRS","400","each","10254908"
"3195","TD24012793","Item240127371","FUSE FUSE HRC440V 200A WEDGE TYPE 3.25 CTRS","400","each","10254907"
"3196","TD24012851","Item240128534","J-KIT 120-185MM2 PILC","4","each","10262190"
"3197","TD24012852","Item24012878","J-KIT 240-300MM2 33KV XLPE","10","each","10262715"
"3198","TD24012865","Item240128210","J-KIT 50-95MM2 11KV PILC","20","each","10248964"
"3199","TD24012845","Item240128595","TAPE SCOTCH ","100","each","10262223"
"3200","TD24012850","Item240128941","CRIMPING LUGS 185MMX16MM","500","each","10258844"
"3201","TD24012812","Item240128287","D-FUSE MOUNT & FUSE 11KV","100","each","10262364"
"3202","TD24012842","Item240128605","WIRE GALV STAY 7/14","10000","each","10261706"
"3203","TD24012868","Item240128112","WIRE GALV STAY 7/12","10000","each","10261709"
"3204","TD24012871","Item24012839","WEED KILLER GRANULAR","250","kgs","10249137"
"3205","TD24012835","Item240128761","SLEEVE CRIMPING 150MM2","150","each","10262037"
"3206","TD24012835","Item24012812","SLEEVE CRIMPING 185MM2","150","each","10262037"
"3207","TD24012835","Item240128719","SLEEVE CRIMPING 120MM2","150","each","10262037"
"3208","TD24012835","Item240128602","SLEEVE CRIMPING 95MM2","150","each","10262037"
"3209","TD24012835","Item240128836","SLEEVE CRIMPING 70MM2","150","each","10262037"
"3210","TD24012996","Item240129446","FERRULE SHEAR BOLTS 50-240MM2","100","each","10261710"
"3211","TD24013137","Item24013182","ROUND NECK TSHIRTS","100","each","10263911"
"3212","TD24020472","Item240204197","TRENCHING","1","each","10262994"
"3213","TD24020443","Item240204514","TRENCHING","1","each","10262995"
"3214","TD2402042","Item240204232","Thrust Boring","1","each","10262996"
"3215","TD24020452","Item240204274","J-KIT 50-95MM2 11KV XLPE","20","each","10249135"
"3216","TD2402045","Item240204924","D-FUSE MOUNT","100","each","10260415"
"3217","TD24020416","Item240204640","J-KIT 120-185MM2 11KV XLPE","20","each","10262717"
"3218","TD24020433","Item240204884","J-KIT 120-185MM2 11KV PILC","20","each","10262528"
"3219","TD24020453","Item240204413","J-KIT 120-185MM2 11KV PILC","20","each","10262718"
"3220","TD24020417","Item240204803","TERM KITS 120-185MM2 11KV I/D XLPE","20","each","10263062"
"3221","TD24020419","Item240204944","TERM KITS 120-185MM2 11KV I/D PILC","20","each","10263063"
"3222","TD24020430","Item24020426","TERM KITS 120-185MM2 11KV O/D PILC","20","each","10263064"
"3223","TD24020461","Item240204709","TERM KITS 120-185MM2 11KV O/D XLPE","20","each","10263065"
"3224","TD24020483","Item240204775","J-KIT 240-300MM2 33KV XLPE","10","each","10249356"
"3225","TD24020426","Item240204604","CRIMPING KUGS 70MM2X20MM2","500","each","10262531"
"3226","TD24020496","Item240204319","CRIMPING SLEEVES 95MM2","600","each","10262541"
"3227","TD24020485","Item240204895","CRIMPING SLEEVES 120MM2","500","each","10259442"
"3228","TD24020445","Item24020469","CRIMPING LUGS 150MM2 X 12MM","500","each","10262543"
"3229","TD24020462","Item240204463","CRIMPING LUGS 185MM2 X 12MM","500","each","10262542"
"3230","TD24020424","Item240204729","cable 25mm2 4c pvc/swa","30","each","10252528"
"3231","TD24020553","Item240205549","APPLICATION IN RESPECT OF ELECTRICITY","500","each","10256035"
"3232","TD24020518","Item240205881","FIRE EXTINGUISHER INSPECTION & SERVICE","1","each","10262768"
"3233","TD2402054","Item240205660","DANGER PLATE SIGN","500","each","10262536"
"3234","TD24020579","Item240205594","CAUTION NOTICE","200","each","10262544"
"3235","TD24020561","Item240205728","FIRE SUPPRESSION ","1","each","10262593"
"3236","TD24020543","Item240205241","FIRE SUPPRESSION ","1","each","10262593"
"3237","TD24020626","Item240206635","FIRE SUPPRESSION ","1","each","10262593"
"3238","TD24020670","Item240206474","DENIM OVERALLS SIZE 40","20","each","10258037"
"3239","TD24020670","Item240206592","DENIM OVERALLS SIZE 42","40","each","10258037"
"3240","TD24020670","Item240206404","DENIM OVERALLS SIZE 44","60","each","10258037"
"3241","TD24020670","Item240206459","DENIM OVERALLS SIZE 46","60","each","10258037"
"3242","TD24020670","Item240206162","DENIM OVERALLS SIZE 48","20","each","10258037"
"3243","TD24020855","Item240208329","CLIP CROSBY 5/8' 16mm","300","each","10263358"
"3244","TD24020882","Item240208937","STAY ROD","10","each","10258316"
"3245","TD24020882","Item240208542","STAY BOW","10","each","10258316"
"3246","TD24020882","Item240208809","WIRE GALV","150","each","10258316"
"3247","TD24020862","Item24020881","CABLE 16MM2 4C  CU PVC  600V  ","50","each","10263081"
"3248","TD24020877","Item240208787","HP CF 280A","4","each","10259003"
"3249","TD24020877","Item240208583","HP CE 400A","1","each","10259003"
"3250","TD24020877","Item240208676","HP CE 401A","1","each","10259003"
"3251","TD24020877","Item240208313","HP CE 402A","1","each","10259003"
"3252","TD24020877","Item240208555","HP CE 403A ","1","each","10259003"
"3253","TD24020881","Item24020869","SERVICING OF AIRCONS","1","each","10263052"
"3254","TD24020857","Item240208149","CATRIDGE CF400A","5","each","10260940"
"3255","TD24020857","Item240208347","CATRIDGE CF401A","5","each","10260940"
"3256","TD24020857","Item240208416","CATRIDGE CF402A","5","each","10260940"
"3257","TD24020857","Item240208634","CATRIDGE CF403A","5","each","10260940"
"3258","TD24020821","Item240208937","BOREHOLE DRILLING AND CASING","1","each","10261418"
"3259","TD24020872","Item240208826","J/KITS 120-185MM","8","each","10263340"
"3260","TD24020812","Item240208250","J/KITS 120-185MM","8","each","10263340"
"3261","TD24020886","Item240208458","STAY ROD","10","each","10258316"
"3262","TD24020886","Item240208492","STAY BOW","10","each","10258316"
"3263","TD24020886","Item240208195","WIRE GALV","150","each","10258316"
"3264","TD24020997","Item240209268","INSUL SHACKLE 78MM DIA 64 MM  HIGH PORCEL","5000","each","10248932"
"3265","TD24021288","Item24021283"," FERRULE SHEAR BPLTS  50-240MM2 ","100","each","10263559"
"3266","TD24021452","Item24021496","ACID PROOF SIZE 36 ","2","each","10262560"
"3267","TD24021452","Item240214625","ACID PRROF SIZE 38","2","each","10262560"
"3268","TD24021452","Item240214844","ACID PROOF SIZE 40","2","each","10262560"
"3269","TD24021452","Item240214288","ACID PROOF SIZE 42","20","each","10262560"
"3270","TD24021452","Item240214855","ACID PROOF SIZE 44","10","each","10262560"
"3271","TD24021452","Item240214181","ACID PROOF SIZE 46","20","each","10262560"
"3272","TD24021452","Item24021445","ACID PROOF SIZE 48","16","each","10262560"
"3273","TD24021452","Item240214961","ACID PROOF SIZE 50","4","each","10262560"
"3274","TD24021485","Item24021451","TRENCHING 20M","1","each","10263952"
"3275","TD2402147","Item240214178","CABLE TRENCHING 20 M","1","each","10263950"
"3276","TD24021423","Item240214597","TRENCHING 20M","1","each","10263948"
"3277","TD24021441","Item240214541","TRENCHING  TAR 20M","1","each","10263958"
"3278","TD24021417","Item240214681","TRENCHING  TAR REINSTATE 10M","1","each","10263953"
"3279","TD24021447","Item240214446","TRENCHING TAR AND REINSTATEMENT 20M","1","each","10263951"
"3280","TD24021419","Item240214467","TRENCHING HARD 200M ","1","each","10263965"
"3281","TD24021484","Item240214724","TRENCHING 55M TAR AND REINSTATEMENT","1","each","10263517"
"3282","TD24021474","Item240214359","ABC CONDUCTOR 95MM2","300","each","10260498"
"3283","TD24021492","Item240214307","ARRESTER INTERMEDIATE 11KV CLASS 2","12","each","10258378"
"3284","TD24021476","Item24021413","TRENCHING TAR 10M","1","each","10263956"
"3285","TD2402149","Item24021440","CLEAT WOOD FOR CABLE 185MM2 ","5","each","10258633"
"3286","TD24021410","Item240214853","CRIMPING SLEEVES185MM2","100","each","10263033"
"3287","TD24021410","Item240214763","CRIMPING SLEEVES150MM2","100","each","10263033"
"3288","TD24021410","Item240214673","CRIMPING SLEEVES95MM2","100","each","10263033"
"3289","TD24021410","Item24021448","CRIMPING SLEEVES120MM2","100","each","10263033"
"3290","TD24021410","Item240214783","CRIMPING SLEEVES70MM2","100","each","10263033"
"3291","TD24021473","Item240214813","SLEEVE CRIMPING 185MM2","30","each","10258873"
"3292","TD24021473","Item240214496","SLEEVE CRIMPING -120MM2","30","each","10258873"
"3293","TD24021473","Item240214571","SLEEVE CRIMPING 150MM2","30","each","10258873"
"3294","TD24021571","Item240215244","FERRULE SHEAR BOLTS","100","each","10263559"
"3295","TD24021621","Item240216533","CABLE 16mm2 2C CU PVC SWA 660V","500","each","10260300"
"3296","TD24021644","Item24021655","CABLE AIRDAC 25MM 2/2.2 FIG 8 AL","3500","each","10260302"
"3297","TD24022891","Item240228955","INSTALLATION OF INTERCOM","1","each","10261433"
"3298","TD24022922","Item240229483","GLAND CABLE SIZE 1/1.5-10MM","340","each","10264581"
"3299","TD24022922","Item240229890","GLAND CABLE SIZE 1 SHROUND","340","each","10264581"
"3300","TD24022922","Item24022954","LUGS","500","each","10264581"
"3301","TD24022922","Item240229227","EARTHROD","40","each","10264581"
"3302","TD24022913","Item240229278","CABLE 16MM BLACK","300","metres","10264582"
"3303","TD24022913","Item240229252","CABLE 16MM RED","300","metres","10264582"
"3304","TD24022913","Item24022941","CABLE 16MM YELLOW","300","metres","10264582"
"3305","TD2402297","Item240229873","CF400A","5","each","10260940"
"3306","TD2402297","Item240229739","CF401A","5","each","10260940"
"3307","TD2402297","Item240229850","CF402A","5","each","10260940"
"3308","TD2402297","Item240229743","CF403A","5","each","10260940"
"3309","TD24022944","Item240229134","CF410A YELLOW","2","each","10255639"
"3310","TD24022944","Item240229929","CF411A CYAN","2","each","10255639"
"3311","TD24022944","Item240229404","CF413A MAGENTA","2","each","10255639"
"3312","TD24022989","Item240229984","HP26A","6","each","10259432"
"3313","TD24022963","Item240229791","CF540A","1","each","10264428"
"3314","TD24022911","Item240229938","CF540A","1","each","10264428"
"3315","TD24022911","Item240229170","CF541A","1","each","10264428"
"3316","TD24022911","Item240229914","CF542A","1","each","10264428"
"3317","TD24022911","Item240229298","CF543A","1","each","10264428"
"3318","TD24030458","Item240304103","CABLE TRENCHING","40","metres","10264658"
"3319","TD24030434","Item240304856","CABLE TRENCHING","10","metres","10264657"
"3320","TD24030575","Item240305701","CABLE TRENCHING","15","each","10264660"
"3321","TD24030592","Item240305882","CABLE TRENCHING","20","each","10264655"
"3322","TD2403057","Item240305553","CABLE TRENCHING","20","each","10264656"
"3323","TD2403053","Item240305768","CABLE TRENCHING","15","each","10264514"
"3324","TD24030539","Item240305100","CABLE TRENCHING","10","each","10264515"
"3325","TD24030552","Item240305593","FABRICATION OF 11KV C-GEAR FEMALE CONTACTS","30","each","10264599"
"3326","TD24030535","Item240305968","FABRICATION OF 33K COMPLETE ISOLATOR CONTACTS","21","each","10264600"
"3327","TD2403055","Item24030528","FABRICATION OF 11KV C-GEAR MALE CONTACTS","30","each","10264598"
"3328","TD24030569","Item240305275","CABLE TRENCHING","10","metres","10264513"
"3329","TD24030645","Item240306379","FABRICATION OF 33K COMPLETE ISOLATOR CONTACTS","21","each","10264600"
"3330","TD24030698","Item240306573","FABRICATION OF 11KV C-GEAR FEMALE CONTACTS","30","each","10264599"
"3331","TD24030623","Item240306275","FABRICATION OF 11KV C-GEAR MALE CONTACTS","30","each","10264598"
"3332","TD2403117","Item240311371","CABLE 185MM 4CORE PVC SWA","350","metres","10265414"
"3333","TD24031129","Item240311710","CABLE TRENCHING","40","each","10265232"
"3334","TD24031122","Item240311159","CABLE TRENCHING","350","each","10265422"
"3335","TD24031175","Item24031171","CABLE TRENCHING","350","each","10265422"
"3336","TD24031347","Item240313805","WAYLEAVE CLEARANCE","1","each","10264338"
"3337","TD24031387","Item240313948","CABLE 2.5MM2 4C  CUPVC SWA 660V","400","metres","10264404"
"3338","TD24031330","Item24031310","CONDUCTOR HDC 185MM2","60","each","10264322"
"3339","TD24031320","Item2403131"," 120mm x 10mm Flat copper bar ","12","metres","10264387"
"3340","TD2403136","Item240313595","11KV POLYMER POST INSULATOR","12","each","10263877"
"3341","TD2403136","Item240313880","11KV POLYMER POST-INSULATOR CLAMP","12","each","10263877"
"3342","TD2403136","Item24031363","500MM2 TO 185MM2 BRASS T CLAMP","12","each","10263877"
"3343","TD24031356","Item240313106","11KV POLYMER POST INSULATOR","12","each","10263877"
"3344","TD24031356","Item240313616","11KV POLYMER POST-INSULATOR CLAMP","12","each","10263877"
"3345","TD24031356","Item240313792","500MM2 TO 185MM2 BRASS T CLAMP","15","each","10263877"
"3346","TD24031315","Item240313343"," CABLE 300MM2 1C33KV XLPE CU ","360","metres","10258633"
"3347","TD24031317","Item240313403","12C X 2.5MM2 PVC INSULATED ARMOURED CU C","400","metres","10263896"
"3348","TD24031354","Item240313459","11 KV CABLE TRANCHING","1","each","10265616"
"3349","TD24031325","Item240313684","WIRE GALV STAY 7/10","200","metres","10268625"
"3350","TD24031325","Item240313487","WIRE GALV STAY45 TON 7/14 STRAIN","100","metres","10268625"
"3351","TD24031325","Item240313433","CONDUCTOR HDC 70MM2","200","metres","10268625"
"3352","TD24031382","Item240313654","FIX AND SUPPLY  AIR CONDITIONERS","1","each","10264048"
"3353","TD24031343","Item240313582","BOLTS AND NUTS GALV M16 X 300","30","each","10268628"
"3354","TD24031343","Item240313454","FLAT BAR 1X1/8 (25 X 3MM)","6","metres","10268628"
"3355","TD24031343","Item240313728","OMRON RELAY BASE 11 PIN","10","each","10268628"
"3356","TD24031343","Item240313448","FLAT SYMETRICAL DIN RAIL","2","each","10268628"
"3357","TD24031381","Item240313872","FIX AND SUPPLY  AIR CONDITIONERS","1","each","10264048"
"3358","TD2403143","Item240314823","BOLTS AND NUTS GALV M16 X 300","30","each","10268628"
"3359","TD2403143","Item240314364","FLAT BAR 1X1/8 (25 X 3MM)","6","metres","10268628"
"3360","TD2403143","Item240314699","OMRON RELAY BASE 11 PIN","10","each","10268628"
"3361","TD2403143","Item240314921","FLAT SYMETRICAL DIN RAIL","2","each","10268628"
"3362","TD24031557","Item240315849","CABLE 16MM2 2C  CU PVC 660V","100","each","10265767"
"3363","TD24031863","Item240318432","MCB T/P AC 100AMP","20","each","10265769"
"3364","TD24031871","Item240318474","MCB T/P AC 100AMP","20","each","10265769"
"3365","TD24031833","Item240318695","FIX AND SUPPLY CURTAINS AND CURTAIN RODS","1","each","10229735"
"3366","TD24032074","Item240320322","CABLE TRENCHING","10","metres","10265827"
"3367","TD24032054","Item24032087","CABLE TRENCHING","10","each","10265832"
"3368","TD24032023","Item240320361","CABLE TRENCHING","20","each","10265828"
"3369","TD24032093","Item240320986","CABLE TRENCHING","20","each","10265828"
"3370","TD24032010","Item240320873","CABLE TRENCHING","10","each","10265830"
"3371","TD24032011","Item240320178","CABLE TRENCHING","10","each","10265821"
"3372","TD2403213","Item240321305","203A - CF540A","3","each","10265956"
"3373","TD2403213","Item240321601","203A - CF541A","3","each","10265956"
"3374","TD2403213","Item240321308","203A - CF542A","3","each","10265956"
"3375","TD2403213","Item240321370","203A - CF543A","3","each","10265956"
"3376","TD2403219","Item240321947","203A - CF540A","3","each","10265956"
"3377","TD2403219","Item240321447","203A - CF541A","3","each","10265956"
"3378","TD2403219","Item240321984","203A - CF542A","3","each","10265956"
"3379","TD2403219","Item240321242","203A - CF543A","3","each","10265956"
"3380","TD24032157","Item240321188","COME ALONG","8","each","10265560"
"3381","TD24032190","Item240321446","3/4 CM PULLERS","8","each","10265557"
"3382","TD24032137","Item240321477","3/4 CM PULLERS","8","each","10265557"
"3383","TD24032595","Item240325803","TAPE SCOTCH FILLED PUTTY","100","each","10266021"
"3384","TD24032539","Item240325728","J/KITS 120-185MM2 11KV 3C PILC","8","each","10266020"
"3385","TD24032539","Item240325776","J/KITS 120-185MM2   3C 11KV  XLPE","8","each","10266020"
"3386","TD24032696","Item240326902","445XL BLACK CARTRIDGE","5","each","10266166"
"3387","TD24032696","Item240326144","446XL COLOUR CARTRIDGE","5","each","10266166"
"3388","TD24032614","Item240326725","REFUSE COLLECTION FOR 6 MONTHS","6","each","10265652"
"3389","TD24032794","Item240327798","5KV INSULATION RESISTANCE TESTER","1","each","10263142"
"3390","TD24032753","Item240327347","HV TELESCOPIC LINK STICK","4","each","10263148"
"3391","TD24032761","Item240327407","BOLTS & NUTS  GALV M12 X 255","6","each","10265130"
"3392","TD24032761","Item24032767","BOLTS & NUTS HEX GALV. 16 X 150 MM","11","each","10265130"
"3393","TD24032761","Item240327678","INSUL.STAY SA/PORCELAIN 1015 H.T 11/33KV ","6","each","10265130"
"3394","TD24032761","Item240327740","WIRE GALV STAY 7/8","40","each","10265130"
"3395","TD24032761","Item240327736","STAY BOW C/W THIMBLE 5/8'' (16mm)","6","each","10265130"
"3396","TD24032761","Item240327876","STAY ROD 5/8 (16MM) C/W NUT & WASHER ","6","each","10265130"
"3397","TD24032761","Item240327996","STAY WASHER SQUARE 1000X100MM GAL.16MM","6","each","10265130"
"3398","TD24032761","Item240327198","''STRAP,TWISTED SHACKLE 16MM BOLTS''","12","each","10265130"
"3399","TD24032761","Item240327186","STAY PLATE GALV 5/8 X 6mm (5/8''/16mm","6","each","10265130"
"3400","TD24032761","Item240327255","CONDUCTOR SCA 100MM2 NEW BARE/DOG","1500","each","10265130"
"3401","TD24032729","Item240327659","BOLTS & NUTS  GALV M12 X 255","10","each","10265130"
"3402","TD24032729","Item24032739","BOLTS & NUTS HEX GALV. 16 X 150 MM","11","each","10265130"
"3403","TD24032729","Item240327194","INSUL.STAY SA/PORCELAIN 1015 H.T 11/33KV ","6","each","10265130"
"3404","TD24032729","Item240327405","WIRE GALV STAY 7/8","40","each","10265130"
"3405","TD24032729","Item240327650","STAY BOW C/W THIMBLE 5/8'' (16mm)","6","each","10265130"
"3406","TD24032729","Item240327421","STAY ROD 5/8 (16MM) C/W NUT & WASHER ","6","each","10265130"
"3407","TD24032729","Item240327126","STAY WASHER SQUARE 1000X100MM GAL.16MM","6","each","10265130"
"3408","TD24032729","Item24032710","''STRAP,TWISTED SHACKLE 16MM BOLTS''","12","each","10265130"
"3409","TD24032729","Item240327523","STAY PLATE GALV 5/8 X 6mm (5/8''/16mm","6","each","10265130"
"3410","TD24032729","Item240327634","CONDUCTOR SCA 100MM2 NEW BARE/","1500","each","10265130"
"3411","TD24032763","Item240327418","canon 445xl black ink","1","each","10266424"
"3412","TD24032763","Item240327788","canon 446xl colour ink","1","each","10266424"
"3413","TD24032726","Item240327659","canon 445xl black ink","1","each","10266424"
"3414","TD24032726","Item240327333","canon 446xl colour ink","1","each","10266424"
"3415","TD24032739","Item240327554","DUST SUCKING SERVICES ","4","each","10265546"
"3416","TD24032740","Item240327357","DUST SUCKING SERVICES ","4","each","10265546"
"3417","TD24032762","Item240327932","JOINTING KITS 120-185 MM2 3C 11KV XLPE","20","each","10266515"
"3418","TD24032759","Item240327851","JOINTING KITS 120-185 MM2 3C 11KV PILC","20","each","10266516"
"3419","TD24032745","Item240327418","CONDUCTOR SCA 100MM2 NEW BARE/ DOG","1500","each","10265130"
"3420","TD24032881","Item240328565","SLEEVE, CRIMPING  95MM2","100","each","10266523"
"3421","TD24032881","Item240328979","""SLEEVE, CRIMPING  120MM2""","100","each","10266523"
"3422","TD24032881","Item240328754","SLEEVE, CRIMPING 150MM2","100","each","10266523"
"3423","TD24032881","Item240328522","""SLEEVE, CRIMPING 185MM2""","100","each","10266523"
"3424","TD24032891","Item240328971","QUARTER AND BOUJEE","20","each","10266941"
"3425","TD24032847","Item240328461","SLEEVE, CRIMPING  95MM2","100","each","10266523"
"3426","TD24032847","Item24032833","""SLEEVE, CRIMPING  120MM2""","100","each","10266523"
"3427","TD24032847","Item240328906","SLEEVE, CRIMPING 150MM2","100","each","10266523"
"3428","TD24032847","Item240328933","""SLEEVE, CRIMPING 185MM2""","100","each","10266523"
"3429","TD24032882","Item240328126","QUARTER AND BOUJEE","20","each","10266941"
"3430","TD24032882","Item240328452","PORT SALADS","20","each","10266941"
"3431","TD24032882","Item240328669","UB CAN","20","each","10266941"
"3432","TD24032811","Item240328185","CONDUCTOR SCA 100MM2 NEW BARE/ DOG","1500","each","10265130B"
"3433","TD24032861","Item240328661","CHICKEN AND CHIPS ","50","each","10266719"
"3434","TD24032861","Item240328356","DRINK","50","each","10266719"
"3435","TD24032861","Item240328798","WATER","50","each","10266719"
"3436","TD24032875","Item240328420","CHICKEN AND CHIPS ","50","each","10266719"
"3437","TD24032875","Item240328440","DRINK","50","each","10266719"
"3438","TD24032875","Item240328545","WATER","50","each","10266719"
"3439","TD24032854","Item240328317","WAYLEAVE CLEARANCE","1","each","10264338"
"3440","TD24032857","Item240328413","VALUATION SERVICES","1","each","10266416"
"3441","TD24032871","Item240328767","cutting disc 9 good 3mm","6","each","10266923"
"3442","TD24032871","Item240328195","cutting discdisc","10","each","10266923"
"3443","TD24032871","Item240328850","twist D/BIT5mm","2","each","10266923"
"3444","TD24032871","Item240328387","grinding disk","2","each","10266923"
"3445","TD2403289","Item24032863","tier steel lockers","12","each","10266263"
"3446","TD24032868","Item240328168","CHICKEN AND CHIPS","50","each","10266767"
"3447","TD24032868","Item240328352","DRINK","50","each","10266767"
"3448","TD24032868","Item240328244","WATER","50","each","10266767"
"3449","TD24032866","Item240328199","tier steel locker","12","each","10266263"
"3450","TD24032817","Item240328568","tier steel locker","12","each","10266263"
"3451","TD24032830","Item240328108","tier steel locker","12","each","10266263"
"3452","TD24032883","Item24032861","CHICKEN AND CHIPS","50","each","10266769"
"3453","TD24032883","Item240328899","DRINK","50","each","10266769"
"3454","TD24032883","Item240328136","WATER","50","each","10266769"
"3455","TD24032850","Item240328572","QUARTER MEAL","32","each","10266966"
"3456","TD24032850","Item240328280","BURGER","16","each","10266966"
"3457","TD24032850","Item240328926","UB CAN","32","each","10266966"
"3458","TD24032832","Item240328154","tier steel locker","12","each","10266263"
"3459","TD24032823","Item24032816","full livers","6","each","10266861"
"3460","TD24032823","Item240328152","1/4 meals","6","each","10266861"
"3461","TD24032823","Item240328463","waters","12","each","10266861"
"3462","TD24032842","Item240328324","CHICKEN AND CHIPS ","50","each","10266719"
"3463","TD24032842","Item240328121","DRINK","50","each","10266719"
"3464","TD24032842","Item24032827","WATER","50","each","10266719"
"3465","TD24040266","Item24040211","full livers","6","each","10266861"
"3466","TD24040266","Item240402169","quarter meals ","6","each","10266861"
"3467","TD24040266","Item240402279","water","12","each","10266861"
"3468","TD24040237","Item240402171","Sanitary bins and service provision for the month of month","28","each","10266547"
"3469","TD24040271","Item240402270","VALUATION SERVICES","1","each","10266416"
"3470","TD24040256","Item240402865","Herald & s/Mail","7","each","10266705"
"3471","TD24040244","Item240402813","CONCRETE POLES MV STD 8.5M","4","each","10266990"
"3472","TD24040269","Item240402510","1/4 chicken & chips","140","each","10266960"
"3473","TD24040269","Item240402601","drinks","140","each","10266960"
"3474","TD24040212","Item240402417","ALL IN ONE DESKTOP","9","each","10265945"
"3475","TD24040213","Item240402785","ALL IN ONE DESKTOP","9","each","10265945"
"3476","TD24040217","Item240402859","ALL IN ONE DESKTOP","9","each","10265945"
"3477","TD24040379","Item240403737","1/4 MEAL","5","each","10267069"
"3478","TD24040379","Item240403479","9 WINGZ","10","each","10267069"
"3479","TD24040379","Item240403777","DELTA CANS","35","each","10267069"
"3480","TD24040379","Item240403993","SINGLE RACK RIBS","20","each","10267069"
"3481","TD24040379","Item240403859","SALAD","35","each","10267069"
"3482","TD24040372","Item240403547","MAZOE ORANGE CRUSH","5","each","10267072"
"3483","TD24040372","Item240403713","OASIS MINERAL WATER","480","each","10267072"
"3484","TD24040372","Item240403708","SWEETS","4","each","10267072"
"3485","TD24040351","Item240403149","MAZOE ORANGE CRUSH","5","each","10267072"
"3486","TD24040351","Item24040312","OASIS MINERAL WATER","480","each","10267072"
"3487","TD24040351","Item240403601","SWEETS","4","each","10267072"
"3488","TD24040342","Item240403753","STREETWISE 3","15","each","10267071"
"3489","TD24040342","Item240403230","DUNKED WINGS","15","each","10267071"
"3490","TD24040342","Item240403575","DELTA CANS","30","each","10267071"
"3491","TD24040342","Item240403659","DELTA CANS","5","each","10267071"
"3492","TD24040342","Item240403464","CHIPS","15","each","10267071"
"3493","TD24040369","Item24040398","STREETWISE 3","15","each","10267071"
"3494","TD24040369","Item240403661","DUNKED WINGS","15","each","10267071"
"3495","TD24040369","Item240403893","DELTA CANS","30","each","10267071"
"3496","TD24040369","Item240403326","DELTA CANS","5","each","10267071"
"3497","TD24040369","Item240403487","CHIPS","15","each","10267071"
"3498","TD24040316","Item240403546","STREETWISE 3","15","each","10267071"
"3499","TD24040316","Item240403423","DUNKED WINGS","15","each","10267071"
"3500","TD24040316","Item240403385","DELTA CANS","30","each","10267071"
"3501","TD24040316","Item24040368","DELTA CANS","5","each","10267071"
"3502","TD24040316","Item240403513","CHIPS","15","each","10267071"
"3503","TD24040318","Item240403101","STREETWISE 3","15","each","10267071"
"3504","TD24040318","Item24040399","DUNKED WINGS","15","each","10267071"
"3505","TD24040318","Item240403136","DELTA CANS","30","each","10267071"
"3506","TD24040318","Item240403329","DELTA CANS","5","each","10267071"
"3507","TD24040318","Item240403243","CHIPS","15","each","10267071"
"3508","TD24040375","Item240403679","STREETWISE 3","15","each","10267071"
"3509","TD24040375","Item240403921","DUNKED WINGS","15","each","10267071"
"3510","TD24040375","Item240403844","DELTA CANS","30","each","10267071"
"3511","TD24040375","Item240403923","DELTA CANS","5","each","10267071"
"3512","TD24040375","Item240403369","CHIPS","15","each","10267071"
"3513","TD24040392","Item240403469","STREETWISE 3","15","each","10267071"
"3514","TD24040392","Item240403243","DUNKED WINGS","15","each","10267071"
"3515","TD24040392","Item240403591","DELTA CANS","30","each","10267071"
"3516","TD24040392","Item240403162","DELTA CANS","5","each","10267071"
"3517","TD24040392","Item240403430","CHIPS","15","each","10267071"
"3518","TD2404038","Item240403931","STREETWISE 3","15","each","10267071"
"3519","TD2404038","Item240403435","DUNKED WINGS","15","each","10267071"
"3520","TD2404038","Item24040329","DELTA CANS","30","each","10267071"
"3521","TD2404038","Item240403424","DELTA CANS","5","each","10267071"
"3522","TD2404038","Item240403686","CHIPS","15","each","10267071"
"3523","TD24040343","Item240403447","STREETWISE 3","15","each","10267071"
"3524","TD24040343","Item240403895","DUNKED WINGS","15","each","10267071"
"3525","TD24040343","Item240403703","DELTA CANS","30","each","10267071"
"3526","TD24040343","Item240403181","DELTA CANS","5","each","10267071"
"3527","TD24040343","Item240403339","CHIPS","15","each","10267071"
"3528","TD2404035","Item240403576","STREETWISE 3","15","each","10267071"
"3529","TD2404035","Item240403157","DUNKED WINGS","15","each","10267071"
"3530","TD2404035","Item240403723","DELTA CANS","30","each","10267071"
"3531","TD2404035","Item240403795","DUNKED CRUNCH BOXES","5","each","10267071"
"3532","TD2404035","Item240403586","REGULAR CHIPS","15","each","10267071"
"3533","TD24040329","Item240403567","1/4 chicken meal","5","each","10267069"
"3534","TD24040329","Item240403169","9 WINGZ","10","each","10267069"
"3535","TD24040329","Item240403272","DELTA CANS","35","each","10267069"
"3536","TD24040329","Item240403631","SINGLE RACK RIBS","20","each","10267069"
"3537","TD24040329","Item240403871","steers salads greek","35","each","10267069"
"3538","TD24040360","Item240403642","1/4 MEAL","35","each","10267099"
"3539","TD24040360","Item240403616","SALAD","35","each","10267099"
"3540","TD24040360","Item24040352","drink","35","each","10267099"
"3541","TD24040387","Item24040352","1/4 MEAL","35","each","10267099"
"3542","TD24040387","Item240403713","SALAD","35","each","10267099"
"3543","TD24040387","Item240403507","drink","35","each","10267099"
"3544","TD24040388","Item240403467","EYE BOLT M 16 X 280 X 16MM","8","each","10266988"
"3545","TD24040388","Item240403586","EYE BOLT M16 X 180 C/W NUT AND WASHER","8","each","10266988"
"3546","TD24040388","Item240403201","IRON D-3.5 SHACKLE TYPE INSUL.DWG","8","each","10266988"
"3547","TD24040388","Item240403847","INSUL SHACKLE 78MM DIA 64MM HIGH PORCEL ","16","each","10266988"
"3548","TD24040393","Item24040392","5ltr water proofing","7","each","10266703"
"3549","TD24040328","Item240403769","5ltr water proofing","7","each","10266703"
"3550","TD24040395","Item240403717","5ltr water proofing","7","each","10266703"
"3551","TD24040352","Item240403707","5ltr water proofing","7","each","10266703"
"3552","TD24040315","Item240403697","5ltr water proofing","7","each","10266703"
"3553","TD24040348","Item240403870","5ltr water proofing","7","each","10266703"
"3554","TD24040346","Item240403663","5ltr water proofing","7","each","10266703"
"3555","TD24040361","Item240403797","5ltr water proofing","7","each","10266703"
"3556","TD24040367","Item240403620","5ltr water proofing","7","each","10266703"
"3557","TD24040333","Item240403141","CONDUCTOR 50MM 2.SCA BARE/RABBIT","1000","each","10266988B"
"3558","TD24040321","Item240403393","BRANDED ZETDC T SHIRTS","200","each","10266831"
"3559","TD24040439","Item240404471","BRANDED BUCKET HATS","200","each","10266833"
"3560","TD24040425","Item240404251","SLEEVE CRIMPING 120MM2","500","each","10265519"
"3561","TD24040428","Item240404915","BRANDED WATER BOTTLES","200","each","10266835"
"3562","TD2404044","Item240404362","CRIMPING SLEEVES 95MM2","500","each","10265518"
"3563","TD24040488","Item240404831","CRIMPING SLEEVES 95MM2","500","each","10265518"
"3564","TD24040447","Item24040427","SLEEVE CRIMPING 120MM2","500","each","10264569"
"3565","TD24040477","Item240404837","SLEEVE CRIMPING 195MM2","500","each","10264570"
"3566","TD24040456","Item240404614","DANGER PLATE SIGN","200","each","10265876"
"3567","TD24040463","Item240404630","DANGER PLATE SIGN","200","each","10265876"
"3568","TD24040413","Item240404670","CAUTION NOTICE","1000","each","10265877"
"3569","TD24040480","Item240404794","PLATE DANGER DWG","500","each","10264772"
"3570","TD2404048","Item240404261","cable 185mm2 4c cu pvc/swa","50","each","10262463"
"3571","TD24040493","Item240404155","cable 185mm2 4c cu pvc/swa","50","each","10262463"
"3572","TD24040437","Item240404764","CABLE 10 MM2 1C PVC BLACK","1500","each","10264738"
"3573","TD24040476","Item240404749","THRUST BORING","6","each","10266847"
"3574","TD24040487","Item240404721","THRUST BORING","12","each","10266847"
"3575","TD24040487","Item240404339",,"0","each","10266847"
"3576","TD24040457","Item24040497","TRANSPORT HIRE","1","each","10265649"
"3577","TD24040494","Item240404715","TYRE 265/60R18 ","1","each","10267134"
"3578","TD24040499","Item240404380","TYRE 265/60R18 ","1","each","10267134"
"3579","TD24040453","Item240404471","METERING UNIT","1","each","10256053"
"3580","TD24040449","Item240404766","TYRE 265/60R18 ","1","each","10267133"
"3581","TD24040412","Item240404201","J-KIT 120-185MM2 XLPE","20","each","10264568"
"3582","TD24040497","Item240404158","JOINTING KIT 240-300MM2 3C 33KV XLPE","10","each","10265516"
"3583","TD24040434","Item24040449","FERRULE SHEAR BOLTS 50-240MM2","100","each","10264571"
"3584","TD24040424","Item240404813","QUARTER CHICKEN AND CHIPS","7","each","10267123"
"3585","TD24040424","Item240404540","DRINKS","7","each","10267123"
"3586","TD24040424","Item240404674","WRAP","7","each","10267123"
"3587","TD24040424","Item240404515","WATER","7","each","10267123"
"3588","TD24040432","Item240404245","TAPE ADHESIVE BLACK","600","each","10264740"
"3589","TD24040433","Item240404315","FUSE LUCY POLE UNIT ","21","each","10266875"
"3590","TD24040422","Item240404316","SCOTCH TAPE ","192","each","10266877"
"3591","TD24040461","Item2404049","J-KIT TRANSITION 120-185MM2 11KV 3C","4","each","10264226"
"3592","TD24040430","Item240404368","MCB 600V 3 PHASE 350A","30","each","10263399"
"3593","TD24040444","Item240404540","HRC FUSE 300A","200","each","10262478"
"3594","TD24040444","Item240404794","HRC FUSES 355A","200","each","10262478"
"3595","TD24040444","Item240404738","HRC FUSE 400A","200","each","10262478"
"3596","TD24040451","Item240404531","PLATFORM 2 POLE TX","5","each","10263897"
"3597","TD24040451","Item240404943","GLAND CABLE SIZE 1","14","each","10263897"
"3598","TD24040451","Item240404458","GLAND CABLE SIZE 1 SHROUD ","14","each","10263897"
"3599","TD24040451","Item240404493","FERRULE SHEAR BOLT 25-150MM2 ","32","each","10263897"
"3600","TD24040451","Item240404868","CRIMPING LUG 185X12MM","32","each","10263897"
"3601","TD24040423","Item240404908","CABLE 10MM2 1C PVC RED","1500","each","10264737"
"3602","TD24040468","Item240404270","CRIMPING SLEEVES185MM2","100","each","10266293"
"3603","TD24040468","Item240404818","CRIMPING SLEEVES150MM2","100","each","10266293"
"3604","TD24040481","Item240404722","5ltr water proofing","7","each","10266703"
"3605","TD24040420","Item240404783","CHICKEN AND CHIPS ","32","each","10266966"
"3606","TD24040420","Item240404248","BURGER","16","each","10266966"
"3607","TD24040420","Item240404709","DRINK","32","each","10266966"
"3608","TD24040483","Item240404686","TRANSPORT HIRE","1","each","10265649"
"3609","TD24040464","Item240404421","5ltr water proofing","7","each","10266703"
"3610","TD24040490","Item240404194","TRANSPORT HIRE","1","each","10265464"
"3611","TD24040473","Item240404334","TRANSPORT HIRE","1","each","10265321"
"3612","TD24040421","Item240404168","5ltr water proofing","7","each","10266703"
"3613","TD24040442","Item240404185","Hotair station","2","each","10267110"
"3614","TD24040442","Item240404979","wireless drill","2","each","10267110"
"3615","TD24040442","Item240404155","foldable ladder","2","each","10267110"
"3616","TD24040442","Item240404229","anti static bands","30","each","10267110"
"3617","TD24040442","Item240404705","wireless grinder","2","each","10267110"
"3618","TD24040442","Item24040410","glue gun","2","each","10267110"
"3619","TD24040442","Item240404739","range","1","each","10267110"
"3620","TD24040442","Item24040421","desk lamp with magnifying glass","2","each","10267110"
"3621","TD24040498","Item240404106","tone sender and receiver","5","each","10267193"
"3622","TD24040498","Item240404869","signal tracer","5","each","10267193"
"3623","TD24040498","Item24040458","punchdown tool set","10","each","10267193"
"3624","TD24040498","Item240404634","crimping tools","10","each","10267193"
"3625","TD24040589","Item240405139","SLEEVE CRIMPING 185MM2","100","each","10266878"
"3626","TD24040589","Item240405117","SLEEVE CRIMPING 150MM2","100","each","10266878"
"3627","TD24040589","Item240405732","SLEEVE CRIMPING 120MM2","100","each","10266878"
"3628","TD24040534","Item240405755","BHUNUTON INVESTMENTS","1","each","10264307"
"3629","TD2404057","Item240405971","TRENCHING","1","each","10265474"
"3630","TD24040598","Item240405161","TRENCHING","1","each","10266203"
"3631","TD24040562","Item240405380","TRENCHING","1","each","10262452"
"3632","TD24040530","Item24040588","TRANSPORT HIRE","1","each","10265321"
"3633","TD24040516","Item240405770","pvc male adaptor 32mm","4","each","10266708"
"3634","TD24040516","Item24040554","elbow 32mm","1","each","10266708"
"3635","TD24040516","Item240405465","pvc union socket 32mm","1","each","10266708"
"3636","TD24040516","Item240405653","ball cock","1","each","10266708"
"3637","TD24040516","Item240405266","male adaptor","2","each","10266708"
"3638","TD24040516","Item240405502","25mm plain elbow","2","each","10266708"
"3639","TD24040516","Item240405185","pvc union socket 25mm","2","each","10266708"
"3640","TD24040516","Item240405767","produrit s/cement 200ml","1","each","10266708"
"3641","TD24040516","Item240405782","thread tape","4","each","10266708"
"3642","TD24040516","Item240405560","pvc ballcock 25mm","2","each","10266708"
"3643","TD24040516","Item240405351","cap coupling 20mm","2","each","10266708"
"3644","TD24040573","Item240405179","TRENCHING","1","each","10266214"
"3645","TD24040571","Item240405392","TRENCHING","1","each","10266215"
"3646","TD24040568","Item240405966","TRANSPORT HIRE","1","each","10263972"
"3647","TD24040596","Item240405509","TRANSPORT HIRE","1","each","10263972"
"3648","TD2404055","Item240405252","TRANSPORT HIRE","1","each","10263972"
"3649","TD24040584","Item240405917","TRANSPORT HIRE","1","each","10263972"
"3650","TD24040556","Item24040586","TRANSPORT HIRE","1","each","10263972"
"3651","TD24040558","Item240405245","TRANSPORT HIRE","1","each","10263972"
"3652","TD24040542","Item240405717","TRANSPORT HIRE","1","each","10263972"
"3653","TD24040565","Item24040580","TRANSPORT HIRE","1","each","10263972"
"3654","TD24040586","Item240405424","TRANSPORT HIRE","1","each","10263972"
"3655","TD24040535","Item240405649","TRENCHING","1","each","10266216"
"3656","TD24040515","Item240405840","TRENCHING","1","each","10266220"
"3657","TD24040560","Item240405545","TRENCHING","1","each","10266220"
"3658","TD24040539","Item240405456","TRENCHING","1","each","10266221"
"3659","TD24040564","Item240405853","TRENCHING","1","each","10266223"
"3660","TD2404051","Item240405763","TRENCHING","1","each","10266224"
"3661","TD24040519","Item240405903","TRENCHING","1","each","10266225"
"3662","TD24040554","Item240405319","LAPTOP","1","each","10263411"
"3663","TD24040512","Item240405148","TRENCHING","1","each","10266733"
"3664","TD24040548","Item240405958","TRENCHING","1","each","10266736"
"3665","TD24040599","Item240405479","TRENCHING","1","each","10266737"
"3666","TD24040537","Item240405604","window frames ND4F","2","each","10266704"
"3667","TD24040541","Item240405839","SHOVEL","20","each","10267012"
"3668","TD24040541","Item240405441","PICK","20","each","10267012"
"3669","TD24040581","Item240405115","DESKTOPS","2","each","10265945"
"3670","TD24040545","Item240405260","DESKTOPS","2","each","10265209"
"3671","TD24040557","Item240405257","100M ROPES","1","each","10267014"
"3672","TD24040546","Item240405261","LAPTOP","1","each","10266134"
"3673","TD24040591","Item24040557","QUARTER AND BOUJEE","15","each","10267119"
"3674","TD24040591","Item240405747","burger","15","each","10267119"
"3675","TD24040591","Item24040510","drinks","15","each","10267119"
"3676","TD24040591","Item240405602","water","15","each","10267119"
"3677","TD24040510","Item240405861","LECCO BASIN AND PEDESTAL  ECO 50CM","1","each","10266827"
"3678","TD24040510","Item240405632","LECCO URINARY FONT ENTRY","1","each","10266827"
"3679","TD24040510","Item240405948","BRI ANNICK MIXER ","1","each","10266827"
"3680","TD24040576","Item24040583","TAPE SCOTCH FILLED PUTTY","162","each","10266312"
"3681","TD24040538","Item240405985","TRANSPORT HIRE","1","each","10263972"
"3682","TD24040585","Item240405421","pre-retirement seminar","1","each","10266463"
"3683","TD24040567","Item240405360","office chair","17","each","10266772"
"3684","TD24040569","Item240405795","TRANSPORT HIRE","1","each","10265321"
"3685","TD24040578","Item24040594","office chair","17","each","10266772"
"3686","TD24040522","Item240405726","ZIMPURE WATER","576","each","10266465"
"3687","TD24040522","Item240405638","PEPSI PET","432","each","10266465"
"3688","TD24040522","Item240405263","ORANGES 2KG","96","each","10266465"
"3689","TD24040522","Item24040544","BANANAS","72","each","10266465"
"3690","TD24040522","Item240405169","ICE","24","each","10266465"
"3691","TD24040522","Item240405122","APPLES","36","each","10266465"
"3692","TD24040522","Item240405711","QUARTER CHICKEN AND CHIPS","36","each","10266465"
"3693","TD24040531","Item24040567","tier lockers","12","each","10266263"
"3694","TD24040582","Item240405423","truck hire","1","each","10267031"
"3695","TD24040513","Item240405424","truck hire","1","each","10267031"
"3696","TD24040592","Item240405965","QUARTER AND HOTPOT","15","each","10267196"
"3697","TD24040592","Item240405259","BURGER","15","each","10267196"
"3698","TD24040592","Item240405422","DRINKS","15","each","10267196"
"3699","TD24040592","Item240405295","WATER","15","each","10267196"
"3700","TD24040595","Item240405158","fuel pump electric universal bosch","1","each","10267177"
"3701","TD24040878","Item240408761","DELTA CAN","100","each","10267154"
"3702","TD24040878","Item24040846","MINERAL WATER","240","each","10267154"
"3703","TD24040821","Item24040826","SPUDS","60","each","10267126"
"3704","TD24040821","Item24040831","PEANUTS","60","each","10267126"
"3705","TD24040821","Item240408353","APPLES","15","each","10267126"
"3706","TD24040821","Item240408535","BANANAS","15","each","10267126"
"3707","TD24040821","Item240408839","DRINKS","60","each","10267126"
"3708","TD24040821","Item240408976","WATER","120","each","10267126"
"3709","TD24040893","Item240408636","car hire","1","each","10265323"
"3710","TD24040879","Item240408216","TRANSPORT HIRE","1","each","10265321"
"3711","TD24040875","Item240408263","car hire","1","each","10263713"
"3712","TD24040876","Item24040870","car hire","1","each","10263972"
"3713","TD24040840","Item240408652","car hire","1","each","10263972"
"3714","TD24040838","Item240408517","car hire","1","each","10263972"
"3715","TD24040881","Item240408409","car hire","1","each","10263972"
"3716","TD24040839","Item24040842","car hire","1","each","10263972"
"3717","TD24040847","Item240408931","car hire","1","each","10263972"
"3718","TD24040858","Item240408128","car hire","1","each","10263972"
"3719","TD24040835","Item240408921","car hire","1","each","10263972"
"3720","TD2404083","Item240408537","car hire","1","each","10263972"
"3721","TD24040899","Item240408975","hp cf226A black tonner cartridge","3","each","10259432"
"3722","TD24040810","Item240408249","LAPTOP","1","each","10263234"
"3723","TD2404084","Item240408550","TRANSPORT HIRE","1","each","10263970"
"3724","TD2404082","Item240408466","TRANSPORT HIRE","1","each","10265647"
"3725","TD24040891","Item240408636","hp 201a toner cartridge black","4","each","10266218"
"3726","TD24040891","Item240408129","hp 201a tonner cartridge cyan","2","each","10266218"
"3727","TD24040891","Item24040862","hp 201a tone crtridge yellow","2","each","10266218"
"3728","TD24040891","Item240408766","hp 201a toner cartridge","2","each","10266218"
"3729","TD24040896","Item240408235","LAPTOP","1","each","10263234"
"3730","TD24040837","Item240408661","TRANSPORT HIRE","1","each","10263255"
"3731","TD24040882","Item240408151","TRANSPORT HIRE","1","each","10263665"
"3732","TD24040826","Item240408746","TRANSPORT HIRE","1","each","10266684"
"3733","TD24040811","Item240408156","TRANSPORT HIRE","1","each","10266683"
"3734","TD24040828","Item240408177","TRANSPORT HIRE","1","each","10266606"
"3735","TD24040822","Item240408351","SWIVEL CHAIRS","15","each","10266144"
"3736","TD24040892","Item24040847","TRANSPORT HIRE","1","each","10266839"
"3737","TD24040880","Item240408358","TRANSPORT HIRE","1","each","10265389"
"3738","TD24040867","Item24040896","TRANSPORT HIRE","1","each","10265388"
"3739","TD24040824","Item240408555","April Rent","1","each","10267076"
"3740","TD24040864","Item240408795","CONDUCTOR  100MM2 HDA BARE/WASP","3000","each","10267015"
"3741","TD24040814","Item240408655","CONDUCTOR  100MM2 HDA BARE/WASP","3000","each","10267016"
"3742","TD24040874","Item240408481","CONDUCTOR  50MM2 SCA BARE/RABBITT","3000","each","10267017"
"3743","TD24040871","Item240408322","CONDUCTOR  50MM2 SCA BARE/RABBITT","3000","each","10267017"
"3744","TD24040886","Item240408938","CONDUCTOR  50MM2 SCA BARE/RABBITT","3000","each","10267017"
"3745","TD24040869","Item240408476","CONDUCTOR  50MM2 SCA BARE/RABBITT","3000","each","10267017"
"3746","TD24040890","Item240408786","CONDUCTOR  50MM2 SCA BARE/RABBITT","3000","each","10267017"
"3747","TD24040863","Item24040828","CONDUCTOR SCA 100MM2 NEW BARE/DOG","3000","each","10267018"
"3748","TD24040848","Item240408519","CONDUCTOR  50MM2 SCA BARE/RABBITT","3000","each","10267022"
"3749","TD24040872","Item24040858","CONDUCTOR  50MM2 SCA BARE/RABBITT","3000","each","10267021"
"3750","TD24040836","Item240408241","CONDUCTOR  50MM2 SCA BARE/RABBITT","3000","each","10267019"
"3751","TD24040898","Item240408151","SPUDS","60","each","10267126"
"3752","TD24040898","Item240408824","PEANUTS","60","each","10267126"
"3753","TD24040898","Item240408540","APPLES","15","each","10267126"
"3754","TD24040898","Item240408738","BANANAS","15","each","10267126"
"3755","TD24040898","Item240408980","DRINKS ","60","each","10267126"
"3756","TD24040898","Item240408302","MINERAL WATER","120","each","10267126"
"3757","TD24040853","Item240408764","SPUDS","60","each","10267126"
"3758","TD24040853","Item240408359","PEANUTS","60","each","10267126"
"3759","TD24040853","Item240408530","APPLES","15","each","10267126"
"3760","TD24040853","Item24040858","BANANAS","15","each","10267126"
"3761","TD24040853","Item240408496","DRINKS ","60","each","10267126"
"3762","TD24040853","Item240408955","MINERAL WATER","120","each","10267126"
"3763","TD2404089","Item240408848","SPUDS","60","each","10267126"
"3764","TD2404089","Item240408847","PEANUTS","60","each","10267126"
"3765","TD2404089","Item240408533","APPLES","15","each","10267126"
"3766","TD2404089","Item240408739","BANANAS","15","each","10267126"
"3767","TD2404089","Item240408215","DRINKS ","60","each","10267126"
"3768","TD2404089","Item240408677","MINERAL WATER","120","each","10267126"
"3769","TD24040930","Item240409825","MONEY COUNTER","2","each","10252966"
"3770","TD24040916","Item240409502","LAPTOP","1","each","10263235"
"3771","TD24040941","Item240409528","SWIVEL CHAIRS","15","each","10266144"
"3772","TD24040915","Item240409900","CELLPHONES","11","each","10254517"
"3773","TD24040946","Item240409876","SWIVEL CHAIRS","15","each","10266144"
"3774","TD24040992","Item240409541","CELLPHONES","11","each","10254517"
"3775","TD24040985","Item240409677","CELLPHONES","5","each","10254683"
"3776","TD2404092","Item240409630","LECCO BASIN AND PEDESTAL  ECO 50CM","1","each","102668277"
"3777","TD24040987","Item240409793","LECCO BASIN AND PEDESTAL  ECO 50CM","1","each","102668277"
"3778","TD24040987","Item240409320","LECCO URINARY FONT ENTRY","1","each","102668277"
"3779","TD24040987","Item240409632","BRI ANNICK MIXER ","1","each","102668277"
"3780","TD24040919","Item240409742","ABC 350A 600V 3 PHASE","30","each","10263399"
"3781","TD24040986","Item240409771","LAPTOP","1","each","10233589"
"3782","TD2404097","Item240409773","CERTIFICATES FOR CONTRACTORS","1000","each","10266501"
"3783","TD24040939","Item240409619","Ink Cartridge 445XL black","6","each","10266509"
"3784","TD24040939","Item240409690","Ink Cartridge 446XL Colour","6","each","10266509"
"3785","TD24040965","Item240409411","LIGHT BOX 5MM","5","each","10266501"
"3786","TD24040963","Item240409541","5KV INSULATION RESISTANCE TESTER","1","each","10266501"
"3787","TD24040911","Item2404096","PADLOCK","60","each","10267338"
"3788","TD24040974","Item240409233","PADLOCKS","60","each","10267338"
"3789","TD24040982","Item240409980","JERRY CANS","12","each","10267341"
"3790","TD2404091","Item2404095","hp 201A  black","4","each","10266218"
"3791","TD2404091","Item240409787","hp 201A cyan","2","each","10266218"
"3792","TD2404091","Item240409987","hp 201A yellow","2","each","10266218"
"3793","TD2404091","Item240409100","hp 201A magenta","2","each","10266218"
"3794","TD24040943","Item240409532","REFUSE BINS","10","each","10267342"
"3795","TD24041065","Item240410509","MEMBERSHIP","16","each","10267197"
"3796","TD24041039","Item240410692","1/4 + chips","35","each","10267361"
"3797","TD24041011","Item240410485","ATTEND TO HARD STARTING","1","each","10267392"
"3798","TD24041015","Item240410776","ATTEND TO CLUTCH SHOCKS AND HU RESLEEVING","1","each","10267331"
"3799","TD24041091","Item240410826","SLEEVE CRIMPING 185MM","30","each","10266413"
"3800","TD24041091","Item240410159","FERRULE SHEAR BOLTS","30","each","10266413"
"3801","TD24041019","Item240410331","Oasis water","24","each","10267362"
"3802","TD24041019","Item240410828","crystal sweets","9","each","10267362"
"3803","TD24041019","Item240410235","bally house 2l","2","each","10267362"
"3804","TD24041019","Item240410705","deita pet drink","35","each","10267362"
"3805","TD24041019","Item240410911","standard beef burger","35","each","10267362"
"3806","TD24041094","Item240410767","GATE WHEELS","5","each","10267448"
"3807","TD24041051","Item240410998","GATE WHEELS","5","each","10267448"
"3808","TD24041026","Item24041094","BINOCULARS ","18","each","10266284"
"3809","TD24041053","Item240410788","varta batteries high energy aaa 2 pack","15","each","10267343"
"3810","TD24041053","Item24041096","varta batteries long life aa 6 pack","5","each","10267343"
"3811","TD24041053","Item240410896","varta batteries high energy c size 2 pack","3","each","10267343"
"3812","TD24041093","Item24041082","GATE WHEELS","5","each","10267448"
"3813","TD24041018","Item240410227","trimmer line 3mm by 40/55m","14","each","10267340"
"3814","TD24041018","Item240410368","2 stroke oil plus 1lt","20","each","10267340"
"3815","TD24041018","Item240410244","husqvarna chain oil 1lt","40","each","10267340"
"3816","TD24041058","Item240410933","trimmer line 3mm by 40/55m","14","each","10267340"
"3817","TD24041058","Item240410680","2 stroke oil plus 1lt","20","each","10267340"
"3818","TD24041058","Item240410469","husqvarna chain oil 1lt","40","each","10267340"
"3819","TD24041082","Item240410331","trimmer line 3mm by 40/55m","14","each","10267340"
"3820","TD24041082","Item240410876","2 stroke oil plus 1lt","20","each","10267340"
"3821","TD24041082","Item240410414","husqvarna chain oil 1lt","40","each","10267340"
"3822","TD24041021","Item240410547","trimmer line 3mm by 40/55m","14","each","10267340"
"3823","TD24041021","Item240410449","2 stroke oil plus 1lt","20","each","10267340"
"3824","TD24041021","Item240410118","husqvarna chain oil 1lt","40","each","10267340"
"3825","TD24041040","Item240410932","trimmer line 3mm by 40/55m","14","each","10267340"
"3826","TD24041040","Item240410299","2 stroke oil plus 1lt","20","each","10267340"
"3827","TD24041040","Item240410103","husqvarna chain oil 1lt","40","each","10267340"
"3828","TD24041050","Item240410597","trimmer line 3mm by 40/55m","14","each","10267340"
"3829","TD24041050","Item240410104","2 stroke oil plus 1lt","20","each","10267340"
"3830","TD24041050","Item240410950","husqvarna chain oil 1lt","40","each","10267340"
"3831","TD24041084","Item240410741","trimmer line 3mm by 40/55m","14","each","10267340"
"3832","TD24041084","Item240410565","2 stroke oil plus 1lt","20","each","10267340"
"3833","TD24041084","Item240410369","husqvarna chain oil 1lt","40","each","10267340"
"3834","TD24041055","Item240410654","trimmer line 3mm by 40/55m","14","each","10267340"
"3835","TD24041055","Item240410101","2 stroke oil plus 1lt","20","each","10267340"
"3836","TD24041055","Item240410521","husqvarna chain oil 1lt","40","each","10267340"
"3837","TD24041035","Item240410901","trimmer line 3mm by 40/55m","14","each","10267340"
"3838","TD24041035","Item240410283","2 stroke oil plus 1lt","20","each","10267340"
"3839","TD24041035","Item240410877","husqvarna chain oil 1lt","40","each","10267340"
"3840","TD24041027","Item24041034","trimmer line 3mm by 40/55m","14","each","10267340"
"3841","TD24041027","Item240410777","2 stroke oil plus 1lt","20","each","10267340"
"3842","TD24041027","Item240410619","husqvarna chain oil 1lt","40","each","10267340"
"3843","TD24041071","Item24041031","trimmer line 3mm by 40/55m","14","each","10267340"
"3844","TD24041071","Item24041072","2 stroke oil plus 1lt","20","each","10267340"
"3845","TD24041071","Item240410993","husqvarna chain oil 1lt","40","each","10267340"
"3846","TD24041010","Item240410257","trimmer line 3mm by 40/55m","14","each","10267340"
"3847","TD24041010","Item240410905","2 stroke oil plus 1lt","20","each","10267340"
"3848","TD24041010","Item240410681","husqvarna chain oil 1lt","40","each","10267340"
"3849","TD2404108","Item240410883","trimmer line 3mm by 40/55m","14","each","10267340"
"3850","TD2404108","Item240410726","2 stroke oil plus 1lt","20","each","10267340"
"3851","TD2404108","Item24041061","husqvarna chain oil 1lt","40","each","10267340"
"3852","TD24041076","Item240410517","trimmer line 3mm by 40/55m","14","each","10267340"
"3853","TD24041076","Item24041031","2 stroke oil plus 1lt","20","each","10267340"
"3854","TD24041076","Item240410255","husqvarna chain oil 1lt","40","each","10267340"
"3855","TD2404102","Item240410273","trimmer line 3mm by 40/55m","14","each","10267340"
"3856","TD2404102","Item240410264","2 stroke oil plus 1lt","20","each","10267340"
"3857","TD2404102","Item240410672","husqvarna chain oil 1lt","40","each","10267340"
"3858","TD24041054","Item24041029","trimmer line 3mm by 40/55m","14","each","10267340"
"3859","TD24041054","Item240410455","2 stroke oil plus 1lt","20","each","10267340"
"3860","TD24041054","Item24041043","husqvarna chain oil 1lt","40","each","10267340"
"3861","TD24041038","Item240410595","trimmer line 3mm by 40/55m","14","each","10267340"
"3862","TD24041038","Item240410628","2 stroke oil plus 1lt","20","each","10267340"
"3863","TD24041038","Item240410383","husqvarna chain oil 1lt","40","each","10267340"
"3864","TD24041063","Item240410260","trimmer line 3mm by 40/55m","14","each","10267340"
"3865","TD24041063","Item240410583","2 stroke oil plus 1lt","20","each","10267340"
"3866","TD24041063","Item240410670","husqvarna chain oil 1lt","40","each","10267340"
"3867","TD24041160","Item240411565","BINOCULARS ","18","each","10266284"
"3868","TD2404112","Item24041122","SPUDS","60","each","10267126"
"3869","TD2404112","Item240411804","PEANUTS","60","each","10267126"
"3870","TD2404112","Item240411168","APPLES","15","each","10267126"
"3871","TD2404112","Item240411609","BANANAS","15","each","10267126"
"3872","TD2404112","Item240411380","DRINKS","60","each","10267126"
"3873","TD2404112","Item240411751","MINERAL WATER","120","each","10267126"
"3874","TD24041115","Item240411338","OFFICE BLINDS FOR 7 OFFICES","1","each","10264722"
"3875","TD24041194","Item240411180","trimmer line 3mm by 40/55m","14","each","10267340"
"3876","TD24041194","Item240411300","2 stroke oil plus 1lt","20","each","10267340"
"3877","TD24041194","Item240411582","husqvarna chain oil 1lt","40","each","10267340"
"3878","TD24041173","Item240411539","OFFICE BLINDS 242*120M","3","each","10264722"
"3879","TD24041173","Item240411729","OFFICE BLINDS 146*120m","1","each","10264722"
"3880","TD24041173","Item240411529","OFFICE BLINDS 273*206","1","each","10264722"
"3881","TD24041173","Item240411742","OFFICE BLINDS 920*206m","1","each","10264722"
"3882","TD24041173","Item24041177","OFFICE BLINDS195*890m","1","each","10264722"
"3883","TD24041184","Item240411864","GATE WHEELS","5","each","10267448"
"3884","TD24041113","Item240411608","IBR SHHETS","54","each","10267395"
"3885","TD24041150","Item240411925","SQUARE TUBE 50X50X1.6MM","60","each","10267394"
"3886","TD24041150","Item240411506","SQUARE TUBE 20X20X1.6MM","25","each","10267394"
"3887","TD24041150","Item240411925","HR SHEETS 2450X1225X1.5MM","25","each","10267394"
"3888","TD24041150","Item240411882","SQURE TUBE 40X40X1.6MM","10","each","10267394"
"3889","TD24041176","Item240411799","BOOM GATE SYSTEMS REMOTE TRANSMITTER","6","each","10267363"
"3890","TD24041154","Item240411117","GENERATOR","1","each","10267429"
"3891","TD24041166","Item240411320","INSTALLATION OF INTERCOM","1","each","10261433B"
"3892","TD2404114","Item240411189","ANGLE IRON","5","each","10267447"
"3893","TD24041193","Item240411573","DRILL CORDLESS HAMMER","3","each","10267431"
"3894","TD24041185","Item240411581","rhinoset 25 kg","27","each","10267435"
"3895","TD24041185","Item240411633","rhinobond 25 kg","17","each","10267435"
"3896","TD24041185","Item240411884","rhino cove bond 25kg","40","each","10267435"
"3897","TD24041185","Item240411999","rhino cornice 75mm by 3600mm","104","each","10267435"
"3898","TD24041185","Item240411864","drywall srews 3.5 by 25mm 1 kg / bag","10","each","10267435"
"3899","TD24041185","Item24041183","harden abrasive sandpaper 230 by280mm","160","each","10267435"
"3900","TD24041185","Item240411514","pine timber brandering 38mm by 38mm","850","each","10267435"
"3901","TD24041185","Item240411146","gyproc rhinoboard  3600mm by 900mm by 6.4mm","50","each","10267435"
"3902","TD2404119","Item240411954","TRANSPORT HIRE","1","each","10265278"
"3903","TD24041170","Item240411533","TRANSPORT HIRE","1","each","10265278"
"3904","TD24041140","Item240411211","TRANSPORT HIRE","1","each","10265278"
"3905","TD24041151","Item240411976","GRINDER CORDLESS ANGLE","3","each","10267432"
"3906","TD24041153","Item240411197","rhinoset 25 kg","27","each","10267435"
"3907","TD24041153","Item240411629","rhinobond 25 kg","17","each","10267435"
"3908","TD24041153","Item240411331","rhino cove bond 25kg","4","each","10267435"
"3909","TD24041153","Item240411677","rhino cornice 75mm by 3600mm","104","each","10267435"
"3910","TD24041153","Item24041178","drywall srews 3.5 by 25mm 1 kg / bag","10","each","10267435"
"3911","TD24041153","Item240411845","harden abrasive sandpaper 230 by280mm","160","each","10267435"
"3912","TD24041153","Item240411231","pine timber brandering 38mm by 38mm","850","each","10267435"
"3913","TD24041153","Item240411794","gyproc rhinoboard  3600mm by 900mm by 6.4mm","50","each","10267435"
"3914","TD24041130","Item240411450","TRANSPORT HIRE","1","each","10265278"
"3915","TD24041144","Item240411394","TRANSPORT HIRE","1","each","10265383"
"3916","TD24041167","Item240411604","TRANSPORT HIRE","1","each","10265383"
"3917","TD24041141","Item240411322","TRANSPORT HIRE","1","each","10265383"
"3918","TD24041197","Item240411424","TRANSPORT HIRE","1","each","10265383"
"3919","TD24041164","Item240411898","TRANSPORT HIRE","1","each","10265383"
"3920","TD24041187","Item240411785","TRANSPORT HIRE","1","each","10265383"
"3921","TD24041171","Item240411510","TRANSPORT HIRE","1","each","10265383"
"3922","TD2404115","Item240411344","TRANSPORT HIRE","1","each","10265383"
"3923","TD24041175","Item240411686","TRANSPORT HIRE","1","each","10265383"
"3924","TD24041138","Item240411805","TRANSPORT HIRE","1","each","10263800"
"3925","TD24041111","Item240411840","TRANSPORT HIRE","1","each","10263800"
"3926","TD24041188","Item240411633","TRANSPORT HIRE","1","each","10263800"
"3927","TD24041134","Item240411970","TRANSPORT HIRE","1","each","10263800"
"3928","TD24041155","Item240411753","TRANSPORT HIRE","1","each","10263800"
"3929","TD24041147","Item240411977","TRANSPORT HIRE","1","each","10263800"
"3930","TD2404118","Item240411379","TRANSPORT HIRE","1","each","10263800"
"3931","TD24041133","Item240411287","TRANSPORT HIRE","1","each","10263800"
"3932","TD24041145","Item240411800","TRANSPORT HIRE","1","each","10263800"
"3933","TD24041123","Item240411662","TRANSPORT HIRE","1","each","10263800"
"3934","TD2404113","Item24041138","TRANSPORT HIRE","1","each","10263800"
"3935","TD24041189","Item240411136","TRANSPORT HIRE","1","each","10263800"
"3936","TD24041181","Item240411990","Bottle of Water","56","each","RQ21111123"
"3937","TD2404111","Item240411649","TRANSPORT HIRE","1","each","10263800"
"3938","TD24041120","Item240411907","TRANSPORT HIRE","1","each","10263784"
"3939","TD24041186","Item240411873","TRANSPORT HIRE","1","each","10263784"
"3940","TD2404117","Item240411998","TRANSPORT HIRE","1","each","10263784"
"3941","TD24041163","Item240411941","TRANSPORT HIRE","1","each","10263784"
"3942","TD24041116","Item240411223","TRANSPORT HIRE","1","each","10263784"
"3943","TD24041112","Item240411520","TRANSPORT HIRE","1","each","10263784"
"3944","TD24041110","Item240411764","TRANSPORT HIRE","1","each","10267058"
"3945","TD24041169","Item240411992","TRANSPORT HIRE","1","each","10267058"
"3946","TD24041125","Item240411977","TRANSPORT HIRE","1","each","10267058"
"3947","TD24041119","Item240411311","TRANSPORT HIRE","1","each","10267058"
"3948","TD24041114","Item240411609","silk washable paints 20 liters","10","each","10267433"
"3949","TD24041114","Item240411152","flexi pva white","6","each","10267433"
"3950","TD24041114","Item240411100","ceiling pva white 20 ltrs","11","each","10267433"
"3951","TD24041114","Item240411184","high gloss enamel white 5 ltrs","4","each","10267433"
"3952","TD24041114","Item24041115","sandpaper course","8","each","10267433"
"3953","TD24041114","Item240411228","mineral turpentine","2","each","10267433"
"3954","TD24041114","Item240411792","universal undercoat white 5 litters","4","each","10267433"
"3955","TD24041126","Item240411621","silk washable paints 20 liters","10","each","10267433"
"3956","TD24041126","Item240411164","flexi pva white","6","each","10267433"
"3957","TD24041126","Item240411893","ceiling pva white 20 ltrs","11","each","10267433"
"3958","TD24041126","Item240411867","high gloss enamel white 5 ltrs","4","each","10267433"
"3959","TD24041126","Item240411586","sandpaper course","8","each","10267433"
"3960","TD24041126","Item240411855","mineral turpentine","2","each","10267433"
"3961","TD24041126","Item240411940","universal undercoat white 5 litters","4","each","10267433"
"3962","TD24041156","Item240411401","silk washable paints 20 liters","10","each","10267433"
"3963","TD24041156","Item240411771","flexi pva white","6","each","10267433"
"3964","TD24041156","Item240411164","ceiling pva white 20 ltrs","11","each","10267433"
"3965","TD24041156","Item240411795","high gloss enamel white 5 ltrs","4","each","10267433"
"3966","TD24041156","Item240411230","sandpaper course","8","each","10267433"
"3967","TD24041156","Item240411561","mineral turpentine","2","each","10267433"
"3968","TD24041156","Item240411403","universal undercoat white 5 litters","4","each","10267433"
"3969","TD24041146","Item240411489","TRANSPORT HIRE","1","each","10267058"
"3970","TD24041124","Item240411592","TRANSPORT HIRE","1","each","10267058"
"3971","TD24041162","Item240411597","silk washable paints 20 liters","10","each","10267433"
"3972","TD24041162","Item240411461","flexi pva white","6","each","10267433"
"3973","TD24041162","Item24041118","ceiling pva white 20 ltrs","11","each","10267433"
"3974","TD24041162","Item240411265","high gloss enamel white 5 ltrs","4","each","10267433"
"3975","TD24041162","Item240411981","sandpaper course","8","each","10267433"
"3976","TD24041162","Item240411513","mineral turpentine","2","each","10267433"
"3977","TD24041162","Item240411221","universal undercoat white 5 litters","4","each","10267433"
"3978","TD24041182","Item240411708","silk washable paints 20 liters","10","each","10267433"
"3979","TD24041182","Item240411812","flexi pva white","6","each","10267433"
"3980","TD24041182","Item240411220","ceiling pva white 20 ltrs","11","each","10267433"
"3981","TD24041182","Item240411135","high gloss enamel white 5 ltrs","4","each","10267433"
"3982","TD24041182","Item24041110","sandpaper course","8","each","10267433"
"3983","TD24041182","Item240411550","mineral turpentine","2","each","10267433"
"3984","TD24041182","Item240411477","universal undercoat white 5 litters","4","each","10267433"
"3985","TD24041128","Item240411166","silk washable paints 20 liters","10","each","10267433"
"3986","TD24041128","Item240411907","flexi pva white","6","each","10267433"
"3987","TD24041128","Item240411216","ceiling pva white 20 ltrs","11","each","10267433"
"3988","TD24041128","Item240411233","high gloss enamel white 5 ltrs","4","each","10267433"
"3989","TD24041128","Item24041147","sandpaper course","8","each","10267433"
"3990","TD24041128","Item240411840","mineral turpentine","2","each","10267433"
"3991","TD24041128","Item240411922","universal undercoat white 5 litters","4","each","10267433"
"3992","TD24041143","Item240411425","silk washable paints 20 liters","10","each","10267433"
"3993","TD24041143","Item240411632","flexi pva white","6","each","10267433"
"3994","TD24041143","Item240411829","ceiling pva white 20 ltrs","11","each","10267433"
"3995","TD24041143","Item240411963","high gloss enamel white 5 ltrs","4","each","10267433"
"3996","TD24041143","Item240411685","sandpaper course","8","each","10267433"
"3997","TD24041143","Item240411558","mineral turpentine","2","each","10267433"
"3998","TD24041143","Item240411786","universal undercoat white 5 litters","4","each","10267433"
"3999","TD24041179","Item240411495","TRANSPORT HIRE","1","each","10267058"
"4000","TD24041132","Item240411686","TRANSPORT HIRE","1","each","10267058"
"4001","TD24041118","Item240411104","TRANSPORT HIRE","1","each","10267058"
"4002","TD24041192","Item240411578","silk washable paints 20 liters","10","each","10267433"
"4003","TD24041192","Item240411649","flexi pva white","6","each","10267433"
"4004","TD24041192","Item240411979","ceiling pva white 20 ltrs","11","each","10267433"
"4005","TD24041192","Item240411320","high gloss enamel white 5 ltrs","4","each","10267433"
"4006","TD24041192","Item240411173","sandpaper course","8","each","10267433"
"4007","TD24041192","Item240411709","mineral turpentine","2","each","10267433"
"4008","TD24041192","Item24041117","universal undercoat white 5 litters","4","each","10267433"
"4009","TD24041196","Item240411869","silk washable paints 20 liters","10","each","10267433"
"4010","TD24041196","Item240411111","flexi pva white","6","each","10267433"
"4011","TD24041196","Item240411574","ceiling pva white 20 ltrs","11","each","10267433"
"4012","TD24041196","Item240411739","high gloss enamel white 5 ltrs","4","each","10267433"
"4013","TD24041196","Item24041138","sandpaper course","8","each","10267433"
"4014","TD24041196","Item240411989","mineral turpentine","2","each","10267433"
"4015","TD24041196","Item240411467","universal undercoat white 5 litters","4","each","10267433"
"4016","TD24041137","Item240411402","silk washable paints 20 liters","10","each","10267433"
"4017","TD24041137","Item240411729","flexi pva white","6","each","10267433"
"4018","TD24041137","Item240411322","ceiling pva white 20 ltrs","11","each","10267433"
"4019","TD24041137","Item24041128","high gloss enamel white 5 ltrs","4","each","10267433"
"4020","TD24041137","Item240411194","sandpaper course","8","each","10267433"
"4021","TD24041137","Item240411786","mineral turpentine","2","each","10267433"
"4022","TD24041137","Item240411765","universal undercoat white 5 litters","4","each","10267433"
"4023","TD24041198","Item240411135","silk washable paints 20 liters","10","each","10267433"
"4024","TD24041198","Item240411900","flexi pva white","6","each","10267433"
"4025","TD24041198","Item240411883","ceiling pva white 20 ltrs","11","each","10267433"
"4026","TD24041198","Item240411203","high gloss enamel white 5 ltrs","4","each","10267433"
"4027","TD24041198","Item240411391","sandpaper course","8","each","10267433"
"4028","TD24041198","Item240411191","mineral turpentine","2","each","10267433"
"4029","TD24041198","Item240411820","universal undercoat white 5 litters","4","each","10267433"
"4030","TD24041168","Item240411371","silk washable paints 20 liters","10","each","10267433"
"4031","TD24041168","Item240411379","flexi pva white","6","each","10267433"
"4032","TD24041168","Item240411793","ceiling pva white 20 ltrs","11","each","10267433"
"4033","TD24041168","Item240411342","high gloss enamel white 5 ltrs","4","each","10267433"
"4034","TD24041168","Item240411249","sandpaper course","8","each","10267433"
"4035","TD24041168","Item240411341","mineral turpentine","2","each","10267433"
"4036","TD24041168","Item240411287","universal undercoat white 5 litters","4","each","10267433"
"4037","TD24041183","Item240411680","silk washable paints 20 liters","10","each","10267433"
"4038","TD24041183","Item240411449","flexi pva white","6","each","10267433"
"4039","TD24041183","Item240411742","ceiling pva white 20 ltrs","11","each","10267433"
"4040","TD24041183","Item240411913","high gloss enamel white 5 ltrs","4","each","10267433"
"4041","TD24041183","Item240411474","sandpaper course","8","each","10267433"
"4042","TD24041183","Item240411366","mineral turpentine","2","each","10267433"
"4043","TD24041183","Item240411706","universal undercoat white 5 litters","4","each","10267433"
"4044","TD24041177","Item240411733","silk washable paints 20 liters","10","each","10267433"
"4045","TD24041177","Item240411106","flexi pva white","6","each","10267433"
"4046","TD24041177","Item240411415","ceiling pva white 20 ltrs","11","each","10267433"
"4047","TD24041177","Item240411118","high gloss enamel white 5 ltrs","4","each","10267433"
"4048","TD24041177","Item240411838","sandpaper course","8","each","10267433"
"4049","TD24041177","Item240411700","mineral turpentine","2","each","10267433"
"4050","TD24041177","Item240411534","universal undercoat white 5 litters","4","each","10267433"
"4051","TD24041149","Item240411399","silk washable paints 20 liters","10","each","10267433"
"4052","TD24041149","Item240411349","flexi pva white","6","each","10267433"
"4053","TD24041149","Item240411539","ceiling pva white 20 ltrs","11","each","10267433"
"4054","TD24041149","Item240411724","high gloss enamel white 5 ltrs","4","each","10267433"
"4055","TD24041149","Item240411753","sandpaper course","8","each","10267433"
"4056","TD24041149","Item240411418","mineral turpentine","2","each","10267433"
"4057","TD24041149","Item240411469","universal undercoat white 5 litters","4","each","10267433"
"4058","TD24041165","Item240411667","silk washable paints 20 liters","10","each","10267433"
"4059","TD24041165","Item24041143","flexi pva white","6","each","10267433"
"4060","TD24041165","Item240411342","ceiling pva white 20 ltrs","11","each","10267433"
"4061","TD24041165","Item240411833","high gloss enamel white 5 ltrs","4","each","10267433"
"4062","TD24041165","Item240411976","sandpaper course","8","each","10267433"
"4063","TD24041165","Item240411395","mineral turpentine","2","each","10267433"
"4064","TD24041165","Item24041161","universal undercoat white 5 litters","4","each","10267433"
"4065","TD24041136","Item24041170","TRANSPORT HIRE","1","each","10266888"
"4066","TD24041148","Item24041185","TRANSPORT HIRE","1","each","10266888"
"4067","TD24041122","Item240411312","TRANSPORT HIRE","1","each","10266888"
"4068","TD24041117","Item24041116","TRANSPORT HIRE","1","each","10266888"
"4069","TD24041199","Item240411320","TRANSPORT HIRE","1","each","10266888"
"4070","TD24041190","Item240411732","TRANSPORT HIRE","1","each","10266888"
"4071","TD24041121","Item240411719","TRANSPORT HIRE","1","each","10266888"
"4072","TD24041161","Item240411299","TRANSPORT HIRE","1","each","10266888"
"4073","TD2404116","Item240411377","TRANSPORT HIRE","1","each","10266888"
"4074","TD24041181","Item240411965","TRANSPORT HIRE","1","each","10266888"
"4075","TD24041191","Item240411712","TRANSPORT HIRE","1","each","10266888"
"4076","TD24041159","Item240411494","TRANSPORT HIRE","1","each","10266888"
"4077","TD24041178","Item240411780","TRANSPORT HIRE","1","each","10266888"
"4078","TD24041157","Item240411491","TRANSPORT HIRE","1","each","10266888"
"4079","TD24041131","Item24041115","TRANSPORT HIRE","1","each","10266886"
"4080","TD24041180","Item240411507","TRANSPORT HIRE","1","each","10266886"
"4081","TD24041139","Item240411839","TRANSPORT HIRE","1","each","10266886"
"4082","TD24041135","Item240411191","TRANSPORT HIRE","1","each","10266886"
"4083","TD24041172","Item240411977","TRANSPORT HIRE","1","each","10266886"
"4084","TD24041158","Item240411378","TRANSPORT HIRE","1","each","10266886"
"4085","TD24041152","Item240411353","TRANSPORT HIRE","1","each","10266886"
"4086","TD24041129","Item2404111","hj","344","each","10266886"
"4087","TD24041174","Item240411516","TRANSPORT HIRE","1","each","10266886"
"4088","TD24041195","Item240411896","TRANSPORT HIRE","1","each","10266886"
"4089","TD24041257","Item240412851","TRANSPORT HIRE","1","each","10266886"
"4090","TD24041260","Item240412223","TRANSPORT HIRE","1","each","10266428"
"4091","TD24041287","Item24041212","TRANSPORT HIRE","1","each","10266428"
"4092","TD24041244","Item240412520","TRANSPORT HIRE","1","each","10266428"
"4093","TD24041245","Item24041272","TRANSPORT HIRE","1","each","10266428"
"4094","TD24041223","Item240412647","TRANSPORT HIRE","1","each","10266428"
"4095","TD24041292","Item240412140","TRANSPORT HIRE","1","each","10266428"
"4096","TD24041262","Item240412888","TRANSPORT HIRE","1","each","10266428"
"4097","TD24041210","Item240412294","TRANSPORT HIRE","1","each","10266428"
"4098","TD24041252","Item24041221","TRANSPORT HIRE","1","each","10266428"
"4099","TD2404125","Item240412613","TRANSPORT HIRE","1","each","10266428"
"4100","TD24041235","Item240412746","TRANSPORT HIRE","1","each","10266428"
"4101","TD24041218","Item240412859","TRANSPORT HIRE","1","each","10266428"
"4102","TD24041282","Item240412381","TRANSPORT HIRE","1","each","10266428"
"4103","TD24041226","Item240412880","TRANSPORT HIRE","1","each","10266428"
"4104","TD24041269","Item240412862","TRANSPORT HIRE","1","each","10266428"
"4105","TD24041295","Item240412675","TRANSPORT HIRE","1","each","10266428"
"4106","TD2404121","Item240412651","TRANSPORT HIRE","1","each","10266428"
"4107","TD24041280","Item240412363","TRANSPORT HIRE","1","each","10266428"
"4108","TD24041216","Item240412846","TRANSPORT HIRE","1","each","10266428"
"4109","TD24041243","Item240412874","TRANSPORT HIRE","1","each","10266428"
"4110","TD24041296","Item240412945","TRANSPORT HIRE","1","each","10266428"
"4111","TD24041239","Item240412169","TRANSPORT HIRE","1","each","10266428"
"4112","TD24041279","Item240412866","TRANSPORT HIRE","1","each","10266428"
"4113","TD24041253","Item240412599","TRANSPORT HIRE","1","each","10267059"
"4114","TD24041254","Item240412593","TRANSPORT HIRE","1","each","10265664"
"4115","TD24041234","Item240412460","TRANSPORT HIRE","1","each","10265664"
"4116","TD24041291","Item240412694","TRANSPORT HIRE","1","each","10265664"
"4117","TD2404128","Item24041217","TRANSPORT HIRE","1","each","10265664"
"4118","TD24041285","Item240412601","TRANSPORT HIRE","1","each","10265664"
"4119","TD24041246","Item240412280","TRANSPORT HIRE","1","each","10265664"
"4120","TD24041264","Item240412149","TRANSPORT HIRE","1","each","10265664"
"4121","TD24041290","Item240412328","TRANSPORT HIRE","1","each","10265664"
"4122","TD24041251","Item240412409","TRANSPORT HIRE","1","each","10265664"
"4123","TD24041272","Item240412761","TRANSPORT HIRE","1","each","10265664"
"4124","TD2404124","Item2404128","TRANSPORT HIRE","1","each","10265664"
"4125","TD24041240","Item240412572","TRANSPORT HIRE","1","each","10265664"
"4126","TD24041256","Item24041225","TRANSPORT HIRE","1","each","10265664"
"4127","TD24041289","Item240412598","TRANSPORT HIRE","1","each","10266607"
"4128","TD24041217","Item240412832","TRANSPORT HIRE","1","each","10266607"
"4129","TD24041241","Item24041278","TRANSPORT HIRE","1","each","10266607"
"4130","TD24041228","Item240412946","TRANSPORT HIRE","1","each","10266607"
"4131","TD24041259","Item240412728","TRANSPORT HIRE","1","each","10266607"
"4132","TD24041265","Item240412841","TRANSPORT HIRE","1","each","10266607"
"4133","TD24041263","Item240412293","TRANSPORT HIRE","1","each","10266607"
"4134","TD24041242","Item240412709","TRANSPORT HIRE","1","each","10266607"
"4135","TD24041249","Item240412428","TRANSPORT HIRE","1","each","10266607"
"4136","TD24041286","Item240412685","TRANSPORT HIRE","1","each","10266607"
"4137","TD24041284","Item240412349","TRANSPORT HIRE","1","each","10266607"
"4138","TD24041275","Item240412885","TRANSPORT HIRE","1","each","10266607"
"4139","TD24041248","Item240412304","TRANSPORT HIRE","1","each","10266607"
"4140","TD24041211","Item240412414","TRANSPORT HIRE","1","each","10266607"
"4141","TD24041230","Item240412684","TRANSPORT HIRE","1","each","10266607"
"4142","TD24041298","Item240412132","TRANSPORT HIRE","1","each","10266607"
"4143","TD24041219","Item240412833","TRANSPORT HIRE","1","each","10266607"
"4144","TD24041222","Item240412393","TRANSPORT HIRE","1","each","10266607"
"4145","TD24041267","Item240412339","TRANSPORT HIRE","1","each","10266607"
"4146","TD24041250","Item240412591","TRANSPORT HIRE","1","each","10266607"
"4147","TD2404123","Item240412152","TRANSPORT HIRE","1","each","10266607"
"4148","TD24041277","Item240412118","TRANSPORT HIRE","1","each","10266607"
"4149","TD24041225","Item240412272","TRANSPORT HIRE","1","each","10266607"
"4150","TD24041232","Item240412766","TRANSPORT HIRE","1","each","10266607"
"4151","TD24041213","Item240412384","TRANSPORT HIRE","1","each","10266607"
"4152","TD24041229","Item240412965","TRANSPORT HIRE","1","each","10266607"
"4153","TD24041283","Item240412114","TRANSPORT HIRE","1","each","10266607"
"4154","TD24041255","Item240412438","TRANSPORT HIRE","1","each","10266888"
"4155","TD24041270","Item240412177","TRENCHING","1","each","10267360"
"4156","TD2404127","Item240412938","TRANSPORT HIRE","1","each","10265567"
"4157","TD24041271","Item240412856","TRANSPORT HIRE","1","each","10265567"
"4158","TD24041288","Item240412435","TRANSPORT HIRE","1","each","10263689"
"4159","TD24041221","Item240412343","TRANSPORT HIRE","1","each","10263689"
"4160","TD24041227","Item24041289","TRANSPORT HIRE","1","each","10261301"
"4161","TD24041236","Item240412724","TRENCHING","1","each","10267371"
"4162","TD2404122","Item240412655","TRANSPORT HIRE","1","each","10267237"
"4163","TD24041276","Item240412828","TRANSPORT HIRE","1","each","10267237"
"4164","TD24041266","Item240412850","TRANSPORT HIRE","1","each","10267237"
"4165","TD24041214","Item240412297","TRANSPORT HIRE","1","each","10265831"
"4166","TD24041258","Item240412170","TRENCHING","1","each","10267374"
"4167","TD24041273","Item240412597","TRANSPORT HIRE","1","each","10265831"
"4168","TD24041247","Item240412346","DUST SUCKING SERVICES ","4","each","10265546B"
"4169","TD2404129","Item240412879","6 WAY MV BOARD","1","each","10267295"
"4170","TD24041274","Item240412226","CABLE 50MM2 4 CORE ","100","each","10267242"
"4171","TD24041299","Item24041223","Bottle of Water","1","each","RQ3546345"
"4172","TD24041278","Item240412337","CABLE 50MM2 4 CORE ","100","each","10267242"
"4173","TD24041224","Item24041292","SLEEVE, CRIMPING  185MM2","200","each","10267414"
"4174","TD24041261","Item240412631","Item One","4","each","RQ21134576"
"4175","TD24041268","Item240412549","pvc male adptor 32m Plumbing materials f","4","each","10267443"
"4176","TD24041268","Item240412414","elbow 32mm","1","each","10267443"
"4177","TD24041268","Item240412670","pvc union socket 32mm","1","each","10267443"
"4178","TD24041268","Item240412678","ball cock 20mm","1","each","10267443"
"4179","TD24041268","Item240412876","pvc  adptor 25mm","2","each","10267443"
"4180","TD24041268","Item240412494","25 pvc plain elbow","2","each","10267443"
"4181","TD24041268","Item240412784","pvc union socket 25mm","2","each","10267443"
"4182","TD24041268","Item240412865","s/cement 200ml","1","each","10267443"
"4183","TD24041268","Item240412497","thread tape","4","each","10267443"
"4184","TD24041268","Item240412186","ballcocock 25mm","2","each","10267443"
"4185","TD24041268","Item240412678","cap  coupling 20mm","2","each","10267443"
"4186","TD24041215","Item240412753","pvc male adptor 32m Plumbing materials f","4","each","10267443"
"4187","TD24041215","Item240412150","elbow 32mm","1","each","10267443"
"4188","TD24041215","Item240412895","pvc union socket 32mm","1","each","10267443"
"4189","TD24041215","Item24041255","ball cock 20mm","1","each","10267443"
"4190","TD24041215","Item24041275","pvc  adptor 25mm","2","each","10267443"
"4191","TD24041215","Item240412550","25 pvc plain elbow","2","each","10267443"
"4192","TD24041215","Item240412257","pvc union socket 25mm","2","each","10267443"
"4193","TD24041215","Item240412963","s/cement 200ml","1","each","10267443"
"4194","TD24041215","Item240412362","thread tape","4","each","10267443"
"4195","TD24041215","Item240412601","ballcocock 25mm","2","each","10267443"
"4196","TD24041215","Item240412893","cap  coupling 20mm","2","each","10267443"
"4197","TD24041238","Item240412739","SAFETY SHOES","2","each","10267222"
"4198","TD24041212","Item240412346","ZIMPURE WATER","576","each","10267545"
"4199","TD24041212","Item240412841","PET DRINKS","432","each","10267545"
"4200","TD24041212","Item240412618","ORANGES","120","each","10267545"
"4201","TD24041212","Item240412417","BANANAS","72","each","10267545"
"4202","TD24041212","Item240412958","ICE","24","each","10267545"
"4203","TD24041212","Item240412486","APPLES","24","each","10267545"
"4204","TD24041212","Item240412988","BURGERS","384","each","10267545"
"4205","TD24041220","Item240412554","ZIMPURE WATER","576","each","10267545"
"4206","TD24041220","Item240412239","PET DRINKS","432","each","10267545"
"4207","TD24041220","Item240412673","ORANGES","120","each","10267545"
"4208","TD24041220","Item240412698","BANANAS","72","each","10267545"
"4209","TD24041220","Item240412643","ICE","24","each","10267545"
"4210","TD24041220","Item240412912","APPLES","24","each","10267545"
"4211","TD24041220","Item240412974","BURGERS","384","each","10267545"
"4212","TD24041299","Item240412218","ZIMPURE WATER","576","each","10267545"
"4213","TD24041299","Item240412548","PET DRINKS","432","each","10267545"
"4214","TD24041299","Item240412434","ORANGES","120","each","10267545"
"4215","TD24041299","Item240412781","BANANAS","72","each","10267545"
"4216","TD24041299","Item240412455","ICE","24","each","10267545"
"4217","TD24041299","Item240412204","APPLES","24","each","10267545"
"4218","TD24041299","Item240412855","BURGERS","384","each","10267545"
"4219","TD2404126","Item240412565","ZIMPURE WATER","576","each","10267545"
"4220","TD2404126","Item240412187","PET DRINKS","432","each","10267545"
"4221","TD2404126","Item240412802","ORANGES","120","each","10267545"
"4222","TD2404126","Item240412477","BANANAS","72","each","10267545"
"4223","TD2404126","Item24041227","ICE","24","each","10267545"
"4224","TD2404126","Item240412175","APPLES","24","each","10267545"
"4225","TD2404126","Item240412342","BURGERS","384","each","10267545"
"4226","TD24041233","Item240412453","ZIMPURE WATER","576","each","10267545"
"4227","TD24041233","Item24041220","PET DRINKS","432","each","10267545"
"4228","TD24041233","Item240412771","ORANGES","120","each","10267545"
"4229","TD24041233","Item240412627","BANANAS","72","each","10267545"
"4230","TD24041233","Item240412585","ICE","24","each","10267545"
"4231","TD24041233","Item240412954","APPLES","24","each","10267545"
"4232","TD24041233","Item240412582","BURGERS","384","each","10267545"
"4233","TD24041297","Item240412191","ZIMPURE WATER","576","each","10267545"
"4234","TD24041297","Item240412875","PET DRINKS","432","each","10267545"
"4235","TD24041297","Item24041214","ORANGES","120","each","10267545"
"4236","TD24041297","Item240412299","BANANAS","72","each","10267545"
"4237","TD24041297","Item240412284","ICE","24","each","10267545"
"4238","TD24041297","Item240412394","APPLES","24","each","10267545"
"4239","TD24041297","Item240412806","BURGERS","384","each","10267545"
"4240","TD24041281","Item24041239","ZIMPURE WATER","576","each","10267545"
"4241","TD24041281","Item240412851","PET DRINKS","432","each","10267545"
"4242","TD24041281","Item240412575","ORANGES","120","each","10267545"
"4243","TD24041281","Item240412114","BANANAS","72","each","10267545"
"4244","TD24041281","Item240412582","ICE","24","each","10267545"
"4245","TD24041281","Item240412378","APPLES","24","each","10267545"
"4246","TD24041281","Item240412564","BURGERS","384","each","10267545"
"4247","TD24041294","Item240412397","ZIMPURE WATER","576","each","10267545"
"4248","TD24041294","Item240412290","PET DRINKS","432","each","10267545"
"4249","TD24041294","Item240412379","ORANGES","120","each","10267545"
"4250","TD24041294","Item240412664","BANANAS","72","each","10267545"
"4251","TD24041294","Item240412407","ICE","24","each","10267545"
"4252","TD24041294","Item240412345","APPLES","24","each","10267545"
"4253","TD24041294","Item24041220","BURGERS","384","each","10267545"
"4254","TD24041293","Item240412387","ZIMPURE WATER","576","each","10267545"
"4255","TD24041293","Item24041280","PET DRINKS","432","each","10267545"
"4256","TD24041293","Item240412422","ORANGES","120","each","10267545"
"4257","TD24041293","Item240412531","BANANAS","72","each","10267545"
"4258","TD24041293","Item24041240","ICE","24","each","10267545"
"4259","TD24041293","Item240412368","APPLES","24","each","10267545"
"4260","TD24041293","Item240412469","BURGERS","384","each","10267545"
"4261","TD24041237","Item240412970","ZIMPURE WATER","576","each","10267545"
"4262","TD24041237","Item240412802","PET DRINKS","432","each","10267545"
"4263","TD24041237","Item240412536","ORANGES","120","each","10267545"
"4264","TD24041237","Item240412375","BANANAS","72","each","10267545"
"4265","TD24041237","Item240412194","ICE","24","each","10267545"
"4266","TD24041237","Item240412768","APPLES","24","each","10267545"
"4267","TD24041237","Item240412479","BURGERS","384","each","10267545"
"4268","TD24041231","Item240412999","ZIMPURE WATER","576","each","10267545"
"4269","TD24041231","Item240412142","PET DRINKS","432","each","10267545"
"4270","TD24041231","Item240412139","ORANGES","120","each","10267545"
"4271","TD24041231","Item240412808","BANANAS","72","each","10267545"
"4272","TD24041231","Item240412877","ICE","24","each","10267545"
"4273","TD24041231","Item240412393","APPLES","24","each","10267545"
"4274","TD24041231","Item240412199","BURGERS","384","each","10267545"
"4275","TD24041591","Item240415383","METAL CLAD STEEL","1","each","10267296"
"4276","TD24041596","Item240415996","12000 BTUS AIR CONDITIONERS","5","each","10264022"
"4277","TD24041537","Item240415437","6 WAY PILLAR BOX","1","each","10267297"
"4278","TD24041576","Item240415485","BLINDS FOR OFFICES","1","each","10266280"
"4279","TD24041565","Item240415309","CHANNEL CROSS ARM","100","each","10263400"
"4280","TD24041540","Item240415981","TRADE TEST FEES","10","each","10267546"
"4281","TD24041549","Item240415992","TRADE TEST FEES","10","each","10267546"
"4282","TD2404159","Item240415802","TRADE TEST FEES","10","each","10267546"
"4283","TD24041528","Item240415723","TRADE TEST FEES","10","each","10267546"
"4284","TD24041519","Item240415883","TRADE TEST FEES","10","each","10267546"
"4285","TD24041556","Item240415854","TRADE TEST FEES","10","each","10267546"
"4286","TD24041522","Item240415961","TRADE TEST FEES","10","each","10267546"
"4287","TD24041574","Item240415495","TRADE TEST FEES","10","each","10267546"
"4288","TD24041534","Item240415843","TRADE TEST FEES","10","each","10267546"
"4289","TD24041566","Item240415727","TRADE TEST FEES","10","each","10267546"
"4290","TD24041550","Item240415595","CABLE 35MM2 4 CORE ","30","each","10267244"
"4291","TD24041573","Item240415795","CISCILN INSECTICIDE","10","each","10267430"
"4292","TD24041586","Item240415338","Hp 973x black","4","each","10266285"
"4293","TD24041586","Item240415316","Hp 973x cyan ","2","each","10266285"
"4294","TD24041586","Item240415241","Hp 973x yellow","2","each","10266285"
"4295","TD24041586","Item240415574","Hp 973x magenta","2","each","10266285"
"4296","TD24041551","Item240415704","CF400A","5","each","10260940"
"4297","TD24041551","Item240415500","CF 401A","5","each","10260940"
"4298","TD24041551","Item240415891","CF 402A","5","each","10260940"
"4299","TD24041551","Item240415854","CF 403A","5","each","10260940"
"4300","TD2404153","Item240415364","TAPE ADHESIVE BLACK","100","each","10267246"
"4301","TD2404153","Item2404155","TAPE ADHESIVE BLUE","100","each","10267246"
"4302","TD2404153","Item240415719","TAPE ADHESIVE RED","100","each","10267246"
"4303","TD2404153","Item240415509","TAPE ADHESIVE WHITE","100","each","10267246"
"4304","TD2404153","Item240415710","TAPE ADHESIVE YELLOW","100","each","10267246"
"4305","TD24041511","Item240415940","TRADE TEST FEES","10","each","10267546"
"4306","TD24041548","Item240415652","truck hire","1","each","10267031"
"4307","TD2404156","Item240415553","CASTLE","3","each","10267512"
"4308","TD24041518","Item240415469","500mls PET assorted flavours","42","each","10267537"
"4309","TD24041578","Item240415422","500mls PET assorted flavours","42","each","10267537"
"4310","TD24041555","Item240415199"," may 2024 rent 1308 gletwin shiwasha","1","each","10267519"
"4311","TD24041569","Item240415649","TRANSPORT HIRE","1","each","10265579"
"4312","TD24041557","Item240415920","TRUCK HIRE","1","each","10267190"
"4313","TD24041592","Item240415165","TRANSPORT HIRE","1","each","10265579"
"4314","TD24041594","Item24041521","May rent 2024 for E Makove","1","each","10267474"
"4315","TD24041523","Item240415856","May rent 2024 for E Makove","1","each","10267474"
"4316","TD24041533","Item240415902","May rent 2024 for E Makove","1","each","10267474"
"4317","TD24041558","Item240415220","May rent 2024 for E Makove","1","each","10267474"
"4318","TD24041546","Item240415279","May rent 2024 for E Makove","1","each","10267474"
"4319","TD24041538","Item240415902","May rent 2024 for E Makove","1","each","10267474"
"4320","TD24041570","Item240415971","May rent 2024 for E Makove","1","each","10267474"
"4321","TD24041588","Item240415898","May rent 2024 for E Makove","1","each","10267474"
"4322","TD2404158","Item240415587","May rent 2024 for E Makove","1","each","10267474"
"4323","TD24041532","Item24041568","HIRE OF TRANSPORT","1","each","10266841"
"4324","TD24041512","Item240415695","May rent 2024 for E Makove","1","each","10267474"
"4325","TD24041531","Item240415329","May rent 2024 for E Makove","1","each","10267474"
"4326","TD24041587","Item240415483","May rent 2024 for E Makove","1","each","10267474"
"4327","TD24041581","Item240415565","May rent 2024 for E Makove","1","each","10267474"
"4328","TD24041520","Item240415639","May rent 2024 for E Makove","1","each","10267474"
"4329","TD24041575","Item240415731","May rent 2024 for E Makove","1","each","10267474"
"4330","TD24041567","Item24041597","May rent 2024 for E Makove","1","each","10267474"
"4331","TD24041561","Item240415576","May rent 2024 for E Makove","1","each","10267474"
"4332","TD24041553","Item240415324","May rent 2024 for E Makove","1","each","10267474"
"4333","TD24041510","Item240415438","May rent 2024 for E Makove","1","each","10267474"
"4334","TD24041529","Item240415592","May rent 2024 for E Makove","1","each","10267474"
"4335","TD2404156","Item240415670","hot chocolate 500g","48","each","10267473"
"4336","TD2404156","Item240415177","nestle everyday milk","48","each","10267473"
"4337","TD24041526","Item240415291","hot chocolate 500g","48","each","10267473"
"4338","TD24041526","Item240415482","nestle everyday milk","48","each","10267473"
"4339","TD24041580","Item240415153","hot chocolate 500g","48","each","10267473"
"4340","TD24041580","Item240415357","nestle everyday milk","48","each","10267473"
"4341","TD24041527","Item240415494","hot chocolate 500g","48","each","10267473"
"4342","TD24041527","Item240415515","nestle everyday milk","48","each","10267473"
"4343","TD24041582","Item240415706","hot chocolate 500g","48","each","10267473"
"4344","TD24041582","Item240415339","nestle everyday milk","48","each","10267473"
"4345","TD24041560","Item240415900","hot chocolate 500g","48","each","10267473"
"4346","TD24041560","Item24041542","nestle everyday milk","48","each","10267473"
"4347","TD24041568","Item240415941","hot chocolate 500g","48","each","10267473"
"4348","TD24041568","Item240415339","nestle everyday milk","48","each","10267473"
"4349","TD24041521","Item240415927","hot chocolate 500g","48","each","10267473"
"4350","TD24041521","Item240415742","nestle everyday milk","48","each","10267473"
"4351","TD2404154","Item240415460","hot chocolate 500g","48","each","10267473"
"4352","TD2404154","Item240415882","nestle everyday milk","48","each","10267473"
"4353","TD24041545","Item240415893","hot chocolate 500g","48","each","10267473"
"4354","TD24041545","Item240415467","nestle everyday milk","48","each","10267473"
"4355","TD24041525","Item240415306","hot chocolate 500g","48","each","10267473"
"4356","TD24041525","Item24041594","nestle everyday milk","48","each","10267473"
"4357","TD24041598","Item240415198","hot chocolate 500g","48","each","10267473"
"4358","TD24041598","Item240415525","nestle everyday milk","48","each","10267473"
"4359","TD24041539","Item240415703","hot chocolate 500g","48","each","10267473"
"4360","TD24041539","Item240415207","nestle everyday milk","48","each","10267473"
"4361","TD24041585","Item240415280","hot chocolate 500g","48","each","10267473"
"4362","TD24041585","Item240415749","nestle everyday milk","48","each","10267473"
"4363","TD24041597","Item240415740","hot chocolate 500g","48","each","10267473"
"4364","TD24041597","Item240415801","nestle everyday milk","48","each","10267473"
"4365","TD24041593","Item240415657","hot chocolate 500g","48","each","10267473"
"4366","TD24041593","Item240415364","nestle everyday milk","48","each","10267473"
"4367","TD2404151","Item24041584","hot chocolate 500g","48","each","10267473"
"4368","TD2404151","Item240415469","nestle everyday milk","48","each","10267473"
"4369","TD24041517","Item240415556","hot chocolate 500g","48","each","10267473"
"4370","TD24041517","Item240415265","nestle everyday milk","48","each","10267473"
"4371","TD24041590","Item240415272","hot chocolate 500g","48","each","10267473"
"4372","TD24041590","Item240415605","nestle everyday milk","48","each","10267473"
"4373","TD24041535","Item240415603","hot chocolate 500g","48","each","10267473"
"4374","TD24041535","Item240415412","nestle everyday milk","48","each","10267473"
"4375","TD24041559","Item240415837","hot chocolate 500g","48","each","10267473"
"4376","TD24041559","Item240415398","nestle everyday milk","48","each","10267473"
"4377","TD24041552","Item24041527","CASTLE","3","each","10267512"
"4378","TD2404155","Item240415809","TRANSPORT HIRE","1","each","10267218"
"4379","TD24041513","Item240415915","TRUCK HIRE","1","each","10267101"
"4380","TD24041554","Item240415258","WATERS DISPENSERS","3","each","10267186"
"4381","TD24041530","Item240415404","CLEAR VIEW ","1","each","10265941"
"4382","TD24041583","Item240415981","TRANSPORT HIRE","1","each","10266894"
"4383","TD24041516","Item240415814","Bottle of Water","2","each","RQ2111134"
"4384","TD24041562","Item240415950","Bottle of Water","2","each","RQ2111134"
"4385","TD24041524","Item240415801","Bottle of Water","12","each","RQ354234"
"4386","TD24041595","Item240415920","hot chocolate 500g","48","each","10267473"
"4387","TD24041595","Item240415865","nestle everyday milk","48","each","10267473"
"4388","TD24041542","Item240415497","RENT","1","each","10267344"
"4389","TD24041599","Item240415495","CLEARVIEW FENCE FOR SOUTHERTON DEPOT","1","each","10265942"
"4390","TD24041541","Item240415464","CONDUCTOR SCA 100MM2 NEW BARE/ DOG","3000","each","10257749"
"4391","TD24041577","Item240415714","STEEL CUTTING DISC 230","25","each","10267532"
"4392","TD24041577","Item240415444","STEEL CUTTING DISC115 ","60","each","10267532"
"4393","TD24041577","Item240415550","WELDING RODS","40","each","10267532"
"4394","TD24041577","Item240415128","RED OXIDE","15","each","10267532"
"4395","TD24041564","Item240415625","STEEL CUTTING DISC 230","25","each","10267532"
"4396","TD24041564","Item24041590","STEEL CUTTING DISC115 ","60","each","10267532"
"4397","TD24041564","Item240415661","WELDING RODS","40","each","10267532"
"4398","TD24041564","Item240415531","RED OXIDE","15","each","10267532"
"4399","TD24041514","Item24041537","STEEL CUTTING DISC 230","25","each","10267532"
"4400","TD24041514","Item240415649","STEEL CUTTING DISC115 ","60","each","10267532"
"4401","TD24041514","Item240415136","WELDING RODS","40","each","10267532"
"4402","TD24041514","Item240415692","RED OXIDE","15","each","10267532"
"4403","TD24041584","Item240415507","STEEL CUTTING DISC 230","25","each","10267532"
"4404","TD24041584","Item240415452","STEEL CUTTING DISC115 ","60","each","10267532"
"4405","TD24041584","Item240415244","WELDING RODS","40","each","10267532"
"4406","TD24041584","Item240415451","RED OXIDE","15","each","10267532"
"4407","TD24041571","Item24041581","STEEL CUTTING DISC 230","25","each","10267532"
"4408","TD24041571","Item240415451","STEEL CUTTING DISC115 ","60","each","10267532"
"4409","TD24041571","Item240415920","WELDING RODS","40","each","10267532"
"4410","TD24041571","Item240415293","RED OXIDE","15","each","10267532"
"4411","TD24041572","Item240415595","STEEL CUTTING DISC 230","25","each","10267532"
"4412","TD24041572","Item240415223","STEEL CUTTING DISC115 ","60","each","10267532"
"4413","TD24041572","Item240415922","WELDING RODS","40","each","10267532"
"4414","TD24041572","Item240415847","RED OXIDE","15","each","10267532"
"4415","TD24041589","Item240415410","QUARTER AND BOUJEE","49","each","10267641"
"4416","TD24041589","Item240415541","DRINKS","49","each","10267641"
"4417","TD24041589","Item240415994","LARGE POT","49","each","10267641"
"4418","TD24041547","Item24041518","QUARTER MEAL","100","each","10267541"
"4419","TD24041664","Item240416974","QUATER CHICKEN AND CHIPS","70","each","10267585"
"4420","TD24041664","Item240416310","MINUTE MAID","70","each","10267585"
"4421","TD24041615","Item240416229","LUNCHES","17","each","10267594"
"4422","TD24041631","Item240416420","SINGLE RACK","14","each","10267633"
"4423","TD24041631","Item240416488","6 WINGS","21","each","10267633"
"4424","TD24041631","Item240416510","1/4 MEAL","14","each","10267633"
"4425","TD24041631","Item240416325","GREEN SALAD","49","each","10267633"
"4426","TD24041631","Item240416214","DRINKS ","49","each","10267633"
"4427","TD24041689","Item240416304","MEDIUM PIZZA","49","each","10267636"
"4428","TD24041689","Item240416699","DRINKS","49","each","10267636"
"4429","TD24041618","Item240416127","CABLE 95MM X4C PVC/SAW","12","metres","10267484"
"4430","TD24041623","Item240416642","1/4 chicken & chips","60","each","10267632"
"4431","TD24041623","Item240416387","DRINKS","60","each","10267632"
"4432","TD24041692","Item24041652","RENT","1","each","10267353"
"4433","TD24041642","Item240416289","RENT","1","each","10267353"
"4434","TD24041687","Item24041623","RENT","1","each","10267353"
"4435","TD24041697","Item240416228","RENT","1","each","10267353"
"4436","TD24041629","Item240416835","RENT","1","each","10267353"
"4437","TD24041628","Item240416473","QUARTER AND HOTPOT","35","each","10267568"
"4438","TD24041628","Item240416742","DRINKS","35","each","10267568"
"4439","TD24041628","Item240416928","LIVERS AND ROLL","35","each","10267568"
"4440","TD24041628","Item240416101","WATER","35","each","10267568"
"4441","TD24041644","Item240416500","LECCO BASIN AND PEDESTAL  ECO 50CM","1","each","10266827"
"4442","TD24041644","Item240416106","LECCO URINARY FONT ENTRY","1","each","10266827"
"4443","TD24041644","Item240416520","BRI ANNICK MIXER ","1","each","10266827"
"4444","TD2404169","Item240416149","RENT","1","each","10267347"
"4445","TD24041670","Item240416725","RENT","1","each","10267347"
"4446","TD24041621","Item240416511","RENT","1","each","10267347"
"4447","TD24041653","Item240416489","RENT","1","each","10267347"
"4448","TD24041620","Item240416387","RENT","1","each","10267347"
"4449","TD2404164","Item240416955","RENT","1","each","10267347"
"4450","TD2404162","Item240416236","QUARTER AND BOUJEE","40","each","10267643"
"4451","TD2404162","Item240416510","DRINKS","40","each","10267643"
"4452","TD24041699","Item240416323","car hire","1","each","10267121"
"4453","TD24041636","Item240416413","car hire","1","each","10267121"
"4454","TD24041679","Item240416140","car hire","1","each","10267121"
"4455","TD2404166","Item240416803","car hire","1","each","10267121"
"4456","TD24041695","Item240416760","car hire","1","each","10267121"
"4457","TD24041671","Item240416648","car hire","1","each","10267121"
"4458","TD24041619","Item240416499","car hire","1","each","10267121"
"4459","TD24041657","Item240416884","car hire","1","each","10267121"
"4460","TD24041626","Item240416367","car hire","1","each","10267121"
"4461","TD24041694","Item240416413","RENT","1","each","10267346"
"4462","TD24041677","Item24041620","car hire","1","each","10267121"
"4463","TD24041663","Item240416171","car hire","1","each","10267121"
"4464","TD24041681","Item240416701","car hire","1","each","10267121"
"4465","TD24041656","Item240416987","car hire","1","each","10267121"
"4466","TD24041696","Item240416644","car hire","1","each","10267121"
"4467","TD24041673","Item240416932","car hire","1","each","10267121"
"4468","TD24041661","Item240416521","car hire","1","each","10267121"
"4469","TD24041669","Item240416467","car hire","1","each","10267121"
"4470","TD24041613","Item240416993","car hire","1","each","10267121"
"4471","TD24041660","Item24041626","car hire","1","each","10267121"
"4472","TD24041614","Item240416617","car hire","1","each","10267121"
"4473","TD24041662","Item240416600","car hire","1","each","10267121"
"4474","TD24041690","Item240416356","car hire","1","each","10267121"
"4475","TD24041682","Item240416727","car hire","1","each","10267121"
"4476","TD24041674","Item240416897","car hire","1","each","10267121"
"4477","TD24041622","Item240416567","RENT","1","each","102673646"
"4478","TD24041698","Item240416390","RENT","1","each","10267345"
"4479","TD2404167","Item240416154","TRANSPORT HIRE","1","each","10266886"
"4480","TD24041650","Item240416282","TRANSPORT HIRE","1","each","10266886"
"4481","TD24041686","Item240416326","TRANSPORT HIRE","1","each","10266886"
"4482","TD24041632","Item240416633","TRANSPORT HIRE","1","each","10266886"
"4483","TD24041652","Item240416882","TRANSPORT HIRE","1","each","10266886"
"4484","TD24041634","Item240416975","TRANSPORT HIRE","1","each","10266886"
"4485","TD24041688","Item240416954","TRANSPORT HIRE","1","each","10265664"
"4486","TD24041685","Item240416846","TRANSPORT HIRE","1","each","10265567"
"4487","TD24041666","Item240416391","DELTA DRINKS","10","each","10267602"
"4488","TD24041666","Item240416962","1/4 chicken & chips & salad","10","each","10267602"
"4489","TD24041625","Item2404163","STEEL CUTTING DISC 230","25","each","10267532"
"4490","TD24041611","Item240416321","PLATTERS","1","each","10267683"
"4491","TD24041641","Item240416709","car hire","1","each","10267121"
"4492","TD24041616","Item240416542","pre-retirement seminar","1","each","10266463"
"4493","TD24041635","Item240416247","pre-retirement seminar","1","each","10266463"
"4494","TD24041675","Item240416443","pre-retirement seminar","1","each","10266463"
"4495","TD24041659","Item240416917","car hire","1","each","10265647"
"4496","TD24041655","Item240416730","car hire","1","each","10265647"
"4497","TD24041624","Item240416379","car hire","1","each","10265647"
"4498","TD24041798","Item240417572","car hire","1","each","10265647"
"4499","TD2404171","Item240417204","car hire","1","each","10267130"
"4500","TD24041777","Item240417579","car hire","1","each","10267130"
"4501","TD24041790","Item240417395","car hire","1","each","10267130"
"4502","TD24041769","Item240417761","car hire","1","each","10267130"
"4503","TD2404178","Item240417970","car hire","1","each","10267130"
"4504","TD24041735","Item240417873","car hire","1","each","10267130"
"4505","TD24041757","Item240417131","car hire","1","each","10267130"
"4506","TD24041746","Item240417632","car hire","1","each","10265279"
"4507","TD24041728","Item240417890","REPAIR OF GENERATOR","1","each","10267449"
"4508","TD24041715","Item240417803","Bandit strapping roll 19mm","3","each","10265139"
"4509","TD24041715","Item240417130","Bandit buckle box 3/4","3","each","10265139"
"4510","TD24041737","Item240417882","2 PIECER","22","each","10267697"
"4511","TD24041737","Item240417319","CHICKEN BURGER","7","each","10267697"
"4512","TD24041737","Item240417722","MINUTE MAID","29","each","10267697"
"4513","TD24041737","Item240417318","MINERAL WATER","58","each","10267697"
"4514","TD24041765","Item240417267","QUARTER & STRIPS & RICE","7","each","10267713"
"4515","TD24041765","Item24041786","PET DRINKS","7","each","10267713"
"4516","TD24041765","Item240417111","BURGERS","7","each","10267713"
"4517","TD24041765","Item240417578","MINERAL WATER","14","each","10267713"
"4518","TD24041719","Item240417440","2 PIECER","10","each","10267742"
"4519","TD24041719","Item24041711","MINUTE MAID","10","each","10267742"
"4520","TD24041719","Item240417314","MINERAL WATER","10","each","10267742"
"4521","TD24041797","Item240417996","QUATER CHICKEN AND CHIPS","12","each","10267665"
"4522","TD24041797","Item240417830","DELTA PET","12","each","10267665"
"4523","TD24041727","Item240417771","TRENCHING","1","each","10267411"
"4524","TD24041792","Item240417306","POLE WASHER","1000","each","10267464"
"4525","TD24041779","Item240417152","car hire","1","each","10265642"
"4526","TD24041794","Item240417572","SKY BLUE WORKSUIT SIZE 48","65","each","10264218"
"4527","TD24041794","Item240417661","SKY BLUE WORKSUIT SIZE 50","20","each","10264218"
"4528","TD24041794","Item240417550","SKY BLUE WORKSUIT SIZE 52","15","each","10264218"
"4529","TD24041794","Item240417749","SKYBLUE WORKSUIT SIZE 54","10","each","10264218"
"4530","TD24041776","Item24041739","redmi power bank","10","each","10266450"
"4531","TD24041759","Item240417405","redmi power bank","10","each","10266450"
"4532","TD24041714","Item240417869","redmi power bank","10","each","10266450"
"4533","TD24041710","Item240417382","redmi power bank","10","each","10266450"
"4534","TD24041742","Item240417457","redmi power bank","10","each","10266450"
"4535","TD24041990","Item240419318","CABLE","70","each","10267298"
"4536","TD24041984","Item240419979","DELTA PET","120","each","10267739"
"4537","TD24041984","Item240419695","QUATER CHICKEN, CHIPS & GARDEN SALAD","60","each","10267739"
"4538","TD24041984","Item240419328","BAFANA RICE","60","each","10267739"
"4539","TD24041932","Item240419788","500ml PET assorted flavours","42","each","10267563"
"4540","TD24041954","Item240419832","500ml Castle","3","each","10267567"
"4541","TD24041954","Item240419652","330 ml Carling Black Label","3","each","10267567"
"4542","TD24041954","Item240419171","330 ml C. lite","2","each","10267567"
"4543","TD24041954","Item240419587","330 ml Pilsener","2","each","10267567"
"4544","TD24041954","Item240419783","330 ml Zambezi","2","each","10267567"
"4545","TD24041919","Item240419363","SWIVEL CHAIR","1","each","10265762"
"4546","TD24041996","Item240419233","HP 26A Tonner Catridges","3","each","10259432"
"4547","TD2404197","Item240419851","SAMSUNG GALAXY A03 CORE","1","each","10265670"
"4548","TD24041973","Item24041914","RTU 560 FOR 33/11KV STATE HOUSE S/S","1","each","R10250912"
"4549","TD24041922","Item240419979","RTU 560 FOR 33/11KV STATE HOUSE S/S","1","each","R10250955"
"4550","TD24041999","Item240419599","RTU 560 FOR 33/11KV SELOUS S/S","1","each","R10250820"
"4551","TD24041976","Item24041974","POLE WASHER","1000","each","10267464"
"4552","TD24041966","Item240419907","TRENCHING","1","each","10267411"
"4553","TD24041937","Item240419122","ACCOMMODATION FOR ZITF","1","each","10267710"
"4554","TD24041985","Item240419356","SKY BLUE WORKSUIT SIZE 48","65","each","10264218"
"4555","TD24041985","Item240419823","SKY BLUE WORKSUIT SIZE 50","20","each","10264218"
"4556","TD24041985","Item240419757","SKY BLUE WORKSUIT SIZE 52","15","each","10264218"
"4557","TD24041985","Item240419526","SKYBLUE WORKSUIT SIZE 54","10","each","10264218"
"4558","TD24041942","Item240419522","ALUMINIUM WORKS RUWA DEPOT","1","each","10267006"
"4559","TD24041938","Item240419696","ALUMINIUM WORKS RUWA DEPOT","1","each","10267006"
"4560","TD24041979","Item240419961","RJ11 BOXES","10","each","10266868"
"4561","TD24041979","Item240419783","PVC TRUNKING 16X16","14","each","10266868"
"4562","TD24041979","Item240419803","GLUE GUN GG148","1","each","10266868"
"4563","TD24041979","Item240419604","TRUNKING GLUE","1","each","10266868"
"4564","TD24041979","Item240419386","CABLE TIES MEDIUM SIZE","5","each","10266868"
"4565","TD24041979","Item240419845","ROLLS TELEPHONE CABLE","4","each","10266868"
"4566","TD24041979","Item240419228","PKT FISHER PLUG 6MM","1","each","10266868"
"4567","TD24041979","Item240419678","MASONARY DRILL BIT 6MM","1","each","10266868"
"4568","TD24041979","Item240419268","BOX WOOD SCREW","1","each","10266868"
"4569","TD24041979","Item240419885","HACKSAW BLADES ","1","each","10266868"
"4570","TD24041979","Item24041986","DRILLING MACHINE","1","each","10266868"
"4571","TD24041981","Item240419791","WATER PUMP","1","each","10267815"
"4572","TD24041991","Item240419497","J-KIT 120-185MM2 XLPE","4","each","10267698"
"4573","TD24041991","Item240419498","J-KIT 50-95MM2 11KV PILC ","4","each","10267698"
"4574","TD24041972","Item240419536","SWITCH CISCO CBS350 24 PORT","1","each","10267835"
"4575","TD24042252","Item240422817","chicken and chips","5","each","10267700"
"4576","TD24042252","Item240422645","delta pet","5","each","10267700"
"4577","TD24042252","Item240422438","chicken and chips ","6","each","10267700"
"4578","TD24042252","Item240422681","delta pet","6","each","10267700"
"4579","TD24042252","Item240422932","chicken and chips","4","each","10267700"
"4580","TD24042252","Item240422625","delta pet","4","each","10267700"
"4581","TD24042252","Item240422738","chicken and chips","10","each","10267700"
"4582","TD24042252","Item240422935","delta pet","10","each","10267700"
"4583","TD24042241","Item240422433","SUPPLY OF INSTALLATION  OF INTERCOM MATERIAL","1","each","10267265"
"4584","TD24042279","Item240422506","chicken and chips","26","each","10267702"
"4585","TD24042279","Item240422966","delta pet","26","each","10267702"
"4586","TD24042279","Item240422382","chicken and chips ","8","each","10267702"
"4587","TD24042279","Item240422406","delta pet","8","each","10267702"
"4588","TD24042278","Item240422458","BOREHOLE SITING","2","each","102607070"
"4589","TD24042248","Item240422969","quarter meal","40","each","10267733"
"4590","TD24042248","Item240422585","drink","40","each","10267733"
"4591","TD24042291","Item240422431","WATER","120","each","10267792"
"4592","TD24042291","Item240422904","BALLY HOUSE","4","each","10267792"
"4593","TD24042291","Item240422338","SWEETS","8","each","10267792"
"4594","TD24042291","Item240422248","DELTA DRINKS","60","each","10267792"
"4595","TD24042291","Item240422715","CHICKEN BREAST ","2","each","10267792"
"4596","TD24042291","Item240422872","MAYONNAISE ","4","each","10267792"
"4597","TD24042291","Item240422276","BACON","1","each","10267792"
"4598","TD24042237","Item240422612","chicken and chips and salad","23","each","10267720"
"4599","TD24042237","Item240422866","delta pet","23","each","10267720"
"4600","TD24042288","Item240422722","vehicle service","1","each","10267734"
"4601","TD24042247","Item240422212","PLATINUM","1","each","10267417"
"4602","TD24042272","Item240422864","PLATINUM","1","each","10267417"
"4603","TD24042270","Item240422537","PLATINUM","1","each","10267417"
"4604","TD24042212","Item240422312","PLATINUM","1","each","10267417"
"4605","TD24042226","Item240422560","PLATINUM","1","each","10267417"
"4606","TD2404223","Item240422963","Crane repairs","1","each","10267724"
"4607","TD24042255","Item240422712","PLATINUM","1","each","10267417"
"4608","TD24042268","Item240422977","PLATINUM","1","each","10267417"
"4609","TD2404228","Item240422974","PLATINUM","1","each","10267417"
"4610","TD24042293","Item240422781","PLATINUM","1","each","10267417"
"4611","TD24042271","Item240422980","PLATINUM","1","each","10267417"
"4612","TD24042216","Item240422363","PLATINUM","1","each","10267417"
"4613","TD24042264","Item24042264","PLATINUM","1","each","10267417"
"4614","TD24042259","Item240422334","Crane repairs","1","each","10267724"
"4615","TD24042213","Item240422346","WATER ","120","each","10267792"
"4616","TD24042213","Item240422221","BALLY HOUSE","4","each","10267792"
"4617","TD24042213","Item24042219","SWEETS","8","each","10267792"
"4618","TD24042213","Item240422850","PET DRINKS","60","each","10267792"
"4619","TD24042213","Item240422676","CHICKEN BREAST ","2","each","10267792"
"4620","TD24042213","Item240422207","MAYONNAISE ","4","each","10267792"
"4621","TD24042213","Item240422401","BACON","1","each","10267792"
"4622","TD24042213","Item2404227","COOKING OIL","2","each","10267792"
"4623","TD24042213","Item240422787","CHEESE ","4","each","10267792"
"4624","TD24042213","Item240422629","LETTUCE","3","each","10267792"
"4625","TD24042213","Item240422794","ONIONS","3","each","10267792"
"4626","TD24042213","Item24042286","TOMATOES","5","each","10267792"
"4627","TD24042213","Item240422448","BREAD","12","each","10267792"
"4628","TD24042213","Item240422678","ENGLISH CUCUMBER","4","each","10267792"
"4629","TD24042213","Item240422485","TOMATO SAUCE","1","each","10267792"
"4630","TD24042213","Item240422560","BBQ SAUCE","1","each","10267792"
"4631","TD24042213","Item240422344","FRUIT CHUTNEY SAUCE","1","each","10267792"
"4632","TD24042213","Item240422947","SWEET CHILLI","1","each","10267792"
"4633","TD24042213","Item240422748","SAMOSA 12s","10","each","10267792"
"4634","TD24042213","Item240422983","PROTON ROLLS","30","each","10267792"
"4635","TD24042213","Item240422421","BURGER PATTIES","30","each","10267792"
"4636","TD24042213","Item240422375","RICE","2","each","10267792"
"4637","TD24042213","Item240422512","MEALIE MEAL","1","each","10267792"
"4638","TD24042213","Item240422445","POTATOES","1","each","10267792"
"4639","TD24042213","Item240422663","BUTTERNUT","6","each","10267792"
"4640","TD24042213","Item240422396","BEEF","14","each","10267792"
"4641","TD24042213","Item240422401","CHICKEN","14","each","10267792"
"4642","TD24042213","Item240422220","CABBAGE","2","each","10267792"
"4643","TD24042213","Item240422473","GREEN BEANS","4","each","10267792"
"4644","TD24042213","Item240422628","CARROTS","4","each","10267792"
"4645","TD24042213","Item24042269","COUNTRY KITCHEN SPICE","3","each","10267792"
"4646","TD24042213","Item240422318","KARINGA","3","each","10267792"
"4647","TD24042213","Item240422447","PEPPERS","3","each","10267792"
"4648","TD24042213","Item240422495","BROCOLLI","1","each","10267792"
"4649","TD24042213","Item240422539","CAULIFLOWER","1","each","10267792"
"4650","TD24042213","Item240422976","BABY MARROW","1","each","10267792"
"4651","TD24042213","Item240422512","BEETROOT","1","each","10267792"
"4652","TD24042213","Item240422898","BREAM FISH","5","each","10267792"
"4653","TD24042223","Item240422847","PLATINUM","1","each","10267417"
"4654","TD24042234","Item240422683","5mm Full perspex illuminated light box ","5","each","10266840"
"4655","TD24042273","Item240422900","ALUMINIUM EXTENSION LADDERS 26 ft","10","each","10265549"
"4656","TD24042242","Item240422137","oraimo power banks","10","each","10266450"
"4657","TD24042240","Item240422479","oraimo power banks","10","each","10266450"
"4658","TD24042285","Item240422730","oraimo power banks","10","each","10266450"
"4659","TD24042276","Item240422127","oraimo power banks","10","each","10266450"
"4660","TD24042265","Item24042221","oraimo power banks","10","each","10266450"
"4661","TD24042251","Item240422645","oraimo power banks","10","each","10266450"
"4662","TD24042236","Item24042255","Crane  repairs","1","each","10267731"
"4663","TD24042249","Item240422116"," Service,replace injectors,clutch o/haul","1","each","10267065"
"4664","TD24042261","Item240422979","vehicle service","1","each","10257735"
"4665","TD2404227","Item240422639","vehicle service","1","each","10257735"
"4666","TD24042244","Item240422187","CHICKEN","3","each","10267797"
"4667","TD24042244","Item240422236","BEEF","3","each","10267797"
"4668","TD24042244","Item240422838","RICE","2","each","10267797"
"4669","TD24042244","Item240422871","COOKING OIL","1","each","10267797"
"4670","TD24042244","Item240422907","SAMOOSA","2","each","10267797"
"4671","TD24042244","Item240422754","BREAD","2","each","10267797"
"4672","TD24042244","Item240422644","POTATOES","5","each","10267797"
"4673","TD24042244","Item240422535","BUTTERNUTS ","2","each","10267797"
"4674","TD24042244","Item240422468","MEALIE MEAL","1","each","10267797"
"4675","TD24042244","Item240422927","MAYONNAISE","1","each","10267797"
"4676","TD24042244","Item24042290","TOMATOES","1","each","10267797"
"4677","TD24042244","Item240422404","ONIONS","1","each","10267797"
"4678","TD24042244","Item240422965","EGG DOZEN","1","each","10267797"
"4679","TD24042244","Item240422331","CARROTS","1","each","10267797"
"4680","TD24042244","Item240422292","GREEN BEANS","1","each","10267797"
"4681","TD24042244","Item240422342","KARINGA","1","each","10267797"
"4682","TD24042244","Item240422842","CABBAGE","1","each","10267797"
"4683","TD24042244","Item240422485","CHICKEN BREAST","1","each","10267797"
"4684","TD24042244","Item240422860","DELTA PET","15","each","10267797"
"4685","TD24042244","Item240422348","CHICKEN SPICE","3","each","10267797"
"4686","TD24042244","Item240422610","WATER","24","each","10267797"
"4687","TD24042244","Item240422622","PEPPER ROBOT","1","each","10267797"
"4688","TD24042214","Item240422791","CHICKEN","3","each","10267797"
"4689","TD24042214","Item24042286","BEEF","3","each","10267797"
"4690","TD24042214","Item240422720","RICE","2","each","10267797"
"4691","TD24042214","Item240422767","COOKING OIL","1","each","10267797"
"4692","TD24042214","Item240422145","SAMOOSA","2","each","10267797"
"4693","TD24042214","Item240422903","BREAD","2","each","10267797"
"4694","TD24042214","Item240422276","POTATOES","5","each","10267797"
"4695","TD24042214","Item240422231","BUTTERNUTS ","2","each","10267797"
"4696","TD24042214","Item240422631","MEALIE MEAL","1","each","10267797"
"4697","TD24042214","Item240422747","MAYONNAISE","1","each","10267797"
"4698","TD24042214","Item240422835","TOMATOES","1","each","10267797"
"4699","TD24042214","Item240422740","ONIONS","1","each","10267797"
"4700","TD24042214","Item240422857","EGG DOZEN","1","each","10267797"
"4701","TD24042214","Item240422464","CARROTS","1","each","10267797"
"4702","TD24042214","Item240422932","GREEN BEANS","1","each","10267797"
"4703","TD24042214","Item240422847","KARINGA","1","each","10267797"
"4704","TD24042214","Item240422352","CABBAGE","1","each","10267797"
"4705","TD24042214","Item240422846","CHICKEN BREAST","1","each","10267797"
"4706","TD24042214","Item240422174","DELTA PET","15","each","10267797"
"4707","TD24042214","Item240422936","CHICKEN SPICE","3","each","10267797"
"4708","TD24042214","Item240422137","WATER","24","each","10267797"
"4709","TD24042214","Item240422519","PEPPER ROBOT","1","each","10267797"
"4710","TD2404224","Item240422458","CHICKEN","3","each","10267797"
"4711","TD2404224","Item240422855","BEEF","3","each","10267797"
"4712","TD2404224","Item240422904","RICE","2","each","10267797"
"4713","TD2404224","Item240422605","COOKING OIL","1","each","10267797"
"4714","TD2404224","Item240422450","SAMOOSA","2","each","10267797"
"4715","TD2404224","Item240422745","BREAD","2","each","10267797"
"4716","TD2404224","Item240422868","POTATOES","5","each","10267797"
"4717","TD2404224","Item240422566","BUTTERNUTS ","2","each","10267797"
"4718","TD2404224","Item240422769","MEALIE MEAL","1","each","10267797"
"4719","TD2404224","Item24042297","MAYONNAISE","1","each","10267797"
"4720","TD2404224","Item240422581","TOMATOES","1","each","10267797"
"4721","TD2404224","Item240422490","ONIONS","1","each","10267797"
"4722","TD2404224","Item240422701","EGG DOZEN","1","each","10267797"
"4723","TD2404224","Item240422479","CARROTS","1","each","10267797"
"4724","TD2404224","Item240422275","GREEN BEANS","1","each","10267797"
"4725","TD2404224","Item240422966","KARINGA","1","each","10267797"
"4726","TD2404224","Item240422395","CABBAGE","1","each","10267797"
"4727","TD2404224","Item240422127","CHICKEN BREAST","1","each","10267797"
"4728","TD2404224","Item240422451","DELTA PET","15","each","10267797"
"4729","TD2404224","Item240422663","CHICKEN SPICE","3","each","10267797"
"4730","TD2404224","Item240422204","WATER","24","each","10267797"
"4731","TD2404224","Item240422304","PEPPER ROBOT","1","each","10267797"
"4732","TD24042245","Item240422985","CHICKEN","3","each","10267797"
"4733","TD24042245","Item240422394","BEEF","3","each","10267797"
"4734","TD24042245","Item240422420","RICE","2","each","10267797"
"4735","TD24042245","Item240422807","COOKING OIL","1","each","10267797"
"4736","TD24042245","Item240422254","SAMOOSA","2","each","10267797"
"4737","TD24042245","Item240422910","BREAD","2","each","10267797"
"4738","TD24042245","Item240422592","POTATOES","5","each","10267797"
"4739","TD24042245","Item24042266","BUTTERNUTS ","2","each","10267797"
"4740","TD24042245","Item240422334","MEALIE MEAL","1","each","10267797"
"4741","TD24042245","Item24042276","MAYONNAISE","1","each","10267797"
"4742","TD24042245","Item240422785","TOMATOES","1","each","10267797"
"4743","TD24042245","Item240422267","ONIONS","1","each","10267797"
"4744","TD24042245","Item24042288","EGG DOZEN","1","each","10267797"
"4745","TD24042245","Item240422863","CARROTS","1","each","10267797"
"4746","TD24042245","Item240422361","GREEN BEANS","1","each","10267797"
"4747","TD24042245","Item240422133","KARINGA","1","each","10267797"
"4748","TD24042245","Item240422349","CABBAGE","1","each","10267797"
"4749","TD24042245","Item240422689","CHICKEN BREAST","1","each","10267797"
"4750","TD24042245","Item240422403","DELTA PET","15","each","10267797"
"4751","TD24042245","Item240422110","CHICKEN SPICE","3","each","10267797"
"4752","TD24042245","Item24042235","WATER","24","each","10267797"
"4753","TD24042245","Item240422797","PEPPER ROBOT","1","each","10267797"
"4754","TD24042239","Item240422282","CHICKEN","3","each","10267797"
"4755","TD24042239","Item240422346","BEEF","3","each","10267797"
"4756","TD24042239","Item240422342","RICE","2","each","10267797"
"4757","TD24042239","Item240422435","COOKING OIL","1","each","10267797"
"4758","TD24042239","Item240422209","SAMOOSA","2","each","10267797"
"4759","TD24042239","Item240422314","BREAD","2","each","10267797"
"4760","TD24042239","Item240422792","POTATOES","5","each","10267797"
"4761","TD24042239","Item240422504","BUTTERNUTS ","2","each","10267797"
"4762","TD24042239","Item240422147","MEALIE MEAL","1","each","10267797"
"4763","TD24042239","Item240422808","MAYONNAISE","1","each","10267797"
"4764","TD24042239","Item240422764","TOMATOES","1","each","10267797"
"4765","TD24042239","Item24042250","ONIONS","1","each","10267797"
"4766","TD24042239","Item240422372","EGG DOZEN","1","each","10267797"
"4767","TD24042239","Item240422349","CARROTS","1","each","10267797"
"4768","TD24042239","Item24042295","GREEN BEANS","1","each","10267797"
"4769","TD24042239","Item240422682","KARINGA","1","each","10267797"
"4770","TD24042239","Item240422309","CABBAGE","1","each","10267797"
"4771","TD24042239","Item240422284","CHICKEN BREAST","1","each","10267797"
"4772","TD24042239","Item24042229","DELTA PET","15","each","10267797"
"4773","TD24042239","Item240422252","CHICKEN SPICE","3","each","10267797"
"4774","TD24042239","Item240422257","WATER","24","each","10267797"
"4775","TD24042239","Item240422447","PEPPER ROBOT","1","each","10267797"
"4776","TD24042235","Item240422542","CHICKEN","3","each","10267797"
"4777","TD24042235","Item240422313","BEEF","3","each","10267797"
"4778","TD24042235","Item240422264","RICE","2","each","10267797"
"4779","TD24042235","Item240422891","COOKING OIL","1","each","10267797"
"4780","TD24042235","Item240422112","SAMOOSA","2","each","10267797"
"4781","TD24042235","Item240422581","BREAD","2","each","10267797"
"4782","TD24042235","Item240422101","POTATOES","5","each","10267797"
"4783","TD24042235","Item240422611","BUTTERNUTS ","2","each","10267797"
"4784","TD24042235","Item240422605","MEALIE MEAL","1","each","10267797"
"4785","TD24042235","Item24042298","MAYONNAISE","1","each","10267797"
"4786","TD24042235","Item240422133","TOMATOES","1","each","10267797"
"4787","TD24042235","Item240422638","ONIONS","1","each","10267797"
"4788","TD24042235","Item240422258","EGG DOZEN","1","each","10267797"
"4789","TD24042235","Item240422863","CARROTS","1","each","10267797"
"4790","TD24042235","Item240422839","GREEN BEANS","1","each","10267797"
"4791","TD24042235","Item2404229","KARINGA","1","each","10267797"
"4792","TD24042235","Item240422346","CABBAGE","1","each","10267797"
"4793","TD24042235","Item240422135","CHICKEN BREAST","1","each","10267797"
"4794","TD24042235","Item240422100","DELTA PET","15","each","10267797"
"4795","TD24042235","Item240422958","CHICKEN SPICE","3","each","10267797"
"4796","TD24042235","Item240422758","WATER","24","each","10267797"
"4797","TD24042235","Item240422916","PEPPER ROBOT","1","each","10267797"
"4798","TD24042233","Item240422868","CHICKEN","3","each","10267797"
"4799","TD24042233","Item240422136","BEEF","3","each","10267797"
"4800","TD24042233","Item240422814","RICE","2","each","10267797"
"4801","TD24042233","Item240422204","COOKING OIL","1","each","10267797"
"4802","TD24042233","Item240422670","SAMOOSA","2","each","10267797"
"4803","TD24042233","Item240422316","BREAD","2","each","10267797"
"4804","TD24042233","Item240422343","POTATOES","5","each","10267797"
"4805","TD24042233","Item24042274","BUTTERNUTS ","2","each","10267797"
"4806","TD24042233","Item240422973","MEALIE MEAL","1","each","10267797"
"4807","TD24042233","Item240422151","MAYONNAISE","1","each","10267797"
"4808","TD24042233","Item240422281","TOMATOES","1","each","10267797"
"4809","TD24042233","Item240422713","ONIONS","1","each","10267797"
"4810","TD24042233","Item240422672","EGG DOZEN","1","each","10267797"
"4811","TD24042233","Item240422139","CARROTS","1","each","10267797"
"4812","TD24042233","Item240422622","GREEN BEANS","1","each","10267797"
"4813","TD24042233","Item240422250","KARINGA","1","each","10267797"
"4814","TD24042233","Item240422958","CABBAGE","1","each","10267797"
"4815","TD24042233","Item240422101","CHICKEN BREAST","1","each","10267797"
"4816","TD24042233","Item240422758","DELTA PET","15","each","10267797"
"4817","TD24042233","Item240422197","CHICKEN SPICE","3","each","10267797"
"4818","TD24042233","Item240422442","WATER","24","each","10267797"
"4819","TD24042233","Item240422397","PEPPER ROBOT","1","each","10267797"
"4820","TD24042224","Item24042232","CHICKEN","3","each","10267797"
"4821","TD24042224","Item240422876","BEEF","3","each","10267797"
"4822","TD24042224","Item240422710","RICE","2","each","10267797"
"4823","TD24042224","Item240422395","COOKING OIL","1","each","10267797"
"4824","TD24042224","Item240422835","SAMOOSA","2","each","10267797"
"4825","TD24042224","Item240422904","BREAD","2","each","10267797"
"4826","TD24042224","Item24042243","POTATOES","5","each","10267797"
"4827","TD24042224","Item240422500","BUTTERNUTS ","2","each","10267797"
"4828","TD24042224","Item240422135","MEALIE MEAL","1","each","10267797"
"4829","TD24042224","Item240422756","MAYONNAISE","1","each","10267797"
"4830","TD24042224","Item240422494","TOMATOES","1","each","10267797"
"4831","TD24042224","Item240422164","ONIONS","1","each","10267797"
"4832","TD24042224","Item240422463","EGG DOZEN","1","each","10267797"
"4833","TD24042224","Item240422807","CARROTS","1","each","10267797"
"4834","TD24042224","Item240422306","GREEN BEANS","1","each","10267797"
"4835","TD24042224","Item240422776","KARINGA","1","each","10267797"
"4836","TD24042224","Item240422795","CABBAGE","1","each","10267797"
"4837","TD24042224","Item240422341","CHICKEN BREAST","1","each","10267797"
"4838","TD24042224","Item240422608","DELTA PET","15","each","10267797"
"4839","TD24042224","Item240422330","CHICKEN SPICE","3","each","10267797"
"4840","TD24042224","Item240422595","WATER","24","each","10267797"
"4841","TD24042224","Item24042213","PEPPER ROBOT","1","each","10267797"
"4842","TD24042267","Item240422461","CHICKEN","3","each","10267797"
"4843","TD24042267","Item24042285","BEEF","3","each","10267797"
"4844","TD24042267","Item240422834","RICE","2","each","10267797"
"4845","TD24042267","Item240422536","COOKING OIL","1","each","10267797"
"4846","TD24042267","Item240422356","SAMOOSA","2","each","10267797"
"4847","TD24042267","Item24042228","BREAD","2","each","10267797"
"4848","TD24042267","Item240422701","POTATOES","5","each","10267797"
"4849","TD24042267","Item240422282","BUTTERNUTS ","2","each","10267797"
"4850","TD24042267","Item240422623","MEALIE MEAL","1","each","10267797"
"4851","TD24042267","Item240422218","MAYONNAISE","1","each","10267797"
"4852","TD24042267","Item240422598","TOMATOES","1","each","10267797"
"4853","TD24042267","Item240422120","ONIONS","1","each","10267797"
"4854","TD24042267","Item240422192","EGG DOZEN","1","each","10267797"
"4855","TD24042267","Item240422956","CARROTS","1","each","10267797"
"4856","TD24042267","Item240422545","GREEN BEANS","1","each","10267797"
"4857","TD24042267","Item240422622","KARINGA","1","each","10267797"
"4858","TD24042267","Item240422867","CABBAGE","1","each","10267797"
"4859","TD24042267","Item240422762","CHICKEN BREAST","1","each","10267797"
"4860","TD24042267","Item240422998","DELTA PET","15","each","10267797"
"4861","TD24042267","Item240422161","CHICKEN SPICE","3","each","10267797"
"4862","TD24042267","Item240422972","WATER","24","each","10267797"
"4863","TD24042267","Item240422933","PEPPER ROBOT","1","each","10267797"
"4864","TD24042275","Item240422797","CHICKEN","3","each","10267797"
"4865","TD24042275","Item240422942","BEEF","3","each","10267797"
"4866","TD24042275","Item240422372","RICE","2","each","10267797"
"4867","TD24042275","Item240422750","COOKING OIL","1","each","10267797"
"4868","TD24042275","Item240422676","SAMOOSA","2","each","10267797"
"4869","TD24042275","Item240422771","BREAD","2","each","10267797"
"4870","TD24042275","Item240422371","POTATOES","5","each","10267797"
"4871","TD24042275","Item240422406","BUTTERNUTS ","2","each","10267797"
"4872","TD24042275","Item240422629","MEALIE MEAL","1","each","10267797"
"4873","TD24042275","Item24042291","MAYONNAISE","1","each","10267797"
"4874","TD24042275","Item240422393","TOMATOES","1","each","10267797"
"4875","TD24042275","Item240422571","ONIONS","1","each","10267797"
"4876","TD24042275","Item240422440","EGG DOZEN","1","each","10267797"
"4877","TD24042275","Item240422286","CARROTS","1","each","10267797"
"4878","TD24042275","Item240422309","GREEN BEANS","1","each","10267797"
"4879","TD24042275","Item240422441","KARINGA","1","each","10267797"
"4880","TD24042275","Item240422240","CABBAGE","1","each","10267797"
"4881","TD24042275","Item240422352","CHICKEN BREAST","1","each","10267797"
"4882","TD24042275","Item240422907","DELTA PET","15","each","10267797"
"4883","TD24042275","Item240422910","CHICKEN SPICE","3","each","10267797"
"4884","TD24042275","Item240422702","WATER","24","each","10267797"
"4885","TD24042275","Item240422711","PEPPER ROBOT","1","each","10267797"
"4886","TD24042250","Item240422948","CHICKEN","3","each","10267797"
"4887","TD24042250","Item24042246","BEEF","3","each","10267797"
"4888","TD24042250","Item240422963","RICE","2","each","10267797"
"4889","TD24042250","Item240422898","COOKING OIL","1","each","10267797"
"4890","TD24042250","Item240422348","SAMOOSA","2","each","10267797"
"4891","TD24042250","Item240422168","BREAD","2","each","10267797"
"4892","TD24042250","Item240422496","POTATOES","5","each","10267797"
"4893","TD24042250","Item240422949","BUTTERNUTS ","2","each","10267797"
"4894","TD24042250","Item240422922","MEALIE MEAL","1","each","10267797"
"4895","TD24042250","Item240422985","MAYONNAISE","1","each","10267797"
"4896","TD24042250","Item24042264","TOMATOES","1","each","10267797"
"4897","TD24042250","Item240422632","ONIONS","1","each","10267797"
"4898","TD24042250","Item240422470","EGG DOZEN","1","each","10267797"
"4899","TD24042250","Item24042261","CARROTS","1","each","10267797"
"4900","TD24042250","Item240422265","GREEN BEANS","1","each","10267797"
"4901","TD24042250","Item240422788","KARINGA","1","each","10267797"
"4902","TD24042250","Item240422621","CABBAGE","1","each","10267797"
"4903","TD24042250","Item240422552","CHICKEN BREAST","1","each","10267797"
"4904","TD24042250","Item240422512","DELTA PET","15","each","10267797"
"4905","TD24042250","Item24042219","CHICKEN SPICE","3","each","10267797"
"4906","TD24042250","Item240422217","WATER","24","each","10267797"
"4907","TD24042250","Item240422704","PEPPER ROBOT","1","each","10267797"
"4908","TD24042238","Item240422821","CHICKEN","3","each","10267797"
"4909","TD24042238","Item240422225","BEEF","3","each","10267797"
"4910","TD24042238","Item24042279","RICE","2","each","10267797"
"4911","TD24042238","Item24042297","COOKING OIL","1","each","10267797"
"4912","TD24042238","Item240422504","SAMOOSA","2","each","10267797"
"4913","TD24042238","Item240422726","BREAD","2","each","10267797"
"4914","TD24042238","Item24042252","POTATOES","5","each","10267797"
"4915","TD24042238","Item24042279","BUTTERNUTS ","2","each","10267797"
"4916","TD24042238","Item240422681","MEALIE MEAL","1","each","10267797"
"4917","TD24042238","Item240422476","MAYONNAISE","1","each","10267797"
"4918","TD24042238","Item240422714","TOMATOES","1","each","10267797"
"4919","TD24042238","Item240422894","ONIONS","1","each","10267797"
"4920","TD24042238","Item240422566","EGG DOZEN","1","each","10267797"
"4921","TD24042238","Item240422539","CARROTS","1","each","10267797"
"4922","TD24042238","Item240422990","GREEN BEANS","1","each","10267797"
"4923","TD24042238","Item240422416","KARINGA","1","each","10267797"
"4924","TD24042238","Item240422373","CABBAGE","1","each","10267797"
"4925","TD24042238","Item240422244","CHICKEN BREAST","1","each","10267797"
"4926","TD24042238","Item240422221","DELTA PET","15","each","10267797"
"4927","TD24042238","Item240422371","CHICKEN SPICE","3","each","10267797"
"4928","TD24042238","Item240422923","WATER","24","each","10267797"
"4929","TD24042238","Item240422843","PEPPER ROBOT","1","each","10267797"
"4930","TD24042283","Item240422756","CHICKEN","3","each","10267797"
"4931","TD24042283","Item240422132","BEEF","3","each","10267797"
"4932","TD24042283","Item240422437","RICE","2","each","10267797"
"4933","TD24042283","Item240422880","COOKING OIL","1","each","10267797"
"4934","TD24042283","Item240422765","SAMOOSA","2","each","10267797"
"4935","TD24042283","Item24042271","BREAD","2","each","10267797"
"4936","TD24042283","Item240422922","POTATOES","5","each","10267797"
"4937","TD24042283","Item240422804","BUTTERNUTS ","2","each","10267797"
"4938","TD24042283","Item240422414","MEALIE MEAL","1","each","10267797"
"4939","TD24042283","Item240422472","MAYONNAISE","1","each","10267797"
"4940","TD24042283","Item24042273","TOMATOES","1","each","10267797"
"4941","TD24042283","Item240422432","ONIONS","1","each","10267797"
"4942","TD24042283","Item240422711","EGG DOZEN","1","each","10267797"
"4943","TD24042283","Item240422848","CARROTS","1","each","10267797"
"4944","TD24042283","Item240422481","GREEN BEANS","1","each","10267797"
"4945","TD24042283","Item240422169","KARINGA","1","each","10267797"
"4946","TD24042283","Item240422955","CABBAGE","1","each","10267797"
"4947","TD24042283","Item24042253","CHICKEN BREAST","1","each","10267797"
"4948","TD24042283","Item240422916","DELTA PET","15","each","10267797"
"4949","TD24042283","Item240422912","CHICKEN SPICE","3","each","10267797"
"4950","TD24042263","Item240422870","CHICKEN","3","each","10267797"
"4951","TD24042263","Item240422343","BEEF","3","each","10267797"
"4952","TD24042263","Item240422598","RICE","2","each","10267797"
"4953","TD24042263","Item240422226","COOKING OIL","1","each","10267797"
"4954","TD24042263","Item240422231","SAMOOSA","2","each","10267797"
"4955","TD24042263","Item240422834","BREAD","2","each","10267797"
"4956","TD24042263","Item240422262","POTATOES","5","each","10267797"
"4957","TD24042263","Item240422589","BUTTERNUTS ","2","each","10267797"
"4958","TD24042263","Item240422797","MEALIE MEAL","1","each","10267797"
"4959","TD24042263","Item240422700","MAYONNAISE","1","each","10267797"
"4960","TD24042263","Item240422132","TOMATOES","1","each","10267797"
"4961","TD24042263","Item240422543","ONIONS","1","each","10267797"
"4962","TD24042263","Item24042294","EGG DOZEN","1","each","10267797"
"4963","TD24042263","Item240422714","CARROTS","1","each","10267797"
"4964","TD24042263","Item240422320","GREEN BEANS","1","each","10267797"
"4965","TD24042263","Item240422249","KARINGA","1","each","10267797"
"4966","TD24042263","Item240422957","CABBAGE","1","each","10267797"
"4967","TD24042263","Item240422597","CHICKEN BREAST","1","each","10267797"
"4968","TD24042263","Item240422107","DELTA PET","15","each","10267797"
"4969","TD24042263","Item240422545","CHICKEN SPICE","3","each","10267797"
"4970","TD24042263","Item240422283","WATER","24","each","10267797"
"4971","TD24042263","Item240422749","PEPPER ROBOT","1","each","10267797"
"4972","TD24042257","Item240422422","CHICKEN","3","each","10267797"
"4973","TD24042257","Item240422374","BEEF","3","each","10267797"
"4974","TD24042257","Item240422211","RICE","2","each","10267797"
"4975","TD24042257","Item240422184","COOKING OIL","1","each","10267797"
"4976","TD24042257","Item24042291","SAMOOSA","2","each","10267797"
"4977","TD24042257","Item240422983","BREAD","2","each","10267797"
"4978","TD24042257","Item240422444","POTATOES","5","each","10267797"
"4979","TD24042257","Item240422824","BUTTERNUTS ","2","each","10267797"
"4980","TD24042257","Item240422405","MEALIE MEAL","1","each","10267797"
"4981","TD24042257","Item24042298","MAYONNAISE","1","each","10267797"
"4982","TD24042257","Item240422819","TOMATOES","1","each","10267797"
"4983","TD24042257","Item240422188","ONIONS","1","each","10267797"
"4984","TD24042257","Item240422979","EGG DOZEN","1","each","10267797"
"4985","TD24042257","Item240422485","CARROTS","1","each","10267797"
"4986","TD24042257","Item240422529","GREEN BEANS","1","each","10267797"
"4987","TD24042257","Item240422370","KARINGA","1","each","10267797"
"4988","TD24042257","Item240422319","CABBAGE","1","each","10267797"
"4989","TD24042257","Item240422760","CHICKEN BREAST","1","each","10267797"
"4990","TD24042257","Item240422789","DELTA PET","15","each","10267797"
"4991","TD24042257","Item240422299","CHICKEN SPICE","3","each","10267797"
"4992","TD24042257","Item240422425","WATER","24","each","10267797"
"4993","TD24042257","Item240422457","PEPPER ROBOT","1","each","10267797"
"4994","TD24042297","Item2404222","CHICKEN","3","each","10267797"
"4995","TD24042297","Item240422836","BEEF","3","each","10267797"
"4996","TD24042297","Item240422406","RICE","2","each","10267797"
"4997","TD24042297","Item240422726","COOKING OIL","1","each","10267797"
"4998","TD24042297","Item240422267","SAMOOSA","2","each","10267797"
"4999","TD24042297","Item240422329","BREAD","2","each","10267797"
"5000","TD24042297","Item240422741","POTATOES","5","each","10267797"
"5001","TD24042297","Item240422635","BUTTERNUTS ","2","each","10267797"
"5002","TD24042297","Item240422436","MEALIE MEAL","1","each","10267797"
"5003","TD24042297","Item240422368","MAYONNAISE","1","each","10267797"
"5004","TD24042297","Item240422849","TOMATOES","1","each","10267797"
"5005","TD24042297","Item240422204","ONIONS","1","each","10267797"
"5006","TD24042297","Item240422823","EGG DOZEN","1","each","10267797"
"5007","TD24042297","Item240422347","CARROTS","1","each","10267797"
"5008","TD24042297","Item240422937","GREEN BEANS","1","each","10267797"
"5009","TD24042297","Item240422545","KARINGA","1","each","10267797"
"5010","TD24042297","Item24042224","CABBAGE","1","each","10267797"
"5011","TD24042297","Item240422661","CHICKEN BREAST","1","each","10267797"
"5012","TD24042297","Item240422276","DELTA PET","15","each","10267797"
"5013","TD24042297","Item24042250","CHICKEN SPICE","3","each","10267797"
"5014","TD24042297","Item240422108","WATER","24","each","10267797"
"5015","TD24042297","Item240422415","PEPPER ROBOT","1","each","10267797"
"5016","TD24042258","Item240422683","CHICKEN","3","each","10267797"
"5017","TD24042258","Item240422421","BEEF","3","each","10267797"
"5018","TD24042258","Item240422881","RICE","2","each","10267797"
"5019","TD24042258","Item240422884","COOKING OIL","1","each","10267797"
"5020","TD24042258","Item240422936","SAMOOSA","2","each","10267797"
"5021","TD24042258","Item240422961","BREAD","2","each","10267797"
"5022","TD24042258","Item240422704","POTATOES","5","each","10267797"
"5023","TD24042258","Item240422953","BUTTERNUTS ","2","each","10267797"
"5024","TD24042258","Item240422538","MEALIE MEAL","1","each","10267797"
"5025","TD24042258","Item24042239","MAYONNAISE","1","each","10267797"
"5026","TD24042258","Item240422322","TOMATOES","1","each","10267797"
"5027","TD24042258","Item240422724","ONIONS","1","each","10267797"
"5028","TD24042258","Item240422787","EGG DOZEN","1","each","10267797"
"5029","TD24042258","Item240422700","CARROTS","1","each","10267797"
"5030","TD24042258","Item240422767","GREEN BEANS","1","each","10267797"
"5031","TD24042258","Item240422771","KARINGA","1","each","10267797"
"5032","TD24042258","Item240422592","CABBAGE","1","each","10267797"
"5033","TD24042258","Item240422943","CHICKEN BREAST","1","each","10267797"
"5034","TD24042258","Item240422862","DELTA PET","15","each","10267797"
"5035","TD24042258","Item240422458","CHICKEN SPICE","3","each","10267797"
"5036","TD24042258","Item240422421","WATER","24","each","10267797"
"5037","TD24042258","Item240422651","PEPPER ROBOT","1","each","10267797"
"5038","TD24042215","Item240422618","CHICKEN","3","each","10267797"
"5039","TD24042215","Item240422336","BEEF","3","each","10267797"
"5040","TD24042215","Item240422355","RICE","2","each","10267797"
"5041","TD24042215","Item240422717","COOKING OIL","1","each","10267797"
"5042","TD24042215","Item240422580","SAMOOSA","2","each","10267797"
"5043","TD24042215","Item240422504","BREAD","2","each","10267797"
"5044","TD24042215","Item240422818","POTATOES","5","each","10267797"
"5045","TD24042215","Item240422306","BUTTERNUTS ","2","each","10267797"
"5046","TD24042215","Item240422223","MEALIE MEAL","1","each","10267797"
"5047","TD24042215","Item240422311","MAYONNAISE","1","each","10267797"
"5048","TD24042215","Item240422681","TOMATOES","1","each","10267797"
"5049","TD24042215","Item240422293","ONIONS","1","each","10267797"
"5050","TD24042215","Item240422445","EGG DOZEN","1","each","10267797"
"5051","TD24042215","Item240422850","CARROTS","1","each","10267797"
"5052","TD24042215","Item240422648","GREEN BEANS","1","each","10267797"
"5053","TD24042215","Item240422180","KARINGA","1","each","10267797"
"5054","TD24042215","Item240422499","CABBAGE","1","each","10267797"
"5055","TD24042215","Item240422674","CHICKEN BREAST","1","each","10267797"
"5056","TD24042215","Item240422144","DELTA PET","15","each","10267797"
"5057","TD24042215","Item240422324","CHICKEN SPICE","3","each","10267797"
"5058","TD24042215","Item240422726","WATER","24","each","10267797"
"5059","TD24042215","Item240422831","PEPPER ROBOT","1","each","10267797"
"5060","TD24042210","Item240422309","CHICKEN","3","each","10267797"
"5061","TD24042210","Item240422179","BEEF","3","each","10267797"
"5062","TD24042210","Item240422679","RICE","2","each","10267797"
"5063","TD24042210","Item240422768","COOKING OIL","1","each","10267797"
"5064","TD24042210","Item240422965","SAMOOSA","2","each","10267797"
"5065","TD24042210","Item240422813","BREAD","2","each","10267797"
"5066","TD24042210","Item240422606","POTATOES","5","each","10267797"
"5067","TD24042210","Item240422878","BUTTERNUTS ","2","each","10267797"
"5068","TD24042210","Item240422928","MEALIE MEAL","1","each","10267797"
"5069","TD24042210","Item240422138","MAYONNAISE","1","each","10267797"
"5070","TD24042210","Item240422108","TOMATOES","1","each","10267797"
"5071","TD24042210","Item240422584","ONIONS","1","each","10267797"
"5072","TD24042210","Item240422646","EGG DOZEN","1","each","10267797"
"5073","TD24042210","Item2404225","CARROTS","1","each","10267797"
"5074","TD24042210","Item24042277","GREEN BEANS","1","each","10267797"
"5075","TD24042210","Item240422777","KARINGA","1","each","10267797"
"5076","TD24042210","Item240422410","CABBAGE","1","each","10267797"
"5077","TD24042210","Item240422285","CHICKEN BREAST","1","each","10267797"
"5078","TD24042210","Item240422223","DELTA PET","15","each","10267797"
"5079","TD24042210","Item24042246","CHICKEN SPICE","3","each","10267797"
"5080","TD24042210","Item240422942","WATER","24","each","10267797"
"5081","TD24042210","Item240422124","PEPPER ROBOT","1","each","10267797"
"5082","TD24042231","Item240422603","CHICKEN","3","each","10267797"
"5083","TD24042231","Item240422844","BEEF","3","each","10267797"
"5084","TD24042231","Item240422401","RICE","2","each","10267797"
"5085","TD24042231","Item240422222","COOKING OIL","1","each","10267797"
"5086","TD24042231","Item240422688","SAMOOSA","2","each","10267797"
"5087","TD24042231","Item240422221","BREAD","2","each","10267797"
"5088","TD24042231","Item240422870","POTATOES","5","each","10267797"
"5089","TD24042231","Item240422499","BUTTERNUTS ","2","each","10267797"
"5090","TD24042231","Item240422364","MEALIE MEAL","1","each","10267797"
"5091","TD24042231","Item240422260","MAYONNAISE","1","each","10267797"
"5092","TD24042231","Item240422454","TOMATOES","1","each","10267797"
"5093","TD24042231","Item240422746","ONIONS","1","each","10267797"
"5094","TD24042231","Item240422111","EGG DOZEN","1","each","10267797"
"5095","TD24042231","Item240422412","CARROTS","1","each","10267797"
"5096","TD24042231","Item240422869","GREEN BEANS","1","each","10267797"
"5097","TD24042231","Item24042280","KARINGA","1","each","10267797"
"5098","TD24042231","Item240422241","CABBAGE","1","each","10267797"
"5099","TD24042231","Item240422179","CHICKEN BREAST","1","each","10267797"
"5100","TD24042231","Item240422181","DELTA PET","15","each","10267797"
"5101","TD24042231","Item240422278","CHICKEN SPICE","3","each","10267797"
"5102","TD24042231","Item240422865","WATER","24","each","10267797"
"5103","TD24042231","Item240422979","PEPPER ROBOT","1","each","10267797"
"5104","TD24042296","Item240422495","CHICKEN","3","each","10267797"
"5105","TD24042296","Item240422560","BEEF","3","each","10267797"
"5106","TD24042296","Item240422583","RICE","2","each","10267797"
"5107","TD24042296","Item240422993","COOKING OIL","1","each","10267797"
"5108","TD24042296","Item240422765","SAMOOSA","2","each","10267797"
"5109","TD24042296","Item240422456","BREAD","2","each","10267797"
"5110","TD24042296","Item240422648","POTATOES","5","each","10267797"
"5111","TD24042296","Item240422902","BUTTERNUTS ","2","each","10267797"
"5112","TD24042296","Item240422459","MEALIE MEAL","1","each","10267797"
"5113","TD24042296","Item24042291","MAYONNAISE","1","each","10267797"
"5114","TD24042296","Item24042266","TOMATOES","1","each","10267797"
"5115","TD24042296","Item24042282","ONIONS","1","each","10267797"
"5116","TD24042296","Item240422166","EGG DOZEN","1","each","10267797"
"5117","TD24042296","Item240422838","CARROTS","1","each","10267797"
"5118","TD24042296","Item240422643","GREEN BEANS","1","each","10267797"
"5119","TD24042296","Item240422912","KARINGA","1","each","10267797"
"5120","TD24042296","Item240422412","CABBAGE","1","each","10267797"
"5121","TD24042296","Item240422755","CHICKEN BREAST","1","each","10267797"
"5122","TD24042296","Item240422712","DELTA PET","15","each","10267797"
"5123","TD24042296","Item240422983","CHICKEN SPICE","3","each","10267797"
"5124","TD24042296","Item240422750","WATER","24","each","10267797"
"5125","TD24042296","Item240422620","PEPPER ROBOT","1","each","10267797"
"5126","TD24042211","Item240422423","CHICKEN","3","each","10267797"
"5127","TD24042211","Item240422583","BEEF","3","each","10267797"
"5128","TD24042211","Item240422934","RICE","2","each","10267797"
"5129","TD24042211","Item240422935","COOKING OIL","1","each","10267797"
"5130","TD24042211","Item240422132","SAMOOSA","2","each","10267797"
"5131","TD24042211","Item240422604","BREAD","2","each","10267797"
"5132","TD24042211","Item240422330","POTATOES","5","each","10267797"
"5133","TD24042211","Item240422466","BUTTERNUTS ","2","each","10267797"
"5134","TD24042211","Item240422975","MEALIE MEAL","1","each","10267797"
"5135","TD24042211","Item240422920","MAYONNAISE","1","each","10267797"
"5136","TD24042211","Item240422791","TOMATOES","1","each","10267797"
"5137","TD24042211","Item240422147","ONIONS","1","each","10267797"
"5138","TD24042211","Item240422484","EGG DOZEN","1","each","10267797"
"5139","TD24042211","Item240422888","CARROTS","1","each","10267797"
"5140","TD24042211","Item240422204","GREEN BEANS","1","each","10267797"
"5141","TD24042211","Item240422131","KARINGA","1","each","10267797"
"5142","TD24042211","Item2404222","CABBAGE","1","each","10267797"
"5143","TD24042211","Item240422430","CHICKEN BREAST","1","each","10267797"
"5144","TD24042211","Item240422307","DELTA PET","15","each","10267797"
"5145","TD24042211","Item240422703","CHICKEN SPICE","3","each","10267797"
"5146","TD24042211","Item240422673","WATER","24","each","10267797"
"5147","TD24042211","Item240422431","PEPPER ROBOT","1","each","10267797"
"5148","TD24042274","Item240422968","CHICKEN","3","each","10267797"
"5149","TD24042274","Item240422258","BEEF","3","each","10267797"
"5150","TD24042274","Item240422399","RICE","2","each","10267797"
"5151","TD24042274","Item240422905","COOKING OIL","1","each","10267797"
"5152","TD24042274","Item240422158","SAMOOSA","2","each","10267797"
"5153","TD24042274","Item240422398","BREAD","2","each","10267797"
"5154","TD24042274","Item240422918","POTATOES","5","each","10267797"
"5155","TD24042274","Item240422464","BUTTERNUTS ","2","each","10267797"
"5156","TD24042274","Item240422605","MEALIE MEAL","1","each","10267797"
"5157","TD24042274","Item240422458","MAYONNAISE","1","each","10267797"
"5158","TD24042274","Item240422755","TOMATOES","1","each","10267797"
"5159","TD24042274","Item240422606","ONIONS","1","each","10267797"
"5160","TD24042274","Item240422317","EGG DOZEN","1","each","10267797"
"5161","TD24042274","Item24042245","CARROTS","1","each","10267797"
"5162","TD24042274","Item24042216","GREEN BEANS","1","each","10267797"
"5163","TD24042274","Item240422123","KARINGA","1","each","10267797"
"5164","TD24042274","Item240422176","CABBAGE","1","each","10267797"
"5165","TD24042274","Item240422415","CHICKEN BREAST","1","each","10267797"
"5166","TD24042274","Item24042275","DELTA PET","15","each","10267797"
"5167","TD24042274","Item24042298","CHICKEN SPICE","3","each","10267797"
"5168","TD24042274","Item240422960","WATER","24","each","10267797"
"5169","TD24042274","Item240422180","PEPPER ROBOT","1","each","10267797"
"5170","TD24042282","Item240422489","CHICKEN","3","each","10267797"
"5171","TD24042282","Item240422588","BEEF","3","each","10267797"
"5172","TD24042282","Item240422136","RICE","2","each","10267797"
"5173","TD24042282","Item240422551","COOKING OIL","1","each","10267797"
"5174","TD24042282","Item240422668","SAMOOSA","2","each","10267797"
"5175","TD24042282","Item240422166","BREAD","2","each","10267797"
"5176","TD24042282","Item24042278","POTATOES","5","each","10267797"
"5177","TD24042282","Item240422714","BUTTERNUTS ","2","each","10267797"
"5178","TD24042282","Item240422514","MEALIE MEAL","1","each","10267797"
"5179","TD24042282","Item240422621","MAYONNAISE","1","each","10267797"
"5180","TD24042282","Item240422845","TOMATOES","1","each","10267797"
"5181","TD24042282","Item240422516","ONIONS","1","each","10267797"
"5182","TD24042282","Item24042288","EGG DOZEN","1","each","10267797"
"5183","TD24042282","Item240422824","CARROTS","1","each","10267797"
"5184","TD24042282","Item240422620","GREEN BEANS","1","each","10267797"
"5185","TD24042282","Item240422595","KARINGA","1","each","10267797"
"5186","TD24042282","Item240422787","CABBAGE","1","each","10267797"
"5187","TD24042282","Item240422400","CHICKEN BREAST","1","each","10267797"
"5188","TD24042282","Item240422569","DELTA PET","15","each","10267797"
"5189","TD24042282","Item240422919","CHICKEN SPICE","3","each","10267797"
"5190","TD24042282","Item240422900","WATER","24","each","10267797"
"5191","TD24042282","Item240422750","PEPPER ROBOT","1","each","10267797"
"5192","TD24042262","Item240422465","CHICKEN","3","each","10267797"
"5193","TD24042262","Item240422755","BEEF","3","each","10267797"
"5194","TD24042262","Item240422136","RICE","2","each","10267797"
"5195","TD24042262","Item240422806","COOKING OIL","1","each","10267797"
"5196","TD24042262","Item240422122","SAMOOSA","2","each","10267797"
"5197","TD24042262","Item240422302","BREAD","2","each","10267797"
"5198","TD24042262","Item240422674","POTATOES","5","each","10267797"
"5199","TD24042262","Item240422751","BUTTERNUTS ","2","each","10267797"
"5200","TD24042262","Item240422756","MEALIE MEAL","1","each","10267797"
"5201","TD24042262","Item240422733","MAYONNAISE","1","each","10267797"
"5202","TD24042262","Item240422524","TOMATOES","1","each","10267797"
"5203","TD24042262","Item240422472","ONIONS","1","each","10267797"
"5204","TD24042262","Item240422686","EGG DOZEN","1","each","10267797"
"5205","TD24042262","Item240422830","CARROTS","1","each","10267797"
"5206","TD24042262","Item240422920","GREEN BEANS","1","each","10267797"
"5207","TD24042262","Item240422700","KARINGA","1","each","10267797"
"5208","TD24042262","Item240422215","CABBAGE","1","each","10267797"
"5209","TD24042262","Item240422284","CHICKEN BREAST","1","each","10267797"
"5210","TD24042262","Item240422567","DELTA PET","15","each","10267797"
"5211","TD24042262","Item240422455","CHICKEN SPICE","3","each","10267797"
"5212","TD24042262","Item240422675","WATER","24","each","10267797"
"5213","TD24042262","Item24042286","PEPPER ROBOT","1","each","10267797"
"5214","TD24042254","Item240422744","CHICKEN","3","each","10267797"
"5215","TD24042254","Item240422560","BEEF","3","each","10267797"
"5216","TD24042254","Item240422276","RICE","2","each","10267797"
"5217","TD24042254","Item240422214","COOKING OIL","1","each","10267797"
"5218","TD24042254","Item240422675","SAMOOSA","2","each","10267797"
"5219","TD24042254","Item24042266","BREAD","2","each","10267797"
"5220","TD24042254","Item240422806","POTATOES","5","each","10267797"
"5221","TD24042254","Item240422359","BUTTERNUTS ","2","each","10267797"
"5222","TD24042254","Item24042279","MEALIE MEAL","1","each","10267797"
"5223","TD24042254","Item240422150","MAYONNAISE","1","each","10267797"
"5224","TD24042254","Item240422632","TOMATOES","1","each","10267797"
"5225","TD24042254","Item240422802","ONIONS","1","each","10267797"
"5226","TD24042254","Item240422107","EGG DOZEN","1","each","10267797"
"5227","TD24042254","Item240422126","CARROTS","1","each","10267797"
"5228","TD24042254","Item240422317","GREEN BEANS","1","each","10267797"
"5229","TD24042254","Item240422850","KARINGA","1","each","10267797"
"5230","TD24042254","Item240422572","CABBAGE","1","each","10267797"
"5231","TD24042254","Item240422816","CHICKEN BREAST","1","each","10267797"
"5232","TD24042254","Item240422854","DELTA PET","15","each","10267797"
"5233","TD24042254","Item24042241","CHICKEN SPICE","3","each","10267797"
"5234","TD24042254","Item24042263","WATER","24","each","10267797"
"5235","TD24042254","Item240422868","PEPPER ROBOT","1","each","10267797"
"5236","TD2404221","Item240422554","CHICKEN","3","each","10267797"
"5237","TD2404221","Item240422386","BEEF","3","each","10267797"
"5238","TD2404221","Item240422972","RICE","2","each","10267797"
"5239","TD2404221","Item240422181","COOKING OIL","1","each","10267797"
"5240","TD2404221","Item240422374","SAMOOSA","2","each","10267797"
"5241","TD2404221","Item240422577","BREAD","2","each","10267797"
"5242","TD2404221","Item240422780","POTATOES","5","each","10267797"
"5243","TD2404221","Item240422540","BUTTERNUTS ","2","each","10267797"
"5244","TD2404221","Item240422682","MEALIE MEAL","1","each","10267797"
"5245","TD2404221","Item240422761","MAYONNAISE","1","each","10267797"
"5246","TD2404221","Item240422773","TOMATOES","1","each","10267797"
"5247","TD2404221","Item240422330","ONIONS","1","each","10267797"
"5248","TD2404221","Item240422184","EGG DOZEN","1","each","10267797"
"5249","TD2404221","Item240422765","CARROTS","1","each","10267797"
"5250","TD2404221","Item240422558","GREEN BEANS","1","each","10267797"
"5251","TD2404221","Item240422755","KARINGA","1","each","10267797"
"5252","TD2404221","Item240422176","CABBAGE","1","each","10267797"
"5253","TD2404221","Item240422800","CHICKEN BREAST","1","each","10267797"
"5254","TD2404221","Item240422343","DELTA PET","15","each","10267797"
"5255","TD2404221","Item24042239","CHICKEN SPICE","3","each","10267797"
"5256","TD2404221","Item240422265","WATER","24","each","10267797"
"5257","TD2404221","Item240422130","PEPPER ROBOT","1","each","10267797"
"5258","TD2404226","Item240422906","CHICKEN","3","each","10267797"
"5259","TD2404226","Item240422115","BEEF","3","each","10267797"
"5260","TD2404226","Item240422197","RICE","2","each","10267797"
"5261","TD2404226","Item240422127","COOKING OIL","1","each","10267797"
"5262","TD2404226","Item240422768","SAMOOSA","2","each","10267797"
"5263","TD2404226","Item240422941","BREAD","2","each","10267797"
"5264","TD2404226","Item240422961","POTATOES","5","each","10267797"
"5265","TD2404226","Item240422805","BUTTERNUTS ","2","each","10267797"
"5266","TD2404226","Item240422365","MEALIE MEAL","1","each","10267797"
"5267","TD2404226","Item240422979","MAYONNAISE","1","each","10267797"
"5268","TD2404226","Item240422988","TOMATOES","1","each","10267797"
"5269","TD2404226","Item240422575","ONIONS","1","each","10267797"
"5270","TD2404226","Item240422772","EGG DOZEN","1","each","10267797"
"5271","TD2404226","Item240422149","CARROTS","1","each","10267797"
"5272","TD2404226","Item240422663","GREEN BEANS","1","each","10267797"
"5273","TD2404226","Item240422908","KARINGA","1","each","10267797"
"5274","TD2404226","Item240422546","CABBAGE","1","each","10267797"
"5275","TD2404226","Item240422427","CHICKEN BREAST","1","each","10267797"
"5276","TD2404226","Item240422392","DELTA PET","15","each","10267797"
"5277","TD2404226","Item240422522","CHICKEN SPICE","3","each","10267797"
"5278","TD2404226","Item240422531","WATER","24","each","10267797"
"5279","TD2404226","Item240422973","PEPPER ROBOT","1","each","10267797"
"5280","TD24042243","Item240422274","CHICKEN","3","each","10267797"
"5281","TD24042243","Item24042220","BEEF","3","each","10267797"
"5282","TD24042243","Item240422862","RICE","2","each","10267797"
"5283","TD24042243","Item240422542","COOKING OIL","1","each","10267797"
"5284","TD24042243","Item240422390","SAMOOSA","2","each","10267797"
"5285","TD24042243","Item24042274","BREAD","2","each","10267797"
"5286","TD24042243","Item240422810","POTATOES","5","each","10267797"
"5287","TD24042243","Item240422996","BUTTERNUTS ","2","each","10267797"
"5288","TD24042243","Item240422335","MEALIE MEAL","1","each","10267797"
"5289","TD24042243","Item240422853","MAYONNAISE","1","each","10267797"
"5290","TD24042243","Item240422891","TOMATOES","1","each","10267797"
"5291","TD24042243","Item240422236","ONIONS","1","each","10267797"
"5292","TD24042243","Item24042278","EGG DOZEN","1","each","10267797"
"5293","TD24042243","Item240422660","CARROTS","1","each","10267797"
"5294","TD24042243","Item240422450","GREEN BEANS","1","each","10267797"
"5295","TD24042243","Item240422516","KARINGA","1","each","10267797"
"5296","TD24042243","Item240422821","CABBAGE","1","each","10267797"
"5297","TD24042243","Item240422999","CHICKEN BREAST","1","each","10267797"
"5298","TD24042243","Item240422421","DELTA PET","15","each","10267797"
"5299","TD24042243","Item240422117","CHICKEN SPICE","3","each","10267797"
"5300","TD24042243","Item240422351","WATER","24","each","10267797"
"5301","TD24042243","Item240422708","PEPPER ROBOT","1","each","10267797"
"5302","TD24042284","Item240422724","CHICKEN","3","each","10267797"
"5303","TD24042284","Item240422389","BEEF","3","each","10267797"
"5304","TD24042284","Item24042240","RICE","2","each","10267797"
"5305","TD24042284","Item240422692","COOKING OIL","1","each","10267797"
"5306","TD24042284","Item240422991","SAMOOSA","2","each","10267797"
"5307","TD24042284","Item24042265","BREAD","2","each","10267797"
"5308","TD24042284","Item240422461","POTATOES","5","each","10267797"
"5309","TD24042284","Item240422552","BUTTERNUTS ","2","each","10267797"
"5310","TD24042284","Item24042279","MEALIE MEAL","1","each","10267797"
"5311","TD24042284","Item240422820","MAYONNAISE","1","each","10267797"
"5312","TD24042284","Item240422518","TOMATOES","1","each","10267797"
"5313","TD24042284","Item240422924","ONIONS","1","each","10267797"
"5314","TD24042284","Item240422175","EGG DOZEN","1","each","10267797"
"5315","TD24042284","Item240422729","CARROTS","1","each","10267797"
"5316","TD24042284","Item240422602","GREEN BEANS","1","each","10267797"
"5317","TD24042284","Item240422881","KARINGA","1","each","10267797"
"5318","TD24042284","Item240422827","CABBAGE","1","each","10267797"
"5319","TD24042284","Item240422811","CHICKEN BREAST","1","each","10267797"
"5320","TD24042284","Item240422126","DELTA PET","15","each","10267797"
"5321","TD24042284","Item240422655","CHICKEN SPICE","3","each","10267797"
"5322","TD24042284","Item24042251","WATER","24","each","10267797"
"5323","TD24042284","Item240422734","PEPPER ROBOT","1","each","10267797"
"5324","TD24042277","Item240422878","CHICKEN","3","each","10267797"
"5325","TD24042277","Item240422342","BEEF","3","each","10267797"
"5326","TD24042277","Item240422678","RICE","2","each","10267797"
"5327","TD24042277","Item240422795","COOKING OIL","1","each","10267797"
"5328","TD24042277","Item240422969","SAMOOSA","2","each","10267797"
"5329","TD24042277","Item240422254","BREAD","2","each","10267797"
"5330","TD24042277","Item240422584","POTATOES","5","each","10267797"
"5331","TD24042277","Item240422384","BUTTERNUTS ","2","each","10267797"
"5332","TD24042277","Item240422468","MEALIE MEAL","1","each","10267797"
"5333","TD24042277","Item2404221","MAYONNAISE","1","each","10267797"
"5334","TD24042277","Item240422917","TOMATOES","1","each","10267797"
"5335","TD24042277","Item240422345","ONIONS","1","each","10267797"
"5336","TD24042277","Item240422462","EGG DOZEN","1","each","10267797"
"5337","TD24042277","Item240422877","CARROTS","1","each","10267797"
"5338","TD24042277","Item240422939","GREEN BEANS","1","each","10267797"
"5339","TD24042277","Item240422361","KARINGA","1","each","10267797"
"5340","TD24042277","Item24042240","CABBAGE","1","each","10267797"
"5341","TD24042277","Item240422757","CHICKEN BREAST","1","each","10267797"
"5342","TD24042277","Item240422669","DELTA PET","15","each","10267797"
"5343","TD24042277","Item240422815","CHICKEN SPICE","3","each","10267797"
"5344","TD24042277","Item240422853","WATER","24","each","10267797"
"5345","TD24042277","Item240422131","PEPPER ROBOT","1","each","10267797"
"5346","TD24042280","Item240422403","CHICKEN","3","each","10267797"
"5347","TD24042280","Item240422611","BEEF","3","each","10267797"
"5348","TD24042280","Item240422459","RICE","2","each","10267797"
"5349","TD24042280","Item240422343","COOKING OIL","1","each","10267797"
"5350","TD24042280","Item240422163","SAMOOSA","2","each","10267797"
"5351","TD24042280","Item240422713","BREAD","2","each","10267797"
"5352","TD24042280","Item240422398","POTATOES","5","each","10267797"
"5353","TD24042280","Item240422844","BUTTERNUTS ","2","each","10267797"
"5354","TD24042280","Item240422120","MEALIE MEAL","1","each","10267797"
"5355","TD24042280","Item240422426","MAYONNAISE","1","each","10267797"
"5356","TD24042280","Item240422335","TOMATOES","1","each","10267797"
"5357","TD24042280","Item240422339","ONIONS","1","each","10267797"
"5358","TD24042280","Item240422104","EGG DOZEN","1","each","10267797"
"5359","TD24042280","Item240422170","CARROTS","1","each","10267797"
"5360","TD24042280","Item240422487","GREEN BEANS","1","each","10267797"
"5361","TD24042280","Item240422506","KARINGA","1","each","10267797"
"5362","TD24042280","Item240422590","CABBAGE","1","each","10267797"
"5363","TD24042280","Item240422438","CHICKEN BREAST","1","each","10267797"
"5364","TD24042280","Item240422455","DELTA PET","15","each","10267797"
"5365","TD24042280","Item240422456","CHICKEN SPICE","3","each","10267797"
"5366","TD24042280","Item2404226","WATER","24","each","10267797"
"5367","TD24042280","Item240422847","PEPPER ROBOT","1","each","10267797"
"5368","TD24042256","Item240422815","CHICKEN","3","each","10267797"
"5369","TD24042256","Item240422809","BEEF","3","each","10267797"
"5370","TD24042256","Item240422289","RICE","2","each","10267797"
"5371","TD24042256","Item240422874","COOKING OIL","1","each","10267797"
"5372","TD24042256","Item240422525","SAMOOSA","2","each","10267797"
"5373","TD24042256","Item240422723","BREAD","2","each","10267797"
"5374","TD24042256","Item240422189","POTATOES","5","each","10267797"
"5375","TD24042256","Item240422651","BUTTERNUTS ","2","each","10267797"
"5376","TD24042256","Item240422627","MEALIE MEAL","1","each","10267797"
"5377","TD24042256","Item240422431","MAYONNAISE","1","each","10267797"
"5378","TD24042256","Item240422442","TOMATOES","1","each","10267797"
"5379","TD24042256","Item240422609","ONIONS","1","each","10267797"
"5380","TD24042256","Item240422319","EGG DOZEN","1","each","10267797"
"5381","TD24042256","Item240422772","CARROTS","1","each","10267797"
"5382","TD24042256","Item240422382","GREEN BEANS","1","each","10267797"
"5383","TD24042256","Item240422961","KARINGA","1","each","10267797"
"5384","TD24042256","Item240422260","CABBAGE","1","each","10267797"
"5385","TD24042256","Item240422735","CHICKEN BREAST","1","each","10267797"
"5386","TD24042256","Item240422337","DELTA PET","15","each","10267797"
"5387","TD24042256","Item240422767","CHICKEN SPICE","3","each","10267797"
"5388","TD24042256","Item240422136","WATER","24","each","10267797"
"5389","TD24042256","Item240422972","PEPPER ROBOT","1","each","10267797"
"5390","TD24042220","Item240422395","CHICKEN","3","each","10267797"
"5391","TD24042220","Item240422579","BEEF","3","each","10267797"
"5392","TD24042220","Item240422342","RICE","2","each","10267797"
"5393","TD24042220","Item240422250","COOKING OIL","1","each","10267797"
"5394","TD24042220","Item240422449","SAMOOSA","2","each","10267797"
"5395","TD24042220","Item240422395","BREAD","2","each","10267797"
"5396","TD24042220","Item240422653","POTATOES","5","each","10267797"
"5397","TD24042220","Item240422247","BUTTERNUTS ","2","each","10267797"
"5398","TD24042220","Item240422203","MEALIE MEAL","1","each","10267797"
"5399","TD24042220","Item240422370","MAYONNAISE","1","each","10267797"
"5400","TD24042220","Item240422928","TOMATOES","1","each","10267797"
"5401","TD24042220","Item240422301","ONIONS","1","each","10267797"
"5402","TD24042220","Item240422689","EGG DOZEN","1","each","10267797"
"5403","TD24042220","Item24042223","CARROTS","1","each","10267797"
"5404","TD24042220","Item240422854","GREEN BEANS","1","each","10267797"
"5405","TD24042220","Item24042246","KARINGA","1","each","10267797"
"5406","TD24042220","Item240422767","CABBAGE","1","each","10267797"
"5407","TD24042220","Item240422950","CHICKEN BREAST","1","each","10267797"
"5408","TD24042220","Item240422500","DELTA PET","15","each","10267797"
"5409","TD24042220","Item240422915","CHICKEN SPICE","3","each","10267797"
"5410","TD24042220","Item240422707","WATER","24","each","10267797"
"5411","TD24042220","Item240422181","PEPPER ROBOT","1","each","10267797"
"5412","TD24042228","Item240422270","CHICKEN","3","each","10267797"
"5413","TD24042228","Item240422624","BEEF","3","each","10267797"
"5414","TD24042228","Item240422485","RICE","2","each","10267797"
"5415","TD24042228","Item24042254","COOKING OIL","1","each","10267797"
"5416","TD24042228","Item240422935","SAMOOSA","2","each","10267797"
"5417","TD24042228","Item240422990","BREAD","2","each","10267797"
"5418","TD24042228","Item240422473","POTATOES","5","each","10267797"
"5419","TD24042228","Item240422671","BUTTERNUTS ","2","each","10267797"
"5420","TD24042228","Item240422534","MEALIE MEAL","1","each","10267797"
"5421","TD24042228","Item240422359","MAYONNAISE","1","each","10267797"
"5422","TD24042228","Item240422692","TOMATOES","1","each","10267797"
"5423","TD24042228","Item240422816","ONIONS","1","each","10267797"
"5424","TD24042228","Item24042289","EGG DOZEN","1","each","10267797"
"5425","TD24042228","Item240422137","CARROTS","1","each","10267797"
"5426","TD24042228","Item24042276","GREEN BEANS","1","each","10267797"
"5427","TD24042228","Item240422337","KARINGA","1","each","10267797"
"5428","TD24042228","Item240422592","CABBAGE","1","each","10267797"
"5429","TD24042228","Item240422976","CHICKEN BREAST","1","each","10267797"
"5430","TD24042228","Item240422422","DELTA PET","15","each","10267797"
"5431","TD24042228","Item240422266","CHICKEN SPICE","3","each","10267797"
"5432","TD24042228","Item240422514","WATER","24","each","10267797"
"5433","TD24042228","Item240422971","PEPPER ROBOT","1","each","10267797"
"5434","TD24042290","Item240422264","CHICKEN","3","each","10267797"
"5435","TD24042290","Item240422258","BEEF","3","each","10267797"
"5436","TD24042290","Item240422470","RICE","2","each","10267797"
"5437","TD24042290","Item240422958","COOKING OIL","1","each","10267797"
"5438","TD24042290","Item240422392","SAMOOSA","2","each","10267797"
"5439","TD24042290","Item240422764","BREAD","2","each","10267797"
"5440","TD24042290","Item240422958","POTATOES","5","each","10267797"
"5441","TD24042290","Item240422623","BUTTERNUTS ","2","each","10267797"
"5442","TD24042290","Item240422825","MEALIE MEAL","1","each","10267797"
"5443","TD24042290","Item240422600","MAYONNAISE","1","each","10267797"
"5444","TD24042290","Item240422711","TOMATOES","1","each","10267797"
"5445","TD24042290","Item240422618","ONIONS","1","each","10267797"
"5446","TD24042290","Item240422814","EGG DOZEN","1","each","10267797"
"5447","TD24042290","Item240422674","CARROTS","1","each","10267797"
"5448","TD24042290","Item240422865","GREEN BEANS","1","each","10267797"
"5449","TD24042290","Item240422220","KARINGA","1","each","10267797"
"5450","TD24042290","Item240422657","CABBAGE","1","each","10267797"
"5451","TD24042290","Item240422213","CHICKEN BREAST","1","each","10267797"
"5452","TD24042290","Item240422319","DELTA PET","15","each","10267797"
"5453","TD24042290","Item240422484","CHICKEN SPICE","3","each","10267797"
"5454","TD24042290","Item240422151","WATER","24","each","10267797"
"5455","TD24042290","Item240422962","PEPPER ROBOT","1","each","10267797"
"5456","TD24042230","Item240422548","CHICKEN","3","each","10267797"
"5457","TD24042230","Item240422873","BEEF","3","each","10267797"
"5458","TD24042230","Item240422704","RICE","2","each","10267797"
"5459","TD24042230","Item240422131","COOKING OIL","1","each","10267797"
"5460","TD24042230","Item240422655","SAMOOSA","2","each","10267797"
"5461","TD24042230","Item240422835","BREAD","2","each","10267797"
"5462","TD24042230","Item240422706","POTATOES","5","each","10267797"
"5463","TD24042230","Item240422430","BUTTERNUTS ","2","each","10267797"
"5464","TD24042230","Item240422889","MEALIE MEAL","1","each","10267797"
"5465","TD24042230","Item240422974","MAYONNAISE","1","each","10267797"
"5466","TD24042230","Item240422639","TOMATOES","1","each","10267797"
"5467","TD24042230","Item240422848","ONIONS","1","each","10267797"
"5468","TD24042230","Item240422176","EGG DOZEN","1","each","10267797"
"5469","TD24042230","Item240422259","CARROTS","1","each","10267797"
"5470","TD24042230","Item240422865","GREEN BEANS","1","each","10267797"
"5471","TD24042230","Item240422794","KARINGA","1","each","10267797"
"5472","TD24042230","Item240422841","CABBAGE","1","each","10267797"
"5473","TD24042230","Item240422387","CHICKEN BREAST","1","each","10267797"
"5474","TD24042230","Item240422837","DELTA PET","15","each","10267797"
"5475","TD24042230","Item240422692","CHICKEN SPICE","3","each","10267797"
"5476","TD24042230","Item240422719","WATER","24","each","10267797"
"5477","TD24042230","Item240422936","PEPPER ROBOT","1","each","10267797"
"5478","TD24042253","Item240422689","CHICKEN","3","each","10267797"
"5479","TD24042253","Item24042282","BEEF","3","each","10267797"
"5480","TD24042253","Item240422946","RICE","2","each","10267797"
"5481","TD24042253","Item240422953","COOKING OIL","1","each","10267797"
"5482","TD24042253","Item240422841","SAMOOSA","2","each","10267797"
"5483","TD24042253","Item240422348","BREAD","2","each","10267797"
"5484","TD24042253","Item24042277","POTATOES","5","each","10267797"
"5485","TD24042253","Item240422160","BUTTERNUTS ","2","each","10267797"
"5486","TD24042253","Item240422426","MEALIE MEAL","1","each","10267797"
"5487","TD24042253","Item240422960","MAYONNAISE","1","each","10267797"
"5488","TD24042253","Item240422499","TOMATOES","1","each","10267797"
"5489","TD24042253","Item240422710","ONIONS","1","each","10267797"
"5490","TD24042253","Item240422354","EGG DOZEN","1","each","10267797"
"5491","TD24042253","Item240422254","CARROTS","1","each","10267797"
"5492","TD24042253","Item240422251","GREEN BEANS","1","each","10267797"
"5493","TD24042253","Item240422300","KARINGA","1","each","10267797"
"5494","TD24042253","Item240422802","CABBAGE","1","each","10267797"
"5495","TD24042253","Item240422128","CHICKEN BREAST","1","each","10267797"
"5496","TD24042253","Item24042223","DELTA PET","15","each","10267797"
"5497","TD24042253","Item24042270","CHICKEN SPICE","3","each","10267797"
"5498","TD24042253","Item240422721","WATER","24","each","10267797"
"5499","TD24042253","Item240422159","PEPPER ROBOT","1","each","10267797"
"5500","TD2404222","Item240422258","CHICKEN","3","each","10267797"
"5501","TD2404222","Item240422506","BEEF","3","each","10267797"
"5502","TD2404222","Item240422953","RICE","2","each","10267797"
"5503","TD2404222","Item240422792","COOKING OIL","1","each","10267797"
"5504","TD2404222","Item24042281","SAMOOSA","2","each","10267797"
"5505","TD2404222","Item240422158","BREAD","2","each","10267797"
"5506","TD2404222","Item240422705","POTATOES","5","each","10267797"
"5507","TD2404222","Item240422805","BUTTERNUTS ","2","each","10267797"
"5508","TD2404222","Item240422388","MEALIE MEAL","1","each","10267797"
"5509","TD2404222","Item24042239","MAYONNAISE","1","each","10267797"
"5510","TD2404222","Item240422641","TOMATOES","1","each","10267797"
"5511","TD2404222","Item240422964","ONIONS","1","each","10267797"
"5512","TD2404222","Item24042222","EGG DOZEN","1","each","10267797"
"5513","TD2404222","Item24042277","CARROTS","1","each","10267797"
"5514","TD2404222","Item240422154","GREEN BEANS","1","each","10267797"
"5515","TD2404222","Item240422627","KARINGA","1","each","10267797"
"5516","TD2404222","Item240422416","CABBAGE","1","each","10267797"
"5517","TD2404222","Item240422961","CHICKEN BREAST","1","each","10267797"
"5518","TD2404222","Item240422832","DELTA PET","15","each","10267797"
"5519","TD2404222","Item240422909","CHICKEN SPICE","3","each","10267797"
"5520","TD2404222","Item240422803","WATER","24","each","10267797"
"5521","TD2404222","Item240422136","PEPPER ROBOT","1","each","10267797"
"5522","TD24042246","Item240422283","CHICKEN","3","each","10267797"
"5523","TD24042246","Item240422228","BEEF","3","each","10267797"
"5524","TD24042246","Item240422839","RICE","2","each","10267797"
"5525","TD24042246","Item240422929","COOKING OIL","1","each","10267797"
"5526","TD24042246","Item2404227","SAMOOSA","2","each","10267797"
"5527","TD24042246","Item240422367","BREAD","2","each","10267797"
"5528","TD24042246","Item240422115","POTATOES","5","each","10267797"
"5529","TD24042246","Item240422638","BUTTERNUTS ","2","each","10267797"
"5530","TD24042246","Item240422106","MEALIE MEAL","1","each","10267797"
"5531","TD24042246","Item240422345","MAYONNAISE","1","each","10267797"
"5532","TD24042246","Item240422531","TOMATOES","1","each","10267797"
"5533","TD24042246","Item240422580","ONIONS","1","each","10267797"
"5534","TD24042246","Item240422951","EGG DOZEN","1","each","10267797"
"5535","TD24042246","Item240422158","CARROTS","1","each","10267797"
"5536","TD24042246","Item240422699","GREEN BEANS","1","each","10267797"
"5537","TD24042246","Item240422540","KARINGA","1","each","10267797"
"5538","TD24042246","Item240422718","CABBAGE","1","each","10267797"
"5539","TD24042246","Item240422429","CHICKEN BREAST","1","each","10267797"
"5540","TD24042246","Item240422169","DELTA PET","15","each","10267797"
"5541","TD24042246","Item240422652","CHICKEN SPICE","3","each","10267797"
"5542","TD24042246","Item24042249","WATER","24","each","10267797"
"5543","TD24042246","Item240422567","PEPPER ROBOT","1","each","10267797"
"5544","TD24042298","Item240422358","CHICKEN","3","each","10267797"
"5545","TD24042298","Item240422139","BEEF","3","each","10267797"
"5546","TD24042298","Item24042215","RICE","2","each","10267797"
"5547","TD24042298","Item240422721","COOKING OIL","1","each","10267797"
"5548","TD24042298","Item240422813","SAMOOSA","2","each","10267797"
"5549","TD24042298","Item24042263","BREAD","2","each","10267797"
"5550","TD24042298","Item240422654","POTATOES","5","each","10267797"
"5551","TD24042298","Item240422395","BUTTERNUTS ","2","each","10267797"
"5552","TD24042298","Item240422350","MEALIE MEAL","1","each","10267797"
"5553","TD24042298","Item240422680","MAYONNAISE","1","each","10267797"
"5554","TD24042298","Item240422818","TOMATOES","1","each","10267797"
"5555","TD24042298","Item240422217","ONIONS","1","each","10267797"
"5556","TD24042298","Item240422571","EGG DOZEN","1","each","10267797"
"5557","TD24042298","Item24042229","CARROTS","1","each","10267797"
"5558","TD24042298","Item240422671","GREEN BEANS","1","each","10267797"
"5559","TD24042298","Item240422903","KARINGA","1","each","10267797"
"5560","TD24042298","Item240422738","CABBAGE","1","each","10267797"
"5561","TD24042298","Item24042249","CHICKEN BREAST","1","each","10267797"
"5562","TD24042298","Item240422272","DELTA PET","15","each","10267797"
"5563","TD24042298","Item240422867","CHICKEN SPICE","3","each","10267797"
"5564","TD24042298","Item240422790","WATER","24","each","10267797"
"5565","TD24042298","Item240422212","PEPPER ROBOT","1","each","10267797"
"5566","TD24042221","Item240422722","CHICKEN","3","each","10267797"
"5567","TD24042221","Item240422896","BEEF","3","each","10267797"
"5568","TD24042221","Item240422684","RICE","2","each","10267797"
"5569","TD24042221","Item240422617","COOKING OIL","1","each","10267797"
"5570","TD24042221","Item240422795","SAMOOSA","2","each","10267797"
"5571","TD24042221","Item240422420","BREAD","2","each","10267797"
"5572","TD24042221","Item240422400","POTATOES","5","each","10267797"
"5573","TD24042221","Item240422669","BUTTERNUTS ","2","each","10267797"
"5574","TD24042221","Item240422944","MEALIE MEAL","1","each","10267797"
"5575","TD24042221","Item240422711","MAYONNAISE","1","each","10267797"
"5576","TD24042221","Item24042244","TOMATOES","1","each","10267797"
"5577","TD24042221","Item240422208","ONIONS","1","each","10267797"
"5578","TD24042221","Item240422341","EGG DOZEN","1","each","10267797"
"5579","TD24042221","Item240422399","CARROTS","1","each","10267797"
"5580","TD24042221","Item240422692","GREEN BEANS","1","each","10267797"
"5581","TD24042221","Item240422779","KARINGA","1","each","10267797"
"5582","TD24042221","Item240422341","CABBAGE","1","each","10267797"
"5583","TD24042221","Item240422530","CHICKEN BREAST","1","each","10267797"
"5584","TD24042221","Item240422985","DELTA PET","15","each","10267797"
"5585","TD24042221","Item240422523","CHICKEN SPICE","3","each","10267797"
"5586","TD24042221","Item240422448","WATER","24","each","10267797"
"5587","TD24042221","Item240422921","PEPPER ROBOT","1","each","10267797"
"5588","TD24042218","Item240422732","CHICKEN","3","each","10267797"
"5589","TD24042218","Item240422279","BEEF","3","each","10267797"
"5590","TD24042218","Item240422415","RICE","2","each","10267797"
"5591","TD24042218","Item240422403","COOKING OIL","1","each","10267797"
"5592","TD24042218","Item240422707","SAMOOSA","2","each","10267797"
"5593","TD24042218","Item240422550","BREAD","2","each","10267797"
"5594","TD24042218","Item24042282","POTATOES","5","each","10267797"
"5595","TD24042218","Item240422577","BUTTERNUTS ","2","each","10267797"
"5596","TD24042218","Item240422344","MEALIE MEAL","1","each","10267797"
"5597","TD24042218","Item240422902","MAYONNAISE","1","each","10267797"
"5598","TD24042218","Item240422587","TOMATOES","1","each","10267797"
"5599","TD24042218","Item240422623","ONIONS","1","each","10267797"
"5600","TD24042218","Item240422759","EGG DOZEN","1","each","10267797"
"5601","TD24042218","Item240422578","CARROTS","1","each","10267797"
"5602","TD24042218","Item240422603","GREEN BEANS","1","each","10267797"
"5603","TD24042218","Item240422121","KARINGA","1","each","10267797"
"5604","TD24042218","Item240422449","CABBAGE","1","each","10267797"
"5605","TD24042218","Item240422182","CHICKEN BREAST","1","each","10267797"
"5606","TD24042218","Item24042269","DELTA PET","15","each","10267797"
"5607","TD24042218","Item240422436","CHICKEN SPICE","3","each","10267797"
"5608","TD24042218","Item240422956","WATER","24","each","10267797"
"5609","TD24042218","Item240422837","PEPPER ROBOT","1","each","10267797"
"5610","TD2404229","Item240422194","CHICKEN","3","each","10267797"
"5611","TD2404229","Item2404229","BEEF","3","each","10267797"
"5612","TD2404229","Item240422779","RICE","2","each","10267797"
"5613","TD2404229","Item240422804","COOKING OIL","1","each","10267797"
"5614","TD2404229","Item240422988","SAMOOSA","2","each","10267797"
"5615","TD2404229","Item240422329","BREAD","2","each","10267797"
"5616","TD2404229","Item240422640","POTATOES","5","each","10267797"
"5617","TD2404229","Item240422736","BUTTERNUTS ","2","each","10267797"
"5618","TD2404229","Item240422213","MEALIE MEAL","1","each","10267797"
"5619","TD2404229","Item240422152","MAYONNAISE","1","each","10267797"
"5620","TD2404229","Item240422669","TOMATOES","1","each","10267797"
"5621","TD2404229","Item240422910","ONIONS","1","each","10267797"
"5622","TD2404229","Item240422709","EGG DOZEN","1","each","10267797"
"5623","TD2404229","Item240422146","CARROTS","1","each","10267797"
"5624","TD2404229","Item240422491","GREEN BEANS","1","each","10267797"
"5625","TD2404229","Item240422418","KARINGA","1","each","10267797"
"5626","TD2404229","Item240422404","CABBAGE","1","each","10267797"
"5627","TD2404229","Item240422846","CHICKEN BREAST","1","each","10267797"
"5628","TD2404229","Item240422188","DELTA PET","15","each","10267797"
"5629","TD2404229","Item240422874","CHICKEN SPICE","3","each","10267797"
"5630","TD2404229","Item240422940","WATER","24","each","10267797"
"5631","TD2404229","Item240422324","PEPPER ROBOT","1","each","10267797"
"5632","TD24042299","Item240422283","CHICKEN","3","each","10267797"
"5633","TD24042299","Item240422357","BEEF","3","each","10267797"
"5634","TD24042299","Item240422416","RICE","2","each","10267797"
"5635","TD24042299","Item240422892","COOKING OIL","1","each","10267797"
"5636","TD24042299","Item240422504","SAMOOSA","2","each","10267797"
"5637","TD24042299","Item240422553","BREAD","2","each","10267797"
"5638","TD24042299","Item240422712","POTATOES","5","each","10267797"
"5639","TD24042299","Item240422317","BUTTERNUTS ","2","each","10267797"
"5640","TD24042299","Item2404222","MEALIE MEAL","1","each","10267797"
"5641","TD24042299","Item240422268","MAYONNAISE","1","each","10267797"
"5642","TD24042299","Item240422257","TOMATOES","1","each","10267797"
"5643","TD24042299","Item240422248","ONIONS","1","each","10267797"
"5644","TD24042299","Item24042229","EGG DOZEN","1","each","10267797"
"5645","TD24042299","Item240422479","CARROTS","1","each","10267797"
"5646","TD24042299","Item240422480","GREEN BEANS","1","each","10267797"
"5647","TD24042299","Item240422635","KARINGA","1","each","10267797"
"5648","TD24042299","Item240422556","CABBAGE","1","each","10267797"
"5649","TD24042299","Item240422296","CHICKEN BREAST","1","each","10267797"
"5650","TD24042299","Item240422381","DELTA PET","15","each","10267797"
"5651","TD24042299","Item240422974","CHICKEN SPICE","3","each","10267797"
"5652","TD24042299","Item240422506","WATER","24","each","10267797"
"5653","TD24042299","Item240422211","PEPPER ROBOT","1","each","10267797"
"5654","TD24042266","Item240422940","CHICKEN","3","each","10267797"
"5655","TD24042266","Item240422166","BEEF","3","each","10267797"
"5656","TD24042266","Item240422710","RICE","2","each","10267797"
"5657","TD24042266","Item240422692","COOKING OIL","1","each","10267797"
"5658","TD24042266","Item240422915","SAMOOSA","2","each","10267797"
"5659","TD24042266","Item240422625","BREAD","2","each","10267797"
"5660","TD24042266","Item240422877","POTATOES","5","each","10267797"
"5661","TD24042266","Item240422756","BUTTERNUTS ","2","each","10267797"
"5662","TD24042266","Item240422451","MEALIE MEAL","1","each","10267797"
"5663","TD24042266","Item240422879","MAYONNAISE","1","each","10267797"
"5664","TD24042266","Item240422969","TOMATOES","1","each","10267797"
"5665","TD24042266","Item240422925","ONIONS","1","each","10267797"
"5666","TD24042266","Item240422929","EGG DOZEN","1","each","10267797"
"5667","TD24042266","Item24042226","CARROTS","1","each","10267797"
"5668","TD24042266","Item240422777","GREEN BEANS","1","each","10267797"
"5669","TD24042266","Item240422474","KARINGA","1","each","10267797"
"5670","TD24042266","Item240422547","CABBAGE","1","each","10267797"
"5671","TD24042266","Item240422556","CHICKEN BREAST","1","each","10267797"
"5672","TD24042266","Item240422613","DELTA PET","15","each","10267797"
"5673","TD24042266","Item240422891","CHICKEN SPICE","3","each","10267797"
"5674","TD24042266","Item24042286","WATER","24","each","10267797"
"5675","TD24042266","Item240422642","PEPPER ROBOT","1","each","10267797"
"5676","TD24042269","Item240422291","chicken and chips","26","each","10267700"
"5677","TD24042269","Item240422543","delta pet","26","each","10267700"
"5678","TD24042269","Item240422985","chicken and chips ","6","each","10267700"
"5679","TD24042269","Item240422858","delta pet","6","each","10267700"
"5680","TD24042243","Item24042287","chicken and chips","26","each","10267700"
"5681","TD24042243","Item240422660","delta pet","26","each","10267700"
"5682","TD24042243","Item240422416","chicken and chips ","6","each","10267700"
"5683","TD24042243","Item240422506","delta pet","6","each","10267700"
"5684","TD24042227","Item240422646","chicken and chips","26","each","10267700"
"5685","TD24042227","Item240422833","delta pet","26","each","10267700"
"5686","TD24042227","Item24042295","chicken and chips ","6","each","10267700"
"5687","TD24042227","Item240422790","delta pet","6","each","10267700"
"5688","TD24042295","Item240422151","chicken and chips","26","each","10267700"
"5689","TD24042295","Item240422431","delta pet","26","each","10267700"
"5690","TD24042295","Item240422185","chicken and chips ","6","each","10267700"
"5691","TD24042295","Item240422138","delta pet","6","each","10267700"
"5692","TD24042260","Item240422324","CERTIFICATES FOR CONTRACTORS","1000","each","10266501b"
"5693","TD24042395","Item240423964","SPACER SPINDLE 5.8X13","500","each","10267689"
"5694","TD24042395","Item240423762","LT SPINDLES BOLT WITHOUT NUTS","100","each","10267689"
"5695","TD24042355","Item240423911","SPACER SPINDLE 5.8X13","500","each","10267689"
"5696","TD24042355","Item240423164","LT SPINDLES BOLT WITHOUT NUTS","100","each","10267689"
"5697","TD24042355","Item240423979","LUG CRIMPING 185MMX20MM","200","each","10267689"
"5698","TD24042381","Item240423682","1/4 CCHICKEN & CHIPS","12","each","10267665"
"5699","TD24042381","Item240423711","DELTA PET DRINKS","12","each","10267665"
"5700","TD24042340","Item24042369","CERTIFICATES FOR CONTRACTORS","1000","each","10266501b"
"5701","TD24042347","Item24042381","COMPUTER","1","each","10267147"
"5702","TD24042331","Item240423909","SUPPLY  & FIT OMB CAB GLASS","1","each","10267843"
"5703","TD24042396","Item240423185","ROLLER MEAL","50","kgs","10267520"
"5704","TD24042396","Item240423972","BEEF","30","kgs","10267520"
"5705","TD24042396","Item240423862","2KG CHICKEN PORTIONS","10","each","10267520"
"5706","TD24042396","Item2404236","COOKING OIL 2L","2","each","10267520"
"5707","TD24042396","Item240423356","SALT 2KG","1","each","10267520"
"5708","TD24042378","Item240423919","SUPPLY  & FIT OMB CAB GLASS","1","each","10267843"
"5709","TD24042356","Item240423614","2000 LTR HORIZONTAL  ROTO TANK","1","each","10266773"
"5710","TD24042325","Item240423989","CONFERENCE FEES FULL PACKAGE","1","each","10267805"
"5711","TD2404235","Item240423828","RIVER SAND","10","each","10267930"
"5712","TD24042344","Item240423988","RIVER SAND","10","each","10267930"
"5713","TD24042376","Item240423271","RIVER SAND","10","each","10267930"
"5714","TD24042354","Item240423813","RIVER SAND","10","each","10267930"
"5715","TD24042369","Item240423229","RIVER SAND","10","each","10267930"
"5716","TD2404237","Item240423936","RIVER SAND","10","each","10267930"
"5717","TD24042335","Item240423452","RIVER SAND","10","each","10267930"
"5718","TD24042345","Item240423134","RIVER SAND","10","each","10267930"
"5719","TD24042365","Item240423687","RIVER SAND","10","each","10267930"
"5720","TD24042365","Item240423672","3/4 STONES","5","each","10267930"
"5721","TD24042365","Item240423648","TRANSPORT","1","each","10267930"
"5722","TD24042323","Item240423180","LECCO BASIN AND PEDESTAL  ECO 50CM","1","each","10266827"
"5723","TD24042341","Item240423990","LECCO BASIN AND PEDESTAL  ECO 50CM","1","each","10266827"
"5724","TD24042341","Item240423116","LECCO URINARY FONT ENTRY","1","each","10266827"
"5725","TD24042341","Item240423419","BRI ANNICK MIXER ","1","each","10266827"
"5726","TD24042348","Item240423658","BEEF","3","each","10267920"
"5727","TD24042348","Item240423480","CHICKEN","4","each","10267920"
"5728","TD24042348","Item240423645","EGGS","1","each","10267920"
"5729","TD24042348","Item2404238","BREAD","3","each","10267920"
"5730","TD24042348","Item240423575","POLONY","5","each","10267920"
"5731","TD24042348","Item240423440","MAYONNAISE","2","each","10267920"
"5732","TD24042348","Item240423161","RICE","4","each","10267920"
"5733","TD24042348","Item240423736","ROLLER MEAL","1","each","10267920"
"5734","TD24042348","Item240423363","ONIONS","1","each","10267920"
"5735","TD24042348","Item240423308","LETTUCE","4","each","10267920"
"5736","TD24042348","Item240423327","TOMATOES","2","each","10267920"
"5737","TD24042348","Item240423695","PAPRIKA","1","each","10267920"
"5738","TD24042348","Item240423326","DELTA","20","each","10267920"
"5739","TD24042348","Item240423173","MINERAL WATER","24","each","10267920"
"5740","TD24042348","Item240423454","SWEETS","2","each","10267920"
"5741","TD24042348","Item240423616","CABBAGE","1","each","10267920"
"5742","TD24042348","Item240423168","CARROTS","2","each","10267920"
"5743","TD24042348","Item24042385","POTATOES","4","each","10267920"
"5744","TD24042348","Item240423524","BUTTERNUTS","5","each","10267920"
"5745","TD24042348","Item240423911","KARINGA","1","each","10267920"
"5746","TD24042348","Item24042335","APPLES","3","each","10267920"
"5747","TD24042348","Item240423516","SAMOOSA","2","each","10267920"
"5748","TD24042348","Item240423413","SEVIETTES","1","each","10267920"
"5749","TD24042348","Item240423530","DISHWASHING LIQUID","1","each","10267920"
"5750","TD24042348","Item240423800","SCOURING SPONGE","1","each","10267920"
"5751","TD24042498","Item240424501","MINERAL WATER ","144","each","10267849"
"5752","TD24042498","Item240424922","FRUIT JUICE","18","each","10267849"
"5753","TD24042491","Item240424912","APPLES","1","each","10267850"
"5754","TD24042491","Item240424206","BANANAS","1","each","10267850"
"5755","TD24042491","Item240424886","GRAPES","1","each","10267850"
"5756","TD24042491","Item240424812","PLUMS","1","each","10267850"
"5757","TD24042491","Item240424282","FRUIT JUICE","1","each","10267850"
"5758","TD24042491","Item240424596","ORANGES","1","each","10267850"
"5759","TD24042440","Item240424618","MRI RIGHT ANKLE","1","each","10267881"
"5760","TD24042440","Item240424580","MRI RIGHT FOOT","1","each","10267881"
"5761","TD24042494","Item240424304","PC 15 CEMENT","20","each","10265423"
"5762","TD24042494","Item240424739","19MM STONES","5","each","10265423"
"5763","TD24042494","Item240424490","RIVER SAND","5","each","10265423"
"5764","TD24042494","Item240424212","12MM DEFORMED BAR","12","each","10265423"
"5765","TD24042494","Item240424822","16MM DEFORMED BAR","36","each","10265423"
"5766","TD24042494","Item240424418","2400X 1220 MM SHUTTER ","3","each","10265423"
"5767","TD24042494","Item240424140","16MMX400MM ANCHOR","8","each","10265423"
"5768","TD24042472","Item240424672","urinary front entry","5","each","10267529"
"5769","TD24042472","Item240424414","s trap plain 40*40mm","5","each","10267529"
"5770","TD24042472","Item240424908","bri flush valve","5","each","10267529"
"5771","TD24042472","Item240424826","pipe waste 50mm","4","each","10267529"
"5772","TD24042472","Item240424776","junction access heelWt51","6","each","10267529"
"5773","TD24042472","Item240424569","junction access heel Wt53","6","each","10267529"
"5774","TD24042472","Item24042460","Copper capillary eLBOW","60","each","10267529"
"5775","TD24042472","Item240424832","cOPPER CAPILLARY tEE EQUAL 15MM","20","each","10267529"
"5776","TD24042472","Item240424484","masonary nails 8*57mm","1","each","10267529"
"5777","TD24042472","Item240424560","boss trap","2","each","10267529"
"5778","TD24042472","Item240424243","solar geyser 100l","2","each","10267529"
"5779","TD24042472","Item24042448","bri crosstop","4","each","10267529"
"5780","TD24042472","Item240424468","copper capillary","8","each","10267529"
"5781","TD24042472","Item240424531","basin courier","3","each","10267529"
"5782","TD24042472","Item240424566","pedestal universal white","3","each","10267529"
"5783","TD24042472","Item24042472","dutton screw fixation","3","each","10267529"
"5784","TD24042472","Item240424435","bri basin waste","3","each","10267529"
"5785","TD24042472","Item240424494","bri macau basin mixture","3","each","10267529"
"5786","TD24042472","Item240424691","ptrap shower","3","each","10267529"
"5787","TD24042472","Item2404244","strap","3","each","10267529"
"5788","TD24042461","Item240424432","water 500ml","100","each","10267861"
"5789","TD24042461","Item240424137","aua clear 500ml","284","each","10267861"
"5790","TD24042461","Item240424314","lobels toffee sweets","3","each","10267861"
"5791","TD24042461","Item240424762","quench mango","3","each","10267861"
"5792","TD24042466","Item240424495","lnitial consulation at rooms (Kudzanai kawere)","1","each","10267751"
"5793","TD24042446","Item240424910","adidas tango soccor balls","6","each","10266459"
"5794","TD24042446","Item240424791","ball pumps","2","each","10266459"
"5795","TD24042433","Item240424352","adidas tango soccor balls","6","each","10266459"
"5796","TD24042433","Item240424998","ball pumps","2","each","10266459"
"5797","TD24042468","Item240424663","adidas tango soccor balls","6","each","10266459"
"5798","TD24042468","Item240424993","ball pumps","2","each","10266459"
"5799","TD24042430","Item240424476","adidas tango soccor balls","6","each","10266459"
"5800","TD24042430","Item240424455","ball pumps","2","each","10266459"
"5801","TD24042471","Item240424599","adidas tango soccor balls","6","each","10266459"
"5802","TD24042471","Item240424643","ball pumps","2","each","10266459"
"5803","TD24042459","Item240424907","DRINK","40","each","10267859"
"5804","TD24042459","Item240424380","1/4 MEAL","40","each","10267859"
"5805","TD24042418","Item24042468","CABLE TRENCHING","20","metres","10267907"
"5806","TD24042416","Item240424169","adidas tango soccor balls","6","each","10266459"
"5807","TD24042416","Item240424342","ball pumps","2","each","10266459"
"5808","TD24042478","Item240424779","PC 15 CEMENT","20","each","10265423"
"5809","TD24042478","Item24042423","19MM STONES","5","each","10265423"
"5810","TD24042478","Item240424592","RIVER SAND","5","each","10265423"
"5811","TD24042478","Item24042447","12MM DEFORMED BAR","12","each","10265423"
"5812","TD24042478","Item240424406","16MM DEFORMED BAR","36","each","10265423"
"5813","TD24042478","Item240424335","2400X 1220 MM SHUTTER ","3","each","10265423"
"5814","TD24042478","Item24042441","16MMX400MM ANCHOR","8","each","10265423"
"5815","TD24042477","Item240424985","MINERAL WATER ","144","each","10267840"
"5816","TD24042477","Item240424212","FRUIT JUICE","18","each","10267840"
"5817","TD24042442","Item240424552","1/4 CHICKEN AND CHIPS","30","each","10267905"
"5818","TD24042442","Item24042415","UB CAN","30","each","10267905"
"5819","TD24042442","Item240424912","WRAP","30","each","10267905"
"5820","TD24042474","Item240424975","SANITARY SERVICES","1","each","10267833"
"5821","TD24042435","Item240424425","SAAA ANNUAL CONFERENCE","1","each","10268045"
"5822","TD24042484","Item240424670","SAAA ANNUAL CONFERENCE","1","each","10267714"
"5823","TD24042438","Item24042454","HIGHBACK SWIVEL CHAIRS","10","each","10267827"
"5824","TD24042412","Item240424602","2 PIECER","60","each","10267913"
"5825","TD24042412","Item240424721","UB PET","60","each","10267913"
"5826","TD24042411","Item240424697","quarter meal","200","each","10267994"
"5827","TD24042485","Item240424334","SAAA ANNUAL CONFERENCE","1","each","10267931"
"5828","TD24042454","Item240424589","quarter meal","200","each","10267994"
"5829","TD24042483","Item240424223","SAAA ANNUAL CONFERENCE","1","each","10267963"
"5830","TD24042419","Item240424475","FAN","9","each","10267986"
"5831","TD24042437","Item24042462","FAN","9","each","10267986"
"5832","TD24042445","Item240424876","FAN","9","each","10267986"
"5833","TD2404244","Item240424904","FAN","9","each","10267986"
"5834","TD24042441","Item240424272","FAN","9","each","10267986"
"5835","TD24042453","Item240424972","FAN","9","each","10267986"
"5836","TD24042434","Item240424214","FAN","9","each","10267986"
"5837","TD24042480","Item240424798","FAN","9","each","10267986"
"5838","TD24042486","Item240424668","FAN","9","each","10267986"
"5839","TD24042421","Item240424319","FAN","9","each","10267986"
"5840","TD24042495","Item240424567","FAN","9","each","10267986"
"5841","TD24042444","Item240424707","FAN","9","each","10267986"
"5842","TD24042460","Item240424727","FAN","9","each","10267986"
"5843","TD24042410","Item240424433","FAN","9","each","10267986"
"5844","TD2404248","Item240424390","FAN","9","each","10267986"
"5845","TD24042462","Item240424297","SAAA ANNUAL CONFERENCE","1","each","10267932"
"5846","TD2404242","Item240424244","everyday 400g","800","each","10266604"
"5847","TD24042425","Item240424430","FESTA ROLL","10","each","10268084"
"5848","TD24042425","Item240424647","WINGLETS","9","each","10268084"
"5849","TD24042425","Item240424817","QUARTER","1","each","10268084"
"5850","TD24042425","Item240424414","WATER","10","each","10268084"
"5851","TD24042425","Item240424944","DRINK","10","each","10268084"
"5852","TD24042425","Item240424468","FIESTA","10","each","10268084"
"5853","TD24042524","Item240425354","CONFERENCE FEES","1","each","10268026"
"5854","TD24042521","Item240425772","window frames ND4F","2","each","10267976"
"5855","TD24042582","Item240425443","LINK STICKS","6","each","10265565"
"5856","TD24042510","Item240425922","SWIVEL CHAIRS","10","each","10267968"
"5857","TD24042510","Item240425655","EXECUTIVE CHAIR","1","each","10267968"
"5858","TD24042544","Item240425819","FLASH ","7","each","10267978"
"5859","TD24042528","Item240425388","RENT","1","each","10267803"
"5860","TD24042590","Item240425951","Ft 60x60 S Briley Biege Eco2 16m2","169","each","10267601"
"5861","TD24042590","Item240425768","Ft 60x60 Petra White SR Eco2 16m2","67","each","10267601"
"5862","TD24042590","Item240425396","WT 30x60 M Love White 2.52m2","71","each","10267601"
"5863","TD24042590","Item240425135","AG EZEE Tile Porcelain Flexable Adhesive","153","each","10267601"
"5864","TD24042590","Item24042524","AG Ezee Tile Grout White 5kg","4","each","10267601"
"5865","TD24042590","Item240425321","AG Ezee Tile Grout Grey 5kg","15","each","10267601"
"5866","TD24042590","Item240425898","TT Spacers 2mm","5","each","10267601"
"5867","TD24042590","Item24042552","TT Aluminium Straight Edge Trim 10mm","8","each","10267601"
"5868","TD24042590","Item240425293","EZ  Tile Bonding Liquid  litre","10","each","10267601"
"5869","TD24042590","Item240425342","Falcon Generic Tile Cutter 950mm","1","each","10267601"
"5870","TD24042590","Item24042563","Steel Wall Trowel","2","each","10267601"
"5871","TD24042590","Item240425490","Rubber Mallet Black","1","each","10267601"
"5872","TD24042590","Item240425705","Tile Nipper","1","each","10267601"
"5873","TD24042564","Item240425440","10kg mealie meal","1","each","10267723"
"5874","TD24042564","Item240425194","2L cooking oil","4","each","10267723"
"5875","TD24042564","Item24042535","2kg salt","1","each","10267723"
"5876","TD24042564","Item240425307","tomatoes","3","each","10267723"
"5877","TD24042564","Item240425639","2kg rice","2","each","10267723"
"5878","TD24042564","Item240425341","onions","1","each","10267723"
"5879","TD24042564","Item240425253","chicken 2kg","2","each","10267723"
"5880","TD24042564","Item240425979","sunlight 750mL","1","each","10267723"
"5881","TD24042564","Item240425787","Beef","3","each","10267723"
"5882","TD24042564","Item240425404","Sausages","3","each","10267723"
"5883","TD24042569","Item240425761","chicken p/kg","3","each","10267987"
"5884","TD24042569","Item240425513","beef p/kg","3","each","10267987"
"5885","TD24042569","Item240425424","chicken breast","1","each","10267987"
"5886","TD24042569","Item240425200","samoosa","2","each","10267987"
"5887","TD24042569","Item240425875","bread","2","each","10267987"
"5888","TD24042569","Item240425339","potatoes 10 kg","2","each","10267987"
"5889","TD24042569","Item240425366","butternut","2","each","10267987"
"5890","TD24042569","Item240425424","rice 2kg","2","each","10267987"
"5891","TD24042569","Item240425458","tomatoes p/kg","2","each","10267987"
"5892","TD24042569","Item240425191","eggs irvines","1","each","10267987"
"5893","TD24042569","Item240425134","onions","1","each","10267987"
"5894","TD24042569","Item24042542","carrots","2","each","10267987"
"5895","TD24042569","Item240425891","cabbage","1","each","10267987"
"5896","TD24042569","Item24042548","karinga","2","each","10267987"
"5897","TD24042569","Item240425966","mayonnaise","1","each","10267987"
"5898","TD24042569","Item240425626","delta drinks","15","each","10267987"
"5899","TD24042569","Item240425564","water","24","each","10267987"
"5900","TD24042569","Item240425195","pepper robot","1","each","10267987"
"5901","TD24042569","Item240425213","roller meal","1","each","10267987"
"5902","TD24042569","Item240425156","salt","1","each","10267987"
"5903","TD24042569","Item240425826","lettuce","1","each","10267987"
"5904","TD24042569","Item240425915","mazoe orange crush","1","each","10267987"
"5905","TD24042569","Item240425818","sweets","1","each","10267987"
"5906","TD24042569","Item240425870","chicken spice","1","each","10267987"
"5907","TD24042569","Item24042598","cucumber","1","each","10267987"
"5908","TD24042554","Item240425634","HP Laserjet CF541A 203A Cyan","1","each","10264428"
"5909","TD24042554","Item240425171","HP Laserjet CF540A 203 A Black","1","each","10264428"
"5910","TD24042554","Item240425740","HP Laserjet CF542A 203A Yellow","1","each","10264428"
"5911","TD24042554","Item240425448","HO Laserjet CF543A 203A Magenta","1","each","10264428"
"5912","TD24042551","Item240425553","HP Laserjet CF541A 203A Cyan","1","each","10264428"
"5913","TD24042551","Item240425622","HP Laserjet CF540A 203 A Black","1","each","10264428"
"5914","TD24042551","Item240425509","HP Laserjet CF542A 203A Yellow","1","each","10264428"
"5915","TD24042551","Item240425338","HO Laserjet CF543A 203A Magenta","1","each","10264428"
"5916","TD24042580","Item240425991","HP Laserjet CF541A 203A Cyan","1","each","10264428"
"5917","TD24042580","Item240425129","HP Laserjet CF540A 203 A Black","1","each","10264428"
"5918","TD24042580","Item240425119","HP Laserjet CF542A 203A Yellow","1","each","10264428"
"5919","TD24042580","Item240425535","HO Laserjet CF543A 203A Magenta","1","each","10264428"
"5920","TD24042523","Item240425497","BEEF","35","each","10267223"
"5921","TD24042523","Item240425388","CHICKEN","18","each","10267223"
"5922","TD24042523","Item240425251","COOKING OIL","5","each","10267223"
"5923","TD24042523","Item240425431","MEALIE MEAL","3","each","10267223"
"5924","TD24042523","Item240425573","CABBAGE","7","each","10267223"
"5925","TD24042523","Item240425436","TOMATOES","15","each","10267223"
"5926","TD24042523","Item240425485","ONIONS","10","each","10267223"
"5927","TD24042523","Item240425401","COVO BUNCH","35","each","10267223"
"5928","TD24042523","Item240425948","SALT","3","each","10267223"
"5929","TD24042523","Item240425179","KARINGA","14","each","10267223"
"5930","TD24042552","Item240425188","ORANGES","96","each","10268028"
"5931","TD24042552","Item240425757","BANANAS","480","each","10268028"
"5932","TD24042552","Item240425807","WATER","576","each","10268028"
"5933","TD24042552","Item240425442","STANDARD BEEF BURGER","360","each","10268028"
"5934","TD24042552","Item240425757","ICE CUBES","60","each","10268028"
"5935","TD24042552","Item240425521","DELTA PET","360","each","10268028"
"5936","TD24042567","Item2404256","2 PIECER AND CHIPS","90","each","10268000"
"5937","TD24042567","Item24042565","CHICKEN BURGER","90","each","10268000"
"5938","TD24042515","Item240425564","REPAIR 33 KV CT","1","each","10264368"
"5939","TD24042540","Item240425796","REPAIR 33KV CT","1","each","10264365"
"5940","TD2404252","Item240425776","18"" guide bar","2","each","10267875"
"5941","TD2404252","Item240425105","18"" 3/8 chain","2","each","10267875"
"5942","TD2404252","Item240425709","5L chain saw oil","5","each","10267875"
"5943","TD2404252","Item240425570","5.2mm round file","6","each","10267875"
"5944","TD2404252","Item240425215","18mm blue polyester rope","80","each","10267875"
"5945","TD2404252","Item240425870","35cm leather gloves","8","each","10267875"
"5946","TD2404252","Item240425953","DV21 wide vision goggles","8","each","10267875"
"5947","TD2404252","Item240425269","safety hat","8","each","10267875"
"5948","TD2404252","Item240425221","standard earmuff","8","each","10267875"
"5949","TD24042586","Item240425485","heavy duty latex gloves","20","each","10267998"
"5950","TD24042586","Item240425553","gloves  pvc 30cm","20","each","10267998"
"5951","TD24042586","Item240425836","gloves pvc 45cm","10","each","10267998"
"5952","TD24042586","Item240425776","black refuse liner","200","each","10267998"
"5953","TD24042599","Item240425496","DESK","2","each","10267993"
"5954","TD24042599","Item240425173","SWIVEL CHAIR","2","each","10267993"
"5955","TD24042599","Item240425772","VISITORS CHAIR","2","each","10267993"
"5956","TD24042559","Item240425198","DESK","2","each","10267993"
"5957","TD24042559","Item240425624","SWIVEL CHAIR","2","each","10267993"
"5958","TD24042559","Item240425607","VISITORS CHAIR","2","each","10267993"
"5959","TD24042577","Item240425533","FIESTA ROLL","10","each","10268122"
"5960","TD24042577","Item240425309","QUARTER MEAL","10","each","10268122"
"5961","TD24042577","Item240425323","DRINKS","10","each","10268122"
"5962","TD24042577","Item240425430","WATER","10","each","10268122"
"5963","TD24042556","Item24042541","FIESTA ROLL","10","each","10268122"
"5964","TD24042556","Item24042548","QUARTER MEAL","10","each","10268122"
"5965","TD24042556","Item240425768","DRINK","10","each","10268122"
"5966","TD24042556","Item240425246","WATER","10","each","10268122"
"5967","TD24042593","Item240425482","60x60 M. Petra White Sr Eco 2  16m2","87","each","10267900"
"5968","TD24042593","Item240425175","60x60 M. Briley Beige Eco 2  16m2","48","each","10267900"
"5969","TD24042593","Item240425941","30x30 M. Love White Sr 2.52 m2","20","each","10267900"
"5970","TD24042593","Item240425243","Ezee Tile Porcelain Flexable Adhesive","40","each","10267900"
"5971","TD24042593","Item240425249","Ezee Tile Grout White 5kg","1","each","10267900"
"5972","TD24042593","Item240425489","Ezee Tile Grout Light Grey 5kg","8","each","10267900"
"5973","TD24042593","Item240425355","Spacers 2mm","2","each","10267900"
"5974","TD24042593","Item240425969","Aluminium Straight Edge Trim 10mm","40","each","10267900"
"5975","TD24042593","Item240425671","Tile Bonding Liquid 5 Litre","5","each","10267900"
"5976","TD24042561","Item240425422","60x60 M. Petra White Sr Eco 2  16m2","87","each","10267900"
"5977","TD24042561","Item240425455","60x60 M. Briley Beige Eco 2  16m2","48","each","10267900"
"5978","TD24042561","Item240425408","30x30 M. Love White Sr 2.52 m2","20","each","10267900"
"5979","TD24042561","Item240425792","Ezee Tile Porcelain Flexable Adhesive","40","each","10267900"
"5980","TD24042561","Item240425551","Ezee Tile Grout White 5kg","1","each","10267900"
"5981","TD24042561","Item240425136","Ezee Tile Grout White 5kg","8","each","10267900"
"5982","TD24042561","Item240425594","Spacers 2mm","2","each","10267900"
"5983","TD24042561","Item240425538","Aluminium Straight Edge Trim 10mm","40","each","10267900"
"5984","TD24042561","Item240425994","Tile Bonding Liquid 5 Litre","5","each","10267900"
"5985","TD24042571","Item240425462","liver and roll","20","each","10267990"
"5986","TD24042571","Item240425935","quarter meals ","20","each","10267990"
"5987","TD24042571","Item240425948","mineral water","20","each","10267990"
"5988","TD24042571","Item240425777","ub can","20","each","10267990"
"5989","TD24042512","Item240425390","liver and roll","20","each","10267990"
"5990","TD24042512","Item240425697","quarter meals ","20","each","10267990"
"5991","TD24042512","Item240425102","mineral water","20","each","10267990"
"5992","TD24042512","Item240425673","ub can","20","each","10267990"
"5993","TD24042568","Item240425816","liver and roll","20","each","10267990"
"5994","TD24042568","Item240425372","quarter meals ","20","each","10267990"
"5995","TD24042568","Item240425659","mineral water","20","each","10267990"
"5996","TD24042568","Item240425487","ub can","20","each","10267990"
"5997","TD24042530","Item240425820","liver and roll","20","each","10267990"
"5998","TD24042530","Item240425196","quarter meals ","20","each","10267990"
"5999","TD24042530","Item240425858","mineral water","20","each","10267990"
"6000","TD24042530","Item240425405","ub can","20","each","10267990"
"6001","TD24042555","Item240425969","liver and roll","20","each","10267990"
"6002","TD24042555","Item24042595","quarter meals ","20","each","10267990"
"6003","TD24042555","Item240425862","mineral water","20","each","10267990"
"6004","TD24042555","Item24042524","ub can","20","each","10267990"
"6005","TD24042578","Item240425766","liver and roll","20","each","10267990"
"6006","TD24042578","Item240425886","quarter meals ","20","each","10267990"
"6007","TD24042578","Item240425798","mineral water","20","each","10267990"
"6008","TD24042578","Item240425371","ub can","20","each","10267990"
"6009","TD24042513","Item240425840","liver and roll","20","each","10267990"
"6010","TD24042513","Item240425397","quarter meals ","20","each","10267990"
"6011","TD24042513","Item24042546","mineral water","20","each","10267990"
"6012","TD24042513","Item240425266","ub can","20","each","10267990"
"6013","TD24042522","Item240425596","liver and roll","20","each","10267990"
"6014","TD24042522","Item240425179","quarter meals ","20","each","10267990"
"6015","TD24042522","Item240425272","mineral water","20","each","10267990"
"6016","TD24042522","Item240425907","ub can","20","each","10267990"
"6017","TD24042533","Item240425152","liver and roll","20","each","10267990"
"6018","TD24042533","Item240425579","quarter meals ","20","each","10267990"
"6019","TD24042533","Item240425138","mineral water","20","each","10267990"
"6020","TD24042533","Item240425354","ub can","20","each","10267990"
"6021","TD2404255","Item240425134","liver and roll","20","each","10267990"
"6022","TD2404255","Item24042517","quarter meals ","20","each","10267990"
"6023","TD2404255","Item24042597","mineral water","20","each","10267990"
"6024","TD2404255","Item240425115","ub can","20","each","10267990"
"6025","TD24042594","Item240425102","liver and roll","20","each","10267990"
"6026","TD24042594","Item24042575","quarter meals ","20","each","10267990"
"6027","TD24042594","Item240425521","mineral water","20","each","10267990"
"6028","TD24042594","Item240425318","ub can","20","each","10267990"
"6029","TD24042558","Item240425250","liver and roll","20","each","10267990"
"6030","TD24042558","Item240425304","quarter meals ","20","each","10267990"
"6031","TD24042558","Item240425775","mineral water","20","each","10267990"
"6032","TD24042558","Item24042518","ub can","20","each","10267990"
"6033","TD24042576","Item240425668","liver and roll","20","each","10267990"
"6034","TD24042576","Item240425278","quarter meals ","20","each","10267990"
"6035","TD24042576","Item240425277","mineral water","20","each","10267990"
"6036","TD24042576","Item240425202","ub can","20","each","10267990"
"6037","TD24042595","Item240425351","liver and roll","20","each","10267990"
"6038","TD24042595","Item240425833","quarter meals ","20","each","10267990"
"6039","TD24042595","Item240425541","mineral water","20","each","10267990"
"6040","TD24042595","Item240425759","ub can","20","each","10267990"
"6041","TD2404258","Item240425156","liver and roll","20","each","10267990"
"6042","TD2404258","Item240425428","quarter meals ","20","each","10267990"
"6043","TD2404258","Item240425623","mineral water","20","each","10267990"
"6044","TD2404258","Item24042579","ub can","20","each","10267990"
"6045","TD24042545","Item240425610","liver and roll","20","each","10267990"
"6046","TD24042545","Item240425547","quarter meals ","20","each","10267990"
"6047","TD24042545","Item240425245","mineral water","20","each","10267990"
"6048","TD24042545","Item240425717","ub can","20","each","10267990"
"6049","TD24042519","Item240425788","liver and roll","20","each","10267990"
"6050","TD24042519","Item240425884","quarter meals ","20","each","10267990"
"6051","TD24042519","Item24042582","mineral water","20","each","10267990"
"6052","TD24042519","Item240425705","ub can","20","each","10267990"
"6053","TD24042588","Item240425103","liver and roll","20","each","10267990"
"6054","TD24042588","Item240425371","quarter meals ","20","each","10267990"
"6055","TD24042588","Item240425369","mineral water","20","each","10267990"
"6056","TD24042588","Item240425691","ub can","20","each","10267990"
"6057","TD24042520","Item240425983","liver and roll","20","each","10267990"
"6058","TD24042520","Item240425487","quarter meals ","20","each","10267990"
"6059","TD24042520","Item240425509","mineral water","20","each","10267990"
"6060","TD24042520","Item24042584","ub can","20","each","10267990"
"6061","TD24042539","Item240425542","liver and roll","20","each","10267990"
"6062","TD24042539","Item240425983","quarter meals ","20","each","10267990"
"6063","TD24042539","Item240425229","mineral water","20","each","10267990"
"6064","TD24042539","Item240425302","ub can","20","each","10267990"
"6065","TD24042570","Item240425257","WATER HOSIPE ","1","each","10267847"
"6066","TD24042562","Item240425169","Herald & Sunday Mail Mond-Saturday","1","each","10268062"
"6067","TD24042549","Item240425176","WATER HOSIPE","1","each","10267847"
"6068","TD24042535","Item240425254","ATLANTIC BLUE","4","each","10267928"
"6069","TD24042541","Item240425443","INDUSTRIAL STOVE","1","each","10266637"
"6070","TD2404257","Item240425690","URINAL FLATBACK ONLY A","3","each","10267927"
"6071","TD2404257","Item240425192","URINAL WASTE ","3","each","10267927"
"6072","TD2404257","Item240425385","URINAL TAIL PIPE","3","each","10267927"
"6073","TD2404257","Item240425537","WT51 JUNC 95D IE 50MM","3","each","10267927"
"6074","TD2404257","Item240425479","WB51 BEND ACC 50MM A","3","each","10267927"
"6075","TD2404259","Item240425868","Urinal flatback","3","each","10267927"
"6076","TD2404259","Item240425559","Urinal waste FB8","3","each","10267927"
"6077","TD2404259","Item240425401","Urinal- Tail pipe","3","each","10267927"
"6078","TD2404259","Item240425249","WT Junc 95D","3","each","10267927"
"6079","TD2404259","Item240425469","WB51 Bend Acc 50mm","3","each","10267927"
"6080","TD24042667","Item240426373","Urinal flatback","3","each","10267927"
"6081","TD24042667","Item240426396","Urinal waste FB8","3","each","10267927"
"6082","TD24042667","Item240426213","Urinal- Tail pipe","3","each","10267927"
"6083","TD24042667","Item24042647","WT Junc 95D","3","each","10267927"
"6084","TD24042667","Item24042627","WB51 Bend Acc 50mm","3","each","10267927"
"6085","TD24042661","Item240426809","J/KIT  120 - 185MM2 3C 11KV  PILC ","20","each","10267830"
"6086","TD24042615","Item240426565","J/KIT  120 - 185MM2 3C 11KV  PILC ","20","each","10267830"
"6087","TD24042636","Item240426707","RENTALS FOR MAY 2024","1","each","10267880"
"6088","TD24042663","Item24042629","liver and roll","6","each","10267990"
"6089","TD24042663","Item240426956","quarter meals ","6","each","10267990"
"6090","TD24042663","Item24042665","mineral water","12","each","10267990"
"6091","TD24042663","Item240426423","ub can","6","each","10267990"
"6092","TD24042634","Item240426192","liver and roll","6","each","10267990"
"6093","TD24042634","Item240426374","quarter meals ","6","each","10267990"
"6094","TD24042634","Item240426199","mineral water","12","each","10267990"
"6095","TD24042634","Item240426856","ub can","6","each","10267990"
"6096","TD24042638","Item240426256","liver and roll","6","each","10267990"
"6097","TD24042638","Item240426928","quarter meals ","6","each","10267990"
"6098","TD24042638","Item240426329","mineral water","12","each","10267990"
"6099","TD24042638","Item240426165","ub can","6","each","10267990"
"6100","TD24042652","Item240426795","J/KIT 120-185MM2 11KV 3C XLPE","20","each","10267829"
"6101","TD24042683","Item240426347","liver and roll","14","each","10268067"
"6102","TD24042683","Item240426938","quarter meals ","14","each","10268067"
"6103","TD24042683","Item240426995","mineral water","14","each","10268067"
"6104","TD24042683","Item24042676","drink","14","each","10268067"
"6105","TD2404267","Item240426714","RENTALS FOR MAY 2024 MAORERA","1","each","10267879"
"6106","TD24042617","Item240426583","18"" guide bar","2","each","10267875"
"6107","TD24042617","Item240426282","18"" 3/8 chain","2","each","10267875"
"6108","TD24042617","Item240426398","5L chain saw oil","5","each","10267875"
"6109","TD24042617","Item240426105","5.2mm round file","6","each","10267875"
"6110","TD24042617","Item240426626","18mm blue polyester rope","80","each","10267875"
"6111","TD24042617","Item240426259","35cm leather gloves","8","each","10267875"
"6112","TD24042617","Item240426952","DV21 wide vision goggles","8","each","10267875"
"6113","TD24042617","Item240426865","safety hat","8","each","10267875"
"6114","TD24042617","Item240426904","standard earmuff","8","each","10267875"
"6115","TD24042653","Item240426124","RENTALS FOR MAY 2024 NJENDA","1","each","10267878"
"6116","TD24042640","Item240426409","delta drinks 500ml pet","180","each","10268004"
"6117","TD24042640","Item240426356","acqua clear 500ml","360","each","10268004"
"6118","TD24042622","Item240426807","18"" guide bar","2","each","10267875"
"6119","TD24042622","Item240426242","18"" 3/8 chain","2","each","10267875"
"6120","TD24042622","Item240426633","5L chain saw oil","5","each","10267875"
"6121","TD24042622","Item240426751","5.2mm round file","6","each","10267875"
"6122","TD24042622","Item240426287","18mm blue polyester rope","80","each","10267875"
"6123","TD24042622","Item240426831","35cm leather gloves","8","each","10267875"
"6124","TD24042622","Item240426395","DV21 wide vision goggles","8","each","10267875"
"6125","TD24042622","Item240426210","safety hat","8","each","10267875"
"6126","TD24042622","Item240426906","standard earmuff","8","each","10267875"
"6127","TD24042689","Item240426874","RMU EXTENSIONABLE 11KV 4 WAY","1","each","10265073"
"6128","TD24042698","Item240426328","ACCOMMODATION","1","each","10268227"
"6129","TD24042922","Item240429460","Radio licence","1","each","10267966"
"6130","TD24042969","Item240429795","Radio licence","1","each","10267966"
"6131","TD24042940","Item240429491","DUCT CONCRETE SPLIT","500","each","10268260"
"6132","TD24042940","Item240429112","CONCRETE MV SPEC 12.2M ","40","each","10268260"
"6133","TD24042940","Item240429212","CONCRETE XARM SPECIAL 12.2M","80","each","10268260"
"6134","TD2404298","Item24042955","car hire","1","each","10266890"
"6135","TD24042926","Item240429709","car hire","1","each","10266890"
"6136","TD24042970","Item240429775","2kg Mahatma rice","1","each","10268157"
"6137","TD24042970","Item240429842","Beef","4","each","10268157"
"6138","TD24042970","Item240429786","2kg Chicken","3","each","10268157"
"6139","TD24042970","Item240429930","Samoosas","5","each","10268157"
"6140","TD24042970","Item24042959","Irvines eggs","1","each","10268157"
"6141","TD24042970","Item240429969","ROLLS","5","each","10268157"
"6142","TD24042970","Item240429660","Mineral water","120","each","10268157"
"6143","TD24042970","Item240429326","pepsi","30","each","10268157"
"6144","TD24042970","Item240429949","mazoe orange crush","2","each","10268157"
"6145","TD24042970","Item240429592","fun pack sweets","2","each","10268157"
"6146","TD24042970","Item240429918","salad cream","1","each","10268157"
"6147","TD24042970","Item240429552","potatoes","1","each","10268157"
"6148","TD24042970","Item240429637","carrots","1","each","10268157"
"6149","TD24042970","Item240429940","green beans","2","each","10268157"
"6150","TD24042970","Item240429320","cabbages","1","each","10268157"
"6151","TD24042970","Item240429893","tomatoes","3","each","10268157"
"6152","TD24042970","Item240429637","onions","1","each","10268157"
"6153","TD24042970","Item240429459","lettuce","2","each","10268157"
"6154","TD24042970","Item240429182","cucumber","2","each","10268157"
"6155","TD24042970","Item240429896","butternuts","3","each","10268157"
"6156","TD24042970","Item24042915","raha cooking oil","1","each","10268157"
"6157","TD2404308","Item240430466","FULL PACKAGE","2","each","10268168"
"6158","TD24043012","Item240430649","phoenix soft broom","45","each","10268014"
"6159","TD24043012","Item240430934","phoenix platform broom","30","each","10268014"
"6160","TD24043012","Item240430522","phoenix mop fitted","30","each","10268014"
"6161","TD24043065","Item240430981","LINK STICKS","6","each","10265565"
"6162","TD24043038","Item240430466","5KV INSULATION RESISTANCE TESTER(MEGGER)","1","each","10265563"
"6163","TD24043024","Item240430949","50mm brass padlock","100","each","10268012"
"6164","TD24043072","Item240430767","50mm brass padlock","100","each","10268012"
"6165","TD24043074","Item240430377","METAL CUTTING DISC 230X3","20","each","10267212"
"6166","TD24043074","Item240430764","DISC GRINDING","5","each","10267212"
"6167","TD24043074","Item240430344","WELDING RODS 5KG","4","each","10267212"
"6168","TD24043074","Item240430948","GLOVES LEATHER 20CM","2","each","10267212"
"6169","TD24043074","Item240430762","WELDING HELMET","1","each","10267212"
"6170","TD24043074","Item240430295","PINNANCLE LEATHER APRON","1","each","10267212"
"6171","TD24043074","Item240430604","SAFETY GOGGLES CLEAR","1","each","10267212"
"6172","TD24043022","Item240430862","FIX AND SUPPLY WINDOW FRAMES,DOORS AND WINDOW PANES","1","each","10268323"
"6173","TD24043090","Item240430738","FIX AND SUPPLY WINDOW FRAMES,DOORS AND WINDOW PANES","1","each","10268323"
"6174","TD24043096","Item240430676","ROAD SHOWS CLEARANCE","1","each","10267999"
"6175","TD24050278","Item240502651","FIX AND SUPPLY WINDOW FRAMES,DOORS AND WINDOW PANES","1","each","10268323"
"6176","TD24050282","Item24050264","FIX AND SUPPLY WINDOW FRAMES,DOORS AND WINDOW PANES","1","each","10268323"
"6177","TD2405029","Item240502861","FIX AND SUPPLY WINDOW FRAMES,DOORS AND WINDOW PANES","1","each","10268323"
"6178","TD24050246","Item240502233","Bottle of Water","23","each","RQ21111634"
"6179","TD24050268","Item240502426","Bottle of Water","21","each","RQ211465737"
"6180","TD24050212","Item240502255","VEHICLE LICENCING","1","each","10267991"
"6181","TD24050221","Item240502651","CABLE TRENCHING","10","each","10267926"
"6182","TD24050277","Item240502659","PROVISION REFUSE COLLECTION","1","each","10265652B"
"6183","TD24050258","Item240502205","REPAIR FRONT BUMPER & FRAMEAND ATTEND TO DOOR HANDLES","1","each","10268042"
"6184","TD24050297","Item240502792","BRANDED VEST","205","each","10268447"
"6185","TD24050233","Item240502277","Microsoft Excel Traine","20","each","10266463"
"6186","TD24050299","Item240502987","Microsoft Excel Traine","20","each","10266463"
"6187","TD24050325","Item240503739","CABLE, 120MM2 4C CU PVC/SWA 660V""","15","each","10267895"
